symbol	ensembl_gene_id	endpoint_role
AASDH	ENSG00000157426	regulator
ABHD13	ENSG00000139826	regulator
ACAD11	ENSG00000240303	regulator
ACTR2	ENSG00000138071	regulator
ACTR5	ENSG00000101442	regulator
ACTR8	ENSG00000113812	regulator
ADAM19	ENSG00000135074	regulator
ADAT2	ENSG00000189007	regulator
ADCY4	ENSG00000129467	regulator
ADNP2	ENSG00000101544	regulator
AHR	ENSG00000106546	regulator
AIP	ENSG00000110711	regulator
AK3	ENSG00000147853	regulator
ALG6	ENSG00000088035	regulator
ALG8	ENSG00000159063	regulator
ALKBH2	ENSG00000189046	regulator
ANKRD49	ENSG00000168876	regulator
APEX1	ENSG00000100823	regulator
ARHGAP30	ENSG00000186517	regulator
ARID1A	ENSG00000117713	regulator
ARID2	ENSG00000189079	regulator
ARIH1	ENSG00000166233	regulator
ARL5B	ENSG00000165997	regulator
ARNT	ENSG00000143437	regulator
ARPC2	ENSG00000163466	regulator
ARPC3	ENSG00000111229	regulator
ATAD5	ENSG00000176208	regulator
ATF4	ENSG00000128272	regulator
ATF7IP2	ENSG00000166669	regulator
ATM	ENSG00000149311	regulator
ATP1B3	ENSG00000069849	regulator
ATP23	ENSG00000166896	regulator
ATP2A2	ENSG00000174437	regulator
ATP5F1A	ENSG00000152234	regulator
ATP5ME	ENSG00000169020	regulator
ATP5MF	ENSG00000241468	regulator
ATP5PO	ENSG00000241837	regulator
ATRX	ENSG00000085224	regulator
ATXN2L	ENSG00000168488	regulator
ATXN7L3	ENSG00000087152	regulator
B4GALNT3	ENSG00000139044	regulator
BATF	ENSG00000156127	regulator
BCL3	ENSG00000069399	regulator
BCS1L	ENSG00000074582	regulator
BHLHE40	ENSG00000134107	regulator
BLZF1	ENSG00000117475	regulator
BPTF	ENSG00000171634	regulator
BRAT1	ENSG00000106009	regulator
BRD1	ENSG00000100425	regulator
BRD8	ENSG00000112983	regulator
BRD9	ENSG00000028310	regulator
BRK1	ENSG00000254999	regulator
BRMS1	ENSG00000174744	regulator
BRPF1	ENSG00000156983	regulator
BTAF1	ENSG00000095564	regulator
C11orf54	ENSG00000182919	regulator
C11orf68	ENSG00000175573	regulator
C16orf87	ENSG00000155330	regulator
C1D	ENSG00000197223	regulator
CAMSAP1	ENSG00000130559	regulator
CAND1	ENSG00000111530	regulator
CAP1	ENSG00000131236	regulator
CARD11	ENSG00000198286	regulator
CARM1	ENSG00000142453	regulator
CARMIL2	ENSG00000159753	regulator
CASC3	ENSG00000108349	regulator
CASK	ENSG00000147044	regulator
CBFB	ENSG00000067955	regulator
CBLL1	ENSG00000105879	regulator
CBX3	ENSG00000122565	regulator
CCDC22	ENSG00000101997	regulator
CCDC6	ENSG00000108091	regulator
CCDC93	ENSG00000125633	regulator
CCNA2	ENSG00000145386	regulator
CCNC	ENSG00000112237	regulator
CCNF	ENSG00000162063	regulator
CCNK	ENSG00000090061	regulator
CCNQ	ENSG00000262919	regulator
CCS	ENSG00000173992	regulator
CD2BP2	ENSG00000169217	regulator
CDCA3	ENSG00000111665	regulator
CDK13	ENSG00000065883	regulator
CDK5RAP3	ENSG00000108465	regulator
CDKN2AIP	ENSG00000168564	regulator
CEP43	ENSG00000213066	regulator
CFAP20	ENSG00000070761	regulator
CHD4	ENSG00000111642	regulator
CHD7	ENSG00000171316	regulator
CHORDC1	ENSG00000110172	regulator
CHTF18	ENSG00000127586	regulator
CLASRP	ENSG00000104859	regulator
CLCC1	ENSG00000121940	regulator
CMTM7	ENSG00000153551	regulator
CNBP	ENSG00000169714	regulator
CNOT11	ENSG00000158435	regulator
CNOT4	ENSG00000080802	regulator
COA3	ENSG00000183978	regulator
COMMD10	ENSG00000145781	regulator
COMMD8	ENSG00000169019	regulator
COPRS	ENSG00000172301	regulator
COPS8	ENSG00000198612	regulator
COQ3	ENSG00000132423	regulator
COX4I1	ENSG00000131143	regulator
COX6C	ENSG00000164919	regulator
CPSF6	ENSG00000111605	regulator
CREB1	ENSG00000118260	regulator
CREBBP	ENSG00000005339	regulator
CRLS1	ENSG00000088766	regulator
CSDE1	ENSG00000009307	regulator
CSNK2A1	ENSG00000101266	regulator
CTDSPL2	ENSG00000137770	regulator
CUL3	ENSG00000036257	regulator
CXXC1	ENSG00000154832	regulator
CYB5R4	ENSG00000065615	regulator
CYC1	ENSG00000179091	regulator
CYP4V2	ENSG00000145476	regulator
DCAF5	ENSG00000139990	regulator
DCAKD	ENSG00000172992	regulator
DCP2	ENSG00000172795	regulator
DDA1	ENSG00000130311	regulator
DDRGK1	ENSG00000198171	regulator
DDX17	ENSG00000100201	regulator
DDX6	ENSG00000110367	regulator
DEF8	ENSG00000140995	regulator
DEK	ENSG00000124795	regulator
DENR	ENSG00000139726	regulator
DHPS	ENSG00000095059	regulator
DHX36	ENSG00000174953	regulator
DHX9	ENSG00000135829	regulator
DNAJB11	ENSG00000090520	regulator
DNAJB9	ENSG00000128590	regulator
DNAJC24	ENSG00000170946	regulator
DNAJC3	ENSG00000102580	regulator
DNAJC8	ENSG00000126698	regulator
DNTTIP1	ENSG00000101457	regulator
DOCK2	ENSG00000134516	regulator
DOHH	ENSG00000129932	regulator
DOLPP1	ENSG00000167130	regulator
DOP1A	ENSG00000083097	regulator
DOP1B	ENSG00000142197	regulator
DOT1L	ENSG00000104885	regulator
DPH1	ENSG00000108963	regulator
DPH2	ENSG00000132768	regulator
DPH5	ENSG00000117543	regulator
DR1	ENSG00000117505	regulator
DRAP1	ENSG00000175550	regulator
E2F1	ENSG00000101412	regulator
ECHS1	ENSG00000127884	regulator
EDC3	ENSG00000179151	regulator
EHMT1	ENSG00000181090	regulator
EHMT2	ENSG00000204371	regulator
EID2	ENSG00000176396	regulator
EIF1	ENSG00000173812	regulator
EIF3H	ENSG00000147677	regulator
EIF3J	ENSG00000104131	regulator
EIF3K	ENSG00000178982	regulator
EIF3L	ENSG00000100129	regulator
EIF4A1	ENSG00000161960	regulator
EIF4B	ENSG00000063046	regulator
EIF4G2	ENSG00000110321	regulator
ELAVL1	ENSG00000066044	regulator
ELOB	ENSG00000103363	regulator
ELOF1	ENSG00000130165	regulator
ELP1	ENSG00000070061	regulator
ELP2	ENSG00000134759	regulator
ELP3	ENSG00000134014	regulator
ELP4	ENSG00000109911	regulator
ELP5	ENSG00000170291	regulator
EMC4	ENSG00000128463	regulator
EML2	ENSG00000125746	regulator
EP300	ENSG00000100393	regulator
EPC1	ENSG00000120616	regulator
ERCC1	ENSG00000012061	regulator
ERCC4	ENSG00000175595	regulator
ERCC6L	ENSG00000186871	regulator
ERGIC3	ENSG00000125991	regulator
EWSR1	ENSG00000182944	regulator
EXOC1	ENSG00000090989	regulator
EXOC7	ENSG00000182473	regulator
EZH2	ENSG00000106462	regulator
FAF2	ENSG00000113194	regulator
FAM98B	ENSG00000171262	regulator
FANCB	ENSG00000181544	regulator
FANCF	ENSG00000183161	regulator
FBXL15	ENSG00000107872	regulator
FBXL3	ENSG00000005812	regulator
FBXO32	ENSG00000156804	regulator
FBXO42	ENSG00000037637	regulator
FDX1	ENSG00000137714	regulator
FGFR1OP2	ENSG00000111790	regulator
FIGNL1	ENSG00000132436	regulator
FLAD1	ENSG00000160688	regulator
FLI1	ENSG00000151702	regulator
FNBP4	ENSG00000109920	regulator
FOXK1	ENSG00000164916	regulator
FOXN2	ENSG00000170802	regulator
FOXO1	ENSG00000150907	regulator
FUBP1	ENSG00000162613	regulator
GABPB1	ENSG00000104064	regulator
GALNT6	ENSG00000139629	regulator
GATA3	ENSG00000107485	regulator
GATAD1	ENSG00000157259	regulator
GCN1	ENSG00000089154	regulator
GDAP2	ENSG00000196505	regulator
GGA3	ENSG00000125447	regulator
GIGYF2	ENSG00000204120	regulator
GJC1	ENSG00000182963	regulator
GLIPR2	ENSG00000122694	regulator
GMEB1	ENSG00000162419	regulator
GNAZ	ENSG00000128266	regulator
GPALPP1	ENSG00000133114	regulator
GPATCH8	ENSG00000186566	regulator
GPI	ENSG00000105220	regulator
GPR137	ENSG00000173264	regulator
GPS2	ENSG00000132522	regulator
GSS	ENSG00000100983	regulator
GSTCD	ENSG00000138780	regulator
GYPC	ENSG00000136732	regulator
H2AZ1	ENSG00000164032	regulator
HAPSTR1	ENSG00000182831	regulator
HCCS	ENSG00000004961	regulator
HDAC1	ENSG00000116478	regulator
HDAC3	ENSG00000171720	regulator
HDAC7	ENSG00000061273	regulator
HEXIM1	ENSG00000186834	regulator
HMBS	ENSG00000256269	regulator
HMGN5	ENSG00000198157	regulator
HNRNPA2B1	ENSG00000122566	regulator
HNRNPD	ENSG00000138668	regulator
HOXB2	ENSG00000173917	regulator
HPS1	ENSG00000107521	regulator
HSD17B10	ENSG00000072506	regulator
HSDL2	ENSG00000119471	regulator
ICOS	ENSG00000163600	regulator
ID2	ENSG00000115738	regulator
IL12RB2	ENSG00000081985	regulator
IMMP2L	ENSG00000184903	regulator
INO80	ENSG00000128908	regulator
INO80B	ENSG00000115274	regulator
INO80C	ENSG00000153391	regulator
INSR	ENSG00000171105	regulator
INTS10	ENSG00000104613	regulator
INTS12	ENSG00000138785	regulator
INTS13	ENSG00000064102	regulator
INTS14	ENSG00000138614	regulator
INTS6	ENSG00000102786	regulator
IPO9	ENSG00000198700	regulator
IRF1	ENSG00000125347	regulator
IRF2	ENSG00000168310	regulator
IRF2BP1	ENSG00000170604	regulator
IRF9	ENSG00000213928	regulator
IST1	ENSG00000182149	regulator
ITGB2	ENSG00000160255	regulator
IWS1	ENSG00000163166	regulator
JOSD2	ENSG00000161677	regulator
KAT6A	ENSG00000083168	regulator
KAT7	ENSG00000136504	regulator
KATNIP	ENSG00000047578	regulator
KDM1A	ENSG00000004487	regulator
KDM2A	ENSG00000173120	regulator
KEAP1	ENSG00000079999	regulator
KHDRBS1	ENSG00000121774	regulator
KIF20A	ENSG00000112984	regulator
KIFAP3	ENSG00000075945	regulator
KMT2C	ENSG00000055609	regulator
KMT2E	ENSG00000005483	regulator
KMT5B	ENSG00000110066	regulator
KPNA1	ENSG00000114030	regulator
KTI12	ENSG00000198841	regulator
L2HGDH	ENSG00000087299	regulator
L3MBTL2	ENSG00000100395	regulator
LAMTOR2	ENSG00000116586	regulator
LAMTOR3	ENSG00000109270	regulator
LAT2	ENSG00000086730	regulator
LCK	ENSG00000182866	regulator
LEO1	ENSG00000166477	regulator
LIG1	ENSG00000105486	regulator
LRPPRC	ENSG00000138095	regulator
LSM12	ENSG00000161654	regulator
LTB4R	ENSG00000213903	regulator
LUC7L3	ENSG00000108848	regulator
LZTS1	ENSG00000061337	regulator
MAPKAP1	ENSG00000119487	regulator
MAPRE3	ENSG00000084764	regulator
MAU2	ENSG00000129933	regulator
MAX	ENSG00000125952	regulator
MBD2	ENSG00000134046	regulator
MBD3	ENSG00000071655	regulator
MBTPS1	ENSG00000140943	regulator
MCAT	ENSG00000100294	regulator
MCTS1	ENSG00000232119	regulator
MDM4	ENSG00000198625	regulator
MEAF6	ENSG00000163875	regulator
MED1	ENSG00000125686	regulator
MED12	ENSG00000184634	regulator
MED14	ENSG00000180182	regulator
MED15	ENSG00000099917	regulator
MED19	ENSG00000156603	regulator
MED23	ENSG00000112282	regulator
MED24	ENSG00000008838	regulator
MEN1	ENSG00000133895	regulator
METAP2	ENSG00000111142	regulator
METTL1	ENSG00000037897	regulator
MFHAS1	ENSG00000147324	regulator
MGA	ENSG00000174197	regulator
MIA2	ENSG00000150527	regulator
MICOS10	ENSG00000173436	regulator
MIOS	ENSG00000164654	regulator
MIPEP	ENSG00000027001	regulator
MLST8	ENSG00000167965	regulator
MLYCD	ENSG00000103150	regulator
MMAB	ENSG00000139428	regulator
MORC2	ENSG00000133422	regulator
MOSPD2	ENSG00000130150	regulator
MOV10	ENSG00000155363	regulator
MPI	ENSG00000178802	regulator
MRC2	ENSG00000011028	regulator
MSL2	ENSG00000174579	regulator
MTA2	ENSG00000149480	regulator
MTMR10	ENSG00000166912	regulator
MYB	ENSG00000118513	regulator
MYO9A	ENSG00000066933	regulator
NAA20	ENSG00000173418	regulator
NAA30	ENSG00000139977	regulator
NAA40	ENSG00000110583	regulator
NCAPG2	ENSG00000146918	regulator
NCBP3	ENSG00000074356	regulator
NCKAP1L	ENSG00000123338	regulator
NCOR1	ENSG00000141027	regulator
NDUFA8	ENSG00000119421	regulator
NDUFB11	ENSG00000147123	regulator
NDUFS8	ENSG00000110717	regulator
NELFCD	ENSG00000101158	regulator
NFE2L1	ENSG00000082641	regulator
NFKB1	ENSG00000109320	regulator
NFKB2	ENSG00000077150	regulator
NFRKB	ENSG00000170322	regulator
NIPBL	ENSG00000164190	regulator
NKAPD1	ENSG00000150776	regulator
NPC2	ENSG00000119655	regulator
NR2C2	ENSG00000177463	regulator
NRAS	ENSG00000213281	regulator
NRBP1	ENSG00000115216	regulator
NSD1	ENSG00000165671	regulator
NUDCD1	ENSG00000120526	regulator
NUP188	ENSG00000095319	regulator
OTUB1	ENSG00000167770	regulator
OXA1L	ENSG00000155463	regulator
P4HB	ENSG00000185624	regulator
PAGR1	ENSG00000280789	regulator
PAIP1	ENSG00000172239	regulator
PAK2	ENSG00000180370	regulator
PAN3	ENSG00000152520	regulator
PARP14	ENSG00000173193	regulator
PARS2	ENSG00000162396	regulator
PAXIP1	ENSG00000157212	regulator
PCBP1	ENSG00000169564	regulator
PCBP2	ENSG00000197111	regulator
PCGF1	ENSG00000115289	regulator
PCNX3	ENSG00000197136	regulator
PCYT2	ENSG00000185813	regulator
PDCD2L	ENSG00000126249	regulator
PDCL	ENSG00000136940	regulator
PDIA6	ENSG00000143870	regulator
PDLIM2	ENSG00000120913	regulator
PDPK1	ENSG00000140992	regulator
PDSS2	ENSG00000164494	regulator
PELO	ENSG00000152684	regulator
PEX6	ENSG00000124587	regulator
PGK1	ENSG00000102144	regulator
PGS1	ENSG00000087157	regulator
PHF12	ENSG00000109118	regulator
PHF23	ENSG00000040633	regulator
PHF3	ENSG00000118482	regulator
PIGB	ENSG00000069943	regulator
PKM	ENSG00000067225	regulator
PKNOX1	ENSG00000160199	regulator
PMVK	ENSG00000163344	regulator
PNPT1	ENSG00000138035	regulator
POGLUT3	ENSG00000178202	regulator
POLDIP3	ENSG00000100227	regulator
PPDPF	ENSG00000125534	regulator
PPHLN1	ENSG00000134283	regulator
PPIH	ENSG00000171960	regulator
PPIL1	ENSG00000137168	regulator
PPM1D	ENSG00000170836	regulator
PPP1R11	ENSG00000204619	regulator
PPP1R15B	ENSG00000158615	regulator
PPP1R7	ENSG00000115685	regulator
PPP6C	ENSG00000119414	regulator
PPRC1	ENSG00000148840	regulator
PRKAR1A	ENSG00000108946	regulator
PRKRA	ENSG00000180228	regulator
PRPF38B	ENSG00000134186	regulator
PRPF39	ENSG00000185246	regulator
PRSS21	ENSG00000007038	regulator
PSIP1	ENSG00000164985	regulator
PSMB9	ENSG00000240065	regulator
PSMF1	ENSG00000125818	regulator
PTBP1	ENSG00000011304	regulator
PTEN	ENSG00000171862	regulator
PTPA	ENSG00000119383	regulator
PTPN1	ENSG00000196396	regulator
PTPN2	ENSG00000175354	regulator
PTPRC	ENSG00000081237	regulator
PUM1	ENSG00000134644	regulator
PXMP4	ENSG00000101417	regulator
QNG1	ENSG00000165118	regulator
R3HCC1L	ENSG00000166024	regulator
RAB11FIP1	ENSG00000156675	regulator
RAD50	ENSG00000113522	regulator
RANBP3	ENSG00000031823	regulator
RASA2	ENSG00000155903	regulator
RASAL3	ENSG00000105122	regulator
RASGRP1	ENSG00000172575	regulator
RB1CC1	ENSG00000023287	regulator
RBM10	ENSG00000182872	regulator
RBM12	ENSG00000244462	regulator
RBM27	ENSG00000091009	regulator
RBM33	ENSG00000184863	regulator
RBPJ	ENSG00000168214	regulator
RC3H1	ENSG00000135870	regulator
RCC1L	ENSG00000274523	regulator
RCOR1	ENSG00000089902	regulator
RFX1	ENSG00000132005	regulator
RHBDD3	ENSG00000100263	regulator
RHEB	ENSG00000106615	regulator
RHOF	ENSG00000139725	regulator
RICTOR	ENSG00000164327	regulator
RIPK1	ENSG00000137275	regulator
RNASEH1	ENSG00000171865	regulator
RNF8	ENSG00000112130	regulator
RO60	ENSG00000116747	regulator
RPRD1B	ENSG00000101413	regulator
RPRD2	ENSG00000163125	regulator
RPUSD1	ENSG00000007376	regulator
RRAGA	ENSG00000155876	regulator
RTRAF	ENSG00000087302	regulator
RXRB	ENSG00000204231	regulator
SAMD1	ENSG00000141858	regulator
SAP130	ENSG00000136715	regulator
SARS2	ENSG00000104835	regulator
SCAF4	ENSG00000156304	regulator
SCAF8	ENSG00000213079	regulator
SCYL3	ENSG00000000457	regulator
SEC14L2	ENSG00000100003	regulator
SEC63	ENSG00000025796	regulator
SEL1L	ENSG00000071537	regulator
SENP1	ENSG00000079387	regulator
SENP5	ENSG00000119231	regulator
SETD1B	ENSG00000139718	regulator
SETDB1	ENSG00000143379	regulator
SFXN1	ENSG00000164466	regulator
SGF29	ENSG00000176476	regulator
SH3GL1	ENSG00000141985	regulator
SHLD1	ENSG00000171984	regulator
SIK3	ENSG00000160584	regulator
SIN3B	ENSG00000127511	regulator
SINHCAF	ENSG00000139146	regulator
SKIC8	ENSG00000140395	regulator
SLC25A22	ENSG00000177542	regulator
SLC25A51	ENSG00000122696	regulator
SLC31A1	ENSG00000136868	regulator
SLC35B1	ENSG00000121073	regulator
SLC39A6	ENSG00000141424	regulator
SMAD4	ENSG00000141646	regulator
SMARCA5	ENSG00000153147	regulator
SMARCB1	ENSG00000099956	regulator
SMARCC1	ENSG00000173473	regulator
SMARCD1	ENSG00000066117	regulator
SMARCE1	ENSG00000073584	regulator
SMG1	ENSG00000157106	regulator
SMG7	ENSG00000116698	regulator
SMG8	ENSG00000167447	regulator
SMG9	ENSG00000105771	regulator
SNAP23	ENSG00000092531	regulator
SNUPN	ENSG00000169371	regulator
SOCS4	ENSG00000180008	regulator
SP1	ENSG00000185591	regulator
SP100	ENSG00000067066	regulator
SP2	ENSG00000167182	regulator
SRR	ENSG00000167720	regulator
SRSF10	ENSG00000188529	regulator
SRSF11	ENSG00000116754	regulator
SSR2	ENSG00000163479	regulator
STAG2	ENSG00000101972	regulator
STARD10	ENSG00000214530	regulator
STAT3	ENSG00000168610	regulator
STAT5B	ENSG00000173757	regulator
STIP1	ENSG00000168439	regulator
STK11	ENSG00000118046	regulator
STK40	ENSG00000196182	regulator
STRAP	ENSG00000023734	regulator
STX16	ENSG00000124222	regulator
STYXL1	ENSG00000127952	regulator
SUGT1	ENSG00000165416	regulator
SUPT20H	ENSG00000102710	regulator
SUPT7L	ENSG00000119760	regulator
TADA1	ENSG00000152382	regulator
TADA2B	ENSG00000173011	regulator
TAF11	ENSG00000064995	regulator
TAF13	ENSG00000197780	regulator
TAF6L	ENSG00000162227	regulator
TARBP2	ENSG00000139546	regulator
TARS2	ENSG00000143374	regulator
TASOR	ENSG00000163946	regulator
TBL1XR1	ENSG00000177565	regulator
TENT2	ENSG00000164329	regulator
TESPA1	ENSG00000135426	regulator
TET2	ENSG00000168769	regulator
TFAM	ENSG00000108064	regulator
TFAP4	ENSG00000090447	regulator
TFDP1	ENSG00000198176	regulator
TGDS	ENSG00000088451	regulator
THAP11	ENSG00000168286	regulator
THAP12	ENSG00000137492	regulator
THAP2	ENSG00000173451	regulator
THAP5	ENSG00000177683	regulator
THOC6	ENSG00000131652	regulator
THRA	ENSG00000126351	regulator
THRAP3	ENSG00000054118	regulator
TIAL1	ENSG00000151923	regulator
TIMM8B	ENSG00000150779	regulator
TIPARP	ENSG00000163659	regulator
TIPRL	ENSG00000143155	regulator
TM2D1	ENSG00000162604	regulator
TM9SF3	ENSG00000077147	regulator
TMED10	ENSG00000170348	regulator
TMED2	ENSG00000086598	regulator
TMED9	ENSG00000184840	regulator
TMEM167A	ENSG00000174695	regulator
TMEM214	ENSG00000119777	regulator
TMEM79	ENSG00000163472	regulator
TNPO1	ENSG00000083312	regulator
TNRC6A	ENSG00000090905	regulator
TOR1A	ENSG00000136827	regulator
TP53	ENSG00000141510	regulator
TP53INP2	ENSG00000078804	regulator
TP73	ENSG00000078900	regulator
TPD52	ENSG00000076554	regulator
TRAF3	ENSG00000131323	regulator
TRIP12	ENSG00000153827	regulator
TSC1	ENSG00000165699	regulator
TSC2	ENSG00000103197	regulator
TSTD2	ENSG00000136925	regulator
TUFM	ENSG00000178952	regulator
TWNK	ENSG00000107815	regulator
UBA2	ENSG00000126261	regulator
UBA5	ENSG00000081307	regulator
UBAP2L	ENSG00000143569	regulator
UBE2E1	ENSG00000170142	regulator
UBE2G2	ENSG00000184787	regulator
UBE2I	ENSG00000103275	regulator
UBE2L3	ENSG00000185651	regulator
UBE2N	ENSG00000177889	regulator
UBR4	ENSG00000127481	regulator
UBR5	ENSG00000104517	regulator
UBXN1	ENSG00000162191	regulator
UCHL5	ENSG00000116750	regulator
UFL1	ENSG00000014123	regulator
UFM1	ENSG00000120686	regulator
UNC45A	ENSG00000140553	regulator
UPF2	ENSG00000151461	regulator
UQCRB	ENSG00000156467	regulator
URM1	ENSG00000167118	regulator
USO1	ENSG00000138768	regulator
USP10	ENSG00000103194	regulator
USP22	ENSG00000124422	regulator
USP7	ENSG00000187555	regulator
VARS2	ENSG00000137411	regulator
VAV1	ENSG00000141968	regulator
VEZT	ENSG00000028203	regulator
VHL	ENSG00000134086	regulator
VPS41	ENSG00000006715	regulator
WAC	ENSG00000095787	regulator
WAPL	ENSG00000062650	regulator
WARS2	ENSG00000116874	regulator
WASF2	ENSG00000158195	regulator
WDR59	ENSG00000103091	regulator
WDR82	ENSG00000164091	regulator
WIZ	ENSG00000011451	regulator
WNK1	ENSG00000060237	regulator
WRAP53	ENSG00000141499	regulator
XBP1	ENSG00000100219	regulator
XPR1	ENSG00000143324	regulator
XRCC2	ENSG00000196584	regulator
XRN1	ENSG00000114127	regulator
XRRA1	ENSG00000166435	regulator
YBX1	ENSG00000065978	regulator
YEATS2	ENSG00000163872	regulator
YTHDF2	ENSG00000198492	regulator
YY1	ENSG00000100811	regulator
ZAP70	ENSG00000115085	regulator
ZBTB1	ENSG00000126804	regulator
ZBTB44	ENSG00000196323	regulator
ZC3H10	ENSG00000135482	regulator
ZC3H3	ENSG00000014164	regulator
ZC3HC1	ENSG00000091732	regulator
ZCRB1	ENSG00000139168	regulator
ZEB1	ENSG00000148516	regulator
ZFC3H1	ENSG00000133858	regulator
ZFYVE21	ENSG00000100711	regulator
ZHX3	ENSG00000174306	regulator
ZMYM2	ENSG00000121741	regulator
ZNF148	ENSG00000163848	regulator
ZNF274	ENSG00000171606	regulator
ZNF280D	ENSG00000137871	regulator
ZNF384	ENSG00000126746	regulator
ZNF554	ENSG00000172006	regulator
ZNF613	ENSG00000176024	regulator
ZNF641	ENSG00000167528	regulator
ZNF644	ENSG00000122482	regulator
ZNF649	ENSG00000198093	regulator
ZNF71	ENSG00000197951	regulator
ZNF710	ENSG00000140548	regulator
ZNF829	ENSG00000185869	regulator
ZNF92	ENSG00000146757	regulator
KMT2E	ENSG00000005483	target
IMP4	ENSG00000136718	target
TOB1	ENSG00000141232	target
PTTG1IP	ENSG00000183255	target
CREBBP	ENSG00000005339	target
THUMPD1	ENSG00000066654	target
ELOB	ENSG00000103363	target
PPP6R3	ENSG00000110075	target
UBE4A	ENSG00000110344	target
RDH10	ENSG00000121039	target
CEP20	ENSG00000133393	target
PPP2R1B	ENSG00000137713	target
SMG1	ENSG00000157106	target
TMEM135	ENSG00000166575	target
ATP5MG	ENSG00000167283	target
KCTD5	ENSG00000167977	target
NSMCE1	ENSG00000169189	target
TMEM126B	ENSG00000171204	target
PPP1CA	ENSG00000172531	target
RAB1B	ENSG00000174903	target
SRPRA	ENSG00000182934	target
SFT2D2	ENSG00000213064	target
CCNL2	ENSG00000221978	target
JARID2	ENSG00000008083	target
SLC38A5	ENSG00000017483	target
SEC63	ENSG00000025796	target
IFNGR1	ENSG00000027697	target
SEC61A1	ENSG00000058262	target
TRAM1	ENSG00000067167	target
LMAN1	ENSG00000074695	target
MYDGF	ENSG00000074842	target
TM9SF3	ENSG00000077147	target
UBA5	ENSG00000081307	target
RNF13	ENSG00000082996	target
TMED2	ENSG00000086598	target
DNAJB11	ENSG00000090520	target
DHRS7	ENSG00000100612	target
HM13	ENSG00000101294	target
DNAJC3	ENSG00000102580	target
CLPTM1	ENSG00000104853	target
RABAC1	ENSG00000105404	target
TMEM205	ENSG00000105518	target
TBL2	ENSG00000106638	target
SEC61B	ENSG00000106803	target
CCDC47	ENSG00000108588	target
CCNG1	ENSG00000113328	target
SSR3	ENSG00000114850	target
SPCS1	ENSG00000114902	target
AUP1	ENSG00000115307	target
ABCB6	ENSG00000115657	target
SCAMP3	ENSG00000116521	target
ATP6V0B	ENSG00000117410	target
SPCS2	ENSG00000118363	target
ALG5	ENSG00000120697	target
SLC35B1	ENSG00000121073	target
SSR1	ENSG00000124783	target
EMC3	ENSG00000125037	target
TM9SF2	ENSG00000125304	target
ERGIC3	ENSG00000125991	target
CANX	ENSG00000127022	target
CALU	ENSG00000128595	target
SPCS3	ENSG00000129128	target
REEP5	ENSG00000129625	target
SELENOS	ENSG00000131871	target
FKBP11	ENSG00000134285	target
STT3A	ENSG00000134910	target
HAVCR2	ENSG00000135077	target
KDELR2	ENSG00000136240	target
ATRAID	ENSG00000138085	target
SEC31A	ENSG00000138674	target
RUSF1	ENSG00000140688	target
SLC39A6	ENSG00000141424	target
EMP3	ENSG00000142227	target
PIGK	ENSG00000142892	target
TMCO1	ENSG00000143183	target
CERS2	ENSG00000143418	target
PDIA6	ENSG00000143870	target
SRPRB	ENSG00000144867	target
PLPP5	ENSG00000147535	target
MTDH	ENSG00000147649	target
SURF4	ENSG00000148248	target
ZFP36L2	ENSG00000152518	target
PTDSS1	ENSG00000156471	target
SEC13	ENSG00000157020	target
RER1	ENSG00000157916	target
ATP1A1	ENSG00000163399	target
KRTCAP2	ENSG00000163463	target
SSR2	ENSG00000163479	target
SEC11C	ENSG00000166562	target
PPIB	ENSG00000166794	target
PDIA3	ENSG00000167004	target
YIF1B	ENSG00000167645	target
TAP1	ENSG00000168394	target
TMEM208	ENSG00000168701	target
TMED10	ENSG00000170348	target
YIF1A	ENSG00000174851	target
TMEM39A	ENSG00000176142	target
SSR4	ENSG00000180879	target
SELENOF	ENSG00000183291	target
TMED9	ENSG00000184840	target
TMEM179B	ENSG00000185475	target
TRPV2	ENSG00000187688	target
BLM	ENSG00000197299	target
DDRGK1	ENSG00000198171	target
MACO1	ENSG00000204178	target
HACD2	ENSG00000206527	target
TMX2	ENSG00000213593	target
IFI30	ENSG00000216490	target
ACAD11	ENSG00000240303	target
DDOST	ENSG00000244038	target
CNN2	ENSG00000064666	target
SEC31B	ENSG00000075826	target
SCD	ENSG00000099194	target
RASSF2	ENSG00000101265	target
CORO1A	ENSG00000102879	target
ARHGDIB	ENSG00000111348	target
IFIH1	ENSG00000115267	target
IFIT3	ENSG00000119917	target
CXCR4	ENSG00000121966	target
IFI6	ENSG00000126709	target
JUND	ENSG00000130522	target
RSAD2	ENSG00000134321	target
OASL	ENSG00000135114	target
ACTR2	ENSG00000138071	target
HERC5	ENSG00000138646	target
HAPLN3	ENSG00000140511	target
TMEM140	ENSG00000146859	target
ADAM8	ENSG00000151651	target
GBP5	ENSG00000154451	target
RAB11FIP1	ENSG00000156675	target
LSS	ENSG00000160285	target
DTX3L	ENSG00000163840	target
TPM4	ENSG00000167460	target
ISG20	ENSG00000172183	target
CFL1	ENSG00000172757	target
ACTG1	ENSG00000184009	target
MUC1	ENSG00000185499	target
ISG15	ENSG00000187608	target
CD55	ENSG00000196352	target
SREBF2	ENSG00000198911	target
PATL2	ENSG00000229474	target
RBM5	ENSG00000003756	target
HSD17B6	ENSG00000025423	target
PARP3	ENSG00000041880	target
FAM114A2	ENSG00000055147	target
SNRNP40	ENSG00000060688	target
TNPO3	ENSG00000064419	target
LAPTM4A	ENSG00000068697	target
TMEM260	ENSG00000070269	target
MBNL3	ENSG00000076770	target
EXD2	ENSG00000081177	target
NFX1	ENSG00000086102	target
TMEM101	ENSG00000091947	target
HAUS4	ENSG00000092036	target
KLHL22	ENSG00000099910	target
EIF3L	ENSG00000100129	target
TAB1	ENSG00000100324	target
FKBP3	ENSG00000100442	target
AP4S1	ENSG00000100478	target
PRORP	ENSG00000100890	target
NELFCD	ENSG00000101158	target
ACTR5	ENSG00000101442	target
POLI	ENSG00000101751	target
CAB39L	ENSG00000102547	target
GDAP1	ENSG00000104381	target
ZNF175	ENSG00000105497	target
PSMA2	ENSG00000106588	target
NPDC1	ENSG00000107281	target
LUC7L3	ENSG00000108848	target
SLAIN2	ENSG00000109171	target
DCPS	ENSG00000110063	target
COPZ1	ENSG00000111481	target
TDP2	ENSG00000111802	target
DNPH1	ENSG00000112667	target
TXNDC15	ENSG00000113621	target
ASH1L	ENSG00000116539	target
AGMAT	ENSG00000116771	target
GNPAT	ENSG00000116906	target
DARS2	ENSG00000117593	target
SYF2	ENSG00000117614	target
EXOSC8	ENSG00000120699	target
DDX54	ENSG00000123064	target
TRIR	ENSG00000123144	target
BAZ2B	ENSG00000123636	target
PLA2G12A	ENSG00000123739	target
INO80	ENSG00000128908	target
RAB2B	ENSG00000129472	target
ERMARD	ENSG00000130023	target
LSM4	ENSG00000130520	target
ATP5IF1	ENSG00000130770	target
NDUFA2	ENSG00000131495	target
EMC7	ENSG00000134153	target
TMEM258	ENSG00000134825	target
ZDHHC4	ENSG00000136247	target
HUS1	ENSG00000136273	target
ZCRB1	ENSG00000139168	target
BBS4	ENSG00000140463	target
PFDN2	ENSG00000143256	target
RALB	ENSG00000144118	target
ATG12	ENSG00000145782	target
PCYOX1L	ENSG00000145882	target
TATDN1	ENSG00000147687	target
ZNF827	ENSG00000151612	target
PIGF	ENSG00000151665	target
ZNF689	ENSG00000156853	target
SUSD3	ENSG00000157303	target
NDUFS2	ENSG00000158864	target
PSMD4	ENSG00000159352	target
ZNF362	ENSG00000160094	target
AP2M1	ENSG00000161203	target
TYW3	ENSG00000162623	target
NAXE	ENSG00000163382	target
TPRA1	ENSG00000163870	target
IFT122	ENSG00000163913	target
TMEM67	ENSG00000164953	target
FUNDC2	ENSG00000165775	target
SPINT1	ENSG00000166145	target
COPS2	ENSG00000166200	target
BLCAP	ENSG00000166619	target
SPRYD3	ENSG00000167778	target
SDHAF2	ENSG00000167985	target
MMADHC	ENSG00000168288	target
DTYMK	ENSG00000168393	target
ZRSR2	ENSG00000169249	target
CRADD	ENSG00000169372	target
MMGT1	ENSG00000169446	target
TMEM126A	ENSG00000171202	target
MICOS10	ENSG00000173436	target
ZBTB8OS	ENSG00000176261	target
RMDN1	ENSG00000176623	target
APOLD1	ENSG00000178878	target
SEPTIN1	ENSG00000180096	target
CMC4	ENSG00000182712	target
SMDT1	ENSG00000183172	target
TXNRD2	ENSG00000184470	target
TMEM222	ENSG00000186501	target
TSPYL4	ENSG00000187189	target
FAM120AOS	ENSG00000188938	target
ZNF573	ENSG00000189144	target
ANAPC7	ENSG00000196510	target
TPK1	ENSG00000196511	target
TOMM7	ENSG00000196683	target
ZMYM1	ENSG00000197056	target
L1CAM	ENSG00000198910	target
ARHGAP19	ENSG00000213390	target
SRA1	ENSG00000213523	target
ZSWIM7	ENSG00000214941	target
UBXN2B	ENSG00000215114	target
OST4	ENSG00000228474	target
FAM200B	ENSG00000237765	target
ALKBH6	ENSG00000239382	target
CHMP4A	ENSG00000254505	target
FPGT	ENSG00000254685	target
SMIM10L1	ENSG00000256537	target
TSPOAP1	ENSG00000005379	target
NCAPD2	ENSG00000010292	target
PLEKHO1	ENSG00000023902	target
VIM	ENSG00000026025	target
CAPG	ENSG00000042493	target
CYFIP2	ENSG00000055163	target
TM7SF3	ENSG00000064115	target
HIPK2	ENSG00000064393	target
SLC12A2	ENSG00000064651	target
ASPM	ENSG00000066279	target
MAPK6	ENSG00000069956	target
ACTN1	ENSG00000072110	target
HMMR	ENSG00000072571	target
GSDMB	ENSG00000073605	target
SRI	ENSG00000075142	target
REXO2	ENSG00000076043	target
RAB10	ENSG00000084733	target
SCFD1	ENSG00000092108	target
BTAF1	ENSG00000095564	target
TRIB3	ENSG00000101255	target
CYB5B	ENSG00000103018	target
SLC7A6	ENSG00000103064	target
COTL1	ENSG00000103187	target
SLC1A5	ENSG00000105281	target
HNRNPUL1	ENSG00000105323	target
BBC3	ENSG00000105327	target
NOP53	ENSG00000105373	target
BABAM1	ENSG00000105393	target
COPE	ENSG00000105669	target
EIF4H	ENSG00000106682	target
RAB11FIP2	ENSG00000107560	target
TASOR2	ENSG00000108021	target
CD69	ENSG00000110848	target
CHPT1	ENSG00000111666	target
C12orf57	ENSG00000111678	target
CEP85L	ENSG00000111860	target
SLC29A1	ENSG00000112759	target
PDE4D	ENSG00000113448	target
ACTR8	ENSG00000113812	target
RNF7	ENSG00000114125	target
FRMD4B	ENSG00000114541	target
CISH	ENSG00000114737	target
GNLY	ENSG00000115523	target
PPP1R7	ENSG00000115685	target
CENPF	ENSG00000117724	target
SGK1	ENSG00000118515	target
MLH3	ENSG00000119684	target
CUTC	ENSG00000119929	target
MTIF3	ENSG00000122033	target
FYTTD1	ENSG00000122068	target
SRGN	ENSG00000122862	target
PSMF1	ENSG00000125818	target
ARPP19	ENSG00000128989	target
MPDU1	ENSG00000129255	target
TOP2A	ENSG00000131747	target
ENOSF1	ENSG00000132199	target
TRIM22	ENSG00000132274	target
CDCA8	ENSG00000134690	target
ANXA1	ENSG00000135046	target
BICDL1	ENSG00000135127	target
MYO1G	ENSG00000136286	target
TPMT	ENSG00000137364	target
CREBZF	ENSG00000137504	target
RDX	ENSG00000137710	target
LEF1	ENSG00000138795	target
CD27	ENSG00000139193	target
N4BP2L1	ENSG00000139597	target
TMX1	ENSG00000139921	target
NLRC5	ENSG00000140853	target
SERBP1	ENSG00000142864	target
UBA3	ENSG00000144744	target
OCIAD2	ENSG00000145247	target
OGT	ENSG00000147162	target
SURF1	ENSG00000148290	target
LIN7C	ENSG00000148943	target
UHMK1	ENSG00000152332	target
ZNF117	ENSG00000152926	target
BCL2L11	ENSG00000153094	target
OXNAD1	ENSG00000154814	target
GTF3C6	ENSG00000155115	target
SLC26A2	ENSG00000155850	target
ELK4	ENSG00000158711	target
IFNAR2	ENSG00000159110	target
JAML	ENSG00000160593	target
SPC24	ENSG00000161888	target
TRAT1	ENSG00000163519	target
TTC14	ENSG00000163728	target
ANXA5	ENSG00000164111	target
HPGD	ENSG00000164120	target
SEPTIN8	ENSG00000164402	target
LEO1	ENSG00000166477	target
ACAA2	ENSG00000167315	target
LENG8	ENSG00000167615	target
OTUB1	ENSG00000167770	target
SRP68	ENSG00000167881	target
TMEM68	ENSG00000167904	target
LMBRD1	ENSG00000168216	target
NT5DC2	ENSG00000168268	target
PCMTD1	ENSG00000168300	target
CLIC4	ENSG00000169504	target
HOPX	ENSG00000171476	target
RRM2	ENSG00000171848	target
MAL	ENSG00000172005	target
ORMDL3	ENSG00000172057	target
ZNF680	ENSG00000173041	target
PARP14	ENSG00000173193	target
NQO1	ENSG00000181019	target
SATB1	ENSG00000182568	target
KIAA2026	ENSG00000183354	target
BTN3A2	ENSG00000186470	target
ZNF626	ENSG00000188171	target
H2AX	ENSG00000188486	target
UROS	ENSG00000188690	target
HHLA3	ENSG00000197568	target
ECI2	ENSG00000198721	target
MTOR	ENSG00000198793	target
KIFBP	ENSG00000198954	target
TMEM273	ENSG00000204161	target
HSD17B8	ENSG00000204228	target
UQCC6	ENSG00000204954	target
RIMOC1	ENSG00000205765	target
C12orf75	ENSG00000235162	target
DBNDD2	ENSG00000244274	target
ZNF345	ENSG00000251247	target
GSTP1	ENSG00000084207	target
CMTM6	ENSG00000091317	target
TSPAN15	ENSG00000099282	target
ANKRD12	ENSG00000101745	target
RIPK2	ENSG00000104312	target
ZC2HC1A	ENSG00000104427	target
GSR	ENSG00000104687	target
MAP4K1	ENSG00000104814	target
ACBD5	ENSG00000107897	target
IL17F	ENSG00000112116	target
CCR6	ENSG00000112486	target
CYSTM1	ENSG00000120306	target
NR1D1	ENSG00000126368	target
TICAM1	ENSG00000127666	target
IMMT	ENSG00000132305	target
ADAM19	ENSG00000135074	target
PHF21A	ENSG00000135365	target
APP	ENSG00000142192	target
NTRK2	ENSG00000148053	target
SLC25A25	ENSG00000148339	target
PRDM8	ENSG00000152784	target
PTPN13	ENSG00000163629	target
CITED2	ENSG00000164442	target
NIPAL4	ENSG00000172548	target
EVC2	ENSG00000173040	target
STAT5B	ENSG00000173757	target
NR1D2	ENSG00000174738	target
ZBTB38	ENSG00000177311	target
TLCD5	ENSG00000181264	target
ARHGEF12	ENSG00000196914	target
TMEM184B	ENSG00000198792	target
LST1	ENSG00000204482	target
TNFRSF25	ENSG00000215788	target
STON1	ENSG00000243244	target
PSMB1	ENSG00000008018	target
XYLT2	ENSG00000015532	target
PEX3	ENSG00000034693	target
CST7	ENSG00000077984	target
PSMC5	ENSG00000087191	target
SNU13	ENSG00000100138	target
ETFB	ENSG00000105379	target
DNAJC12	ENSG00000108176	target
LDHB	ENSG00000111716	target
SOS1	ENSG00000115904	target
IVNS1ABP	ENSG00000116679	target
G0S2	ENSG00000123689	target
ARPC1B	ENSG00000130429	target
FLOT1	ENSG00000137312	target
RGS16	ENSG00000143333	target
TSC22D3	ENSG00000157514	target
EIF4A1	ENSG00000161960	target
RNF187	ENSG00000168159	target
EIF1	ENSG00000173812	target
GRINA	ENSG00000178719	target
ADAT2	ENSG00000189007	target
ANXA6	ENSG00000197043	target
APOL6	ENSG00000221963	target
H2AJ	ENSG00000246705	target
CHURC1	ENSG00000258289	target
C17orf49	ENSG00000258315	target
UBE2T	ENSG00000077152	target
CYLD	ENSG00000083799	target
PSMC6	ENSG00000100519	target
PRPF31	ENSG00000105618	target
PPIF	ENSG00000108179	target
HSPA8	ENSG00000109971	target
BRIX1	ENSG00000113460	target
HSPE1	ENSG00000115541	target
SRM	ENSG00000116649	target
YPEL5	ENSG00000119801	target
TCP1	ENSG00000120438	target
ZBTB1	ENSG00000126804	target
TIMM17A	ENSG00000134375	target
LTV1	ENSG00000135521	target
NABP2	ENSG00000139579	target
MINK1	ENSG00000141503	target
SRSF2	ENSG00000161547	target
TUBA1C	ENSG00000167553	target
CTPS1	ENSG00000171793	target
CYCS	ENSG00000172115	target
CHD2	ENSG00000173575	target
CBX6	ENSG00000183741	target
HSPA14	ENSG00000187522	target
HNRNPAB	ENSG00000197451	target
PSMB8	ENSG00000204264	target
NME1	ENSG00000239672	target
TXNIP	ENSG00000265972	target
LZTS1	ENSG00000061337	target
HMG20B	ENSG00000064961	target
PRKCZ	ENSG00000067606	target
ADNP2	ENSG00000101544	target
AIP	ENSG00000110711	target
GCA	ENSG00000115271	target
PRKAA1	ENSG00000132356	target
TUFT1	ENSG00000143367	target
OBSCN	ENSG00000154358	target
PTMS	ENSG00000159335	target
SPATC1L	ENSG00000160284	target
PGAP3	ENSG00000161395	target
TRIM17	ENSG00000162931	target
RHOBTB3	ENSG00000164292	target
HYI	ENSG00000178922	target
ZNF678	ENSG00000181450	target
ARL6IP4	ENSG00000182196	target
NRBP2	ENSG00000185189	target
RAB11B	ENSG00000185236	target
ZNF555	ENSG00000186300	target
PRELID2	ENSG00000186314	target
ZNF197	ENSG00000186448	target
ZNF559	ENSG00000188321	target
ZNF699	ENSG00000196110	target
CASP4	ENSG00000196954	target
ZNF677	ENSG00000197928	target
ZNF813	ENSG00000198346	target
ZNF630	ENSG00000221994	target
ZNF253	ENSG00000256771	target
ZNF595	ENSG00000272602	target
CD99	ENSG00000002586	target
LASP1	ENSG00000002834	target
CASP10	ENSG00000003400	target
POLDIP2	ENSG00000004142	target
SLC25A13	ENSG00000004864	target
ITGAL	ENSG00000005844	target
TMEM98	ENSG00000006042	target
BLTP2	ENSG00000007202	target
TRAPPC6A	ENSG00000007255	target
MMP25	ENSG00000008516	target
BAZ1B	ENSG00000009954	target
CD4	ENSG00000010610	target
TTC19	ENSG00000011295	target
PTBP1	ENSG00000011304	target
ERCC1	ENSG00000012061	target
CALCOCO1	ENSG00000012822	target
MNAT1	ENSG00000020426	target
SERPINB1	ENSG00000021355	target
SLAMF7	ENSG00000026751	target
GAB2	ENSG00000033327	target
SLC4A7	ENSG00000033867	target
MAP2K3	ENSG00000034152	target
CUL3	ENSG00000036257	target
TUBG2	ENSG00000037042	target
NSUN2	ENSG00000037474	target
MRI1	ENSG00000037757	target
PI4K2B	ENSG00000038210	target
INPP4A	ENSG00000040933	target
TG	ENSG00000042832	target
TNFRSF9	ENSG00000049249	target
CLPTM1L	ENSG00000049656	target
PLEKHA5	ENSG00000052126	target
DCBLD2	ENSG00000057019	target
SOAT1	ENSG00000057252	target
GNA15	ENSG00000060558	target
PIGV	ENSG00000060642	target
ACAA1	ENSG00000060971	target
BCAT1	ENSG00000060982	target
NCKAP1	ENSG00000061676	target
AHRR	ENSG00000063438	target
CTSA	ENSG00000064601	target
FAR2	ENSG00000064763	target
PFKP	ENSG00000067057	target
PHKA1	ENSG00000067177	target
TTC7A	ENSG00000068724	target
KIF2A	ENSG00000068796	target
RASGRP2	ENSG00000068831	target
TGFBR3	ENSG00000069702	target
RAB27A	ENSG00000069974	target
SMG6	ENSG00000070366	target
AP3M2	ENSG00000070718	target
MAP4K4	ENSG00000071054	target
ALDH3A2	ENSG00000072210	target
ACADVL	ENSG00000072778	target
TXK	ENSG00000074966	target
FSCN1	ENSG00000075618	target
PPP2R5C	ENSG00000078304	target
VDAC3	ENSG00000078668	target
CDC14A	ENSG00000079335	target
DDX1	ENSG00000079785	target
CPOX	ENSG00000080819	target
CLDND1	ENSG00000080822	target
HSP90AA1	ENSG00000080824	target
OSTM1	ENSG00000081087	target
PHLPP1	ENSG00000081913	target
P2RX5	ENSG00000083454	target
NCOA1	ENSG00000084676	target
HADHA	ENSG00000084754	target
CD59	ENSG00000085063	target
B4GALT1	ENSG00000086062	target
IPO11	ENSG00000086200	target
EPDR1	ENSG00000086289	target
PPP1R15A	ENSG00000087074	target
TXNDC16	ENSG00000087301	target
DOCK9	ENSG00000088387	target
SMOX	ENSG00000088826	target
SNX5	ENSG00000089006	target
SLC23A2	ENSG00000089057	target
TMEM230	ENSG00000089063	target
PXN	ENSG00000089159	target
CD200	ENSG00000091972	target
RFFL	ENSG00000092871	target
SUCO	ENSG00000094975	target
MAP3K1	ENSG00000095015	target
WHRN	ENSG00000095397	target
ERMP1	ENSG00000099219	target
SEC14L2	ENSG00000100003	target
SPECC1L	ENSG00000100014	target
MAPK1	ENSG00000100030	target
MFNG	ENSG00000100060	target
SLC25A1	ENSG00000100075	target
GRK3	ENSG00000100077	target
PIK3IP1	ENSG00000100100	target
PICK1	ENSG00000100151	target
TTC28	ENSG00000100154	target
DDX17	ENSG00000100201	target
PACSIN2	ENSG00000100266	target
APOBEC3H	ENSG00000100298	target
TXN2	ENSG00000100348	target
POLR3H	ENSG00000100413	target
KHNYN	ENSG00000100441	target
DDHD1	ENSG00000100523	target
PSMA3	ENSG00000100567	target
AHSA1	ENSG00000100591	target
ASB2	ENSG00000100628	target
PSMC1	ENSG00000100764	target
NFKBIA	ENSG00000100906	target
SLCO4A1	ENSG00000101187	target
ARFRP1	ENSG00000101246	target
SAMHD1	ENSG00000101347	target
MAP1LC3A	ENSG00000101460	target
SMCHD1	ENSG00000101596	target
MIB1	ENSG00000101752	target
PSMD10	ENSG00000101843	target
WDR13	ENSG00000101940	target
PLP2	ENSG00000102007	target
SMS	ENSG00000102172	target
NDFIP2	ENSG00000102471	target
TRADD	ENSG00000102871	target
USB1	ENSG00000103005	target
AXIN1	ENSG00000103126	target
CPPED1	ENSG00000103381	target
HMOX2	ENSG00000103415	target
IL21R	ENSG00000103522	target
TRPS1	ENSG00000104447	target
SPAG1	ENSG00000104450	target
LEPROTL1	ENSG00000104660	target
PPP1R13L	ENSG00000104881	target
OAZ1	ENSG00000104904	target
STX10	ENSG00000104915	target
IL4I1	ENSG00000104951	target
TLE5	ENSG00000104964	target
PPP6R1	ENSG00000105063	target
GPI	ENSG00000105220	target
PRX	ENSG00000105227	target
HBP1	ENSG00000105856	target
GSDME	ENSG00000105928	target
HIBADH	ENSG00000106049	target
HSPB1	ENSG00000106211	target
SNX8	ENSG00000106266	target
TAF6	ENSG00000106290	target
AP1S1	ENSG00000106367	target
PLOD3	ENSG00000106397	target
RPA3	ENSG00000106399	target
TMEM106B	ENSG00000106460	target
AHR	ENSG00000106546	target
TGFBR1	ENSG00000106799	target
UBE2R2	ENSG00000107341	target
PDLIM1	ENSG00000107438	target
PHYH	ENSG00000107537	target
MICU1	ENSG00000107745	target
ACTA2	ENSG00000107796	target
TFAM	ENSG00000108064	target
CCDC6	ENSG00000108091	target
CDK5RAP3	ENSG00000108465	target
PSMD11	ENSG00000108671	target
RAB5C	ENSG00000108774	target
ABI3	ENSG00000108798	target
EZH1	ENSG00000108799	target
EFTUD2	ENSG00000108883	target
RANGRF	ENSG00000108961	target
CLCN3	ENSG00000109572	target
LPXN	ENSG00000110031	target
CPT1A	ENSG00000110090	target
CHORDC1	ENSG00000110172	target
MDK	ENSG00000110492	target
PITPNM1	ENSG00000110697	target
POU2AF1	ENSG00000110777	target
CORO1C	ENSG00000110880	target
ATP5F1B	ENSG00000110955	target
LIN7A	ENSG00000111052	target
DDX55	ENSG00000111364	target
SLC38A1	ENSG00000111371	target
RAB5B	ENSG00000111540	target
ING4	ENSG00000111653	target
USP5	ENSG00000111667	target
SASH1	ENSG00000111961	target
KCTD20	ENSG00000112078	target
E2F3	ENSG00000112242	target
TENT5A	ENSG00000112773	target
LY86	ENSG00000112799	target
RASGRF2	ENSG00000113319	target
SUB1	ENSG00000113387	target
SLC12A7	ENSG00000113504	target
NPHP3	ENSG00000113971	target
ATP6V1A	ENSG00000114573	target
ABTB1	ENSG00000114626	target
MAPKAPK3	ENSG00000114738	target
EIF4G1	ENSG00000114867	target
TP53I3	ENSG00000115129	target
ACVR1	ENSG00000115170	target
ITGA4	ENSG00000115232	target
RTN4	ENSG00000115310	target
FN1	ENSG00000115414	target
STAT1	ENSG00000115415	target
PECR	ENSG00000115425	target
HPCAL1	ENSG00000115756	target
SLC1A4	ENSG00000115902	target
EPAS1	ENSG00000116016	target
NFE2L2	ENSG00000116044	target
BCL9	ENSG00000116128	target
ICMT	ENSG00000116237	target
ATP5PB	ENSG00000116459	target
RAP1A	ENSG00000116473	target
UCHL5	ENSG00000116750	target
CRYZ	ENSG00000116791	target
CD48	ENSG00000117091	target
DPH5	ENSG00000117543	target
FASLG	ENSG00000117560	target
MAN1C1	ENSG00000117643	target
IRAG2	ENSG00000118308	target
ELOVL4	ENSG00000118402	target
PLAGL1	ENSG00000118495	target
KLF12	ENSG00000118922	target
CCND2	ENSG00000118971	target
ELL2	ENSG00000118985	target
HSDL2	ENSG00000119471	target
KDSR	ENSG00000119537	target
VPS4B	ENSG00000119541	target
NPC2	ENSG00000119655	target
GPR68	ENSG00000119714	target
YIPF4	ENSG00000119820	target
PLEKHG1	ENSG00000120278	target
GORAB	ENSG00000120370	target
HSPH1	ENSG00000120694	target
SOCS2	ENSG00000120833	target
WASHC3	ENSG00000120860	target
CLU	ENSG00000120885	target
TNFRSF10B	ENSG00000120889	target
CRISPLD1	ENSG00000121005	target
GTDC1	ENSG00000121964	target
ZC3H7A	ENSG00000122299	target
SERAC1	ENSG00000122335	target
EEPD1	ENSG00000122547	target
HYCC1	ENSG00000122591	target
RNF11	ENSG00000123091	target
NLN	ENSG00000123213	target
OPTN	ENSG00000123240	target
ACVR1C	ENSG00000123612	target
RAP2C	ENSG00000123728	target
ACSL3	ENSG00000123983	target
PREX1	ENSG00000124126	target
SDC4	ENSG00000124145	target
TOX2	ENSG00000124191	target
CSE1L	ENSG00000124207	target
IL9R	ENSG00000124334	target
SNRPC	ENSG00000124562	target
GLO1	ENSG00000124767	target
LRRFIP1	ENSG00000124831	target
GOT2	ENSG00000125166	target
PTGER2	ENSG00000125384	target
MSTO1	ENSG00000125459	target
SLC2A4RG	ENSG00000125520	target
SLC25A23	ENSG00000125648	target
TNFSF9	ENSG00000125657	target
TRIP10	ENSG00000125733	target
VASP	ENSG00000125753	target
SNRPB2	ENSG00000125870	target
MGME1	ENSG00000125871	target
NCLN	ENSG00000125912	target
ZNF436	ENSG00000125945	target
NECAB3	ENSG00000125967	target
UXT	ENSG00000126756	target
PLEKHG3	ENSG00000126822	target
HIVEP3	ENSG00000127124	target
EMC1	ENSG00000127463	target
ECHS1	ENSG00000127884	target
FGL2	ENSG00000127951	target
SDF2L1	ENSG00000128228	target
TWSG1	ENSG00000128791	target
PALLD	ENSG00000129116	target
MTUS1	ENSG00000129422	target
SGO1	ENSG00000129810	target
TOMM40	ENSG00000130204	target
ACTN4	ENSG00000130402	target
ADRM1	ENSG00000130706	target
GMFG	ENSG00000130755	target
HIP1R	ENSG00000130787	target
DKC1	ENSG00000130826	target
MPP1	ENSG00000130830	target
KIF3A	ENSG00000131437	target
TMEM204	ENSG00000131634	target
PPARG	ENSG00000132170	target
TRIM5	ENSG00000132256	target
TBC1D14	ENSG00000132405	target
ERAL1	ENSG00000132591	target
NIP7	ENSG00000132603	target
ANKEF1	ENSG00000132623	target
ALOX5AP	ENSG00000132965	target
SLC41A1	ENSG00000133065	target
MKRN1	ENSG00000133606	target
TMTC1	ENSG00000133687	target
CCDC59	ENSG00000133773	target
AMPD3	ENSG00000133805	target
HSD17B4	ENSG00000133835	target
DGLUCY	ENSG00000133943	target
NUMB	ENSG00000133961	target
TTC9	ENSG00000133985	target
TSPAN2	ENSG00000134198	target
SORT1	ENSG00000134243	target
SPIRE1	ENSG00000134278	target
TMEM241	ENSG00000134490	target
EMP1	ENSG00000134531	target
RNF138	ENSG00000134758	target
TIMM10	ENSG00000134809	target
TPP2	ENSG00000134900	target
ETS1	ENSG00000134954	target
NREP	ENSG00000134986	target
RFK	ENSG00000135002	target
ISCA1	ENSG00000135070	target
ATP5MC2	ENSG00000135390	target
TESPA1	ENSG00000135426	target
PAN2	ENSG00000135473	target
CD164	ENSG00000135535	target
CPM	ENSG00000135678	target
FHOD1	ENSG00000135723	target
DHX9	ENSG00000135829	target
NIBAN1	ENSG00000135842	target
GPR55	ENSG00000135898	target
ITM2C	ENSG00000135916	target
ISCU	ENSG00000136003	target
PLXNC1	ENSG00000136040	target
DRAM1	ENSG00000136048	target
SLC41A2	ENSG00000136052	target
MED4	ENSG00000136146	target
ITM2B	ENSG00000136156	target
RCBTB2	ENSG00000136161	target
LCP1	ENSG00000136167	target
CCM2	ENSG00000136280	target
TTYH3	ENSG00000136295	target
MTHFS	ENSG00000136371	target
CALCOCO2	ENSG00000136436	target
HLX	ENSG00000136630	target
ABI1	ENSG00000136754	target
TOR1A	ENSG00000136827	target
SLC2A8	ENSG00000136856	target
ENPP2	ENSG00000136960	target
TLN1	ENSG00000137076	target
FOXP4	ENSG00000137166	target
TUBB2A	ENSG00000137267	target
FGFBP2	ENSG00000137441	target
CCDC90B	ENSG00000137500	target
TMEM62	ENSG00000137842	target
HADHB	ENSG00000138029	target
CYP1B1	ENSG00000138061	target
MFSD13A	ENSG00000138111	target
ARL3	ENSG00000138175	target
APH1B	ENSG00000138613	target
SEMA7A	ENSG00000138623	target
BMP2K	ENSG00000138756	target
SCARB2	ENSG00000138760	target
KIF21A	ENSG00000139116	target
AEBP2	ENSG00000139154	target
ETNK1	ENSG00000139163	target
DUSP6	ENSG00000139318	target
RITA1	ENSG00000139405	target
GLTP	ENSG00000139433	target
ITGB7	ENSG00000139626	target
WDFY2	ENSG00000139668	target
LPAR6	ENSG00000139679	target
RB1	ENSG00000139687	target
RHOF	ENSG00000139725	target
NIPA2	ENSG00000140157	target
SERF2	ENSG00000140264	target
PSTPIP1	ENSG00000140368	target
DNAJA4	ENSG00000140403	target
PML	ENSG00000140464	target
SCAMP2	ENSG00000140497	target
MFGE8	ENSG00000140545	target
FURIN	ENSG00000140564	target
CMTM3	ENSG00000140931	target
IRF8	ENSG00000140968	target
KSR1	ENSG00000141068	target
TTYH2	ENSG00000141540	target
RPTOR	ENSG00000141564	target
NFIC	ENSG00000141905	target
DOP1B	ENSG00000142197	target
PSMB6	ENSG00000142507	target
EFHD2	ENSG00000142634	target
C1orf162	ENSG00000143110	target
NME7	ENSG00000143156	target
CREG1	ENSG00000143162	target
MGST3	ENSG00000143198	target
SLC39A1	ENSG00000143570	target
CEP170	ENSG00000143702	target
EXOC6B	ENSG00000144036	target
RBMS3	ENSG00000144642	target
NFKBIZ	ENSG00000144802	target
ADPRH	ENSG00000144843	target
EAF2	ENSG00000145088	target
ILDR1	ENSG00000145103	target
CISD2	ENSG00000145354	target
OTULINL	ENSG00000145569	target
IQGAP2	ENSG00000145703	target
ARHGAP26	ENSG00000145819	target
RNF145	ENSG00000145860	target
RMND5B	ENSG00000145916	target
TIAM2	ENSG00000146426	target
NOM1	ENSG00000146909	target
LANCL3	ENSG00000147036	target
DIAPH2	ENSG00000147202	target
PRPS1	ENSG00000147224	target
CHMP7	ENSG00000147457	target
LRP12	ENSG00000147650	target
CDKN2A	ENSG00000147889	target
SH3GLB2	ENSG00000148341	target
NACC2	ENSG00000148411	target
RSU1	ENSG00000148484	target
ZNF215	ENSG00000149054	target
SLC43A1	ENSG00000149150	target
ZC3H12C	ENSG00000149289	target
ATM	ENSG00000149311	target
TKFC	ENSG00000149476	target
ITGB1	ENSG00000150093	target
CD226	ENSG00000150637	target
DIXDC1	ENSG00000150764	target
DLAT	ENSG00000150768	target
DCP1B	ENSG00000151065	target
TMEM263	ENSG00000151135	target
ANK3	ENSG00000151150	target
TEX30	ENSG00000151287	target
ME3	ENSG00000151376	target
NEK7	ENSG00000151414	target
FER	ENSG00000151422	target
ANKRD50	ENSG00000151458	target
CDC123	ENSG00000151465	target
INPP1	ENSG00000151689	target
RNF144A	ENSG00000151692	target
ACSL1	ENSG00000151726	target
SETBP1	ENSG00000152217	target
PSTPIP2	ENSG00000152229	target
PDE3B	ENSG00000152270	target
TGOLN2	ENSG00000152291	target
CAMK4	ENSG00000152495	target
SPEF2	ENSG00000152582	target
MBNL1	ENSG00000152601	target
HNRNPU	ENSG00000153187	target
CD96	ENSG00000153283	target
CYRIB	ENSG00000153310	target
CMTM7	ENSG00000153551	target
JAZF1	ENSG00000153814	target
DGKE	ENSG00000153933	target
UBASH3B	ENSG00000154127	target
GPR15	ENSG00000154165	target
UCHL1	ENSG00000154277	target
RAB6B	ENSG00000154917	target
EPHB1	ENSG00000154928	target
VOPP1	ENSG00000154978	target
PIP4P2	ENSG00000155099	target
RHOC	ENSG00000155366	target
PIK3AP1	ENSG00000155629	target
SLA	ENSG00000155926	target
MIDEAS	ENSG00000156030	target
SH3RF2	ENSG00000156463	target
PPP2R2B	ENSG00000156475	target
SUPV3L1	ENSG00000156502	target
MAPK13	ENSG00000156711	target
CPT2	ENSG00000157184	target
NECAP2	ENSG00000157191	target
TMEM164	ENSG00000157600	target
WDR19	ENSG00000157796	target
EIF5B	ENSG00000158417	target
AHCYL2	ENSG00000158467	target
GDPD5	ENSG00000158555	target
COPG2	ENSG00000158623	target
CCAR2	ENSG00000158941	target
RUNX1	ENSG00000159216	target
AGPAT3	ENSG00000160216	target
ITGB2	ENSG00000160255	target
ZBTB7B	ENSG00000160685	target
SLC25A44	ENSG00000160785	target
LMNA	ENSG00000160789	target
FDXR	ENSG00000161513	target
ITGA5	ENSG00000161638	target
MED11	ENSG00000161920	target
SENP3	ENSG00000161956	target
SPSB3	ENSG00000162032	target
ADCY9	ENSG00000162104	target
LRP5	ENSG00000162337	target
RAVER2	ENSG00000162437	target
UBXN10	ENSG00000162543	target
FUBP1	ENSG00000162613	target
EXTL2	ENSG00000162694	target
NCSTN	ENSG00000162736	target
DENND2D	ENSG00000162777	target
CNST	ENSG00000162852	target
HAAO	ENSG00000162882	target
MAPKAPK2	ENSG00000162889	target
DUSP19	ENSG00000162999	target
SGCB	ENSG00000163069	target
SGPP2	ENSG00000163082	target
COL6A3	ENSG00000163359	target
SLC15A2	ENSG00000163406	target
EOMES	ENSG00000163508	target
TIPARP	ENSG00000163659	target
APBB2	ENSG00000163697	target
ZMYM6	ENSG00000163867	target
UBXN7	ENSG00000163960	target
PIGX	ENSG00000163964	target
ZNF589	ENSG00000164048	target
MAD2L1	ENSG00000164109	target
STARD4	ENSG00000164211	target
WDR41	ENSG00000164253	target
CASP3	ENSG00000164305	target
SFXN1	ENSG00000164466	target
GALNT10	ENSG00000164574	target
RELL2	ENSG00000164620	target
SYTL3	ENSG00000164674	target
FABP5	ENSG00000164687	target
TAGAP	ENSG00000164691	target
FZD6	ENSG00000164930	target
SLC25A32	ENSG00000164933	target
FAM219A	ENSG00000164970	target
KDM1B	ENSG00000165097	target
DYNLT3	ENSG00000165169	target
STOML2	ENSG00000165283	target
HECTD2	ENSG00000165338	target
FBXO33	ENSG00000165355	target
MICU2	ENSG00000165487	target
DDIAS	ENSG00000165490	target
STK32C	ENSG00000165752	target
NSMF	ENSG00000165802	target
SMCO4	ENSG00000166002	target
TCP11L2	ENSG00000166046	target
HIF1AN	ENSG00000166135	target
IFTAP	ENSG00000166352	target
IDH3A	ENSG00000166411	target
TRIM66	ENSG00000166436	target
SAAL1	ENSG00000166788	target
NAB2	ENSG00000166886	target
SMAD3	ENSG00000166949	target
C15orf39	ENSG00000167173	target
TBC1D2B	ENSG00000167202	target
NOD2	ENSG00000167207	target
SNX20	ENSG00000167208	target
GPX4	ENSG00000167468	target
LAIR1	ENSG00000167613	target
VWCE	ENSG00000167992	target
POLR2G	ENSG00000168002	target
RBPJ	ENSG00000168214	target
STIP1	ENSG00000168439	target
SNTB2	ENSG00000168807	target
TNIP2	ENSG00000168884	target
THBS3	ENSG00000169231	target
SLC50A1	ENSG00000169241	target
B3GALNT1	ENSG00000169255	target
SCN9A	ENSG00000169432	target
ZEB2	ENSG00000169554	target
AGPAT2	ENSG00000169692	target
ASPSCR1	ENSG00000169696	target
SYAP1	ENSG00000169895	target
IFFO2	ENSG00000169991	target
TMEM154	ENSG00000170006	target
GABARAP	ENSG00000170296	target
STAT2	ENSG00000170581	target
HSPA4	ENSG00000170606	target
FOXN2	ENSG00000170802	target
S1PR1	ENSG00000170989	target
NPTX1	ENSG00000171246	target
RCAN2	ENSG00000172348	target
HCFC1	ENSG00000172534	target
SLFN11	ENSG00000172716	target
CYP7B1	ENSG00000172817	target
LRRN3	ENSG00000173114	target
RAPH1	ENSG00000173166	target
VANGL1	ENSG00000173218	target
NAA20	ENSG00000173418	target
EHBP1L1	ENSG00000173442	target
PSMD1	ENSG00000173692	target
CD7	ENSG00000173762	target
PHLDA3	ENSG00000174307	target
SLC16A13	ENSG00000174327	target
ATP2A2	ENSG00000174437	target
GPR171	ENSG00000174946	target
CTBP2	ENSG00000175029	target
YPEL2	ENSG00000175155	target
NRIP3	ENSG00000175352	target
UCP2	ENSG00000175567	target
TUBB6	ENSG00000176014	target
JAKMIP2	ENSG00000176049	target
MYO1D	ENSG00000176658	target
METRNL	ENSG00000176845	target
GCNT4	ENSG00000176928	target
RHOG	ENSG00000177105	target
PUS1	ENSG00000177192	target
HIC1	ENSG00000177374	target
ANXA2R	ENSG00000177721	target
SVBP	ENSG00000177868	target
PARD6G	ENSG00000178184	target
SAMD4B	ENSG00000179134	target
GIMAP7	ENSG00000179144	target
PLD6	ENSG00000179598	target
DCTPP1	ENSG00000179958	target
EXOC3	ENSG00000180104	target
PCGF5	ENSG00000180628	target
SHISA2	ENSG00000180730	target
PHLDA2	ENSG00000181649	target
RELL1	ENSG00000181826	target
ZNF329	ENSG00000181894	target
TDRKH	ENSG00000182134	target
CREB3L2	ENSG00000182158	target
UBE2E2	ENSG00000182247	target
FES	ENSG00000182511	target
TTC3	ENSG00000182670	target
LCK	ENSG00000182866	target
FHL3	ENSG00000183386	target
SF3A3	ENSG00000183431	target
UBE2F	ENSG00000184182	target
CMSS1	ENSG00000184220	target
MAML2	ENSG00000184384	target
PTP4A3	ENSG00000184489	target
STING1	ENSG00000184584	target
SEPTIN9	ENSG00000184640	target
APOBR	ENSG00000184730	target
NDUFA12	ENSG00000184752	target
RBM43	ENSG00000184898	target
IRF7	ENSG00000185507	target
KCNQ5	ENSG00000185760	target
C16orf54	ENSG00000185905	target
ZNRF1	ENSG00000186187	target
BTLA	ENSG00000186265	target
RXRA	ENSG00000186350	target
HYAL3	ENSG00000186792	target
SESTD1	ENSG00000187231	target
ARL4C	ENSG00000188042	target
ZC3H6	ENSG00000188177	target
PRKAR1B	ENSG00000188191	target
SBK1	ENSG00000188322	target
RALGAPA2	ENSG00000188559	target
PNRC2	ENSG00000189266	target
FHIT	ENSG00000189283	target
BLOC1S2	ENSG00000196072	target
EVL	ENSG00000196405	target
NCOR2	ENSG00000196498	target
MAN2A2	ENSG00000196547	target
TCF4	ENSG00000196628	target
ARID5A	ENSG00000196843	target
KIAA1671	ENSG00000197077	target
SYNGAP1	ENSG00000197283	target
DPP4	ENSG00000197635	target
NMB	ENSG00000197696	target
ATAD3A	ENSG00000197785	target
MYO1C	ENSG00000197879	target
FCHSD1	ENSG00000197948	target
MAK16	ENSG00000198042	target
HIBCH	ENSG00000198130	target
STYX	ENSG00000198252	target
LTN1	ENSG00000198862	target
TOP1	ENSG00000198900	target
TBKBP1	ENSG00000198933	target
CCDC167	ENSG00000198937	target
DMD	ENSG00000198947	target
OXLD1	ENSG00000204237	target
LAYN	ENSG00000204381	target
NFKBIL1	ENSG00000204498	target
TRIQK	ENSG00000205133	target
ADGRG1	ENSG00000205336	target
ANKRD28	ENSG00000206560	target
NRAS	ENSG00000213281	target
LBH	ENSG00000213626	target
DDAH2	ENSG00000213722	target
TAX1BP3	ENSG00000213977	target
LYRM4	ENSG00000214113	target
HMSD	ENSG00000221887	target
C2CD4D	ENSG00000225556	target
ERCC6	ENSG00000225830	target
LTA	ENSG00000226979	target
TAPBP	ENSG00000231925	target
CDKN2AIPNL	ENSG00000237190	target
TMEM250	ENSG00000238227	target
CDRT4	ENSG00000239704	target
PLEKHO2	ENSG00000241839	target
ARFGAP3	ENSG00000242247	target
STMP1	ENSG00000243317	target
CCDC71L	ENSG00000253276	target
ATXN7L3B	ENSG00000253719	target
SMIM3	ENSG00000256235	target
TUBB3	ENSG00000258947	target
SRXN1	ENSG00000271303	target
EPOP	ENSG00000273604	target
SPOCK2	ENSG00000107742	target
VDR	ENSG00000111424	target
EEF1B2	ENSG00000114942	target
TUBA4A	ENSG00000127824	target
MICAL2	ENSG00000133816	target
SELL	ENSG00000188404	target
NME2	ENSG00000243678	target
ANK1	ENSG00000029534	target
SNTA1	ENSG00000101400	target
NCS1	ENSG00000107130	target
B3GAT1	ENSG00000109956	target
MTERF2	ENSG00000120832	target
RBM38	ENSG00000132819	target
SARAF	ENSG00000133872	target
AK3	ENSG00000147853	target
PROK2	ENSG00000163421	target
GPR27	ENSG00000170837	target
DHCR7	ENSG00000172893	target
CD151	ENSG00000177697	target
CDC42BPB	ENSG00000198752	target
TTC17	ENSG00000052841	target
PHGDH	ENSG00000092621	target
UGDH	ENSG00000109814	target
VEGFA	ENSG00000112715	target
SERP1	ENSG00000120742	target
PRKCSH	ENSG00000130175	target
TM6SF1	ENSG00000136404	target
DYM	ENSG00000141627	target
MANF	ENSG00000145050	target
HYOU1	ENSG00000149428	target
HSP90B1	ENSG00000166598	target
SLC3A2	ENSG00000168003	target
LMAN2	ENSG00000169223	target
OSTC	ENSG00000198856	target
CCPG1	ENSG00000260916	target
LAMP2	ENSG00000005893	target
CCNI	ENSG00000118816	target
ALG8	ENSG00000159063	target
LRRC8C	ENSG00000171488	target
DRAP1	ENSG00000175550	target
CRELD2	ENSG00000184164	target
CELF2	ENSG00000048740	target
ATP2B4	ENSG00000058668	target
NEO1	ENSG00000067141	target
ABCB1	ENSG00000085563	target
ZNF516	ENSG00000101493	target
WDR59	ENSG00000103091	target
DENND3	ENSG00000105339	target
BMAL1	ENSG00000133794	target
RORC	ENSG00000143365	target
FAM50B	ENSG00000145945	target
PPP1R21	ENSG00000162869	target
PRKCE	ENSG00000171132	target
CADM1	ENSG00000182985	target
ALKBH2	ENSG00000189046	target
SCART1	ENSG00000214279	target
MRE11	ENSG00000020922	target
PSMA4	ENSG00000041357	target
PHPT1	ENSG00000054148	target
ARHGEF1	ENSG00000076928	target
SESN1	ENSG00000080546	target
BAX	ENSG00000087088	target
ADA2	ENSG00000093072	target
HSP90AB1	ENSG00000096384	target
LIG1	ENSG00000105486	target
BCCIP	ENSG00000107949	target
CYTH1	ENSG00000108669	target
PRKAB1	ENSG00000111725	target
TMEM30A	ENSG00000112697	target
ATP6V0E1	ENSG00000113732	target
CD2	ENSG00000116824	target
GOT1	ENSG00000120053	target
NCOA3	ENSG00000124151	target
EVI2A	ENSG00000126860	target
DUT	ENSG00000128951	target
VPS13C	ENSG00000129003	target
SLC43A3	ENSG00000134802	target
MDM2	ENSG00000135679	target
BZW2	ENSG00000136261	target
ATIC	ENSG00000138363	target
SLC7A1	ENSG00000139514	target
UCK2	ENSG00000143179	target
LYST	ENSG00000143669	target
HSPD1	ENSG00000144381	target
ARL6IP5	ENSG00000144746	target
MMS22L	ENSG00000146263	target
CCT6A	ENSG00000146731	target
CCT5	ENSG00000150753	target
NMT2	ENSG00000152465	target
TNFAIP8L2	ENSG00000163154	target
C4orf3	ENSG00000164096	target
GHITM	ENSG00000165678	target
CENPN	ENSG00000166451	target
CD3D	ENSG00000167286	target
ANKRD49	ENSG00000168876	target
DUS1L	ENSG00000169718	target
PA2G4	ENSG00000170515	target
ZMAT3	ENSG00000172667	target
TUFM	ENSG00000178952	target
CYC1	ENSG00000179091	target
RAD23A	ENSG00000179262	target
ATP6AP2	ENSG00000182220	target
PSMG1	ENSG00000183527	target
CD3E	ENSG00000198851	target
MZT1	ENSG00000204899	target
IRF9	ENSG00000213928	target
OSGEP	ENSG00000092094	target
CCNB1IP1	ENSG00000100814	target
APEX1	ENSG00000100823	target
BAG1	ENSG00000107262	target
ENY2	ENSG00000120533	target
EIF3H	ENSG00000147677	target
PIP4P1	ENSG00000165782	target
ATP5ME	ENSG00000169020	target
BET1L	ENSG00000177951	target
ZFAND2A	ENSG00000178381	target
PNP	ENSG00000198805	target
SNHG32	ENSG00000204387	target
NDUFAB1	ENSG00000004779	target
RPAP3	ENSG00000005175	target
CLK1	ENSG00000013441	target
TACC3	ENSG00000013810	target
TOMM34	ENSG00000025772	target
FUT8	ENSG00000033170	target
VAMP3	ENSG00000049245	target
KCNQ1	ENSG00000053918	target
MCOLN3	ENSG00000055732	target
WAPL	ENSG00000062650	target
LPAR2	ENSG00000064547	target
GNAI3	ENSG00000065135	target
WDR18	ENSG00000065268	target
SLK	ENSG00000065613	target
MTHFD2	ENSG00000065911	target
YBX1	ENSG00000065978	target
INPP5A	ENSG00000068383	target
FTSJ1	ENSG00000068438	target
EIF2B3	ENSG00000070785	target
BUD23	ENSG00000071462	target
TRIB2	ENSG00000071575	target
AP1M1	ENSG00000072958	target
NUP37	ENSG00000075188	target
MLH1	ENSG00000076242	target
TOP2B	ENSG00000077097	target
SNRPA	ENSG00000077312	target
LRCH4	ENSG00000077454	target
MKNK1	ENSG00000079277	target
STK17B	ENSG00000081320	target
IFT25	ENSG00000081870	target
FYB1	ENSG00000082074	target
CHMP2B	ENSG00000083937	target
OGFOD1	ENSG00000087263	target
PTPN4	ENSG00000088179	target
FXYD5	ENSG00000089327	target
NECAP1	ENSG00000089818	target
FLT3LG	ENSG00000090554	target
USP48	ENSG00000090686	target
GLG1	ENSG00000090863	target
DLD	ENSG00000091140	target
FBXL19	ENSG00000099364	target
YPEL1	ENSG00000100027	target
SUN2	ENSG00000100242	target
IL2RB	ENSG00000100385	target
DESI1	ENSG00000100418	target
EIF5	ENSG00000100664	target
DNTTIP1	ENSG00000101457	target
USP14	ENSG00000101557	target
TBL1X	ENSG00000101849	target
PGK1	ENSG00000102144	target
USP10	ENSG00000103194	target
RBL2	ENSG00000103479	target
SNX16	ENSG00000104497	target
MAN2B1	ENSG00000104774	target
HNRNPL	ENSG00000104824	target
IL27RA	ENSG00000104998	target
ASF1B	ENSG00000105011	target
PDCD5	ENSG00000105185	target
PBX4	ENSG00000105717	target
DNAJC2	ENSG00000105821	target
TAX1BP1	ENSG00000106052	target
GARS1	ENSG00000106105	target
BUD31	ENSG00000106245	target
GIMAP2	ENSG00000106560	target
TNFSF8	ENSG00000106952	target
ICAM2	ENSG00000108622	target
CHIC2	ENSG00000109220	target
NFKB1	ENSG00000109320	target
CTSC	ENSG00000109861	target
STK38	ENSG00000112079	target
CD83	ENSG00000112149	target
PPP2R5D	ENSG00000112640	target
TTK	ENSG00000112742	target
HSPA9	ENSG00000113013	target
CERT1	ENSG00000113163	target
LMNB1	ENSG00000113368	target
MACROH2A1	ENSG00000113648	target
TFDP2	ENSG00000114126	target
KAT2B	ENSG00000114166	target
TFG	ENSG00000114354	target
PSMD14	ENSG00000115233	target
POLE4	ENSG00000115350	target
PDCL3	ENSG00000115539	target
HDAC1	ENSG00000116478	target
ADPRS	ENSG00000116863	target
C1orf109	ENSG00000116922	target
UAP1	ENSG00000117143	target
NDUFB3	ENSG00000119013	target
CPSF3	ENSG00000119203	target
NEK6	ENSG00000119408	target
ALG2	ENSG00000119523	target
CENPL	ENSG00000120334	target
SLC10A7	ENSG00000120519	target
NUDCD1	ENSG00000120526	target
CDK2	ENSG00000123374	target
PTGIS	ENSG00000124212	target
KLHDC3	ENSG00000124702	target
BBS2	ENSG00000125124	target
MT2A	ENSG00000125148	target
TMTC4	ENSG00000125247	target
GPCPD1	ENSG00000125772	target
DTD1	ENSG00000125821	target
TBC1D20	ENSG00000125875	target
MCM8	ENSG00000125885	target
EIF2S2	ENSG00000125977	target
PRDX5	ENSG00000126432	target
PRMT1	ENSG00000126457	target
TRAP1	ENSG00000126602	target
HELB	ENSG00000127311	target
SRD5A3	ENSG00000128039	target
PPAT	ENSG00000128059	target
YWHAH	ENSG00000128245	target
RAC2	ENSG00000128340	target
EGLN3	ENSG00000129521	target
METTL26	ENSG00000130731	target
EMC8	ENSG00000131148	target
UBE2D2	ENSG00000131508	target
PDHA1	ENSG00000131828	target
UBE2G1	ENSG00000132388	target
FIGNL1	ENSG00000132436	target
MED10	ENSG00000133398	target
GIMAP4	ENSG00000133574	target
BTG1	ENSG00000133639	target
TMEM106C	ENSG00000134291	target
IL2RA	ENSG00000134460	target
GNL2	ENSG00000134697	target
RNFT2	ENSG00000135119	target
PRR5L	ENSG00000135362	target
SMYD5	ENSG00000135632	target
DOCK10	ENSG00000135905	target
EIF4E2	ENSG00000135930	target
WASHC4	ENSG00000136051	target
BORA	ENSG00000136122	target
NUDT15	ENSG00000136159	target
NMT1	ENSG00000136448	target
SLC31A1	ENSG00000136868	target
USP20	ENSG00000136878	target
GOLGA1	ENSG00000136935	target
PLAA	ENSG00000137055	target
SORL1	ENSG00000137642	target
DCUN1D5	ENSG00000137692	target
RAB1A	ENSG00000138069	target
PREB	ENSG00000138073	target
ANXA7	ENSG00000138279	target
STAT4	ENSG00000138378	target
GSTCD	ENSG00000138780	target
ETV6	ENSG00000139083	target
MARCHF9	ENSG00000139266	target
BRCA2	ENSG00000139618	target
MAP1LC3B	ENSG00000140941	target
RNF157	ENSG00000141576	target
ITGB3BP	ENSG00000142856	target
CD53	ENSG00000143119	target
TIPRL	ENSG00000143155	target
PIP5K1A	ENSG00000143398	target
POGZ	ENSG00000143442	target
ILF2	ENSG00000143621	target
GALM	ENSG00000143891	target
RETREG2	ENSG00000144567	target
GMPPA	ENSG00000144591	target
RABL3	ENSG00000144840	target
ZCCHC7	ENSG00000147905	target
ADD3	ENSG00000148700	target
SSRP1	ENSG00000149136	target
DSN1	ENSG00000149636	target
CWC15	ENSG00000150316	target
MIA2	ENSG00000150527	target
NCAPD3	ENSG00000151503	target
TIAL1	ENSG00000151923	target
JMY	ENSG00000152409	target
PELO	ENSG00000152684	target
HNRNPDL	ENSG00000152795	target
SMARCA5	ENSG00000153147	target
LPCAT1	ENSG00000153395	target
CMIP	ENSG00000153815	target
CEBPG	ENSG00000153879	target
RETREG1	ENSG00000154153	target
SKA1	ENSG00000154839	target
ACSS1	ENSG00000154930	target
TMEM237	ENSG00000155755	target
LSM11	ENSG00000155858	target
MCU	ENSG00000156026	target
CCT8	ENSG00000156261	target
SSBP3	ENSG00000157216	target
ABHD3	ENSG00000158201	target
PINK1	ENSG00000158828	target
MIS18A	ENSG00000159055	target
CBR3	ENSG00000159231	target
ATP13A2	ENSG00000159363	target
EFCAB14	ENSG00000159658	target
MIX23	ENSG00000160124	target
RECQL4	ENSG00000160957	target
PSMC2	ENSG00000161057	target
CTSS	ENSG00000163131	target
ARHGAP25	ENSG00000163219	target
PBXIP1	ENSG00000163346	target
EIF4E3	ENSG00000163412	target
ANKZF1	ENSG00000163516	target
SUCLG1	ENSG00000163541	target
THOC7	ENSG00000163634	target
RPN1	ENSG00000163902	target
NAA15	ENSG00000164134	target
MID1IP1	ENSG00000165175	target
MARCHF8	ENSG00000165406	target
SUGT1	ENSG00000165416	target
TPP1	ENSG00000166340	target
STX3	ENSG00000166900	target
YWHAB	ENSG00000166913	target
NUDT21	ENSG00000167005	target
TRAPPC9	ENSG00000167632	target
CHAF1A	ENSG00000167670	target
CDK2AP2	ENSG00000167797	target
MLST8	ENSG00000167965	target
COA6	ENSG00000168275	target
ZBTB49	ENSG00000168826	target
XPO6	ENSG00000169180	target
PGM2	ENSG00000169299	target
CD52	ENSG00000169442	target
HINT1	ENSG00000169567	target
TMEM42	ENSG00000169964	target
YWHAG	ENSG00000170027	target
ELOVL6	ENSG00000170522	target
NUDCD2	ENSG00000170584	target
SCAND1	ENSG00000171222	target
PIK3CD	ENSG00000171608	target
BCL2	ENSG00000171791	target
PWWP2B	ENSG00000171813	target
PTEN	ENSG00000171862	target
THOP1	ENSG00000172009	target
ABCD2	ENSG00000173208	target
AGFG1	ENSG00000173744	target
NET1	ENSG00000173848	target
KCMF1	ENSG00000176407	target
TMEM80	ENSG00000177042	target
NECTIN3	ENSG00000177707	target
ZNF354C	ENSG00000177932	target
ZHX2	ENSG00000178764	target
CLK3	ENSG00000179335	target
KLHL28	ENSG00000179454	target
ZBTB18	ENSG00000179456	target
HIGD1A	ENSG00000181061	target
DDX60L	ENSG00000181381	target
SHMT2	ENSG00000182199	target
IGIP	ENSG00000182700	target
EWSR1	ENSG00000182944	target
CNOT10	ENSG00000182973	target
PYCR1	ENSG00000183010	target
CAMK1D	ENSG00000183049	target
DAZAP2	ENSG00000183283	target
XPOT	ENSG00000184575	target
FMNL1	ENSG00000184922	target
IFITM2	ENSG00000185201	target
UBE2L3	ENSG00000185651	target
SNAI3	ENSG00000185669	target
ANKFY1	ENSG00000185722	target
EVI2B	ENSG00000185862	target
INSIG1	ENSG00000186480	target
ARHGAP30	ENSG00000186517	target
PARVB	ENSG00000188677	target
SMIM15	ENSG00000188725	target
C15orf61	ENSG00000189227	target
AKR1C3	ENSG00000196139	target
SLC39A10	ENSG00000196950	target
MIER1	ENSG00000198160	target
ZNF652	ENSG00000198740	target
SFT2D1	ENSG00000198818	target
R3HDM4	ENSG00000198858	target
COX20	ENSG00000203667	target
VARS1	ENSG00000204394	target
PRR3	ENSG00000204576	target
TECPR1	ENSG00000205356	target
VDAC1	ENSG00000213585	target
HEXA	ENSG00000213614	target
AP1G2	ENSG00000213983	target
TTLL3	ENSG00000214021	target
RNASEK	ENSG00000219200	target
PPP2R2A	ENSG00000221914	target
LTB	ENSG00000227507	target
PPIL3	ENSG00000240344	target
AP5Z1	ENSG00000242802	target
NDUFA7	ENSG00000267855	target
SYNRG	ENSG00000275066	target
ACACA	ENSG00000278540	target
H3C10	ENSG00000278828	target
CD40LG	ENSG00000102245	target
ARID1A	ENSG00000117713	target
CYB5R4	ENSG00000065615	target
AACS	ENSG00000081760	target
SMAP2	ENSG00000084070	target
PIR	ENSG00000087842	target
DOK5	ENSG00000101134	target
BEX4	ENSG00000102409	target
HDDC2	ENSG00000111906	target
GPD2	ENSG00000115159	target
LANCL1	ENSG00000115365	target
ASL	ENSG00000126522	target
ZC4H2	ENSG00000126970	target
EEFSEC	ENSG00000132394	target
BIVM	ENSG00000134897	target
MYOF	ENSG00000138119	target
KLRG1	ENSG00000139187	target
TNFRSF11A	ENSG00000141655	target
PDE6D	ENSG00000156973	target
CD200R1	ENSG00000163606	target
ITGA2	ENSG00000164171	target
CGAS	ENSG00000164430	target
PRDX2	ENSG00000167815	target
CHCHD7	ENSG00000170791	target
ZNF619	ENSG00000177873	target
TCEAL8	ENSG00000180964	target
SDR42E1	ENSG00000184860	target
ARL15	ENSG00000185305	target
ARID2	ENSG00000189079	target
KIAA0408	ENSG00000189367	target
SPATS2L	ENSG00000196141	target
MAP3K5	ENSG00000197442	target
SOGA3	ENSG00000214338	target
LYN	ENSG00000254087	target
HOXB7	ENSG00000260027	target
ARHGAP31	ENSG00000031081	target
COL9A2	ENSG00000049089	target
P2RY10	ENSG00000078589	target
EBF4	ENSG00000088881	target
YPEL3	ENSG00000090238	target
TIMM13	ENSG00000099800	target
HMOX1	ENSG00000100292	target
PCNX1	ENSG00000100731	target
ATP8B4	ENSG00000104043	target
PPFIBP1	ENSG00000110841	target
AAK1	ENSG00000115977	target
ARHGEF2	ENSG00000116584	target
CTSD	ENSG00000117984	target
FASTKD2	ENSG00000118246	target
SHLD2	ENSG00000122376	target
SLC35E1	ENSG00000127526	target
RFTN1	ENSG00000131378	target
SLC6A6	ENSG00000131389	target
NARS1	ENSG00000134440	target
DOCK2	ENSG00000134516	target
PSAT1	ENSG00000135069	target
CD63	ENSG00000135404	target
AHI1	ENSG00000135541	target
CHST12	ENSG00000136213	target
PPCDC	ENSG00000138621	target
CARM1	ENSG00000142453	target
DUSP10	ENSG00000143507	target
TMEM44	ENSG00000145014	target
SSBP2	ENSG00000145687	target
TNIP1	ENSG00000145901	target
DOCK5	ENSG00000147459	target
SEC16A	ENSG00000148396	target
MSI2	ENSG00000153944	target
SLC37A3	ENSG00000157800	target
FCER1G	ENSG00000158869	target
AMFR	ENSG00000159461	target
ARIH1	ENSG00000166233	target
PTPN9	ENSG00000169410	target
ZNF282	ENSG00000170265	target
ZDHHC14	ENSG00000175048	target
EIF3K	ENSG00000178982	target
PRF1	ENSG00000180644	target
TSEN54	ENSG00000182173	target
MAML3	ENSG00000196782	target
APRT	ENSG00000198931	target
SARNP	ENSG00000205323	target
ADSL	ENSG00000239900	target
RANBP3	ENSG00000031823	target
DHPS	ENSG00000095059	target
YJU2	ENSG00000105248	target
TYK2	ENSG00000105397	target
WDR83OS	ENSG00000105583	target
EDF1	ENSG00000107223	target
NDUFS7	ENSG00000115286	target
STK11	ENSG00000118046	target
WDR83	ENSG00000123154	target
CLPP	ENSG00000125656	target
TRAF2	ENSG00000127191	target
PIN1	ENSG00000127445	target
UQCR11	ENSG00000127540	target
ZNF557	ENSG00000130544	target
DCAF15	ENSG00000132017	target
VAV1	ENSG00000141968	target
DPP9	ENSG00000142002	target
ARL5B	ENSG00000165997	target
DAPK3	ENSG00000167657	target
BSG	ENSG00000172270	target
NDUFA11	ENSG00000174886	target
TRAPPC5	ENSG00000181029	target
ZNF708	ENSG00000182141	target
UBL5	ENSG00000198258	target
GET3	ENSG00000198356	target
PET100	ENSG00000229833	target
NSUN6	ENSG00000241058	target
PLXND1	ENSG00000004399	target
IL32	ENSG00000008517	target
HEATR5B	ENSG00000008869	target
RANBP9	ENSG00000010017	target
METTL13	ENSG00000010165	target
FYN	ENSG00000010810	target
HIVEP2	ENSG00000010818	target
ZBTB32	ENSG00000011590	target
CCDC88C	ENSG00000015133	target
ZMYND11	ENSG00000015171	target
RTF2	ENSG00000022277	target
RB1CC1	ENSG00000023287	target
UBR2	ENSG00000024048	target
BMAL2	ENSG00000029153	target
JADE2	ENSG00000043143	target
USP28	ENSG00000048028	target
NEDD4L	ENSG00000049759	target
LIMA1	ENSG00000050405	target
AKR7A2	ENSG00000053371	target
FAM168A	ENSG00000054965	target
PARP12	ENSG00000059378	target
WNK1	ENSG00000060237	target
GPBP1	ENSG00000062194	target
EIF4B	ENSG00000063046	target
GPC1	ENSG00000063660	target
RNF4	ENSG00000063978	target
DGKA	ENSG00000065357	target
ASB1	ENSG00000065802	target
SLC9A7	ENSG00000065923	target
PPP2R5A	ENSG00000066027	target
ELOVL1	ENSG00000066322	target
ISOC1	ENSG00000066583	target
MYO9A	ENSG00000066933	target
TNFRSF1A	ENSG00000067182	target
PKM	ENSG00000067225	target
PDK3	ENSG00000067992	target
PSME4	ENSG00000068878	target
IFT80	ENSG00000068885	target
KCNAB2	ENSG00000069424	target
GNB5	ENSG00000069966	target
HDHD5	ENSG00000069998	target
STK10	ENSG00000072786	target
LLGL2	ENSG00000073350	target
TBX21	ENSG00000073861	target
ARHGAP15	ENSG00000075884	target
SLC25A43	ENSG00000077713	target
PIAS2	ENSG00000078043	target
PIK3C3	ENSG00000078142	target
IGSF9B	ENSG00000080854	target
ZMPSTE24	ENSG00000084073	target
NOA1	ENSG00000084092	target
AKR1B1	ENSG00000085662	target
CPNE3	ENSG00000085719	target
ADD1	ENSG00000087274	target
EDEM2	ENSG00000088298	target
GCN1	ENSG00000089154	target
FUS	ENSG00000089280	target
CDIP1	ENSG00000089486	target
OTUB2	ENSG00000089723	target
ICAM1	ENSG00000090339	target
SLC26A4	ENSG00000091137	target
HDAC6	ENSG00000094631	target
MSH2	ENSG00000095002	target
BRPF3	ENSG00000096070	target
OCEL1	ENSG00000099330	target
HNRNPM	ENSG00000099783	target
RASSF7	ENSG00000099849	target
MED15	ENSG00000099917	target
DDT	ENSG00000099977	target
SLC35E4	ENSG00000100036	target
XBP1	ENSG00000100219	target
JOSD1	ENSG00000100221	target
HMGXB4	ENSG00000100281	target
APOL4	ENSG00000100336	target
APOL1	ENSG00000100342	target
RANGAP1	ENSG00000100401	target
BRD1	ENSG00000100425	target
PIGH	ENSG00000100564	target
ITPK1	ENSG00000100605	target
HIF1A	ENSG00000100644	target
RAB5IF	ENSG00000101084	target
STK4	ENSG00000101109	target
CDC25B	ENSG00000101224	target
CHMP4B	ENSG00000101421	target
PLS3	ENSG00000102024	target
TAFAZZIN	ENSG00000102125	target
HTATSF1	ENSG00000102241	target
DHRS12	ENSG00000102796	target
HSF4	ENSG00000102878	target
NUTF2	ENSG00000102898	target
CMC2	ENSG00000103121	target
BMF	ENSG00000104081	target
FZD3	ENSG00000104290	target
NCALD	ENSG00000104490	target
ERI1	ENSG00000104626	target
BNIP3L	ENSG00000104765	target
ARHGEF18	ENSG00000104880	target
LYL1	ENSG00000104903	target
EBI3	ENSG00000105246	target
BCAT2	ENSG00000105552	target
TMEM147	ENSG00000105677	target
USF2	ENSG00000105698	target
ERF	ENSG00000105722	target
CDK6	ENSG00000105810	target
PIK3CG	ENSG00000105851	target
LFNG	ENSG00000106003	target
BLVRA	ENSG00000106605	target
YKT6	ENSG00000106636	target
KDM4C	ENSG00000107077	target
RGP1	ENSG00000107185	target
LZTS2	ENSG00000107816	target
UBE2S	ENSG00000108106	target
DHX40	ENSG00000108406	target
PFN1	ENSG00000108518	target
RNF167	ENSG00000108523	target
SLC16A6	ENSG00000108932	target
USP46	ENSG00000109189	target
KLHL2	ENSG00000109466	target
KLF3	ENSG00000109787	target
ZBTB16	ENSG00000109906	target
TMEM109	ENSG00000110108	target
IL10RA	ENSG00000110324	target
SLC35F2	ENSG00000110660	target
MDM1	ENSG00000111554	target
ENO2	ENSG00000111674	target
PTPN6	ENSG00000111679	target
ADTRP	ENSG00000111863	target
MAPK14	ENSG00000112062	target
MCM3	ENSG00000112118	target
TREML2	ENSG00000112195	target
SMAP1	ENSG00000112305	target
HECA	ENSG00000112406	target
PHACTR2	ENSG00000112419	target
CLK4	ENSG00000113240	target
ARSB	ENSG00000113273	target
GOLPH3	ENSG00000113384	target
FAM172A	ENSG00000113391	target
ST8SIA4	ENSG00000113532	target
HRH2	ENSG00000113749	target
PFKFB4	ENSG00000114268	target
IFT57	ENSG00000114446	target
HHLA2	ENSG00000114455	target
NKTR	ENSG00000114857	target
CENPA	ENSG00000115163	target
EHBP1	ENSG00000115504	target
TXNDC9	ENSG00000115514	target
KDM3A	ENSG00000115548	target
STK25	ENSG00000115694	target
DARS1	ENSG00000115866	target
WIPF1	ENSG00000115935	target
COX7A2L	ENSG00000115944	target
WDR77	ENSG00000116455	target
SFPQ	ENSG00000116560	target
MEF2D	ENSG00000116604	target
DNAJC6	ENSG00000116675	target
LEPR	ENSG00000116678	target
GADD45A	ENSG00000116717	target
CD58	ENSG00000116815	target
TMEM9	ENSG00000116857	target
SLC2A1	ENSG00000117394	target
CDC20	ENSG00000117399	target
PRDX1	ENSG00000117450	target
TMED5	ENSG00000117500	target
DR1	ENSG00000117505	target
KMT2A	ENSG00000118058	target
HMGN3	ENSG00000118418	target
ANKRD13C	ENSG00000118454	target
FBXO30	ENSG00000118496	target
TNFAIP3	ENSG00000118503	target
MYB	ENSG00000118513	target
MYL12B	ENSG00000118680	target
TGIF2	ENSG00000118707	target
ITGB1BP1	ENSG00000119185	target
PTBP3	ENSG00000119314	target
DENND1A	ENSG00000119522	target
ZNF410	ENSG00000119725	target
PCMT1	ENSG00000120265	target
ACAT2	ENSG00000120437	target
TNFRSF8	ENSG00000120949	target
TNFSF10	ENSG00000121858	target
ACVR2A	ENSG00000121989	target
HVCN1	ENSG00000122986	target
PRDX4	ENSG00000123131	target
ADGRE5	ENSG00000123146	target
NCKAP1L	ENSG00000123338	target
BATF3	ENSG00000123685	target
CKS2	ENSG00000123975	target
VAPB	ENSG00000124164	target
MEA1	ENSG00000124733	target
CDKN1A	ENSG00000124762	target
RUNX2	ENSG00000124813	target
AHNAK	ENSG00000124942	target
RAP2A	ENSG00000125249	target
NDUFA1	ENSG00000125356	target
MBOAT7	ENSG00000125505	target
CD70	ENSG00000125726	target
TNFSF14	ENSG00000125735	target
S1PR4	ENSG00000125910	target
L3HYPDH	ENSG00000126790	target
DYNC2I1	ENSG00000126870	target
YEATS4	ENSG00000127337	target
IDUA	ENSG00000127415	target
FBXL16	ENSG00000127585	target
PAICS	ENSG00000128050	target
STRIP2	ENSG00000128578	target
SERGEF	ENSG00000129158	target
TXNDC17	ENSG00000129235	target
PGLS	ENSG00000130313	target
UBAC1	ENSG00000130560	target
HABP4	ENSG00000130956	target
MGAT1	ENSG00000131446	target
DIAPH1	ENSG00000131504	target
THOC6	ENSG00000131652	target
NPHP4	ENSG00000131697	target
RARA	ENSG00000131759	target
CHSY1	ENSG00000131873	target
PATJ	ENSG00000132849	target
MACROD1	ENSG00000133315	target
GIMAP6	ENSG00000133561	target
ZFC3H1	ENSG00000133858	target
MED6	ENSG00000133997	target
MBD2	ENSG00000134046	target
BHLHE40	ENSG00000134107	target
CDC73	ENSG00000134371	target
CTSL	ENSG00000135047	target
GOLM1	ENSG00000135052	target
FBXO21	ENSG00000135108	target
P2RX4	ENSG00000135124	target
TMEM243	ENSG00000135185	target
SRPK2	ENSG00000135250	target
TES	ENSG00000135269	target
NT5E	ENSG00000135318	target
MICAL1	ENSG00000135596	target
RAB11FIP5	ENSG00000135631	target
FBXL8	ENSG00000135722	target
EGLN1	ENSG00000135766	target
CAB39	ENSG00000135932	target
C2orf49	ENSG00000135974	target
CKAP4	ENSG00000136026	target
FLNB	ENSG00000136068	target
LRCH1	ENSG00000136141	target
ABHD17C	ENSG00000136379	target
TANK	ENSG00000136560	target
SMPD4	ENSG00000136699	target
BIN1	ENSG00000136717	target
HS6ST1	ENSG00000136720	target
ARPC5L	ENSG00000136950	target
MYC	ENSG00000136997	target
SIT1	ENSG00000137078	target
PIM1	ENSG00000137193	target
YIPF3	ENSG00000137207	target
IRF4	ENSG00000137265	target
TCF19	ENSG00000137310	target
IL18BP	ENSG00000137496	target
FDX1	ENSG00000137714	target
PREPL	ENSG00000138078	target
COX17	ENSG00000138495	target
FAM13A	ENSG00000138640	target
SEPTIN11	ENSG00000138758	target
ANXA3	ENSG00000138772	target
SCAF11	ENSG00000139218	target
POC1B	ENSG00000139323	target
TMBIM6	ENSG00000139644	target
PCSK6	ENSG00000140479	target
NCOR1	ENSG00000141027	target
PRPSAP2	ENSG00000141127	target
NPEPPS	ENSG00000141279	target
SKAP1	ENSG00000141293	target
BCAS3	ENSG00000141376	target
NARF	ENSG00000141562	target
WDR45B	ENSG00000141580	target
PGGHG	ENSG00000142102	target
NOSIP	ENSG00000142546	target
CTSK	ENSG00000143387	target
RFX5	ENSG00000143390	target
ANP32E	ENSG00000143401	target
ARNT	ENSG00000143437	target
ITPKB	ENSG00000143772	target
CDC42BPA	ENSG00000143776	target
SLC20A1	ENSG00000144136	target
LNPK	ENSG00000144320	target
PHOSPHO2	ENSG00000144362	target
SPAG16	ENSG00000144451	target
CTDSP1	ENSG00000144579	target
SLC25A26	ENSG00000144741	target
TMF1	ENSG00000144747	target
ABHD10	ENSG00000144827	target
CCNA2	ENSG00000145386	target
SKP2	ENSG00000145604	target
FEM1C	ENSG00000145780	target
FBXO38	ENSG00000145868	target
PHIP	ENSG00000146247	target
SLC18B1	ENSG00000146409	target
ZMYM4	ENSG00000146463	target
PURB	ENSG00000146676	target
ZC3HAV1L	ENSG00000146858	target
SH3KBP1	ENSG00000147010	target
MSN	ENSG00000147065	target
ZMYM3	ENSG00000147130	target
CSGALNACT1	ENSG00000147408	target
POLR2K	ENSG00000147669	target
STOM	ENSG00000148175	target
BTBD10	ENSG00000148925	target
CELF1	ENSG00000149187	target
ENDOD1	ENSG00000149218	target
MTA2	ENSG00000149480	target
MPZL2	ENSG00000149573	target
NUDT22	ENSG00000149761	target
PDCD4	ENSG00000150593	target
CRIM1	ENSG00000150938	target
ITPR1	ENSG00000150995	target
NGLY1	ENSG00000151092	target
FAM177A1	ENSG00000151327	target
TMEM18	ENSG00000151353	target
CYSLTR2	ENSG00000152207	target
PDK1	ENSG00000152256	target
TMEM123	ENSG00000152558	target
GPR180	ENSG00000152749	target
RBMS1	ENSG00000153250	target
ABCA5	ENSG00000154265	target
MIA3	ENSG00000154305	target
BTG3	ENSG00000154640	target
DPH3	ENSG00000154813	target
HEATR3	ENSG00000155393	target
CNOT8	ENSG00000155508	target
WHAMM	ENSG00000156232	target
HK1	ENSG00000156515	target
MYO1E	ENSG00000157483	target
TMEM268	ENSG00000157693	target
WIPI2	ENSG00000157954	target
CUL4B	ENSG00000158290	target
EPB41	ENSG00000159023	target
BTG2	ENSG00000159388	target
ADGRG5	ENSG00000159618	target
ABR	ENSG00000159842	target
PCSK7	ENSG00000160613	target
VPS28	ENSG00000160948	target
MGAT4B	ENSG00000161013	target
FMNL3	ENSG00000161791	target
RAVER1	ENSG00000161847	target
CXCL16	ENSG00000161921	target
UBXN1	ENSG00000162191	target
IGSF8	ENSG00000162729	target
PEA15	ENSG00000162734	target
IER5	ENSG00000162783	target
CFAP36	ENSG00000163001	target
S100A11	ENSG00000163191	target
ANTXR2	ENSG00000163297	target
HIPK1	ENSG00000163349	target
EOGT	ENSG00000163378	target
TRIM46	ENSG00000163462	target
SGO2	ENSG00000163535	target
CTLA4	ENSG00000163599	target
ICOS	ENSG00000163600	target
RYBP	ENSG00000163602	target
SPICE1	ENSG00000163611	target
FYCO1	ENSG00000163820	target
NDUFS4	ENSG00000164258	target
TMEM200A	ENSG00000164484	target
ANKRD55	ENSG00000164512	target
STK17A	ENSG00000164543	target
SAP30L	ENSG00000164576	target
ZNF12	ENSG00000164631	target
CTSB	ENSG00000164733	target
SUN1	ENSG00000164828	target
GPR146	ENSG00000164849	target
INTS8	ENSG00000164941	target
BRWD3	ENSG00000165288	target
REEP3	ENSG00000165476	target
SKA3	ENSG00000165480	target
KLHDC2	ENSG00000165516	target
CCDC186	ENSG00000165813	target
CKB	ENSG00000166165	target
CUL5	ENSG00000166266	target
CDYL2	ENSG00000166446	target
MAPK7	ENSG00000166484	target
BMERB1	ENSG00000166780	target
MTMR10	ENSG00000166912	target
MAPRE2	ENSG00000166974	target
ENDOG	ENSG00000167136	target
FBXO22	ENSG00000167196	target
MIDN	ENSG00000167470	target
WDR81	ENSG00000167716	target
ZNF558	ENSG00000167785	target
PAFAH1B2	ENSG00000168092	target
MAPK1IP1L	ENSG00000168175	target
UBTD2	ENSG00000168246	target
MAP2K1	ENSG00000169032	target
CA5B	ENSG00000169239	target
PCBP1	ENSG00000169564	target
LUZP1	ENSG00000169641	target
CSGALNACT2	ENSG00000169826	target
KLF13	ENSG00000169926	target
ZNF768	ENSG00000169957	target
UBE2E3	ENSG00000170035	target
USP38	ENSG00000170185	target
KIF5B	ENSG00000170759	target
NDUFA3	ENSG00000170906	target
ZNF160	ENSG00000170949	target
XKR6	ENSG00000171044	target
GIMAP8	ENSG00000171115	target
TADA3	ENSG00000171148	target
BBLN	ENSG00000171159	target
PGAM1	ENSG00000171314	target
PPID	ENSG00000171497	target
CAMTA1	ENSG00000171735	target
QARS1	ENSG00000172053	target
MOB3A	ENSG00000172081	target
MALT1	ENSG00000172175	target
CERS6	ENSG00000172292	target
SUCLG2	ENSG00000172340	target
C2CD2L	ENSG00000172375	target
PDP2	ENSG00000172840	target
OXSR1	ENSG00000172939	target
GRK2	ENSG00000173020	target
COMMD1	ENSG00000173163	target
CKS1B	ENSG00000173207	target
ZBTB21	ENSG00000173276	target
TRIB1	ENSG00000173334	target
VEGFB	ENSG00000173511	target
HEG1	ENSG00000173706	target
ENDOV	ENSG00000173818	target
PLK3	ENSG00000173846	target
GOLIM4	ENSG00000173905	target
RBM4B	ENSG00000173914	target
SLCO4C1	ENSG00000173930	target
AKIRIN1	ENSG00000174574	target
RSRC1	ENSG00000174891	target
SH3BP5L	ENSG00000175137	target
ARL10	ENSG00000175414	target
RAB6A	ENSG00000175582	target
BAIAP2	ENSG00000175866	target
UBE2O	ENSG00000175931	target
RNPEP	ENSG00000176393	target
SGF29	ENSG00000176476	target
FAM89B	ENSG00000176973	target
DPP7	ENSG00000176978	target
KCNA3	ENSG00000177272	target
IRX3	ENSG00000177508	target
HASPIN	ENSG00000177602	target
GRB2	ENSG00000177885	target
ARL6IP6	ENSG00000177917	target
NDUFV2	ENSG00000178127	target
DTX3	ENSG00000178498	target
MPI	ENSG00000178802	target
ZNF664	ENSG00000179195	target
FUT7	ENSG00000180549	target
AEN	ENSG00000181026	target
METTL23	ENSG00000181038	target
TMEM102	ENSG00000181284	target
ZBTB2	ENSG00000181472	target
MEX3D	ENSG00000181588	target
DIPK2A	ENSG00000181744	target
RFX7	ENSG00000181827	target
C5orf24	ENSG00000181904	target
NOP10	ENSG00000182117	target
ERCC6L2	ENSG00000182150	target
TRAPPC6B	ENSG00000182400	target
ADI1	ENSG00000182551	target
HOXB4	ENSG00000182742	target
BCOR	ENSG00000183337	target
HMCES	ENSG00000183624	target
CCR4	ENSG00000183813	target
KMT5A	ENSG00000183955	target
SMTN	ENSG00000183963	target
ANO9	ENSG00000185101	target
SOCS1	ENSG00000185338	target
ATP6V0A2	ENSG00000185344	target
GPRIN3	ENSG00000185477	target
BLOC1S4	ENSG00000186222	target
ANKRD37	ENSG00000186352	target
GNG2	ENSG00000186469	target
C17orf58	ENSG00000186665	target
ZNF546	ENSG00000187187	target
GCNT1	ENSG00000187210	target
RTL6	ENSG00000188636	target
ZNF292	ENSG00000188994	target
TDRD7	ENSG00000196116	target
STK40	ENSG00000196182	target
TMEM63A	ENSG00000196187	target
GIMAP5	ENSG00000196329	target
NTNG2	ENSG00000196358	target
PTPN1	ENSG00000196396	target
PRPF40A	ENSG00000196504	target
GDAP2	ENSG00000196505	target
PLXNB2	ENSG00000196576	target
ZNF33B	ENSG00000196693	target
ADA	ENSG00000196839	target
TRIM33	ENSG00000197323	target
ZNF655	ENSG00000197343	target
ZNF841	ENSG00000197608	target
H4C16	ENSG00000197837	target
SPRED2	ENSG00000198369	target
LRBA	ENSG00000198589	target
CCDC69	ENSG00000198624	target
SKIC3	ENSG00000198677	target
MSRB1	ENSG00000198736	target
RCSD1	ENSG00000198771	target
TOX	ENSG00000198846	target
TRAF3IP1	ENSG00000204104	target
PHACTR4	ENSG00000204138	target
ZDBF2	ENSG00000204186	target
ZNF805	ENSG00000204524	target
E2F4	ENSG00000205250	target
PDE7A	ENSG00000205268	target
HMGN1	ENSG00000205581	target
LIN52	ENSG00000205659	target
SELENOH	ENSG00000211450	target
SYNJ2BP	ENSG00000213463	target
PPP1CB	ENSG00000213639	target
CPNE1	ENSG00000214078	target
FIS1	ENSG00000214253	target
CKLF	ENSG00000217555	target
BRD3OS	ENSG00000235106	target
PPP1R3E	ENSG00000235194	target
WBP1	ENSG00000239779	target
PSMB9	ENSG00000240065	target
SMKR1	ENSG00000240204	target
RDH14	ENSG00000240857	target
MIF	ENSG00000240972	target
APOBEC3C	ENSG00000244509	target
BCKDHA	ENSG00000248098	target
PDCD6	ENSG00000249915	target
PRKDC	ENSG00000253729	target
CHMP1B	ENSG00000255112	target
GALNT4	ENSG00000257594	target
GTF2I	ENSG00000263001	target
IKBKE	ENSG00000263528	target
NCOA4	ENSG00000266412	target
LIX1L	ENSG00000271601	target
MYO19	ENSG00000278259	target
RRAGD	ENSG00000025039	target
MSMO1	ENSG00000052802	target
WIPI1	ENSG00000070540	target
CYTH4	ENSG00000100055	target
EIF3J	ENSG00000104131	target
EPHB6	ENSG00000106123	target
ALDOC	ENSG00000109107	target
ESYT2	ENSG00000117868	target
CDKN2D	ENSG00000129355	target
NINJ1	ENSG00000131669	target
FADS2	ENSG00000134824	target
CEMIP2	ENSG00000135048	target
IER3	ENSG00000137331	target
MBOAT2	ENSG00000143797	target
FADS1	ENSG00000149485	target
FBXO32	ENSG00000156804	target
ZYX	ENSG00000159840	target
ARPC2	ENSG00000163466	target
CDCP1	ENSG00000163814	target
RNF168	ENSG00000163961	target
SYNE3	ENSG00000176438	target
MAPK11	ENSG00000185386	target
GOLGA8B	ENSG00000215252	target
VMP1	ENSG00000062716	target
SMC1A	ENSG00000072501	target
HTATIP2	ENSG00000109854	target
ARPC3	ENSG00000111229	target
CYTIP	ENSG00000115165	target
VKORC1	ENSG00000167397	target
SERTAD2	ENSG00000179833	target
H1-10	ENSG00000184897	target
H1-0	ENSG00000189060	target
PSAP	ENSG00000197746	target
ERO1A	ENSG00000197930	target
MDM4	ENSG00000198625	target
ZNF358	ENSG00000198816	target
CFH	ENSG00000000971	target
ENPP4	ENSG00000001561	target
MAD1L1	ENSG00000002822	target
KLHL13	ENSG00000003096	target
SKAP2	ENSG00000005020	target
ATOSB	ENSG00000005238	target
GCFC2	ENSG00000005436	target
MYCBP2	ENSG00000005810	target
ITGA3	ENSG00000005884	target
GDE1	ENSG00000006007	target
PHTF2	ENSG00000006576	target
GGCT	ENSG00000006625	target
MATK	ENSG00000007264	target
CRAMP1	ENSG00000007545	target
MYLIP	ENSG00000007944	target
ADAM22	ENSG00000008277	target
CYB561	ENSG00000008283	target
MGST1	ENSG00000008394	target
ST3GAL1	ENSG00000008513	target
VTA1	ENSG00000009844	target
DYRK4	ENSG00000010219	target
STARD3NL	ENSG00000010270	target
CD9	ENSG00000010278	target
IDS	ENSG00000010404	target
PLAUR	ENSG00000011422	target
EHD3	ENSG00000013016	target
CD6	ENSG00000013725	target
CAPN1	ENSG00000014216	target
NUDCD3	ENSG00000015676	target
WWTR1	ENSG00000018408	target
AGPS	ENSG00000018510	target
CD74	ENSG00000019582	target
RUNX3	ENSG00000020633	target
PLEKHB1	ENSG00000021300	target
FHL1	ENSG00000022267	target
RNF10	ENSG00000022840	target
GRAMD1B	ENSG00000023171	target
ALAS1	ENSG00000023330	target
BIRC3	ENSG00000023445	target
STRAP	ENSG00000023734	target
CCDC28A	ENSG00000024862	target
CD44	ENSG00000026508	target
VEZT	ENSG00000028203	target
POU2F2	ENSG00000028277	target
SNX1	ENSG00000028528	target
GRN	ENSG00000030582	target
PNPLA6	ENSG00000032444	target
APBA2	ENSG00000034053	target
TMSB10	ENSG00000034510	target
VCL	ENSG00000035403	target
DAPK2	ENSG00000035664	target
NSMAF	ENSG00000035681	target
TIMP2	ENSG00000035862	target
TRIO	ENSG00000038382	target
MTREX	ENSG00000039123	target
STAU2	ENSG00000040341	target
RAB27B	ENSG00000041353	target
TDP1	ENSG00000042088	target
AP2S1	ENSG00000042753	target
TRIT1	ENSG00000043514	target
CTNNA1	ENSG00000044115	target
DSG2	ENSG00000046604	target
ATOSA	ENSG00000047346	target
TPR	ENSG00000047410	target
C12orf4	ENSG00000047621	target
ZNF800	ENSG00000048405	target
H6PD	ENSG00000049239	target
ARHGEF5	ENSG00000050327	target
LETMD1	ENSG00000050426	target
MAPK9	ENSG00000050748	target
HERPUD1	ENSG00000051108	target
MPHOSPH9	ENSG00000051825	target
MCF2L2	ENSG00000053524	target
KIF1B	ENSG00000054523	target
FOXC1	ENSG00000054598	target
RC3H2	ENSG00000056586	target
PPP1R12A	ENSG00000058272	target
YIPF1	ENSG00000058799	target
TBXAS1	ENSG00000059377	target
ALDH18A1	ENSG00000059573	target
YBX3	ENSG00000060138	target
DGAT2	ENSG00000062282	target
ZNF275	ENSG00000063587	target
CASP8	ENSG00000064012	target
ABCA7	ENSG00000064687	target
DDX20	ENSG00000064703	target
BTBD1	ENSG00000064726	target
TBC1D1	ENSG00000065882	target
SMARCD1	ENSG00000066117	target
CD84	ENSG00000066294	target
KIF26A	ENSG00000066735	target
CBFB	ENSG00000067955	target
ACSL4	ENSG00000068366	target
IP6K2	ENSG00000068745	target
BCL3	ENSG00000069399	target
PFN2	ENSG00000070087	target
SLC44A1	ENSG00000070214	target
RNF126	ENSG00000070423	target
ATP2B1	ENSG00000070961	target
ARHGAP10	ENSG00000071205	target
DAZAP1	ENSG00000071626	target
MYO3B	ENSG00000071909	target
SREBF1	ENSG00000072310	target
P4HA2	ENSG00000072682	target
SIDT1	ENSG00000072858	target
PVR	ENSG00000073008	target
ALPK1	ENSG00000073331	target
MGLL	ENSG00000074416	target
ZNF532	ENSG00000074657	target
ENO1	ENSG00000074800	target
TUBE1	ENSG00000074935	target
EXOSC7	ENSG00000075914	target
RBMS2	ENSG00000076067	target
BAZ2A	ENSG00000076108	target
PAG1	ENSG00000076641	target
ICAM3	ENSG00000076662	target
MCAM	ENSG00000076706	target
APBB1IP	ENSG00000077420	target
ACER3	ENSG00000078124	target
NRDC	ENSG00000078618	target
SDF4	ENSG00000078808	target
TP73	ENSG00000078900	target
SENP1	ENSG00000079387	target
FDFT1	ENSG00000079459	target
PAFAH1B3	ENSG00000079462	target
CARMIL1	ENSG00000079691	target
EPB41L2	ENSG00000079819	target
SLC35C2	ENSG00000080189	target
DLGAP4	ENSG00000080845	target
AP4E1	ENSG00000081014	target
CDC14B	ENSG00000081377	target
JMJD4	ENSG00000081692	target
DUSP12	ENSG00000081721	target
STRADB	ENSG00000082146	target
ME2	ENSG00000082212	target
EPB41L3	ENSG00000082397	target
KAT6A	ENSG00000083168	target
TUT7	ENSG00000083223	target
SEH1L	ENSG00000085415	target
MAP3K4	ENSG00000085511	target
DDHD2	ENSG00000085788	target
MGST2	ENSG00000085871	target
SEPHS1	ENSG00000086475	target
ERO1B	ENSG00000086619	target
PGS1	ENSG00000087157	target
LPCAT2	ENSG00000087253	target
L2HGDH	ENSG00000087299	target
ERGIC2	ENSG00000087502	target
ANKRD10	ENSG00000088448	target
CRLS1	ENSG00000088766	target
DNAAF9	ENSG00000088854	target
MAVS	ENSG00000088888	target
XRN2	ENSG00000088930	target
SIRPG	ENSG00000089012	target
KIF16B	ENSG00000089177	target
TRMT6	ENSG00000089195	target
PAPOLA	ENSG00000090060	target
LYZ	ENSG00000090382	target
TFAP4	ENSG00000090447	target
GNPTG	ENSG00000090581	target
PITPNM2	ENSG00000090975	target
OSBPL8	ENSG00000091039	target
MYL6	ENSG00000092841	target
LRRFIP2	ENSG00000093167	target
AAAS	ENSG00000094914	target
NUP188	ENSG00000095319	target
SRPK1	ENSG00000096063	target
IL12RB1	ENSG00000096996	target
CDC7	ENSG00000097046	target
PRTFDC1	ENSG00000099256	target
MAST3	ENSG00000099308	target
HSD3B7	ENSG00000099377	target
MTAP	ENSG00000099810	target
IZUMO4	ENSG00000099840	target
TBC1D10A	ENSG00000099992	target
SH3BP1	ENSG00000100092	target
LGALS1	ENSG00000100097	target
BIK	ENSG00000100290	target
ARSA	ENSG00000100299	target
RBFOX2	ENSG00000100320	target
MYH9	ENSG00000100345	target
KIAA0930	ENSG00000100364	target
NCF4	ENSG00000100365	target
CSF2RB	ENSG00000100368	target
GZMB	ENSG00000100453	target
CGRRF1	ENSG00000100532	target
ATP6V1D	ENSG00000100554	target
TIMM9	ENSG00000100575	target
SIX4	ENSG00000100625	target
CEP128	ENSG00000100629	target
ERH	ENSG00000100632	target
ZFYVE21	ENSG00000100711	target
VRK1	ENSG00000100749	target
PPP4R3A	ENSG00000100796	target
ARHGAP5	ENSG00000100852	target
PCK2	ENSG00000100889	target
REC8	ENSG00000100918	target
GMPR2	ENSG00000100938	target
PLTP	ENSG00000100979	target
CD40	ENSG00000101017	target
ZMYND8	ENSG00000101040	target
NDRG3	ENSG00000101079	target
CTSZ	ENSG00000101160	target
GID8	ENSG00000101193	target
IDH3B	ENSG00000101365	target
CST3	ENSG00000101439	target
PIGU	ENSG00000101464	target
METTL4	ENSG00000101574	target
RBBP8	ENSG00000101773	target
ASB9	ENSG00000102048	target
PQBP1	ENSG00000102103	target
PCSK1N	ENSG00000102109	target
PIN4	ENSG00000102309	target
PARP4	ENSG00000102699	target
KPNA3	ENSG00000102753	target
DGKH	ENSG00000102780	target
KATNAL1	ENSG00000102781	target
MGRN1	ENSG00000102858	target
NUP93	ENSG00000102900	target
NFAT5	ENSG00000102908	target
ARL2BP	ENSG00000102931	target
TANGO6	ENSG00000103047	target
HCFC1R1	ENSG00000103145	target
NPRL3	ENSG00000103148	target
MLYCD	ENSG00000103150	target
NME4	ENSG00000103202	target
UBE2I	ENSG00000103275	target
EARS2	ENSG00000103356	target
GGA2	ENSG00000103365	target
KAT8	ENSG00000103510	target
LACTB	ENSG00000103642	target
CSK	ENSG00000103653	target
CTSH	ENSG00000103811	target
TTC23	ENSG00000103852	target
GABPB1	ENSG00000104064	target
SLC30A4	ENSG00000104154	target
MYEF2	ENSG00000104177	target
CA2	ENSG00000104267	target
NIPAL2	ENSG00000104361	target
IL7	ENSG00000104432	target
CHRAC1	ENSG00000104472	target
INTS10	ENSG00000104613	target
TNFRSF10A	ENSG00000104689	target
ASAH1	ENSG00000104763	target
NUCB1	ENSG00000104805	target
SARS2	ENSG00000104835	target
C19orf53	ENSG00000104979	target
CCDC61	ENSG00000104983	target
FAM32A	ENSG00000105058	target
PLD3	ENSG00000105223	target
CLIP3	ENSG00000105270	target
APLP1	ENSG00000105290	target
PLIN3	ENSG00000105355	target
CD33	ENSG00000105383	target
NAPA	ENSG00000105402	target
TFPT	ENSG00000105619	target
ISYNA1	ENSG00000105655	target
LSR	ENSG00000105699	target
KXD1	ENSG00000105700	target
PON2	ENSG00000105854	target
OGDH	ENSG00000105953	target
AIMP2	ENSG00000106305	target
RHEB	ENSG00000106615	target
CLIP2	ENSG00000106665	target
SPIN1	ENSG00000106723	target
PRUNE2	ENSG00000106772	target
CORO2A	ENSG00000106789	target
RLN2	ENSG00000107014	target
RAPGEF1	ENSG00000107263	target
GATA3	ENSG00000107485	target
TRDMT1	ENSG00000107614	target
DDX50	ENSG00000107625	target
MAPK8	ENSG00000107643	target
NSMCE4A	ENSG00000107672	target
CCSER2	ENSG00000107771	target
MINPP1	ENSG00000107789	target
NPM3	ENSG00000107833	target
CPEB3	ENSG00000107864	target
CUEDC2	ENSG00000107874	target
GLRX3	ENSG00000108010	target
SMC3	ENSG00000108055	target
PBLD	ENSG00000108187	target
RAD51C	ENSG00000108384	target
GALK1	ENSG00000108479	target
NUP88	ENSG00000108559	target
C1QBP	ENSG00000108561	target
BLMH	ENSG00000108578	target
SYNGR2	ENSG00000108639	target
LGALS3BP	ENSG00000108679	target
CCL1	ENSG00000108702	target
PPP1R9B	ENSG00000108819	target
VAT1	ENSG00000108828	target
DCUN1D4	ENSG00000109184	target
CRACD	ENSG00000109265	target
ZNF330	ENSG00000109445	target
DHX15	ENSG00000109606	target
SLC2A9	ENSG00000109667	target
STIM2	ENSG00000109689	target
MFSD10	ENSG00000109736	target
UFSP2	ENSG00000109775	target
KLHL5	ENSG00000109790	target
CCDC34	ENSG00000109881	target
VWA5A	ENSG00000110002	target
EHD1	ENSG00000110047	target
CEP126	ENSG00000110318	target
DDX6	ENSG00000110367	target
NECTIN1	ENSG00000110400	target
HIPK3	ENSG00000110422	target
SLC15A3	ENSG00000110446	target
ACCS	ENSG00000110455	target
WNT5B	ENSG00000111186	target
PARP11	ENSG00000111224	target
SH2B3	ENSG00000111252	target
DUSP16	ENSG00000111266	target
CDK2AP1	ENSG00000111328	target
STX2	ENSG00000111450	target
NUP107	ENSG00000111581	target
CHD4	ENSG00000111642	target
DSE	ENSG00000111817	target
MAN1A1	ENSG00000111885	target
SERINC1	ENSG00000111897	target
PHACTR1	ENSG00000112137	target
BVES	ENSG00000112276	target
WASF1	ENSG00000112290	target
VNN2	ENSG00000112303	target
PERP	ENSG00000112378	target
CUTA	ENSG00000112514	target
CCND3	ENSG00000112576	target
GMDS	ENSG00000112699	target
FAF2	ENSG00000113194	target
ITK	ENSG00000113263	target
CLINT1	ENSG00000113282	target
CNOT6	ENSG00000113300	target
DROSHA	ENSG00000113360	target
GNPDA1	ENSG00000113552	target
CPEB4	ENSG00000113742	target
CD86	ENSG00000114013	target
GNAI2	ENSG00000114353	target
GNB4	ENSG00000114450	target
SNX4	ENSG00000114520	target
C3orf52	ENSG00000114529	target
ZBTB47	ENSG00000114853	target
MPV17	ENSG00000115204	target
SNX17	ENSG00000115234	target
GALNT3	ENSG00000115339	target
CCDC88A	ENSG00000115355	target
IL18R1	ENSG00000115604	target
IL18RAP	ENSG00000115607	target
DCAF17	ENSG00000115827	target
ATF2	ENSG00000115966	target
TIA1	ENSG00000116001	target
PCYOX1	ENSG00000116005	target
PLEKHA3	ENSG00000116095	target
ALMS1	ENSG00000116127	target
CAPZA1	ENSG00000116489	target
RNF19B	ENSG00000116514	target
RHOU	ENSG00000116574	target
DOCK7	ENSG00000116641	target
KIAA2013	ENSG00000116685	target
MIIP	ENSG00000116691	target
NID1	ENSG00000116962	target
RIMS3	ENSG00000117016	target
SLAMF1	ENSG00000117090	target
KDM5B	ENSG00000117139	target
AKR1A1	ENSG00000117448	target
BLZF1	ENSG00000117475	target
CNN3	ENSG00000117519	target
PRRC2C	ENSG00000117523	target
HSD11B1	ENSG00000117594	target
IRF6	ENSG00000117595	target
RCAN3	ENSG00000117602	target
RSRP1	ENSG00000117616	target
STX12	ENSG00000117758	target
MREG	ENSG00000118242	target
SLC16A7	ENSG00000118596	target
VAMP8	ENSG00000118640	target
PKD2	ENSG00000118762	target
EEF2KMT	ENSG00000118894	target
CYP20A1	ENSG00000119004	target
RAD23B	ENSG00000119318	target
SET	ENSG00000119335	target
PTPA	ENSG00000119383	target
IFI27L2	ENSG00000119632	target
PPP4R4	ENSG00000119698	target
COQ6	ENSG00000119723	target
RHOQ	ENSG00000119729	target
MOB3B	ENSG00000120162	target
MTHFD1L	ENSG00000120254	target
PDZD11	ENSG00000120509	target
TNFSF11	ENSG00000120659	target
NR2C1	ENSG00000120798	target
TMPO	ENSG00000120802	target
NFYB	ENSG00000120837	target
SORBS3	ENSG00000120896	target
PTK2B	ENSG00000120899	target
SPOP	ENSG00000121067	target
FAM117A	ENSG00000121104	target
TRIM6	ENSG00000121236	target
PYROXD1	ENSG00000121350	target
DESI2	ENSG00000121644	target
PIK3CA	ENSG00000121879	target
PDS5A	ENSG00000121892	target
ZSCAN20	ENSG00000121903	target
LRIF1	ENSG00000121931	target
LY9	ENSG00000122224	target
ANXA11	ENSG00000122359	target
ZMIZ2	ENSG00000122515	target
GLIPR2	ENSG00000122694	target
SLC25A51	ENSG00000122696	target
CALD1	ENSG00000122786	target
BICC1	ENSG00000122870	target
ATF1	ENSG00000123268	target
SPATS2	ENSG00000123352	target
PDE1B	ENSG00000123360	target
NDUFAF4	ENSG00000123545	target
AGO2	ENSG00000123908	target
MXD4	ENSG00000123933	target
TTPAL	ENSG00000124120	target
STAU1	ENSG00000124214	target
BCAS4	ENSG00000124243	target
MCEE	ENSG00000124370	target
USP9X	ENSG00000124486	target
BTN2A2	ENSG00000124508	target
H1-3	ENSG00000124575	target
NQO2	ENSG00000124588	target
MED20	ENSG00000124641	target
NRN1	ENSG00000124785	target
NUP153	ENSG00000124789	target
DEK	ENSG00000124795	target
DOK4	ENSG00000125170	target
GPR18	ENSG00000125245	target
ABCC4	ENSG00000125257	target
SEPTIN6	ENSG00000125354	target
NT5C	ENSG00000125458	target
PSD4	ENSG00000125637	target
CD93	ENSG00000125810	target
SNRPB	ENSG00000125835	target
RRBP1	ENSG00000125844	target
DSTN	ENSG00000125868	target
HNRNPR	ENSG00000125944	target
ROMO1	ENSG00000125995	target
TUBGCP3	ENSG00000126216	target
LRFN3	ENSG00000126243	target
CAPNS1	ENSG00000126247	target
PDCD2L	ENSG00000126249	target
UBA2	ENSG00000126261	target
RRAS	ENSG00000126458	target
EMG1	ENSG00000126749	target
SIX1	ENSG00000126778	target
FAM78A	ENSG00000126882	target
TMEM175	ENSG00000127419	target
FBXL12	ENSG00000127452	target
F2RL3	ENSG00000127533	target
PNKD	ENSG00000127838	target
PTPN12	ENSG00000127947	target
ATF4	ENSG00000128272	target
MPST	ENSG00000128309	target
TST	ENSG00000128311	target
IFT22	ENSG00000128581	target
CCDC136	ENSG00000128596	target
MYO1B	ENSG00000128641	target
SNRPN	ENSG00000128739	target
LOXL1	ENSG00000129038	target
SUMF2	ENSG00000129103	target
RPAIN	ENSG00000129197	target
PHF20L1	ENSG00000129292	target
KRI1	ENSG00000129347	target
BCL2L2	ENSG00000129473	target
DTD2	ENSG00000129480	target
NEDD8	ENSG00000129559	target
RHBDF2	ENSG00000129667	target
CBFA2T3	ENSG00000129993	target
GAMT	ENSG00000130005	target
ELOF1	ENSG00000130165	target
BST2	ENSG00000130303	target
NSUN5	ENSG00000130305	target
DDA1	ENSG00000130311	target
LSM7	ENSG00000130332	target
RSPH3	ENSG00000130363	target
ZSWIM6	ENSG00000130449	target
FCHO1	ENSG00000130475	target
CAMSAP1	ENSG00000130559	target
ZBTB46	ENSG00000130584	target
LSP1	ENSG00000130592	target
ATXN10	ENSG00000130638	target
CEP85	ENSG00000130695	target
ASS1	ENSG00000130707	target
TRIM28	ENSG00000130726	target
SESN2	ENSG00000130766	target
PLXNA3	ENSG00000130827	target
ARHGEF9	ENSG00000131089	target
ATP6V1E1	ENSG00000131100	target
ZNF428	ENSG00000131116	target
GSE1	ENSG00000131149	target
ABCB7	ENSG00000131269	target
TBC1D5	ENSG00000131374	target
KCNC3	ENSG00000131398	target
ACAP3	ENSG00000131584	target
ZCCHC9	ENSG00000131732	target
PEX11B	ENSG00000131779	target
SNRPA1	ENSG00000131876	target
ILKAP	ENSG00000132323	target
COQ3	ENSG00000132423	target
LANCL2	ENSG00000132434	target
WBP2	ENSG00000132471	target
DLG4	ENSG00000132535	target
FLOT2	ENSG00000132589	target
DAP3	ENSG00000132676	target
CTNNBL1	ENSG00000132792	target
VSTM2L	ENSG00000132821	target
SERINC3	ENSG00000132824	target
ATP8A2	ENSG00000132932	target
ZMYM5	ENSG00000132950	target
MYH10	ENSG00000133026	target
PEMT	ENSG00000133027	target
CCNA1	ENSG00000133101	target
SPART	ENSG00000133104	target
STARD13	ENSG00000133121	target
TCEAL4	ENSG00000133142	target
PDE6B	ENSG00000133256	target
RTN3	ENSG00000133318	target
PLAAT4	ENSG00000133321	target
MYO18B	ENSG00000133454	target
SLC2A11	ENSG00000133460	target
IPO8	ENSG00000133704	target
E2F5	ENSG00000133740	target
GSTM3	ENSG00000134202	target
PTGFRN	ENSG00000134247	target
ARF3	ENSG00000134287	target
LPIN1	ENSG00000134324	target
RTL8C	ENSG00000134590	target
YARS1	ENSG00000134684	target
HOOK1	ENSG00000134709	target
BTF3L4	ENSG00000134717	target
UBQLN1	ENSG00000135018	target
TMEM60	ENSG00000135211	target
GDF11	ENSG00000135414	target
TSPAN31	ENSG00000135452	target
OS9	ENSG00000135506	target
STX11	ENSG00000135604	target
TEC	ENSG00000135605	target
GNS	ENSG00000135677	target
MPHOSPH6	ENSG00000135698	target
CCDC102A	ENSG00000135736	target
PCNX2	ENSG00000135749	target
STX6	ENSG00000135823	target
USP44	ENSG00000136014	target
AOAH	ENSG00000136250	target
ZFHX2	ENSG00000136367	target
ACTL6A	ENSG00000136518	target
NDUFB5	ENSG00000136521	target
GYPC	ENSG00000136732	target
LRRC8A	ENSG00000136802	target
ODF2	ENSG00000136811	target
TSTD2	ENSG00000136925	target
TRMO	ENSG00000136932	target
ANP32B	ENSG00000136938	target
PPIL1	ENSG00000137168	target
ZSCAN9	ENSG00000137185	target
GMPR	ENSG00000137198	target
LRRC1	ENSG00000137269	target
FAM8A1	ENSG00000137414	target
FCHSD2	ENSG00000137478	target
THAP12	ENSG00000137492	target
SYTL2	ENSG00000137501	target
NARS2	ENSG00000137513	target
FXYD2	ENSG00000137731	target
MAP2K5	ENSG00000137764	target
SQOR	ENSG00000137767	target
MAPKBP1	ENSG00000137802	target
HAUS2	ENSG00000137814	target
TUBGCP4	ENSG00000137822	target
GTF2B	ENSG00000137947	target
THUMPD2	ENSG00000138050	target
DTNB	ENSG00000138101	target
DUSP5	ENSG00000138166	target
ENTPD1	ENSG00000138185	target
METTL5	ENSG00000138382	target
IDH1	ENSG00000138413	target
ITPRID2	ENSG00000138434	target
ITGAV	ENSG00000138448	target
SLC40A1	ENSG00000138449	target
SECISBP2L	ENSG00000138593	target
TMOD3	ENSG00000138594	target
UBL7	ENSG00000138629	target
HERC6	ENSG00000138642	target
COPS4	ENSG00000138663	target
HNRNPD	ENSG00000138668	target
BLTP1	ENSG00000138688	target
NUP54	ENSG00000138750	target
PAPSS1	ENSG00000138801	target
PPP3CA	ENSG00000138814	target
MAPK8IP3	ENSG00000138834	target
NDUFA9	ENSG00000139180	target
CLSTN3	ENSG00000139182	target
LRIG3	ENSG00000139263	target
PHLDA1	ENSG00000139289	target
SNRPF	ENSG00000139343	target
SDSL	ENSG00000139410	target
MMAB	ENSG00000139428	target
GIT2	ENSG00000139436	target
SUOX	ENSG00000139531	target
GALNT6	ENSG00000139629	target
VPS37B	ENSG00000139722	target
RAB20	ENSG00000139832	target
CDH24	ENSG00000139880	target
WDR89	ENSG00000140006	target
EFCAB11	ENSG00000140025	target
GPR65	ENSG00000140030	target
PTGR2	ENSG00000140043	target
SLC12A6	ENSG00000140199	target
ANP32A	ENSG00000140350	target
COMMD4	ENSG00000140365	target
BCL2A1	ENSG00000140379	target
TLNRD1	ENSG00000140406	target
MCTP2	ENSG00000140563	target
SEC11A	ENSG00000140612	target
CDR2	ENSG00000140743	target
CDH13	ENSG00000140945	target
ZCCHC14	ENSG00000140948	target
TCF25	ENSG00000141002	target
SGSM2	ENSG00000141258	target
C18orf21	ENSG00000141428	target
OSBPL1A	ENSG00000141447	target
SAT2	ENSG00000141504	target
TP53	ENSG00000141510	target
SLC16A3	ENSG00000141526	target
FOXK2	ENSG00000141568	target
SECTM1	ENSG00000141574	target
ZIM3	ENSG00000141946	target
CCDC97	ENSG00000142039	target
COL6A2	ENSG00000142173	target
KIAA0319L	ENSG00000142687	target
EVA1B	ENSG00000142694	target
WDTC1	ENSG00000142784	target
IGSF3	ENSG00000143061	target
CTTNBP2NL	ENSG00000143079	target
GPR161	ENSG00000143147	target
MPC2	ENSG00000143158	target
COP1	ENSG00000143207	target
NUF2	ENSG00000143228	target
RGL1	ENSG00000143344	target
MINDY1	ENSG00000143409	target
SMYD2	ENSG00000143499	target
RAB13	ENSG00000143545	target
C1orf43	ENSG00000143612	target
SCCPDH	ENSG00000143653	target
SNAP47	ENSG00000143740	target
PYCR2	ENSG00000143811	target
ARL8A	ENSG00000143862	target
VPS54	ENSG00000143952	target
ASXL2	ENSG00000143970	target
CDCA7	ENSG00000144354	target
FAM171B	ENSG00000144369	target
SLC25A38	ENSG00000144659	target
CTDSPL	ENSG00000144677	target
IQSEC1	ENSG00000144711	target
MED12L	ENSG00000144893	target
NCEH1	ENSG00000144959	target
TCTA	ENSG00000145022	target
DCAF1	ENSG00000145041	target
LYAR	ENSG00000145220	target
ATP10D	ENSG00000145246	target
PLAC8	ENSG00000145287	target
ENOPH1	ENSG00000145293	target
SNCA	ENSG00000145335	target
USP53	ENSG00000145390	target
CYP4V2	ENSG00000145476	target
FBXL17	ENSG00000145743	target
TIMD4	ENSG00000145850	target
N4BP3	ENSG00000145911	target
BOD1	ENSG00000145919	target
GFOD1	ENSG00000145990	target
FAM193B	ENSG00000146067	target
FAXC	ENSG00000146267	target
ARHGAP18	ENSG00000146376	target
ABRACL	ENSG00000146386	target
DYNLT1	ENSG00000146425	target
VWDE	ENSG00000146530	target
ZNF92	ENSG00000146757	target
LUC7L2	ENSG00000146963	target
GCNA	ENSG00000147174	target
ZNF711	ENSG00000147180	target
CHRNA6	ENSG00000147434	target
ADHFE1	ENSG00000147576	target
EBAG9	ENSG00000147654	target
NDUFB9	ENSG00000147684	target
IDNK	ENSG00000148057	target
AUH	ENSG00000148090	target
SNX30	ENSG00000148158	target
GSN	ENSG00000148180	target
MRRF	ENSG00000148187	target
MSRB2	ENSG00000148450	target
ZEB1	ENSG00000148516	target
GLUD1	ENSG00000148672	target
EIF4EBP2	ENSG00000148730	target
LRRC27	ENSG00000148814	target
MTG1	ENSG00000148824	target
APIP	ENSG00000149089	target
EIF3M	ENSG00000149100	target
SERPINH1	ENSG00000149257	target
COMMD7	ENSG00000149600	target
FERMT3	ENSG00000149781	target
TMEM219	ENSG00000149932	target
MPP7	ENSG00000150054	target
ARID5B	ENSG00000150347	target
EEF1AKMT1	ENSG00000150456	target
KIAA1328	ENSG00000150477	target
PTS	ENSG00000150787	target
UBC	ENSG00000150991	target
ABTB3	ENSG00000151136	target
GXYLT1	ENSG00000151233	target
ACAD8	ENSG00000151498	target
NR3C2	ENSG00000151623	target
MFSD6	ENSG00000151690	target
FLI1	ENSG00000151702	target
SLC25A4	ENSG00000151729	target
BICD1	ENSG00000151746	target
GUF1	ENSG00000151806	target
FBXO4	ENSG00000151876	target
CCL28	ENSG00000151882	target
DST	ENSG00000151914	target
GPATCH11	ENSG00000152133	target
ARL14EP	ENSG00000152219	target
ATP5F1A	ENSG00000152234	target
C18orf25	ENSG00000152242	target
ZNF256	ENSG00000152454	target
PLEKHH2	ENSG00000152527	target
GPD1L	ENSG00000152642	target
PTPRK	ENSG00000152894	target
CWC27	ENSG00000153015	target
MERTK	ENSG00000153208	target
TMEM87B	ENSG00000153214	target
RPIA	ENSG00000153574	target
PPP2R5E	ENSG00000154001	target
SDHAF4	ENSG00000154079	target
ANKH	ENSG00000154122	target
NRGN	ENSG00000154146	target
TOMM70	ENSG00000154174	target
NEIL2	ENSG00000154328	target
LONRF1	ENSG00000154359	target
CXADR	ENSG00000154639	target
JAM2	ENSG00000154721	target
MPPE1	ENSG00000154889	target
ANKRD40	ENSG00000154945	target
CYP2U1	ENSG00000155016	target
KLF10	ENSG00000155090	target
AGPAT5	ENSG00000155189	target
GOLGA7B	ENSG00000155265	target
SLC16A1	ENSG00000155380	target
TTN	ENSG00000155657	target
PXYLP1	ENSG00000155893	target
RASA2	ENSG00000155903	target
TMBIM4	ENSG00000155957	target
CLIC2	ENSG00000155962	target
N6AMT1	ENSG00000156239	target
TIAM1	ENSG00000156299	target
SCAF4	ENSG00000156304	target
SFXN2	ENSG00000156398	target
UQCRB	ENSG00000156467	target
CD109	ENSG00000156535	target
TATDN2	ENSG00000157014	target
ARMC12	ENSG00000157343	target
ETS2	ENSG00000157557	target
FMNL2	ENSG00000157827	target
AGAP1	ENSG00000157985	target
RHPN1	ENSG00000158106	target
PRXL2C	ENSG00000158122	target
EYA3	ENSG00000158161	target
WASF2	ENSG00000158195	target
TMSB15B	ENSG00000158427	target
TSPAN33	ENSG00000158457	target
HMHB1	ENSG00000158497	target
NCF1	ENSG00000158517	target
TMED4	ENSG00000158604	target
F11R	ENSG00000158769	target
RAPGEF6	ENSG00000158987	target
CFAP298	ENSG00000159079	target
GART	ENSG00000159131	target
SV2A	ENSG00000159164	target
CLIC6	ENSG00000159212	target
ADIPOR1	ENSG00000159346	target
RGL4	ENSG00000159496	target
CHCHD6	ENSG00000159685	target
ZFYVE28	ENSG00000159733	target
PSKH1	ENSG00000159792	target
ZBTB8A	ENSG00000160062	target
SLC37A1	ENSG00000160190	target
GAB3	ENSG00000160219	target
ZER1	ENSG00000160445	target
CD3G	ENSG00000160654	target
CHTOP	ENSG00000160679	target
CXCR5	ENSG00000160683	target
ANO10	ENSG00000160746	target
GPATCH4	ENSG00000160818	target
BDH1	ENSG00000161267	target
ACOX1	ENSG00000161533	target
ZNF385A	ENSG00000161642	target
EMC10	ENSG00000161671	target
TAMALIN	ENSG00000161835	target
TTC9C	ENSG00000162222	target
MAGOH	ENSG00000162385	target
GMEB1	ENSG00000162419	target
LAPTM5	ENSG00000162511	target
OMA1	ENSG00000162600	target
TM2D1	ENSG00000162604	target
USP1	ENSG00000162607	target
DNAJB4	ENSG00000162616	target
EEIG2	ENSG00000162636	target
HENMT1	ENSG00000162639	target
CAPN2	ENSG00000162909	target
DISC1	ENSG00000162946	target
SMARCAD1	ENSG00000163104	target
LRRC58	ENSG00000163428	target
STK36	ENSG00000163482	target
CCDC141	ENSG00000163492	target
CIP2A	ENSG00000163507	target
TGFBR2	ENSG00000163513	target
SERPINI1	ENSG00000163536	target
CLASP2	ENSG00000163539	target
PPM1L	ENSG00000163590	target
SMIM14	ENSG00000163683	target
ZNF513	ENSG00000163795	target
KIF15	ENSG00000163808	target
ZC3H12A	ENSG00000163874	target
TASOR	ENSG00000163946	target
LRPAP1	ENSG00000163956	target
ZNF691	ENSG00000164011	target
SLC9B2	ENSG00000164038	target
APEH	ENSG00000164062	target
WDR82	ENSG00000164091	target
HMGB2	ENSG00000164104	target
IL15	ENSG00000164136	target
ABCE1	ENSG00000164163	target
OTUD4	ENSG00000164164	target
MOCS2	ENSG00000164172	target
ELOVL7	ENSG00000164181	target
SLC25A46	ENSG00000164209	target
CCDC112	ENSG00000164221	target
AGGF1	ENSG00000164252	target
SERINC5	ENSG00000164300	target
IL31RA	ENSG00000164509	target
RP9	ENSG00000164610	target
PEX2	ENSG00000164751	target
MED30	ENSG00000164758	target
SPIDR	ENSG00000164808	target
OXR1	ENSG00000164830	target
ALDH7A1	ENSG00000164904	target
TP53INP1	ENSG00000164938	target
PDP1	ENSG00000164951	target
PSIP1	ENSG00000164985	target
SYK	ENSG00000165025	target
LETM2	ENSG00000165046	target
FXN	ENSG00000165060	target
HGSNAT	ENSG00000165102	target
ZHX1	ENSG00000165156	target
PIGA	ENSG00000165195	target
CARD19	ENSG00000165233	target
ATP7A	ENSG00000165240	target
NDUFB6	ENSG00000165264	target
TSHR	ENSG00000165409	target
ZCCHC24	ENSG00000165424	target
ZNF22	ENSG00000165512	target
TTC8	ENSG00000165533	target
TC2N	ENSG00000165929	target
CPSF2	ENSG00000165934	target
IFI27L1	ENSG00000165948	target
BRD7	ENSG00000166164	target
API5	ENSG00000166181	target
NOLC1	ENSG00000166197	target
ALKBH3	ENSG00000166199	target
PCBD1	ENSG00000166228	target
TRIM44	ENSG00000166326	target
CYB5A	ENSG00000166347	target
RNF169	ENSG00000166439	target
DENND2B	ENSG00000166444	target
AKIP1	ENSG00000166452	target
PRKCB	ENSG00000166501	target
TK2	ENSG00000166548	target
ZNF606	ENSG00000166704	target
ANPEP	ENSG00000166825	target
PIP4K2C	ENSG00000166908	target
C15orf48	ENSG00000166920	target
TSC22D4	ENSG00000166925	target
CCNDBP1	ENSG00000166946	target
MARS1	ENSG00000166986	target
DUSP18	ENSG00000167065	target
GNGT2	ENSG00000167083	target
ACSF2	ENSG00000167107	target
CERCAM	ENSG00000167123	target
SP2	ENSG00000167182	target
COQ7	ENSG00000167186	target
ZNF23	ENSG00000167377	target
ZNF226	ENSG00000167380	target
ZNF610	ENSG00000167554	target
NCKAP5L	ENSG00000167566	target
SPINT2	ENSG00000167642	target
TMIGD2	ENSG00000167664	target
RILP	ENSG00000167705	target
ZNF83	ENSG00000167766	target
ZNF232	ENSG00000167840	target
TK1	ENSG00000167900	target
BSCL2	ENSG00000168000	target
TRANK1	ENSG00000168016	target
LTBP3	ENSG00000168056	target
DDIT4	ENSG00000168209	target
ZCCHC4	ENSG00000168228	target
TTC39C	ENSG00000168234	target
GLYCTK	ENSG00000168237	target
DNAJC7	ENSG00000168259	target
IRF2BP2	ENSG00000168264	target
KIF5C	ENSG00000168280	target
MGAT2	ENSG00000168282	target
THAP11	ENSG00000168286	target
PXK	ENSG00000168297	target
H1-4	ENSG00000168298	target
IRF2	ENSG00000168310	target
FILIP1L	ENSG00000168386	target
ATXN2L	ENSG00000168488	target
TMUB2	ENSG00000168591	target
ZNF30	ENSG00000168661	target
PKIG	ENSG00000168734	target
SEMA4C	ENSG00000168758	target
TSPAN5	ENSG00000168785	target
ADAL	ENSG00000168803	target
VAMP5	ENSG00000168899	target
LRRC28	ENSG00000168904	target
SLC35G2	ENSG00000168917	target
FEM1B	ENSG00000169018	target
ROR2	ENSG00000169071	target
ASMTL	ENSG00000169093	target
ATF5	ENSG00000169136	target
UBE2V2	ENSG00000169139	target
CCDC126	ENSG00000169193	target
SLC33A1	ENSG00000169359	target
RNASE6	ENSG00000169413	target
GPR183	ENSG00000169508	target
DFFB	ENSG00000169598	target
CHRNA5	ENSG00000169684	target
ZNF32	ENSG00000169740	target
RAC3	ENSG00000169750	target
GUSB	ENSG00000169919	target
CNTROB	ENSG00000170037	target
UBE2E1	ENSG00000170142	target
HNRNPA3	ENSG00000170144	target
SLC16A5	ENSG00000170190	target
CRTAP	ENSG00000170275	target
NFXL1	ENSG00000170448	target
LONRF2	ENSG00000170500	target
AKAP13	ENSG00000170776	target
KBTBD2	ENSG00000170852	target
MTM1	ENSG00000171100	target
JUNB	ENSG00000171223	target
FAM98B	ENSG00000171262	target
ZDHHC16	ENSG00000171307	target
CHST11	ENSG00000171310	target
NAT1	ENSG00000171428	target
MCC	ENSG00000171444	target
ZNF562	ENSG00000171466	target
ZNF318	ENSG00000171467	target
ZNF561	ENSG00000171469	target
PLRG1	ENSG00000171566	target
SPSB1	ENSG00000171621	target
S100Z	ENSG00000171643	target
NINJ2	ENSG00000171840	target
MLLT3	ENSG00000171843	target
ZNF217	ENSG00000171940	target
JMJD1C	ENSG00000171988	target
EPHX4	ENSG00000172031	target
MBOAT1	ENSG00000172197	target
C5orf34	ENSG00000172244	target
COPRS	ENSG00000172301	target
IL16	ENSG00000172349	target
FGGY	ENSG00000172456	target
TCEAL1	ENSG00000172465	target
THEMIS	ENSG00000172673	target
CORO1B	ENSG00000172725	target
RAB37	ENSG00000172794	target
DMXL1	ENSG00000172869	target
KAT5	ENSG00000172977	target
GLRX	ENSG00000173221	target
ZNF483	ENSG00000173258	target
PEAK1	ENSG00000173517	target
TNFRSF10D	ENSG00000173530	target
NABP1	ENSG00000173559	target
RNF213	ENSG00000173821	target
GPR160	ENSG00000173890	target
CTU2	ENSG00000174177	target
DENND4A	ENSG00000174485	target
GCSAM	ENSG00000174500	target
RESF1	ENSG00000174718	target
ODAPH	ENSG00000174792	target
KCTD13	ENSG00000174943	target
DHX36	ENSG00000174953	target
MARCKSL1	ENSG00000175130	target
ARHGAP1	ENSG00000175220	target
CCDC14	ENSG00000175455	target
TOM1L2	ENSG00000175662	target
LINC02694	ENSG00000175779	target
ZDHHC21	ENSG00000175893	target
ORAI3	ENSG00000175938	target
ATAD5	ENSG00000176208	target
ACBD7	ENSG00000176244	target
COX8A	ENSG00000176340	target
CRLF3	ENSG00000176390	target
PLAAT3	ENSG00000176485	target
KBTBD11	ENSG00000176595	target
ACSF3	ENSG00000176715	target
MTX3	ENSG00000177034	target
NAP1L5	ENSG00000177432	target
NR2C2	ENSG00000177463	target
ZBTB33	ENSG00000177485	target
GBA1	ENSG00000177628	target
FAM20C	ENSG00000177706	target
ZNF518A	ENSG00000177853	target
AP3S1	ENSG00000177879	target
UBE2N	ENSG00000177889	target
DALRD3	ENSG00000178149	target
ZNF543	ENSG00000178229	target
ZNF223	ENSG00000178386	target
COX14	ENSG00000178449	target
SUZ12	ENSG00000178691	target
KCTD12	ENSG00000178695	target
EFCAB13	ENSG00000178852	target
MSC	ENSG00000178860	target
CYBC1	ENSG00000178927	target
ZBTB7A	ENSG00000178951	target
SELENOW	ENSG00000178980	target
SNX18	ENSG00000178996	target
C3orf38	ENSG00000179021	target
FUCA1	ENSG00000179163	target
GADD45GIP1	ENSG00000179271	target
RAB39A	ENSG00000179331	target
ARID3B	ENSG00000179361	target
CIITA	ENSG00000179583	target
MAF1	ENSG00000179632	target
APOBEC3B	ENSG00000179750	target
CITED4	ENSG00000179862	target
SEPHS2	ENSG00000179918	target
CCR8	ENSG00000179934	target
PUF60	ENSG00000179950	target
PTGR3	ENSG00000180011	target
ANKRD18A	ENSG00000180071	target
RCC1	ENSG00000180198	target
TIGD2	ENSG00000180346	target
HCLS1	ENSG00000180353	target
MTURN	ENSG00000180354	target
C11orf71	ENSG00000180425	target
TSPYL5	ENSG00000180543	target
SLC26A11	ENSG00000181045	target
F2R	ENSG00000181104	target
PJA1	ENSG00000181191	target
H2AC25	ENSG00000181218	target
ZNF322	ENSG00000181315	target
ZFP41	ENSG00000181638	target
PLAG1	ENSG00000181690	target
SLC9A9	ENSG00000181804	target
RTKN2	ENSG00000182010	target
EXT1	ENSG00000182197	target
SYNM	ENSG00000182253	target
KBTBD3	ENSG00000182359	target
SPNS3	ENSG00000182557	target
EPGN	ENSG00000182585	target
ZNF320	ENSG00000182986	target
SLC8A1	ENSG00000183023	target
LYSMD4	ENSG00000183060	target
BEGAIN	ENSG00000183092	target
GPR19	ENSG00000183150	target
GPR132	ENSG00000183484	target
SETD3	ENSG00000183576	target
FAM167B	ENSG00000183615	target
ZNF438	ENSG00000183621	target
NDUFB1	ENSG00000183648	target
ALYREF	ENSG00000183684	target
UPP1	ENSG00000183696	target
TBK1	ENSG00000183735	target
TTC32	ENSG00000183891	target
COA3	ENSG00000183978	target
KCNQ3	ENSG00000184156	target
SNRNP35	ENSG00000184209	target
PLA2G6	ENSG00000184381	target
PROS1	ENSG00000184500	target
SOCS3	ENSG00000184557	target
AMER1	ENSG00000184675	target
OSBP2	ENSG00000184792	target
ZBTB7C	ENSG00000184828	target
ZFP90	ENSG00000184939	target
F8	ENSG00000185010	target
C6orf120	ENSG00000185127	target
TCEAL9	ENSG00000185222	target
KIAA0825	ENSG00000185261	target
IL3RA	ENSG00000185291	target
TCN2	ENSG00000185339	target
GAS2L1	ENSG00000185340	target
TARS3	ENSG00000185418	target
METTL7A	ENSG00000185432	target
SP1	ENSG00000185591	target
YTHDF3	ENSG00000185728	target
MORF4L1	ENSG00000185787	target
IKZF1	ENSG00000185811	target
TRIM69	ENSG00000185880	target
ATP6V0C	ENSG00000185883	target
LAMP1	ENSG00000185896	target
KLHL34	ENSG00000185915	target
SETD4	ENSG00000185917	target
ZNF267	ENSG00000185947	target
TMLHE	ENSG00000185973	target
RASA3	ENSG00000185989	target
ZNF284	ENSG00000186026	target
GSAP	ENSG00000186088	target
NF2	ENSG00000186575	target
KATNA1	ENSG00000186625	target
ZSCAN30	ENSG00000186814	target
TPCN1	ENSG00000186815	target
HEXIM1	ENSG00000186834	target
DYNC2H1	ENSG00000187240	target
MAGEH1	ENSG00000187601	target
NHEJ1	ENSG00000187736	target
MCRS1	ENSG00000187778	target
H1-2	ENSG00000187837	target
RINL	ENSG00000187994	target
PEAK3	ENSG00000188305	target
SUMO2	ENSG00000188612	target
FAM221A	ENSG00000188732	target
HACD4	ENSG00000188921	target
ZNF567	ENSG00000189042	target
ZNF600	ENSG00000189190	target
BTBD8	ENSG00000189195	target
NUGGC	ENSG00000189233	target
ZNF681	ENSG00000196172	target
ZNF107	ENSG00000196247	target
IARS1	ENSG00000196305	target
POM121	ENSG00000196313	target
ZBTB44	ENSG00000196323	target
S100A5	ENSG00000196420	target
MYL6B	ENSG00000196465	target
TCEAL3	ENSG00000196507	target
SLC6A9	ENSG00000196517	target
MYO18A	ENSG00000196535	target
BORCS6	ENSG00000196544	target
MYO6	ENSG00000196586	target
ERI2	ENSG00000196678	target
HSH2D	ENSG00000196684	target
ZNF512B	ENSG00000196700	target
NF1	ENSG00000196712	target
VKORC1L1	ENSG00000196715	target
GM2A	ENSG00000196743	target
MVB12B	ENSG00000196814	target
ZFP28	ENSG00000196867	target
LAMB3	ENSG00000196878	target
FLNA	ENSG00000196924	target
FAM3C	ENSG00000196937	target
ZNF585A	ENSG00000196967	target
ZNF100	ENSG00000197020	target
ZNF441	ENSG00000197044	target
PGAP1	ENSG00000197121	target
SRC	ENSG00000197122	target
ZNF682	ENSG00000197124	target
ABCB8	ENSG00000197150	target
PSMD12	ENSG00000197170	target
NOL4L	ENSG00000197183	target
H4C11	ENSG00000197238	target
LRP10	ENSG00000197324	target
PELI1	ENSG00000197329	target
ADARB1	ENSG00000197381	target
SPN	ENSG00000197471	target
CPLANE1	ENSG00000197603	target
EOLA1	ENSG00000197620	target
PHF2	ENSG00000197724	target
MCMBP	ENSG00000197771	target
GPAA1	ENSG00000197858	target
ZNF790	ENSG00000197863	target
KIF13B	ENSG00000197892	target
PLCG2	ENSG00000197943	target
S100A6	ENSG00000197956	target
GRK6	ENSG00000198055	target
TMEM229B	ENSG00000198133	target
HMGN5	ENSG00000198157	target
ASPH	ENSG00000198363	target
TCAF1	ENSG00000198420	target
ZNF480	ENSG00000198464	target
ZNF808	ENSG00000198482	target
ATL1	ENSG00000198513	target
CTNND1	ENSG00000198561	target
TLK1	ENSG00000198586	target
BAZ1A	ENSG00000198604	target
IPO9	ENSG00000198700	target
GLMP	ENSG00000198715	target
PPP1R14C	ENSG00000198729	target
F5	ENSG00000198734	target
EGFL6	ENSG00000198759	target
INPP5F	ENSG00000198825	target
TSEN15	ENSG00000198860	target
SFMBT2	ENSG00000198879	target
CAPZA2	ENSG00000198898	target
C1orf174	ENSG00000198912	target
NAGA	ENSG00000198951	target
SGMS1	ENSG00000198964	target
TATDN3	ENSG00000203705	target
ZYG11A	ENSG00000203995	target
ZDHHC18	ENSG00000204160	target
BMPR2	ENSG00000204217	target
RNF5	ENSG00000204308	target
AGPAT1	ENSG00000204310	target
NEU1	ENSG00000204386	target
VWA7	ENSG00000204396	target
MBD5	ENSG00000204406	target
LY6G5C	ENSG00000204428	target
NCR3	ENSG00000204475	target
CNEP1R1	ENSG00000205423	target
NAP1L4	ENSG00000205531	target
DENND6B	ENSG00000205593	target
ITPRIPL2	ENSG00000205730	target
DNAJC19	ENSG00000205981	target
ZCWPW2	ENSG00000206559	target
STK38L	ENSG00000211455	target
CEP43	ENSG00000213066	target
SCAF8	ENSG00000213079	target
ZNF254	ENSG00000213096	target
KLHL23	ENSG00000213160	target
MLLT11	ENSG00000213190	target
QTRT1	ENSG00000213339	target
ZBTB9	ENSG00000213588	target
ATF6B	ENSG00000213676	target
ZNF888	ENSG00000213793	target
PPM1N	ENSG00000213889	target
ZNF90	ENSG00000213988	target
REPIN1	ENSG00000214022	target
C19orf38	ENSG00000214212	target
ZSWIM8	ENSG00000214655	target
IFRD2	ENSG00000214706	target
TMEM242	ENSG00000215712	target
ANKRD18B	ENSG00000230453	target
SMIM26	ENSG00000232388	target
PINLYP	ENSG00000234465	target
B3GALT4	ENSG00000235863	target
B3GNT9	ENSG00000237172	target
ARPC4	ENSG00000241553	target
EIF4EBP3	ENSG00000243056	target
ZNF585B	ENSG00000245680	target
ZNF718	ENSG00000250312	target
BORCS8	ENSG00000254901	target
BRK1	ENSG00000254999	target
ZNF486	ENSG00000256229	target
LSM14A	ENSG00000257103	target
ZNF625	ENSG00000257591	target
RNASE4	ENSG00000258818	target
ITGB3	ENSG00000259207	target
PECAM1	ENSG00000261371	target
OTUD7B	ENSG00000264522	target
AARSD1	ENSG00000266967	target
TMEM185A	ENSG00000269556	target
SLC25A53	ENSG00000269743	target
TAF15	ENSG00000270647	target
GTF2H5	ENSG00000272047	target
DCP1A	ENSG00000272886	target
CYFIP1	ENSG00000273749	target
NATD1	ENSG00000274180	target
SOCS7	ENSG00000274211	target
PIK3R6	ENSG00000276231	target
H2BC3	ENSG00000276410	target
PCGF2	ENSG00000277258	target
CISD3	ENSG00000277972	target
CFAP68	ENSG00000137720	target
H2AZ1	ENSG00000164032	target
ANAPC16	ENSG00000166295	target
PDK2	ENSG00000005882	target
GIPR	ENSG00000010310	target
ZNF200	ENSG00000010539	target
ZNF582	ENSG00000018869	target
IKZF2	ENSG00000030419	target
ARAP2	ENSG00000047365	target
GOPC	ENSG00000047932	target
PER3	ENSG00000049246	target
TNK2	ENSG00000061938	target
PKN2	ENSG00000065243	target
ADAT1	ENSG00000065457	target
CDK13	ENSG00000065883	target
STAG3	ENSG00000066923	target
MEF2A	ENSG00000068305	target
NEDD4	ENSG00000069869	target
HLTF	ENSG00000071794	target
EVC	ENSG00000072840	target
NSF	ENSG00000073969	target
ANO8	ENSG00000074855	target
GPR137B	ENSG00000077585	target
TRAF5	ENSG00000082512	target
ZNF586	ENSG00000083828	target
SH3BP2	ENSG00000087266	target
LAG3	ENSG00000089692	target
GGA1	ENSG00000100083	target
PPP6R2	ENSG00000100239	target
GRAP2	ENSG00000100351	target
EP300	ENSG00000100393	target
MLC1	ENSG00000100427	target
MAPK3	ENSG00000102882	target
GDPD3	ENSG00000102886	target
METRN	ENSG00000103260	target
ARHGEF10	ENSG00000104728	target
KCTD9	ENSG00000104756	target
CLEC11A	ENSG00000105472	target
ZNF85	ENSG00000105750	target
ADAP1	ENSG00000105963	target
TESK1	ENSG00000107140	target
HDAC5	ENSG00000108840	target
PRKAR1A	ENSG00000108946	target
FRG1	ENSG00000109536	target
GNPTAB	ENSG00000111670	target
QKI	ENSG00000112531	target
DUSP22	ENSG00000112679	target
RNF130	ENSG00000113269	target
TRIM23	ENSG00000113595	target
PLEK	ENSG00000115956	target
GPX7	ENSG00000116157	target
S100PBP	ENSG00000116497	target
RCOR3	ENSG00000117625	target
ZNF430	ENSG00000118620	target
INVS	ENSG00000119509	target
ATAD2B	ENSG00000119778	target
ZFP30	ENSG00000120784	target
ZSCAN18	ENSG00000121413	target
HERPUD2	ENSG00000122557	target
HCST	ENSG00000126264	target
ABHD8	ENSG00000127220	target
EPS15L1	ENSG00000127527	target
SYNGR3	ENSG00000127561	target
RIBC2	ENSG00000128408	target
CCNT1	ENSG00000129315	target
SEC14L1	ENSG00000129657	target
ZNF426	ENSG00000130818	target
ZNF304	ENSG00000131845	target
ZSCAN5A	ENSG00000131848	target
ZNF20	ENSG00000132010	target
BRME1	ENSG00000132016	target
UNK	ENSG00000132478	target
CSNK1G2	ENSG00000133275	target
VHL	ENSG00000134086	target
VAV3	ENSG00000134215	target
UBAC2	ENSG00000134882	target
ARGLU1	ENSG00000134884	target
TRAFD1	ENSG00000135148	target
GLS2	ENSG00000135423	target
CDK9	ENSG00000136807	target
ARRB1	ENSG00000137486	target
TMPRSS13	ENSG00000137747	target
ZNF280D	ENSG00000137871	target
RASGEF1B	ENSG00000138670	target
GABARAPL1	ENSG00000139112	target
NCOA2	ENSG00000140396	target
NEIL1	ENSG00000140398	target
USP3	ENSG00000140455	target
ITGAX	ENSG00000140678	target
TIGD7	ENSG00000140993	target
ZFP14	ENSG00000142065	target
IFITM3	ENSG00000142089	target
SETDB1	ENSG00000143379	target
SCML4	ENSG00000146285	target
CASK	ENSG00000147044	target
TAF1	ENSG00000147133	target
B3GAT3	ENSG00000149541	target
FEZ1	ENSG00000149557	target
CEP112	ENSG00000154240	target
C21orf91	ENSG00000154642	target
SLFN13	ENSG00000154760	target
TDRD9	ENSG00000156414	target
FHIP2B	ENSG00000158863	target
CBR1	ENSG00000159228	target
CLDND2	ENSG00000160318	target
GPSM1	ENSG00000160360	target
LY6E	ENSG00000160932	target
ZNF382	ENSG00000161298	target
SYCE2	ENSG00000161860	target
ZNF75A	ENSG00000162086	target
ZNF281	ENSG00000162702	target
NUAK2	ENSG00000163545	target
CRELD1	ENSG00000163703	target
SNRK	ENSG00000163788	target
CCR1	ENSG00000163823	target
EXO5	ENSG00000164002	target
ARFIP1	ENSG00000164144	target
ATP9B	ENSG00000166377	target
ATF7IP2	ENSG00000166669	target
SLC43A2	ENSG00000167703	target
NSG1	ENSG00000168824	target
INPP5D	ENSG00000168918	target
ZNF354A	ENSG00000169131	target
DNAJC18	ENSG00000170464	target
RIOX2	ENSG00000170854	target
ZNF440	ENSG00000171295	target
CXXC5	ENSG00000171604	target
ZNF274	ENSG00000171606	target
ATF7IP	ENSG00000171681	target
ZNF540	ENSG00000171817	target
ZNF570	ENSG00000171827	target
ZNF57	ENSG00000171970	target
KLF11	ENSG00000172059	target
CTSW	ENSG00000172543	target
MGA	ENSG00000174197	target
PIGG	ENSG00000174227	target
NLRP6	ENSG00000174885	target
ZNF25	ENSG00000175395	target
PPP2R2D	ENSG00000175470	target
ZNF77	ENSG00000175691	target
C19orf18	ENSG00000177025	target
ODF3B	ENSG00000177989	target
ZNF518B	ENSG00000178163	target
CD28	ENSG00000178562	target
AKAP5	ENSG00000179841	target
ZNF154	ENSG00000179909	target
ZNF816	ENSG00000180257	target
ZNF571	ENSG00000180479	target
NRIP1	ENSG00000180530	target
ZFP3	ENSG00000180787	target
ZNF792	ENSG00000180884	target
ZFP82	ENSG00000181007	target
ZNF875	ENSG00000181666	target
ZNF101	ENSG00000181896	target
SPACA6	ENSG00000182310	target
CAPN12	ENSG00000182472	target
SPATA13	ENSG00000182957	target
MTA1	ENSG00000182979	target
MED12	ENSG00000184634	target
ADAMTSL5	ENSG00000185761	target
ZNF829	ENSG00000185869	target
IFITM1	ENSG00000185885	target
ZNF566	ENSG00000186017	target
ZFP69	ENSG00000187815	target
TTC24	ENSG00000187862	target
ZNF793	ENSG00000188227	target
H3-5	ENSG00000188375	target
ZNF177	ENSG00000188629	target
ZFP92	ENSG00000189420	target
LCOR	ENSG00000196233	target
ZNF493	ENSG00000196268	target
ZNF136	ENSG00000196646	target
ZNF138	ENSG00000197008	target
IGF2R	ENSG00000197081	target
PCNX3	ENSG00000197136	target
ZNF675	ENSG00000197372	target
ZNF44	ENSG00000197857	target
ZNF823	ENSG00000197933	target
ZNF347	ENSG00000197937	target
ZNF544	ENSG00000198131	target
ZNF251	ENSG00000198169	target
ZNF607	ENSG00000198182	target
OGA	ENSG00000198408	target
ZNF568	ENSG00000198453	target
ZNF43	ENSG00000198521	target
TOGARAM1	ENSG00000198718	target
RING1	ENSG00000204227	target
DPF3	ENSG00000205683	target
CRLF2	ENSG00000205755	target
CRYZL1	ENSG00000205758	target
RAB12	ENSG00000206418	target
GPC2	ENSG00000213420	target
BBIP1	ENSG00000214413	target
DDX3X	ENSG00000215301	target
TSTD1	ENSG00000215845	target
CEBPD	ENSG00000221869	target
ZNF880	ENSG00000221923	target
ZNF844	ENSG00000223547	target
TRGC2	ENSG00000227191	target
ZNF736	ENSG00000234444	target
FAM133B	ENSG00000234545	target
IRGM	ENSG00000237693	target
PISD	ENSG00000241878	target
ZNF260	ENSG00000254004	target
ZNF432	ENSG00000256087	target
CUX1	ENSG00000257923	target
ZNF850	ENSG00000267041	target
SPIB	ENSG00000269404	target
NAT14	ENSG00000090971	target
USP11	ENSG00000102226	target
TRERF1	ENSG00000124496	target
NDFIP1	ENSG00000131507	target
SCD5	ENSG00000145284	target
FAIM	ENSG00000158234	target
TAGLN2	ENSG00000158710	target
ANKLE1	ENSG00000160117	target
G6PD	ENSG00000160211	target
UBXN2A	ENSG00000173960	target
MEX3C	ENSG00000176624	target
FAM169A	ENSG00000198780	target
AIF1	ENSG00000204472	target
ATP1B3	ENSG00000069849	target
PSME1	ENSG00000092010	target
MOSPD2	ENSG00000130150	target
CAMK1	ENSG00000134072	target
PMAIP1	ENSG00000141682	target
DYNC1LI1	ENSG00000144635	target
DHRS3	ENSG00000162496	target
NDUFA4	ENSG00000189043	target
LITAF	ENSG00000189067	target
SLC5A3	ENSG00000198743	target
ITGA1	ENSG00000213949	target
FUCA2	ENSG00000001036	target
PTBP2	ENSG00000117569	target
CHTF18	ENSG00000127586	target
H3-3B	ENSG00000132475	target
PARP6	ENSG00000137817	target
NSD1	ENSG00000165671	target
ATP23	ENSG00000166896	target
HNRNPF	ENSG00000169813	target
PHYKPL	ENSG00000175309	target
HDDC3	ENSG00000184508	target
CD38	ENSG00000004468	target
SLC25A5	ENSG00000005022	target
RALA	ENSG00000006451	target
KDM7A	ENSG00000006459	target
AGK	ENSG00000006530	target
SPAG9	ENSG00000008294	target
UQCRC1	ENSG00000010256	target
MRC2	ENSG00000011028	target
PIK3C2A	ENSG00000011405	target
DERA	ENSG00000023697	target
FAS	ENSG00000026103	target
PRKCH	ENSG00000027075	target
TNFRSF1B	ENSG00000028137	target
RNF19A	ENSG00000034677	target
DEPDC1B	ENSG00000035499	target
RFC1	ENSG00000035928	target
AIFM2	ENSG00000042286	target
CUL7	ENSG00000044090	target
WWC3	ENSG00000047644	target
MAP4	ENSG00000047849	target
NFE2L3	ENSG00000050344	target
CYBA	ENSG00000051523	target
SYNE2	ENSG00000054654	target
ATP9A	ENSG00000054793	target
KMT2C	ENSG00000055609	target
PRDM1	ENSG00000057657	target
SLC2A3	ENSG00000059804	target
PACC1	ENSG00000065600	target
FAM107B	ENSG00000065809	target
GOLGA5	ENSG00000066455	target
IDI1	ENSG00000067064	target
KLF6	ENSG00000067082	target
PLPP1	ENSG00000067113	target
PPP2R5B	ENSG00000068971	target
MAST4	ENSG00000069020	target
CLEC2D	ENSG00000069493	target
JMJD6	ENSG00000070495	target
TRIP13	ENSG00000071539	target
AFF4	ENSG00000072364	target
NFATC3	ENSG00000072736	target
ATP2A3	ENSG00000074370	target
EIF4G3	ENSG00000075151	target
GTSE1	ENSG00000075218	target
SLC25A3	ENSG00000075415	target
NFKB2	ENSG00000077150	target
TULP3	ENSG00000078246	target
CRYBG3	ENSG00000080200	target
SMARCA2	ENSG00000080503	target
IL12RB2	ENSG00000081985	target
ITGB5	ENSG00000082781	target
DIS3	ENSG00000083520	target
APLP2	ENSG00000084234	target
WDFY1	ENSG00000085449	target
CTTN	ENSG00000085733	target
DNAJA1	ENSG00000086061	target
RTRAF	ENSG00000087302	target
BIRC5	ENSG00000089685	target
ZBTB25	ENSG00000089775	target
PDPR	ENSG00000090857	target
FH	ENSG00000091483	target
ORC6	ENSG00000091651	target
SLC22A17	ENSG00000092096	target
CLSPN	ENSG00000092853	target
DPYSL2	ENSG00000092964	target
CDC45	ENSG00000093009	target
OSM	ENSG00000099985	target
FBXO7	ENSG00000100225	target
AP1B1	ENSG00000100280	target
TOM1	ENSG00000100284	target
TSPO	ENSG00000100300	target
TTLL12	ENSG00000100304	target
ABHD4	ENSG00000100439	target
RIN3	ENSG00000100599	target
SUSD6	ENSG00000100647	target
MYBL2	ENSG00000101057	target
NFATC2	ENSG00000101096	target
RNF24	ENSG00000101236	target
E2F1	ENSG00000101412	target
APMAP	ENSG00000101474	target
RNF125	ENSG00000101695	target
RIOK3	ENSG00000101782	target
PHEX	ENSG00000102174	target
MAGED2	ENSG00000102316	target
ARMCX3	ENSG00000102401	target
ARHGEF7	ENSG00000102606	target
RGCC	ENSG00000102760	target
N4BP1	ENSG00000102921	target
ABCC1	ENSG00000103222	target
EHD4	ENSG00000103966	target
BLOC1S6	ENSG00000104164	target
CPQ	ENSG00000104324	target
IKBKB	ENSG00000104365	target
GFUS	ENSG00000104522	target
MCM4	ENSG00000104738	target
RELB	ENSG00000104856	target
YJU2B	ENSG00000104957	target
PRKD2	ENSG00000105287	target
AVL9	ENSG00000105778	target
NAMPT	ENSG00000105835	target
ZC3HAV1	ENSG00000105939	target
GRB10	ENSG00000106070	target
PLEKHA8	ENSG00000106086	target
CHCHD2	ENSG00000106153	target
TSPAN13	ENSG00000106537	target
RIC1	ENSG00000107036	target
ABCA2	ENSG00000107331	target
RASSF4	ENSG00000107551	target
LIPA	ENSG00000107798	target
SFXN3	ENSG00000107819	target
MAP3K8	ENSG00000107968	target
WSB1	ENSG00000109046	target
NHERF1	ENSG00000109062	target
IFT20	ENSG00000109083	target
RAPGEF2	ENSG00000109756	target
SELPLG	ENSG00000110876	target
CDKN1B	ENSG00000111276	target
TBC1D30	ENSG00000111490	target
IFNG	ENSG00000111537	target
RWDD1	ENSG00000111832	target
NEDD9	ENSG00000111859	target
FIG4	ENSG00000112367	target
PHF1	ENSG00000112511	target
DAP	ENSG00000112977	target
HBEGF	ENSG00000113070	target
NR3C1	ENSG00000113580	target
SMC4	ENSG00000113810	target
SLC25A36	ENSG00000114120	target
CBLB	ENSG00000114423	target
PIKFYVE	ENSG00000115020	target
SLC35F5	ENSG00000115084	target
ZAP70	ENSG00000115085	target
PPM1G	ENSG00000115241	target
GLS	ENSG00000115419	target
CCT4	ENSG00000115484	target
PRKD3	ENSG00000115825	target
PLCL1	ENSG00000115896	target
DHCR24	ENSG00000116133	target
QSOX1	ENSG00000116260	target
ELAPOR1	ENSG00000116299	target
RCN2	ENSG00000117906	target
NRP2	ENSG00000118257	target
B4GALT6	ENSG00000118276	target
PHF3	ENSG00000118482	target
FBXL5	ENSG00000118564	target
CCDC92	ENSG00000119242	target
C1orf198	ENSG00000119280	target
CNTRL	ENSG00000119397	target
BSPRY	ENSG00000119411	target
MXI1	ENSG00000119950	target
KANSL1	ENSG00000120071	target
KIAA1217	ENSG00000120549	target
UFM1	ENSG00000120686	target
PPP3CC	ENSG00000120910	target
NCAPH	ENSG00000121152	target
CD80	ENSG00000121594	target
CAT	ENSG00000121691	target
ZMYM2	ENSG00000121741	target
LAX1	ENSG00000122188	target
HNRNPA2B1	ENSG00000122566	target
CIT	ENSG00000122966	target
CCDC91	ENSG00000123106	target
DDX39A	ENSG00000123136	target
PFDN5	ENSG00000123349	target
TUBA1B	ENSG00000123416	target
AMD1	ENSG00000123505	target
LPGAT1	ENSG00000123684	target
ATP8A1	ENSG00000124406	target
SERPINB6	ENSG00000124570	target
ATXN1	ENSG00000124788	target
EEF1E1	ENSG00000124802	target
KDM5C	ENSG00000126012	target
IGFLR1	ENSG00000126246	target
ZNF384	ENSG00000126746	target
DLGAP5	ENSG00000126787	target
UBR4	ENSG00000127481	target
KLF2	ENSG00000127528	target
ADORA2A	ENSG00000128271	target
KIF1C	ENSG00000129250	target
CRACR2A	ENSG00000130038	target
SAT1	ENSG00000130066	target
SNX9	ENSG00000130340	target
AFDN	ENSG00000130396	target
ANGPTL6	ENSG00000130812	target
ZNF331	ENSG00000130844	target
SLC35D2	ENSG00000130958	target
GINS2	ENSG00000131153	target
SH3BP5	ENSG00000131370	target
LRRC41	ENSG00000132128	target
RAMP1	ENSG00000132329	target
ANKRD17	ENSG00000132466	target
KDM6B	ENSG00000132510	target
TMCC2	ENSG00000133069	target
RFC3	ENSG00000133119	target
MORC2	ENSG00000133422	target
RRAS2	ENSG00000133818	target
RNF122	ENSG00000133874	target
ERG28	ENSG00000133935	target
ARL8B	ENSG00000134108	target
EDEM1	ENSG00000134109	target
PTPN22	ENSG00000134242	target
SLC38A2	ENSG00000134294	target
DDB2	ENSG00000134574	target
TMED7	ENSG00000134970	target
OSTF1	ENSG00000134996	target
MDFIC	ENSG00000135272	target
ACVR1B	ENSG00000135503	target
GLUL	ENSG00000135821	target
DNAJB2	ENSG00000135924	target
TBC1D4	ENSG00000136111	target
PHF11	ENSG00000136147	target
DCAF7	ENSG00000136485	target
KAT7	ENSG00000136504	target
C9orf78	ENSG00000136819	target
NIBAN2	ENSG00000136830	target
DSCC1	ENSG00000136982	target
UBAP2	ENSG00000137073	target
UQCC2	ENSG00000137288	target
CPEB2	ENSG00000137449	target
GGH	ENSG00000137563	target
KIF23	ENSG00000137807	target
KNL1	ENSG00000137812	target
RTCA	ENSG00000137996	target
CEP55	ENSG00000138180	target
FAM117B	ENSG00000138439	target
SPPL2A	ENSG00000138600	target
HERC3	ENSG00000138641	target
IL21	ENSG00000138684	target
CCNG2	ENSG00000138764	target
SLC39A8	ENSG00000138821	target
RGS3	ENSG00000138835	target
AMIGO2	ENSG00000139211	target
DIAPH3	ENSG00000139734	target
MBNL2	ENSG00000139793	target
WARS1	ENSG00000140105	target
SLC27A2	ENSG00000140284	target
IGF1R	ENSG00000140443	target
RETREG3	ENSG00000141699	target
MYO1F	ENSG00000142347	target
RERE	ENSG00000142599	target
LMO4	ENSG00000143013	target
LYPLAL1	ENSG00000143353	target
ATP8B2	ENSG00000143515	target
ADAM15	ENSG00000143537	target
GALNT2	ENSG00000143641	target
LBR	ENSG00000143815	target
RHOB	ENSG00000143878	target
CHAC2	ENSG00000143942	target
SNRPG	ENSG00000143977	target
TPRKB	ENSG00000144034	target
FBLN7	ENSG00000144152	target
UBXN4	ENSG00000144224	target
OSBPL10	ENSG00000144645	target
ITGA9	ENSG00000144668	target
ATG3	ENSG00000144848	target
TRPC1	ENSG00000144935	target
TIFA	ENSG00000145365	target
MARCHF6	ENSG00000145495	target
SRD5A1	ENSG00000145545	target
PNRC1	ENSG00000146278	target
CHST7	ENSG00000147119	target
EBP	ENSG00000147155	target
MFHAS1	ENSG00000147324	target
DOK2	ENSG00000147443	target
TACC1	ENSG00000147526	target
SIGMAR1	ENSG00000147955	target
UGCG	ENSG00000148154	target
LRSAM1	ENSG00000148356	target
MKI67	ENSG00000148773	target
SESN3	ENSG00000149212	target
PRSS23	ENSG00000150687	target
TIMM8B	ENSG00000150779	target
RILPL2	ENSG00000150977	target
GEMIN6	ENSG00000152147	target
SUV39H2	ENSG00000152455	target
CCDC50	ENSG00000152492	target
CENPH	ENSG00000153044	target
CAST	ENSG00000153113	target
NR4A2	ENSG00000153234	target
TBCEL	ENSG00000154114	target
PITPNC1	ENSG00000154217	target
PRKCA	ENSG00000154229	target
ATP5MC3	ENSG00000154518	target
SLC25A28	ENSG00000155287	target
SAMSN1	ENSG00000155307	target
C16orf87	ENSG00000155330	target
ELMO1	ENSG00000155849	target
DRAM2	ENSG00000156171	target
BACH1	ENSG00000156273	target
PHF6	ENSG00000156531	target
LRP8	ENSG00000157193	target
PAXIP1	ENSG00000157212	target
CCNB2	ENSG00000157456	target
DGKI	ENSG00000157680	target
UBN2	ENSG00000157741	target
NBL1	ENSG00000158747	target
RCAN1	ENSG00000159200	target
UBE2Z	ENSG00000159202	target
ISL2	ENSG00000159556	target
ZNF235	ENSG00000159917	target
RALGDS	ENSG00000160271	target
MAML1	ENSG00000161021	target
POLR3K	ENSG00000161980	target
SNRNP25	ENSG00000161981	target
CMPK1	ENSG00000162368	target
BEND5	ENSG00000162373	target
USP24	ENSG00000162402	target
MXRA8	ENSG00000162576	target
GBP2	ENSG00000162645	target
WDR26	ENSG00000162923	target
HPGDS	ENSG00000163106	target
TMEM183A	ENSG00000163444	target
IFI16	ENSG00000163565	target
ZNF148	ENSG00000163848	target
CDC25A	ENSG00000164045	target
SAP30	ENSG00000164105	target
CSF2	ENSG00000164400	target
SAMD3	ENSG00000164483	target
STEAP1	ENSG00000164647	target
ZNF704	ENSG00000164684	target
CTHRC1	ENSG00000164932	target
NFIL3	ENSG00000165030	target
C9orf64	ENSG00000165118	target
OTUD1	ENSG00000165312	target
INTS6L	ENSG00000165359	target
PGM2L1	ENSG00000165434	target
ARF6	ENSG00000165527	target
NUDT5	ENSG00000165609	target
VSTM4	ENSG00000165633	target
TRUB1	ENSG00000165832	target
PACSIN3	ENSG00000165912	target
AMOTL1	ENSG00000166025	target
RAB8B	ENSG00000166128	target
PLEKHF1	ENSG00000166289	target
MCM7	ENSG00000166508	target
PCLAF	ENSG00000166803	target
CDT1	ENSG00000167513	target
UBXN6	ENSG00000167671	target
PBK	ENSG00000168078	target
ANKS3	ENSG00000168096	target
BMI1	ENSG00000168283	target
RHOH	ENSG00000168421	target
STAT3	ENSG00000168610	target
TET2	ENSG00000168769	target
AFAP1L2	ENSG00000169129	target
RAB24	ENSG00000169228	target
PRELID1	ENSG00000169230	target
CXCL8	ENSG00000169429	target
LRRC45	ENSG00000169683	target
FASN	ENSG00000169710	target
RFNG	ENSG00000169733	target
ITGAM	ENSG00000169896	target
CDK1	ENSG00000170312	target
SERPINB9	ENSG00000170542	target
MTSS1	ENSG00000170873	target
TMEM43	ENSG00000170876	target
LRRC8D	ENSG00000171492	target
PTGER4	ENSG00000171522	target
BCL2L1	ENSG00000171552	target
GNB2	ENSG00000172354	target
HPSE	ENSG00000173083	target
DMRT2	ENSG00000173253	target
ZWILCH	ENSG00000174442	target
CCNE2	ENSG00000175305	target
C11orf68	ENSG00000175573	target
TOMM5	ENSG00000175768	target
RUVBL1	ENSG00000175792	target
LYSMD3	ENSG00000176018	target
SMIM19	ENSG00000176209	target
WSB2	ENSG00000176871	target
TYMS	ENSG00000176890	target
PNMA1	ENSG00000176903	target
SEC24C	ENSG00000176986	target
ANO6	ENSG00000177119	target
TGIF1	ENSG00000177426	target
ZBED2	ENSG00000177494	target
JUN	ENSG00000177606	target
ZC3H12D	ENSG00000178199	target
PLEC	ENSG00000178209	target
MAF	ENSG00000178573	target
CTNNBIP1	ENSG00000178585	target
PER1	ENSG00000179094	target
TMTC2	ENSG00000179104	target
GEMIN4	ENSG00000179409	target
MYADM	ENSG00000179820	target
R3HDM2	ENSG00000179912	target
MCFD2	ENSG00000180398	target
SCRIB	ENSG00000180900	target
BBS12	ENSG00000181004	target
SIAH2	ENSG00000181788	target
TIGIT	ENSG00000181847	target
AP1S2	ENSG00000182287	target
TSHZ2	ENSG00000182463	target
PMCH	ENSG00000183395	target
LHFPL6	ENSG00000183722	target
TSPYL2	ENSG00000184205	target
IRAK1	ENSG00000184216	target
H1-5	ENSG00000184357	target
COPB2	ENSG00000184432	target
DUSP8	ENSG00000184545	target
IMMP2L	ENSG00000184903	target
BRI3BP	ENSG00000184992	target
FAM174B	ENSG00000185442	target
SHC4	ENSG00000185634	target
ZFP36L1	ENSG00000185650	target
BCL9L	ENSG00000186174	target
ZNF75D	ENSG00000186376	target
ZFP91	ENSG00000186660	target
TNFRSF4	ENSG00000186827	target
PPARA	ENSG00000186951	target
MT1X	ENSG00000187193	target
FNBP1	ENSG00000187239	target
FANCA	ENSG00000187741	target
TMEM220	ENSG00000187824	target
PABIR1	ENSG00000187866	target
TUBB4B	ENSG00000188229	target
COMMD6	ENSG00000188243	target
CENPP	ENSG00000188312	target
PDCD1	ENSG00000188389	target
NBR1	ENSG00000188554	target
FAM78B	ENSG00000188859	target
TMEM120A	ENSG00000189077	target
S100A4	ENSG00000196154	target
RYR1	ENSG00000196218	target
AFAP1	ENSG00000196526	target
PPTC7	ENSG00000196850	target
H4C3	ENSG00000197061	target
SND1	ENSG00000197157	target
GSTK1	ENSG00000197448	target
S100A10	ENSG00000197747	target
COLGALT2	ENSG00000198756	target
CD247	ENSG00000198821	target
MAP3K3	ENSG00000198909	target
PJA2	ENSG00000198961	target
CENPW	ENSG00000203760	target
CXorf65	ENSG00000204165	target
TAP2	ENSG00000204267	target
PBX2	ENSG00000204304	target
ZBTB48	ENSG00000204859	target
TRIM13	ENSG00000204977	target
PSMB10	ENSG00000205220	target
DNAJC9	ENSG00000213551	target
MYCBP	ENSG00000214114	target
FANCG	ENSG00000221829	target
TRIM16	ENSG00000221926	target
NDUFAF8	ENSG00000224877	target
APOBEC3G	ENSG00000239713	target
PEDS1	ENSG00000240849	target
TMEM35B	ENSG00000243749	target
GAN	ENSG00000261609	target
RASSF5	ENSG00000266094	target
S1PR2	ENSG00000267534	target
CCL4	ENSG00000275302	target
FCGBP	ENSG00000275395	target
UHRF1	ENSG00000276043	target
IL2	ENSG00000109471	target
INTS15	ENSG00000146576	target
HAUS1	ENSG00000152240	target
U2SURP	ENSG00000163714	target
MAN1B1	ENSG00000177239	target
EIF4EBP1	ENSG00000187840	target
EED	ENSG00000074266	target
POMGNT1	ENSG00000085998	target
SEC23B	ENSG00000101310	target
BCL6	ENSG00000113916	target
P4HA1	ENSG00000122884	target
CHAC1	ENSG00000128965	target
SERPINE2	ENSG00000135919	target
MARCHF7	ENSG00000136536	target
BRD4	ENSG00000141867	target
CAMK2D	ENSG00000145349	target
ZFAND2B	ENSG00000158552	target
PRKRA	ENSG00000180228	target
CRIP1	ENSG00000213145	target
SLC7A5	ENSG00000103257	target
ODC1	ENSG00000115758	target
ATP5MF	ENSG00000241468	target
RCN1	ENSG00000049449	target
LY75	ENSG00000054219	target
GALC	ENSG00000054983	target
UFD1	ENSG00000070010	target
ACAP1	ENSG00000072818	target
UBE2A	ENSG00000077721	target
CD37	ENSG00000104894	target
MTPN	ENSG00000105887	target
ZKSCAN1	ENSG00000106261	target
BAG2	ENSG00000112208	target
GMNN	ENSG00000112312	target
DNMT3A	ENSG00000119772	target
GTF3A	ENSG00000122034	target
PKN1	ENSG00000123143	target
DYRK2	ENSG00000127334	target
YWHAQ	ENSG00000134308	target
GTF2A2	ENSG00000140307	target
TBCD	ENSG00000141556	target
TEX261	ENSG00000144043	target
C9orf72	ENSG00000147894	target
USP25	ENSG00000155313	target
EIF4A2	ENSG00000156976	target
CBS	ENSG00000160200	target
ARPC5	ENSG00000162704	target
ZDHHC3	ENSG00000163812	target
CEP57	ENSG00000166037	target
EEIG1	ENSG00000167106	target
LRATD2	ENSG00000168672	target
RNF139	ENSG00000170881	target
PGP	ENSG00000184207	target
SP140L	ENSG00000185404	target
ZNF277	ENSG00000198839	target
GDI1	ENSG00000203879	target
TMA7	ENSG00000232112	target
TWF2	ENSG00000247596	target
EEF1G	ENSG00000254772	target
N4BP2	ENSG00000078177	target
ATRX	ENSG00000085224	target
JAK2	ENSG00000096968	target
TIMP1	ENSG00000102265	target
FNDC3A	ENSG00000102531	target
ROCK2	ENSG00000134318	target
GZMA	ENSG00000145649	target
TMEM209	ENSG00000146842	target
E2F6	ENSG00000169016	target
COMMD5	ENSG00000170619	target
CALHM6	ENSG00000188820	target
NFE2L1	ENSG00000082641	target
POLR2L	ENSG00000177700	target
M6PR	ENSG00000003056	target
TYMP	ENSG00000025708	target
BAK1	ENSG00000030110	target
HEXB	ENSG00000049860	target
HEBP2	ENSG00000051620	target
SSH1	ENSG00000084112	target
FTL	ENSG00000087086	target
ATXN7L3	ENSG00000087152	target
TBC1D2	ENSG00000095383	target
SLA2	ENSG00000101082	target
ETHE1	ENSG00000105755	target
MEGF9	ENSG00000106780	target
STN1	ENSG00000107960	target
UBTF	ENSG00000108312	target
PHC1	ENSG00000111752	target
CCNC	ENSG00000112237	target
ARRDC3	ENSG00000113369	target
MFSD1	ENSG00000118855	target
CBX3	ENSG00000122565	target
ALKBH7	ENSG00000125652	target
TMX4	ENSG00000125827	target
HECTD3	ENSG00000126107	target
TPST2	ENSG00000128294	target
TEP1	ENSG00000129566	target
XAF1	ENSG00000132530	target
COX16	ENSG00000133983	target
ORC3	ENSG00000135336	target
BLOC1S1	ENSG00000135441	target
NIPSNAP3A	ENSG00000136783	target
DYNC2LI1	ENSG00000138036	target
TPGS1	ENSG00000141933	target
RNPEPL1	ENSG00000142327	target
TNFAIP8	ENSG00000145779	target
SHKBP1	ENSG00000160410	target
CCR5	ENSG00000160791	target
PMVK	ENSG00000163344	target
STT3B	ENSG00000163527	target
LSM6	ENSG00000164167	target
ACSL6	ENSG00000164398	target
STAT6	ENSG00000166888	target
UPF3A	ENSG00000169062	target
TRABD	ENSG00000170638	target
CHCHD1	ENSG00000172586	target
DPY19L1	ENSG00000173852	target
LPCAT4	ENSG00000176454	target
NDUFAF3	ENSG00000178057	target
PLSCR1	ENSG00000188313	target
PPDPF	ENSG00000125534	target
STAP1	ENSG00000035720	target
NUCB2	ENSG00000070081	target
TMED8	ENSG00000100580	target
HOMER2	ENSG00000103942	target
UNC119	ENSG00000109103	target
ASIC1	ENSG00000110881	target
RAB11FIP4	ENSG00000131242	target
LRRC32	ENSG00000137507	target
RGS10	ENSG00000148908	target
PTPN14	ENSG00000152104	target
BATF	ENSG00000156127	target
CDC42SE2	ENSG00000158985	target
PTGIR	ENSG00000160013	target
PDE9A	ENSG00000160191	target
ABTB2	ENSG00000166016	target
GNG8	ENSG00000167414	target
CYSLTR1	ENSG00000173198	target
NELL2	ENSG00000184613	target
CXCR3	ENSG00000186810	target
GPSM3	ENSG00000213654	target
CDC42EP3	ENSG00000163171	target
HDAC7	ENSG00000061273	target
BCS1L	ENSG00000074582	target
ADD2	ENSG00000075340	target
MLF2	ENSG00000089693	target
CDC34	ENSG00000099804	target
CRKL	ENSG00000099942	target
TOMM22	ENSG00000100216	target
CEP192	ENSG00000101639	target
RBM3	ENSG00000102317	target
ARRDC2	ENSG00000105643	target
TMEM33	ENSG00000109133	target
ZNF142	ENSG00000115568	target
LAMTOR2	ENSG00000116586	target
CRY2	ENSG00000121671	target
SNRPD2	ENSG00000125743	target
FGD3	ENSG00000127084	target
ITFG1	ENSG00000129636	target
C1QTNF6	ENSG00000133466	target
DPF2	ENSG00000133884	target
NEK3	ENSG00000136098	target
MYG1	ENSG00000139637	target
DEGS1	ENSG00000143753	target
TRIM41	ENSG00000146063	target
GSTO1	ENSG00000148834	target
FOXO1	ENSG00000150907	target
RNF111	ENSG00000157450	target
JMJD8	ENSG00000161999	target
BDH2	ENSG00000164039	target
ATG16L2	ENSG00000168010	target
POLH	ENSG00000170734	target
PAQR8	ENSG00000170915	target
PHC3	ENSG00000173889	target
DDIT3	ENSG00000175197	target
ANKLE2	ENSG00000176915	target
ZNF71	ENSG00000197951	target
SFI1	ENSG00000198089	target
SLC48A1	ENSG00000211584	target
REV3L	ENSG00000009413	target
RABGAP1	ENSG00000011454	target
ATP2C1	ENSG00000017260	target
DTNBP1	ENSG00000047579	target
TRAF3IP2	ENSG00000056972	target
CHI3L2	ENSG00000064886	target
PDE4A	ENSG00000065989	target
PTPN18	ENSG00000072135	target
IPCEF1	ENSG00000074706	target
ULK2	ENSG00000083290	target
SLC25A24	ENSG00000085491	target
FKBP5	ENSG00000096060	target
ABL1	ENSG00000097007	target
FMR1	ENSG00000102081	target
KLF8	ENSG00000102349	target
XYLT1	ENSG00000103489	target
GSDMD	ENSG00000104518	target
TGFB1	ENSG00000105329	target
DOCK8	ENSG00000107099	target
ZMIZ1	ENSG00000108175	target
SC5D	ENSG00000109929	target
BCL7A	ENSG00000110987	target
OAS3	ENSG00000111331	target
ATN1	ENSG00000111676	target
POLR3G	ENSG00000113356	target
ID2	ENSG00000115738	target
KLHL12	ENSG00000117153	target
CCR2	ENSG00000121807	target
SOX4	ENSG00000124766	target
EML2	ENSG00000125746	target
MAX	ENSG00000125952	target
THRA	ENSG00000126351	target
ZFP36	ENSG00000128016	target
GADD45G	ENSG00000130222	target
EIF2S3	ENSG00000130741	target
CA6	ENSG00000131686	target
ZBED3	ENSG00000132846	target
IAH1	ENSG00000134330	target
SETDB2	ENSG00000136169	target
IGF2BP3	ENSG00000136231	target
SLC49A4	ENSG00000138463	target
GPAT3	ENSG00000138678	target
FRMD6	ENSG00000139926	target
UBE2Q2	ENSG00000140367	target
ARRB2	ENSG00000141480	target
TP53BP2	ENSG00000143514	target
USP6NL	ENSG00000148429	target
NMRAL1	ENSG00000153406	target
ADAMTS1	ENSG00000154734	target
HKDC1	ENSG00000156510	target
DMTN	ENSG00000158856	target
STC1	ENSG00000159167	target
RRP1B	ENSG00000160208	target
IKZF3	ENSG00000161405	target
EIF5A2	ENSG00000163577	target
CDCA7L	ENSG00000164649	target
ARHGAP12	ENSG00000165322	target
PTER	ENSG00000165983	target
BEX3	ENSG00000166681	target
ABCA3	ENSG00000167972	target
PDE7B	ENSG00000171408	target
RARG	ENSG00000172819	target
HOXB2	ENSG00000173917	target
GK5	ENSG00000175066	target
TCP11L1	ENSG00000176148	target
DPY19L3	ENSG00000178904	target
DHTKD1	ENSG00000181192	target
ANXA2	ENSG00000182718	target
CLDN5	ENSG00000184113	target
ZDHHC23	ENSG00000184307	target
SIGIRR	ENSG00000185187	target
PDE6G	ENSG00000185527	target
MYBL1	ENSG00000185697	target
TRABD2A	ENSG00000186854	target
TNFRSF18	ENSG00000186891	target
MAPK12	ENSG00000188130	target
FAM83G	ENSG00000188522	target
GMFB	ENSG00000197045	target
ENTPD6	ENSG00000197586	target
BAG6	ENSG00000204463	target
SNX2	ENSG00000205302	target
KIAA0040	ENSG00000235750	target
ORAI1	ENSG00000276045	target
SSTR3	ENSG00000278195	target
INTS13	ENSG00000064102	target
CSNK1D	ENSG00000141551	target
GLRX2	ENSG00000023572	target
ZDHHC2	ENSG00000104219	target
CASC3	ENSG00000108349	target
KMT5B	ENSG00000110066	target
CHPF	ENSG00000123989	target
CLN6	ENSG00000128973	target
PHF10	ENSG00000130024	target
SH3BGRL3	ENSG00000142669	target
ZNF593	ENSG00000142684	target
NDUFB8	ENSG00000166136	target
BPTF	ENSG00000171634	target
SVIP	ENSG00000198168	target
TFDP1	ENSG00000198176	target
DEPDC1	ENSG00000024526	target
BRAT1	ENSG00000106009	target
UFC1	ENSG00000143222	target
PTTG1	ENSG00000164611	target
ECI1	ENSG00000167969	target
H3-3A	ENSG00000163041	target
MB21D2	ENSG00000180611	target
MICAL3	ENSG00000243156	target
CCL5	ENSG00000271503	target
PNPLA4	ENSG00000006757	target
TRAF3IP3	ENSG00000009790	target
ZNF839	ENSG00000022976	target
NDUFS1	ENSG00000023228	target
ARID4A	ENSG00000032219	target
LCP2	ENSG00000043462	target
YTHDC2	ENSG00000047188	target
POLR1H	ENSG00000066379	target
NUCKS1	ENSG00000069275	target
DLG3	ENSG00000082458	target
OXCT1	ENSG00000083720	target
FAM234B	ENSG00000084444	target
RBBP9	ENSG00000089050	target
SNAP23	ENSG00000092531	target
EZR	ENSG00000092820	target
CBX5	ENSG00000094916	target
ARCN1	ENSG00000095139	target
TMEM14A	ENSG00000096092	target
CEP170B	ENSG00000099814	target
KCTD17	ENSG00000100379	target
GSS	ENSG00000100983	target
VAPA	ENSG00000101558	target
MYL12A	ENSG00000101608	target
STUB1	ENSG00000103266	target
DMXL2	ENSG00000104093	target
RASAL3	ENSG00000105122	target
ATP1A3	ENSG00000105409	target
MEGF8	ENSG00000105429	target
SMG9	ENSG00000105771	target
IQCE	ENSG00000106012	target
EZH2	ENSG00000106462	target
MEST	ENSG00000106484	target
TRIM14	ENSG00000106785	target
MTMR4	ENSG00000108389	target
MLX	ENSG00000108788	target
PRPF40B	ENSG00000110844	target
IL23A	ENSG00000110944	target
CRYBG1	ENSG00000112297	target
HMGCS1	ENSG00000112972	target
BRD8	ENSG00000112983	target
KIF20A	ENSG00000112984	target
TMCO6	ENSG00000113119	target
NRBP1	ENSG00000115216	target
UXS1	ENSG00000115652	target
MSH6	ENSG00000116062	target
LGALS8	ENSG00000116977	target
SSX2IP	ENSG00000117155	target
ABCD3	ENSG00000117528	target
KPTN	ENSG00000118162	target
IDE	ENSG00000119912	target
LRP11	ENSG00000120256	target
APAF1	ENSG00000120868	target
EPHX2	ENSG00000120915	target
ECHDC2	ENSG00000121310	target
COPA	ENSG00000122218	target
BBS9	ENSG00000122507	target
DCAF10	ENSG00000122741	target
USP22	ENSG00000124422	target
WRNIP1	ENSG00000124535	target
XPO5	ENSG00000124571	target
SPECC1	ENSG00000128487	target
MKLN1	ENSG00000128585	target
TMOD2	ENSG00000128872	target
GTPBP3	ENSG00000130299	target
STK33	ENSG00000130413	target
PCNA	ENSG00000132646	target
POMP	ENSG00000132963	target
DSTYK	ENSG00000133059	target
AP4B1	ENSG00000134262	target
RAB33A	ENSG00000134594	target
ERCC5	ENSG00000134899	target
TEX2	ENSG00000136478	target
EPRS1	ENSG00000136628	target
RALGPS1	ENSG00000136828	target
STXBP1	ENSG00000136854	target
CALHM2	ENSG00000138172	target
ASNSD1	ENSG00000138381	target
GLCE	ENSG00000138604	target
NAAA	ENSG00000138744	target
GLIPR1	ENSG00000139278	target
ESYT1	ENSG00000139641	target
TSPAN3	ENSG00000140391	target
GAS8	ENSG00000141013	target
ZNF287	ENSG00000141040	target
IGFBP4	ENSG00000141753	target
SAMD1	ENSG00000141858	target
DIS3L2	ENSG00000144535	target
POMGNT2	ENSG00000144647	target
PLK2	ENSG00000145632	target
TMEM168	ENSG00000146802	target
TMEM138	ENSG00000149483	target
SEC24D	ENSG00000150961	target
TMEM267	ENSG00000151881	target
USP12	ENSG00000152484	target
NTAN1	ENSG00000157045	target
PKNOX1	ENSG00000160199	target
TAOK1	ENSG00000160551	target
CRTC2	ENSG00000160741	target
PRPSAP1	ENSG00000161542	target
CAMLG	ENSG00000164615	target
ZNF367	ENSG00000165244	target
NDRG2	ENSG00000165795	target
RIC3	ENSG00000166405	target
PEX11A	ENSG00000166821	target
RAB4B	ENSG00000167578	target
GAA	ENSG00000171298	target
RASGRP1	ENSG00000172575	target
EGFL7	ENSG00000172889	target
CBX2	ENSG00000173894	target
AURKAIP1	ENSG00000175756	target
FAM91A1	ENSG00000176853	target
CASKIN2	ENSG00000177303	target
RABEP2	ENSG00000177548	target
PAK2	ENSG00000180370	target
GPR157	ENSG00000180758	target
RAP2B	ENSG00000181467	target
COPG1	ENSG00000181789	target
IDH2	ENSG00000182054	target
H2BC21	ENSG00000184678	target
RNLS	ENSG00000184719	target
AGRN	ENSG00000188157	target
CIBAR1	ENSG00000188343	target
ANXA4	ENSG00000196975	target
ZNF695	ENSG00000197472	target
DNM3	ENSG00000197959	target
ANKRD35	ENSG00000198483	target
DCLRE1A	ENSG00000198924	target
FAM229B	ENSG00000203778	target
BRD2	ENSG00000204256	target
ABHD16A	ENSG00000204427	target
GABBR1	ENSG00000204681	target
SLFN12L	ENSG00000205045	target
ARL2	ENSG00000213465	target
CTSO	ENSG00000256043	target
BRD9	ENSG00000028310	target
HACD3	ENSG00000074696	target
NKG7	ENSG00000105374	target
BICRAL	ENSG00000112624	target
PPM1M	ENSG00000164088	target
SNAPC3	ENSG00000164975	target
CCDC85B	ENSG00000175602	target
ITM2A	ENSG00000078596	target
UBR5	ENSG00000104517	target
ACTR1B	ENSG00000115073	target
GBP1	ENSG00000117228	target
DUSP4	ENSG00000120875	target
PARVG	ENSG00000138964	target
TNIK	ENSG00000154310	target
PKIA	ENSG00000171033	target
DVL2	ENSG00000004975	target
SPATA20	ENSG00000006282	target
FARP2	ENSG00000006607	target
CEP68	ENSG00000011523	target
RALBP1	ENSG00000017797	target
ATP6V0A1	ENSG00000033627	target
FOXP3	ENSG00000049768	target
TARBP1	ENSG00000059588	target
EPN1	ENSG00000063245	target
SEC61A2	ENSG00000065665	target
TP53BP1	ENSG00000067369	target
HDAC4	ENSG00000068024	target
POLB	ENSG00000070501	target
PRKACA	ENSG00000072062	target
C3orf18	ENSG00000088543	target
TESC	ENSG00000088992	target
BRAP	ENSG00000089234	target
GOLGA3	ENSG00000090615	target
ANKRD54	ENSG00000100124	target
PMM1	ENSG00000100417	target
DAAM1	ENSG00000100592	target
GSKIP	ENSG00000100744	target
CDS2	ENSG00000101290	target
GLA	ENSG00000102393	target
ACD	ENSG00000102977	target
PARD6A	ENSG00000102981	target
CDIPT	ENSG00000103502	target
VPS35L	ENSG00000103544	target
NBN	ENSG00000104320	target
LAPTM4B	ENSG00000104341	target
MED25	ENSG00000104973	target
CCNE1	ENSG00000105173	target
ZNHIT1	ENSG00000106400	target
SUSD1	ENSG00000106868	target
CREB3	ENSG00000107175	target
ZFAND5	ENSG00000107372	target
FBXW4	ENSG00000107829	target
FBXO3	ENSG00000110429	target
COMMD9	ENSG00000110442	target
NAA40	ENSG00000110583	target
SUDS3	ENSG00000111707	target
BTN3A3	ENSG00000111801	target
PFDN1	ENSG00000113068	target
CEP70	ENSG00000114107	target
INO80B	ENSG00000115274	target
CNPPD1	ENSG00000115649	target
RAB3GAP1	ENSG00000115839	target
PHF13	ENSG00000116273	target
FBXO6	ENSG00000116663	target
AKAP7	ENSG00000118507	target
IFT43	ENSG00000119650	target
DNAL1	ENSG00000119661	target
TTLL5	ENSG00000119685	target
PDLIM2	ENSG00000120913	target
CEP89	ENSG00000121289	target
ZCCHC17	ENSG00000121766	target
ENKD1	ENSG00000124074	target
AAMP	ENSG00000127837	target
APOL3	ENSG00000128284	target
APOL2	ENSG00000128335	target
HELZ2	ENSG00000130589	target
TMEM160	ENSG00000130748	target
MAP3K10	ENSG00000130758	target
ACSS2	ENSG00000131069	target
CHMP1A	ENSG00000131165	target
INPP5K	ENSG00000132376	target
ZSWIM3	ENSG00000132801	target
ZNF414	ENSG00000133250	target
FBH1	ENSG00000134452	target
VILL	ENSG00000136059	target
SAP130	ENSG00000136715	target
DCTN3	ENSG00000137100	target
ARHGEF39	ENSG00000137135	target
DENND4C	ENSG00000137145	target
ANKRD42	ENSG00000137494	target
IFI44L	ENSG00000137959	target
SBNO1	ENSG00000139697	target
VPS33A	ENSG00000139719	target
KATNB1	ENSG00000140854	target
ARSG	ENSG00000141337	target
SLC27A3	ENSG00000143554	target
EML4	ENSG00000143924	target
MMUT	ENSG00000146085	target
MEPCE	ENSG00000146834	target
CETN2	ENSG00000147400	target
TAOK2	ENSG00000149930	target
ING1	ENSG00000153487	target
PHKG2	ENSG00000156873	target
NIT1	ENSG00000158793	target
BRSK1	ENSG00000160469	target
RUSC1	ENSG00000160753	target
PPP1R35	ENSG00000160813	target
PPP1R16A	ENSG00000160972	target
U2AF1L4	ENSG00000161265	target
CLPB	ENSG00000162129	target
KBTBD8	ENSG00000163376	target
ELP6	ENSG00000163832	target
DPCD	ENSG00000166171	target
GOLM2	ENSG00000166734	target
HDHD2	ENSG00000167220	target
ENGASE	ENSG00000167280	target
SERTAD3	ENSG00000167565	target
HDGFL2	ENSG00000167674	target
TMC8	ENSG00000167895	target
ULK4	ENSG00000168038	target
MLKL	ENSG00000168404	target
ING2	ENSG00000168556	target
TBC1D10B	ENSG00000169221	target
SNUPN	ENSG00000169371	target
SIN3A	ENSG00000169375	target
ARL13B	ENSG00000169379	target
AVEN	ENSG00000169857	target
ACYP2	ENSG00000170634	target
FAM241B	ENSG00000171224	target
CLSTN1	ENSG00000171603	target
SNTB1	ENSG00000172164	target
CNP	ENSG00000173786	target
SLC29A2	ENSG00000174669	target
B4GAT1	ENSG00000174684	target
BRMS1	ENSG00000174744	target
PTDSS2	ENSG00000174915	target
B3GNTL1	ENSG00000175711	target
SLCO3A1	ENSG00000176463	target
DEAF1	ENSG00000177030	target
WDR73	ENSG00000177082	target
PNPLA2	ENSG00000177666	target
UBA7	ENSG00000182179	target
SUMO3	ENSG00000184900	target
LMLN	ENSG00000185621	target
SLC52A2	ENSG00000185803	target
BCAP31	ENSG00000185825	target
AIDA	ENSG00000186063	target
MORN2	ENSG00000188010	target
PTAR1	ENSG00000188647	target
TRAPPC4	ENSG00000196655	target
AP2A1	ENSG00000196961	target
TBC1D9B	ENSG00000197226	target
IPP	ENSG00000197429	target
GZMM	ENSG00000197540	target
DDX39B	ENSG00000198563	target
PRC1	ENSG00000198901	target
RTL8A	ENSG00000203950	target
CSNK2B	ENSG00000204435	target
GNL1	ENSG00000204590	target
ATXN2	ENSG00000204842	target
TCTN1	ENSG00000204852	target
TMEM256	ENSG00000205544	target
NCKIPSD	ENSG00000213672	target
STARD10	ENSG00000214530	target
APOBEC3D	ENSG00000243811	target
CD79B	ENSG00000007312	target
DLG1	ENSG00000075711	target
FGFR1	ENSG00000077782	target
SYNJ2	ENSG00000078269	target
MLLT10	ENSG00000078403	target
PGM1	ENSG00000079739	target
NDUFB2	ENSG00000090266	target
SEL1L3	ENSG00000091490	target
EMD	ENSG00000102119	target
PYCARD	ENSG00000103490	target
PLEKHA1	ENSG00000107679	target
CCNY	ENSG00000108100	target
C2CD5	ENSG00000111731	target
SRSF9	ENSG00000111786	target
ASF1A	ENSG00000111875	target
C1orf21	ENSG00000116667	target
STAG1	ENSG00000118007	target
UBE2B	ENSG00000119048	target
SLF2	ENSG00000119906	target
ARMH3	ENSG00000120029	target
TMEM39B	ENSG00000121775	target
UROD	ENSG00000126088	target
CFP	ENSG00000126759	target
SLC10A3	ENSG00000126903	target
ATP8B3	ENSG00000130270	target
COX4I1	ENSG00000131143	target
PIAS3	ENSG00000131788	target
RFX1	ENSG00000132005	target
NUP210	ENSG00000132182	target
CDK8	ENSG00000132964	target
SLF1	ENSG00000133302	target
AGTPBP1	ENSG00000135049	target
CIDEB	ENSG00000136305	target
VEZF1	ENSG00000136451	target
CNPY3	ENSG00000137161	target
NRM	ENSG00000137404	target
NUMA1	ENSG00000137497	target
PLCB2	ENSG00000137841	target
IFI44	ENSG00000137965	target
SS18	ENSG00000141380	target
DCAF6	ENSG00000143164	target
NXPE3	ENSG00000144815	target
NUS1	ENSG00000153989	target
BRPF1	ENSG00000156983	target
ARHGAP27	ENSG00000159314	target
LARP4	ENSG00000161813	target
ATF3	ENSG00000162772	target
FBXO41	ENSG00000163013	target
RPRD2	ENSG00000163125	target
HELQ	ENSG00000163312	target
DIS3L	ENSG00000166938	target
ING5	ENSG00000168395	target
ADAM9	ENSG00000168615	target
DCXR	ENSG00000169738	target
CHD3	ENSG00000170004	target
NIPA1	ENSG00000170113	target
PARP15	ENSG00000173200	target
ZDHHC13	ENSG00000177054	target
PCED1B	ENSG00000179715	target
FRAT2	ENSG00000181274	target
EXOC7	ENSG00000182473	target
HMGN4	ENSG00000182952	target
NUDT14	ENSG00000183828	target
TOP1MT	ENSG00000184428	target
UBQLN2	ENSG00000188021	target
METTL9	ENSG00000197006	target
ZNF580	ENSG00000213015	target
ARPC1A	ENSG00000241685	target
ZNF512	ENSG00000243943	target
PIP4K2B	ENSG00000276293	target
HAGH	ENSG00000063854	target
ARAF	ENSG00000078061	target
RFX3	ENSG00000080298	target
PTPRC	ENSG00000081237	target
MTIF2	ENSG00000085760	target
RAB11FIP3	ENSG00000090565	target
KIF4A	ENSG00000090889	target
CYB5R3	ENSG00000100243	target
GZMH	ENSG00000100450	target
GSTZ1	ENSG00000100577	target
FCGRT	ENSG00000104870	target
THG1L	ENSG00000113272	target
RAD50	ENSG00000113522	target
HES1	ENSG00000114315	target
KIF21B	ENSG00000116852	target
NSL1	ENSG00000117697	target
SIRT5	ENSG00000124523	target
OARD1	ENSG00000124596	target
CASD1	ENSG00000127995	target
CDK7	ENSG00000134058	target
KCNK1	ENSG00000135750	target
RABGGTB	ENSG00000137955	target
RAB15	ENSG00000139998	target
UBAP2L	ENSG00000143569	target
STK11IP	ENSG00000144589	target
INCENP	ENSG00000149503	target
RASSF3	ENSG00000153179	target
UBALD1	ENSG00000153443	target
RMND5A	ENSG00000153561	target
MITD1	ENSG00000158411	target
DUSP23	ENSG00000158716	target
HK2	ENSG00000159399	target
TMPRSS3	ENSG00000160183	target
SELENON	ENSG00000162430	target
MEGF6	ENSG00000162591	target
PGRMC2	ENSG00000164040	target
FMC1	ENSG00000164898	target
YWHAZ	ENSG00000164924	target
TMEM65	ENSG00000164983	target
AQP3	ENSG00000165272	target
GTF2A1	ENSG00000165417	target
CACNB3	ENSG00000167535	target
UGP2	ENSG00000169764	target
SLC30A1	ENSG00000170385	target
EMB	ENSG00000170571	target
GSTA4	ENSG00000170899	target
TMEM134	ENSG00000172663	target
SULT1B1	ENSG00000173597	target
HRAS	ENSG00000174775	target
CTDSP2	ENSG00000175215	target
TMEM107	ENSG00000179029	target
ZNRF2	ENSG00000180233	target
HYKK	ENSG00000188266	target
ZP3	ENSG00000188372	target
DPYD	ENSG00000188641	target
SPTAN1	ENSG00000197694	target
PRIM1	ENSG00000198056	target
MXD3	ENSG00000213347	target
DENND11	ENSG00000257093	target
RDM1	ENSG00000278023	target
DEF6	ENSG00000023892	target
OTUD5	ENSG00000068308	target
MCM2	ENSG00000073111	target
MCM6	ENSG00000076003	target
CERS4	ENSG00000090661	target
NLRP1	ENSG00000091592	target
CDC6	ENSG00000094804	target
AHCY	ENSG00000101444	target
PIM2	ENSG00000102096	target
STX4	ENSG00000103496	target
SPG11	ENSG00000104133	target
LSM5	ENSG00000106355	target
LRRC59	ENSG00000108829	target
TRIM38	ENSG00000112343	target
MAP7D1	ENSG00000116871	target
PHF19	ENSG00000119403	target
GPSM2	ENSG00000121957	target
ITPR2	ENSG00000123104	target
AHDC1	ENSG00000126705	target
THEMIS2	ENSG00000130775	target
SH3BGRL	ENSG00000131171	target
LIMD2	ENSG00000136490	target
ESD	ENSG00000139684	target
PLCL2	ENSG00000154822	target
VBP1	ENSG00000155959	target
SKI	ENSG00000157933	target
CALM3	ENSG00000160014	target
ST6GALNAC6	ENSG00000160408	target
GRPEL2	ENSG00000164284	target
LRR1	ENSG00000165501	target
TAF1D	ENSG00000166012	target
GOLGB1	ENSG00000173230	target
IMPDH2	ENSG00000178035	target
SNRPE	ENSG00000182004	target
C11orf54	ENSG00000182919	target
TMEM50A	ENSG00000183726	target
HELZ	ENSG00000198265	target
TXNRD1	ENSG00000198431	target
UFL1	ENSG00000014123	target
ATG5	ENSG00000057663	target
PREP	ENSG00000085377	target
ECHDC1	ENSG00000093144	target
MED23	ENSG00000112282	target
SNX3	ENSG00000112335	target
NUP43	ENSG00000120253	target
LATS1	ENSG00000131023	target
PPT1	ENSG00000131238	target
MAP3K7	ENSG00000135341	target
SHPRH	ENSG00000146414	target
ZUP1	ENSG00000153975	target
MRS2	ENSG00000124532	target
ZNF7	ENSG00000147789	target
GNG4	ENSG00000168243	target
TRIM26	ENSG00000234127	target
IFFO1	ENSG00000010295	target
WAS	ENSG00000015285	target
IDH3G	ENSG00000067829	target
FAM50A	ENSG00000071859	target
UPRT	ENSG00000094841	target
DIDO1	ENSG00000101191	target
RRP36	ENSG00000124541	target
HNRNPH2	ENSG00000126945	target
SP110	ENSG00000135899	target
IL11RA	ENSG00000137070	target
VAMP1	ENSG00000139190	target
ZNF514	ENSG00000144026	target
EIF2A	ENSG00000144895	target
ANKAR	ENSG00000151687	target
PABIR2	ENSG00000156504	target
C21orf58	ENSG00000160298	target
DCAF16	ENSG00000163257	target
MZB1	ENSG00000170476	target
TCEA2	ENSG00000171703	target
SP3	ENSG00000172845	target
HECTD4	ENSG00000173064	target
SH2B1	ENSG00000178188	target
L3MBTL1	ENSG00000185513	target
EXD3	ENSG00000187609	target
ZNF785	ENSG00000197162	target
C1D	ENSG00000197223	target
EME2	ENSG00000197774	target
VPS13A	ENSG00000197969	target
VAMP2	ENSG00000220205	target
ZBTB22	ENSG00000236104	target
EID1	ENSG00000255302	target
MLLT6	ENSG00000275023	target
LPIN2	ENSG00000101577	target
FANCI	ENSG00000140525	target
PRKACB	ENSG00000142875	target
MX1	ENSG00000157601	target
CARMIL2	ENSG00000159753	target
PLK1	ENSG00000166851	target
SMARCC1	ENSG00000173473	target
GCLC	ENSG00000001084	target
GCLM	ENSG00000023909	target
ADSS2	ENSG00000035687	target
CLEC16A	ENSG00000038532	target
MSANTD3	ENSG00000066697	target
MGAT4A	ENSG00000071073	target
KEAP1	ENSG00000079999	target
CASS4	ENSG00000087589	target
PPM1F	ENSG00000100034	target
DMC1	ENSG00000100206	target
SDR39U1	ENSG00000100445	target
HAGHL	ENSG00000103253	target
ANTKMT	ENSG00000103254	target
PITRM1	ENSG00000107959	target
ST3GAL4	ENSG00000110080	target
CAND1	ENSG00000111530	target
HEMK1	ENSG00000114735	target
ACVR2B	ENSG00000114739	target
ASB3	ENSG00000115239	target
CLIP4	ENSG00000115295	target
TMEM115	ENSG00000126062	target
MIS18BP1	ENSG00000129534	target
DYNC1LI2	ENSG00000135720	target
PDCL	ENSG00000136940	target
RNF38	ENSG00000137075	target
MDC1	ENSG00000137337	target
GCHFR	ENSG00000137880	target
ABI2	ENSG00000138443	target
SLC38A6	ENSG00000139974	target
PGD	ENSG00000142657	target
SYTL1	ENSG00000142765	target
ALDH9A1	ENSG00000143149	target
FBXO10	ENSG00000147912	target
SLC7A11	ENSG00000151012	target
GNE	ENSG00000159921	target
KLHL21	ENSG00000162413	target
PAQR3	ENSG00000163291	target
ICA1L	ENSG00000163596	target
STXBP5	ENSG00000164506	target
ILK	ENSG00000166333	target
FTH1	ENSG00000167996	target
COG7	ENSG00000168434	target
C11orf24	ENSG00000171067	target
CHD7	ENSG00000171316	target
TALDO1	ENSG00000177156	target
ULK1	ENSG00000177169	target
GTPBP6	ENSG00000178605	target
POU6F1	ENSG00000184271	target
NEMP2	ENSG00000189362	target
IL1RAP	ENSG00000196083	target
HAUS3	ENSG00000214367	target
EID3	ENSG00000255150	target
CAP1	ENSG00000131236	target
FBXO46	ENSG00000177051	target
CCNB1	ENSG00000134057	target
SAMD9L	ENSG00000177409	target
APPBP2	ENSG00000062725	target
NDUFB4	ENSG00000065518	target
CBY1	ENSG00000100211	target
RNF141	ENSG00000110315	target
ABHD14B	ENSG00000114779	target
PPCS	ENSG00000127125	target
FUOM	ENSG00000148803	target
ANKRD11	ENSG00000167522	target
SF3B5	ENSG00000169976	target
RNASEH2C	ENSG00000172922	target
PRKAG1	ENSG00000181929	target
FBXL6	ENSG00000182325	target
PTRH1	ENSG00000187024	target
EIF2AK2	ENSG00000055332	target
CLEC2B	ENSG00000110852	target
SELENOK	ENSG00000113811	target
IL6ST	ENSG00000134352	target
VPS36	ENSG00000136100	target
SETD1B	ENSG00000139718	target
PPP1R15B	ENSG00000158615	target
MIOS	ENSG00000164654	target
CNBP	ENSG00000169714	target
RBKS	ENSG00000171174	target
CWC25	ENSG00000273559	target
NDUFAF7	ENSG00000003509	target
ARHGAP33	ENSG00000004777	target
SLC30A9	ENSG00000014824	target
ZDHHC6	ENSG00000023041	target
NR1H3	ENSG00000025434	target
AGA	ENSG00000038002	target
R3HDM1	ENSG00000048991	target
UTS2	ENSG00000049247	target
PTCD2	ENSG00000049883	target
OPN3	ENSG00000054277	target
ATP11B	ENSG00000058063	target
CA11	ENSG00000063180	target
CACNB1	ENSG00000067191	target
METTL22	ENSG00000067365	target
PIGB	ENSG00000069943	target
NDE1	ENSG00000072864	target
SLC25A40	ENSG00000075303	target
SPAG5	ENSG00000076382	target
FAM76B	ENSG00000077458	target
MCCC1	ENSG00000078070	target
FKBP7	ENSG00000079150	target
SRCAP	ENSG00000080603	target
ALG9	ENSG00000086848	target
TPX2	ENSG00000088325	target
MAPKAPK5	ENSG00000089022	target
PPP2R3C	ENSG00000092020	target
RNF31	ENSG00000092098	target
CENPM	ENSG00000100162	target
CHKB	ENSG00000100288	target
RBX1	ENSG00000100387	target
VCPKMT	ENSG00000100483	target
IFT52	ENSG00000101052	target
PABPC1L	ENSG00000101104	target
NDUFAF5	ENSG00000101247	target
ACOT8	ENSG00000101473	target
ZNF821	ENSG00000102984	target
CLUAP1	ENSG00000103351	target
ZFAND1	ENSG00000104231	target
CLASRP	ENSG00000104859	target
PIH1D1	ENSG00000104872	target
TBC1D17	ENSG00000104946	target
PTOV1	ENSG00000104960	target
POLR2I	ENSG00000105258	target
DUS4L	ENSG00000105865	target
STX1A	ENSG00000106089	target
NOD1	ENSG00000106100	target
NUDT1	ENSG00000106268	target
MOSPD3	ENSG00000106330	target
PCOLCE	ENSG00000106333	target
CLDN15	ENSG00000106404	target
NMRK1	ENSG00000106733	target
SEC23IP	ENSG00000107651	target
AKAP10	ENSG00000108599	target
FNBP4	ENSG00000109920	target
GTF2H1	ENSG00000110768	target
FOXM1	ENSG00000111206	target
FBXO9	ENSG00000112146	target
C6orf62	ENSG00000112308	target
CRBN	ENSG00000113851	target
FOXP1	ENSG00000114861	target
DGUOK	ENSG00000114956	target
STK16	ENSG00000115661	target
PARK7	ENSG00000116288	target
PHTF1	ENSG00000116793	target
CTBS	ENSG00000117151	target
VAMP4	ENSG00000117533	target
MAPKAP1	ENSG00000119487	target
AFTPH	ENSG00000119844	target
WDR11	ENSG00000120008	target
PSPC1	ENSG00000121390	target
PILRB	ENSG00000121716	target
NAA60	ENSG00000122390	target
RWDD3	ENSG00000122481	target
POLM	ENSG00000122678	target
EBPL	ENSG00000123179	target
HJURP	ENSG00000123485	target
PIGT	ENSG00000124155	target
ARFGEF2	ENSG00000124198	target
MTRR	ENSG00000124275	target
STAMBP	ENSG00000124356	target
SLC35B3	ENSG00000124786	target
TTF1	ENSG00000125482	target
MED1	ENSG00000125686	target
RHOT1	ENSG00000126858	target
STYXL1	ENSG00000127952	target
POT1	ENSG00000128513	target
ICE2	ENSG00000128915	target
SLC44A2	ENSG00000129353	target
PGAP6	ENSG00000129925	target
LGALS3	ENSG00000131981	target
DPH2	ENSG00000132768	target
C12orf29	ENSG00000133641	target
CEPT1	ENSG00000134255	target
CKAP2	ENSG00000136108	target
STAM	ENSG00000136738	target
SELENOI	ENSG00000138018	target
SLC15A4	ENSG00000139370	target
ESCO1	ENSG00000141446	target
TXNL4A	ENSG00000141759	target
USP21	ENSG00000143258	target
BDP1	ENSG00000145734	target
RARS2	ENSG00000146282	target
MINDY3	ENSG00000148481	target
CENPU	ENSG00000151725	target
TXNDC11	ENSG00000153066	target
CFDP1	ENSG00000153774	target
HSPA13	ENSG00000155304	target
NDUFAF6	ENSG00000156170	target
MAP3K7CL	ENSG00000156265	target
PCGF6	ENSG00000156374	target
NTAQ1	ENSG00000156795	target
PRR14	ENSG00000156858	target
ODR4	ENSG00000157181	target
AP3S2	ENSG00000157823	target
RAB28	ENSG00000157869	target
GPBP1L1	ENSG00000159592	target
SIK3	ENSG00000160584	target
TYW5	ENSG00000162971	target
MAIP1	ENSG00000162972	target
SCNM1	ENSG00000163156	target
RNF149	ENSG00000163162	target
GTPBP8	ENSG00000163607	target
TENT2	ENSG00000164329	target
FASTK	ENSG00000164896	target
HPRT1	ENSG00000165704	target
ANKDD1A	ENSG00000166839	target
PATL1	ENSG00000166889	target
RAB4A	ENSG00000168118	target
USP39	ENSG00000168883	target
CKAP2L	ENSG00000169607	target
SPNS1	ENSG00000169682	target
ADPRM	ENSG00000170222	target
RALGAPB	ENSG00000170471	target
ARMC10	ENSG00000170632	target
ZFAND4	ENSG00000172671	target
CES2	ENSG00000172831	target
ATR	ENSG00000175054	target
TBC1D10C	ENSG00000175463	target
PIDD1	ENSG00000177595	target
TMEM94	ENSG00000177728	target
GALNT11	ENSG00000178234	target
FAM219B	ENSG00000178761	target
CTC1	ENSG00000178971	target
SHARPIN	ENSG00000179526	target
SLC36A4	ENSG00000180773	target
ZDHHC20	ENSG00000180776	target
HSF1	ENSG00000185122	target
PRPF39	ENSG00000185246	target
GPR89B	ENSG00000188092	target
CLN3	ENSG00000188603	target
STRN3	ENSG00000196792	target
PIGN	ENSG00000197563	target
SLC9A8	ENSG00000197818	target
IRAK4	ENSG00000198001	target
TMEM116	ENSG00000198270	target
ZNF26	ENSG00000198393	target
EEF1AKMT2	ENSG00000203791	target
EFCAB7	ENSG00000203965	target
DXO	ENSG00000204348	target
NT5M	ENSG00000205309	target
DENND1C	ENSG00000205744	target
FAM24B	ENSG00000213185	target
ALG3	ENSG00000214160	target
KIFC1	ENSG00000237649	target
C2orf74	ENSG00000237651	target
SRSF8	ENSG00000263465	target
SOD2	ENSG00000291237	target
MAD2L1BP	ENSG00000124688	target
E2F8	ENSG00000129173	target
DCTD	ENSG00000129187	target
ERN1	ENSG00000178607	target
JPT1	ENSG00000189159	target
E2F2	ENSG00000007968	target
SH2D2A	ENSG00000027869	target
RABEP1	ENSG00000029725	target
PRKCQ	ENSG00000065675	target
FOSL2	ENSG00000075426	target
RGS1	ENSG00000090104	target
WDR76	ENSG00000092470	target
PPP1R16B	ENSG00000101445	target
ACOT13	ENSG00000112304	target
CNDP2	ENSG00000133313	target
AP1AR	ENSG00000138660	target
NT5C3B	ENSG00000141698	target
C1orf216	ENSG00000142686	target
MCOLN2	ENSG00000153898	target
IMPACT	ENSG00000154059	target
RWDD2B	ENSG00000156253	target
IFNGR2	ENSG00000159128	target
CSTB	ENSG00000160213	target
SMPD1	ENSG00000166311	target
CIAO2B	ENSG00000166595	target
IL7R	ENSG00000168685	target
PRNP	ENSG00000171867	target
CXCR6	ENSG00000172215	target
FAM241A	ENSG00000174749	target
P2RY8	ENSG00000182162	target
CARD11	ENSG00000198286	target
CALM1	ENSG00000198668	target
SIPA1	ENSG00000213445	target
CORO7	ENSG00000262246	target
SMARCB1	ENSG00000099956	target
CBLL1	ENSG00000105879	target
KPNA1	ENSG00000114030	target
WWP1	ENSG00000123124	target
EMC6	ENSG00000127774	target
BCL10	ENSG00000142867	target
HNRNPLL	ENSG00000143889	target
WTAP	ENSG00000146457	target
UBE2Q1	ENSG00000160714	target
SLC9A6	ENSG00000198689	target
NOL7	ENSG00000225921	target
KLHDC7B	ENSG00000130487	target
ZNF563	ENSG00000188868	target
CCDC22	ENSG00000101997	target
TSR3	ENSG00000007520	target
COMT	ENSG00000093010	target
MTFR1L	ENSG00000117640	target
CCDC93	ENSG00000125633	target
FBXO44	ENSG00000132879	target
C7orf50	ENSG00000146540	target
TNFRSF14	ENSG00000157873	target
MXRA7	ENSG00000182534	target
SDHAF3	ENSG00000196636	target
ZFYVE16	ENSG00000039319	target
BICRA	ENSG00000063169	target
CYBRD1	ENSG00000071967	target
MAGI3	ENSG00000081026	target
SCML2	ENSG00000102098	target
BMPR1A	ENSG00000107779	target
FAM184A	ENSG00000111879	target
CLIC5	ENSG00000112782	target
RALGPS2	ENSG00000116191	target
NENF	ENSG00000117691	target
LMO7	ENSG00000136153	target
DNAJC1	ENSG00000136770	target
DNA2	ENSG00000138346	target
MFSD14B	ENSG00000148110	target
EPS8	ENSG00000151491	target
NSMCE2	ENSG00000156831	target
SPTSSA	ENSG00000165389	target
E2F7	ENSG00000165891	target
NEMP1	ENSG00000166881	target
TMEM64	ENSG00000180694	target
FBF1	ENSG00000188878	target
RAD54B	ENSG00000197275	target
ZFP57	ENSG00000204644	target
TMEM170B	ENSG00000205269	target
ITSN1	ENSG00000205726	target
ZNF229	ENSG00000278318	target
ICA1	ENSG00000003147	target
FKBP4	ENSG00000004478	target
CROT	ENSG00000005469	target
RHBDD2	ENSG00000005486	target
AP2B1	ENSG00000006125	target
DBF4	ENSG00000006634	target
TBXA2R	ENSG00000006638	target
SYPL1	ENSG00000008282	target
UBR7	ENSG00000012963	target
NUB1	ENSG00000013374	target
RNF14	ENSG00000013561	target
ZC3H3	ENSG00000014164	target
SLC45A4	ENSG00000022567	target
RNH1	ENSG00000023191	target
NCAPH2	ENSG00000025770	target
AGPAT4	ENSG00000026652	target
VRK2	ENSG00000028116	target
FAM13B	ENSG00000031003	target
CHPF2	ENSG00000033100	target
FAM136A	ENSG00000035141	target
PHLPP2	ENSG00000040199	target
PIK3CB	ENSG00000051382	target
HHAT	ENSG00000054392	target
LTK	ENSG00000062524	target
SNX24	ENSG00000064652	target
MAP2K4	ENSG00000065559	target
RASSF1	ENSG00000068028	target
GRIPAP1	ENSG00000068400	target
ERLEC1	ENSG00000068912	target
DAPP1	ENSG00000070190	target
OSBPL3	ENSG00000070882	target
TCF3	ENSG00000071564	target
MBD3	ENSG00000071655	target
ADGRL1	ENSG00000072071	target
TSG101	ENSG00000074319	target
ACTR6	ENSG00000075089	target
TIMM21	ENSG00000075336	target
KIFAP3	ENSG00000075945	target
PTPN23	ENSG00000076201	target
DYNC1I2	ENSG00000077380	target
CEACAM1	ENSG00000079385	target
RAB21	ENSG00000080371	target
ERC1	ENSG00000082805	target
PLOD1	ENSG00000083444	target
AGBL5	ENSG00000084693	target
EPS15	ENSG00000085832	target
CHMP5	ENSG00000086065	target
GMCL1	ENSG00000087338	target
KLHL42	ENSG00000087448	target
DOCK3	ENSG00000088538	target
OAS1	ENSG00000089127	target
DHX32	ENSG00000089876	target
TNRC6A	ENSG00000090905	target
DLL3	ENSG00000090932	target
SPAG7	ENSG00000091640	target
HECTD1	ENSG00000092148	target
XYLB	ENSG00000093217	target
NUBP2	ENSG00000095906	target
EFHC1	ENSG00000096093	target
SH3GLB1	ENSG00000097033	target
MACROH2A2	ENSG00000099284	target
DERL3	ENSG00000099958	target
DNAL4	ENSG00000100246	target
SAMM50	ENSG00000100347	target
PRMT5	ENSG00000100462	target
CDKL1	ENSG00000100490	target
CDKN3	ENSG00000100526	target
YY1	ENSG00000100811	target
PSME2	ENSG00000100911	target
TPD52L2	ENSG00000101150	target
DNAJC5	ENSG00000101152	target
ADISSP	ENSG00000101220	target
MAPRE1	ENSG00000101367	target
RBFA	ENSG00000101546	target
NKAP	ENSG00000101882	target
PRPS2	ENSG00000101911	target
AMMECR1	ENSG00000101935	target
STAG2	ENSG00000101972	target
ZC3H12B	ENSG00000102053	target
CLN5	ENSG00000102805	target
LYRM1	ENSG00000102897	target
AAGAB	ENSG00000103591	target
TRIP4	ENSG00000103671	target
ZNF106	ENSG00000103994	target
UBE2W	ENSG00000104343	target
STK3	ENSG00000104375	target
SQLE	ENSG00000104549	target
TRMT1	ENSG00000104907	target
DYRK1B	ENSG00000105204	target
CCDC9	ENSG00000105321	target
SLC5A5	ENSG00000105641	target
ARMC6	ENSG00000105676	target
CASP2	ENSG00000106144	target
WASL	ENSG00000106299	target
SERPINE1	ENSG00000106366	target
NRF1	ENSG00000106459	target
FSD1L	ENSG00000106701	target
TLE4	ENSG00000106829	target
AKNA	ENSG00000106948	target
ARHGAP21	ENSG00000107863	target
MED13	ENSG00000108510	target
SMARCD2	ENSG00000108604	target
NMU	ENSG00000109255	target
TBC1D19	ENSG00000109680	target
JHY	ENSG00000109944	target
PUS3	ENSG00000110060	target
PRDM4	ENSG00000110851	target
KCTD10	ENSG00000110906	target
CSRNP2	ENSG00000110925	target
OAS2	ENSG00000111335	target
RFC5	ENSG00000111445	target
CPSF6	ENSG00000111605	target
CMAS	ENSG00000111726	target
RIC8B	ENSG00000111785	target
FBXO5	ENSG00000112029	target
SRF	ENSG00000112658	target
ERBIN	ENSG00000112851	target
CEP72	ENSG00000112877	target
RAD1	ENSG00000113456	target
C5orf15	ENSG00000113583	target
NPRL2	ENSG00000114388	target
EIF1B	ENSG00000114784	target
MOB1A	ENSG00000114978	target
KANSL3	ENSG00000114982	target
CHST10	ENSG00000115526	target
FHL2	ENSG00000115641	target
TAF1B	ENSG00000115750	target
THADA	ENSG00000115970	target
EDEM3	ENSG00000116406	target
SWT1	ENSG00000116668	target
MTR	ENSG00000116984	target
AKT3	ENSG00000117020	target
DYNC2I2	ENSG00000119333	target
ABCD4	ENSG00000119688	target
SIL1	ENSG00000120725	target
ZNF706	ENSG00000120963	target
TRMT1L	ENSG00000121486	target
B4GALT4	ENSG00000121578	target
SV2C	ENSG00000122012	target
ZNF644	ENSG00000122482	target
ARL4A	ENSG00000122644	target
VPS26A	ENSG00000122958	target
CDKN2C	ENSG00000123080	target
SPRYD7	ENSG00000123178	target
ARHGAP9	ENSG00000123329	target
EEF1AKMT3	ENSG00000123427	target
FAM199X	ENSG00000123575	target
DNPEP	ENSG00000123992	target
FAM124B	ENSG00000124019	target
RNF114	ENSG00000124226	target
NAGK	ENSG00000124357	target
GPR108	ENSG00000125734	target
RBCK1	ENSG00000125826	target
RALY	ENSG00000125970	target
DYNLRB1	ENSG00000125971	target
DNAJC8	ENSG00000126698	target
KTN1	ENSG00000126777	target
SGPP1	ENSG00000126821	target
IL22	ENSG00000127318	target
PKMYT1	ENSG00000127564	target
RNF6	ENSG00000127870	target
IRF5	ENSG00000128604	target
KLHDC10	ENSG00000128607	target
CHN1	ENSG00000128656	target
GAD1	ENSG00000128683	target
ILF3	ENSG00000129351	target
SNX6	ENSG00000129515	target
EPB41L4A	ENSG00000129595	target
CDO1	ENSG00000129596	target
SLC27A1	ENSG00000130304	target
CYP2E1	ENSG00000130649	target
DNMT1	ENSG00000130816	target
ULBP2	ENSG00000131015	target
COX7B	ENSG00000131174	target
TRAF3	ENSG00000131323	target
PRKAB2	ENSG00000131791	target
ACTR10	ENSG00000131966	target
PTPRE	ENSG00000132334	target
TMEM128	ENSG00000132406	target
SYT11	ENSG00000132718	target
SRRM1	ENSG00000133226	target
TMEM254	ENSG00000133678	target
IMPA1	ENSG00000133731	target
NOTCH2	ENSG00000134250	target
TMEM165	ENSG00000134851	target
CLOCK	ENSG00000134852	target
MTO1	ENSG00000135297	target
SNX14	ENSG00000135317	target
AGAP2	ENSG00000135439	target
SEMA4F	ENSG00000135622	target
RCBTB1	ENSG00000136144	target
SCRN1	ENSG00000136193	target
RAPGEF5	ENSG00000136237	target
TRA2B	ENSG00000136527	target
BLK	ENSG00000136573	target
SKIL	ENSG00000136603	target
HINT2	ENSG00000137133	target
TMEM63B	ENSG00000137216	target
SDCBP	ENSG00000137575	target
CENPO	ENSG00000138092	target
STAMBPL1	ENSG00000138134	target
SLC35A5	ENSG00000138459	target
PRDM5	ENSG00000138738	target
NAA30	ENSG00000139977	target
BNIP2	ENSG00000140299	target
NDUFB10	ENSG00000140990	target
PTRH2	ENSG00000141378	target
MBD1	ENSG00000141644	target
TMEM50B	ENSG00000142188	target
ADAMTS10	ENSG00000142303	target
RCN3	ENSG00000142552	target
NBPF3	ENSG00000142794	target
MTF2	ENSG00000143033	target
PRUNE1	ENSG00000143363	target
MAP3K21	ENSG00000143674	target
PSEN2	ENSG00000143801	target
SPOPL	ENSG00000144228	target
PTPRG	ENSG00000144724	target
PYURF	ENSG00000145337	target
CBR4	ENSG00000145439	target
RASA1	ENSG00000145715	target
FARS2	ENSG00000145982	target
PPP1R18	ENSG00000146112	target
RNF217	ENSG00000146373	target
IGFBP3	ENSG00000146674	target
MDH2	ENSG00000146701	target
NONO	ENSG00000147140	target
SNX12	ENSG00000147164	target
UTP23	ENSG00000147679	target
POLE3	ENSG00000148229	target
SURF2	ENSG00000148291	target
NTMT1	ENSG00000148335	target
LAMTOR1	ENSG00000149357	target
EI24	ENSG00000149547	target
CCDC15	ENSG00000149548	target
FSIP1	ENSG00000150667	target
PLBD2	ENSG00000151176	target
EXT2	ENSG00000151348	target
C4orf33	ENSG00000151470	target
THYN1	ENSG00000151500	target
SAV1	ENSG00000151748	target
CCDC122	ENSG00000151773	target
BAG3	ENSG00000151929	target
RABGAP1L	ENSG00000152061	target
EPG5	ENSG00000152223	target
IFIT5	ENSG00000152778	target
SCOC	ENSG00000153130	target
TRIP12	ENSG00000153827	target
GRAP	ENSG00000154016	target
PPP4R1	ENSG00000154845	target
TTC39B	ENSG00000155158	target
GRAMD2B	ENSG00000155324	target
SETD9	ENSG00000155542	target
NUP205	ENSG00000155561	target
ADK	ENSG00000156110	target
ZFAND3	ENSG00000156639	target
SAMD8	ENSG00000156671	target
ATAD2	ENSG00000156802	target
BUB1B	ENSG00000156970	target
RBPMS	ENSG00000157110	target
FCSK	ENSG00000157353	target
SLC35B2	ENSG00000157593	target
LDLRAP1	ENSG00000157978	target
DUSP2	ENSG00000158050	target
CNNM4	ENSG00000158158	target
AUTS2	ENSG00000158321	target
B4GALT5	ENSG00000158470	target
USF1	ENSG00000158773	target
CSRP1	ENSG00000159176	target
HLCS	ENSG00000159267	target
CCDC117	ENSG00000159873	target
GATD3	ENSG00000160221	target
NEK8	ENSG00000160602	target
NLRX1	ENSG00000160703	target
IER2	ENSG00000160888	target
DVL3	ENSG00000161202	target
PCYT1A	ENSG00000161217	target
THAP8	ENSG00000161277	target
JOSD2	ENSG00000161677	target
CCNF	ENSG00000162063	target
ZG16B	ENSG00000162078	target
ZYG11B	ENSG00000162378	target
TMCO4	ENSG00000162542	target
PEX19	ENSG00000162735	target
SLAMF6	ENSG00000162739	target
RBM15	ENSG00000162775	target
DPY30	ENSG00000162961	target
SLC66A3	ENSG00000162976	target
COQ8A	ENSG00000163050	target
PDLIM5	ENSG00000163110	target
BOLA3	ENSG00000163170	target
GNPDA2	ENSG00000163281	target
TMEM169	ENSG00000163449	target
HDAC11	ENSG00000163517	target
AIM2	ENSG00000163568	target
RBM47	ENSG00000163694	target
MTMR14	ENSG00000163719	target
S100P	ENSG00000163993	target
FBXO8	ENSG00000164117	target
TMEM161B	ENSG00000164180	target
ENPP6	ENSG00000164303	target
PRIMPOL	ENSG00000164306	target
UBLCP1	ENSG00000164332	target
GDF9	ENSG00000164404	target
TXLNB	ENSG00000164440	target
DCBLD1	ENSG00000164465	target
OSGIN2	ENSG00000164823	target
NUDT2	ENSG00000164978	target
STRBP	ENSG00000165209	target
CFL2	ENSG00000165410	target
TTC7B	ENSG00000165914	target
IFI27	ENSG00000165949	target
HACD1	ENSG00000165996	target
HPS6	ENSG00000166189	target
APBB1	ENSG00000166313	target
NUDT13	ENSG00000166321	target
WEE1	ENSG00000166483	target
NDEL1	ENSG00000166579	target
FAM111A	ENSG00000166801	target
EVA1C	ENSG00000166979	target
NKX3-1	ENSG00000167034	target
TEF	ENSG00000167074	target
STIM1	ENSG00000167323	target
CYB5D2	ENSG00000167740	target
CD320	ENSG00000167775	target
NDUFV1	ENSG00000167792	target
NUDT8	ENSG00000167799	target
KRT10-AS1	ENSG00000167920	target
FAM234A	ENSG00000167930	target
SAC3D1	ENSG00000168061	target
CCDC88B	ENSG00000168071	target
NDUFS5	ENSG00000168653	target
IRS1	ENSG00000169047	target
CENPX	ENSG00000169689	target
TPST1	ENSG00000169902	target
SIMC1	ENSG00000170085	target
PDCD6IP	ENSG00000170248	target
CMTM8	ENSG00000170293	target
RIOX1	ENSG00000170468	target
SPATA24	ENSG00000170469	target
FEZ2	ENSG00000171055	target
CANT1	ENSG00000171302	target
WIPF2	ENSG00000171475	target
ZIK1	ENSG00000171649	target
LRRC34	ENSG00000171757	target
RASGRP4	ENSG00000171777	target
RHNO1	ENSG00000171792	target
EIF2AK3	ENSG00000172071	target
BPGM	ENSG00000172331	target
FIBP	ENSG00000172500	target
NAA16	ENSG00000172766	target
METAP1D	ENSG00000172878	target
TADA2B	ENSG00000173011	target
CCDC96	ENSG00000173013	target
SCAI	ENSG00000173611	target
SLC19A1	ENSG00000173638	target
TLR6	ENSG00000174130	target
FAM174A	ENSG00000174132	target
RGMB	ENSG00000174136	target
RALGAPA1	ENSG00000174373	target
BBS1	ENSG00000174483	target
PCCA	ENSG00000175198	target
DCTN2	ENSG00000175203	target
BANF1	ENSG00000175334	target
YES1	ENSG00000176105	target
SLC35G1	ENSG00000176273	target
LMNB2	ENSG00000176619	target
NFATC2IP	ENSG00000176953	target
RIMKLA	ENSG00000177181	target
MAGEF1	ENSG00000177383	target
SLC25A22	ENSG00000177542	target
ATOX1	ENSG00000177556	target
SAMD12	ENSG00000177570	target
CHID1	ENSG00000177830	target
AQP11	ENSG00000178301	target
GLDC	ENSG00000178445	target
PFAS	ENSG00000178921	target
RCC2	ENSG00000179051	target
DPM3	ENSG00000179085	target
ELMOD2	ENSG00000179387	target
C14orf28	ENSG00000179476	target
OAZ2	ENSG00000180304	target
ARHGAP45	ENSG00000180448	target
SLC25A42	ENSG00000181035	target
FANCB	ENSG00000181544	target
HAPSTR1	ENSG00000182831	target
NAA38	ENSG00000183011	target
AP2A2	ENSG00000183020	target
CHEK2	ENSG00000183765	target
SLC35F3	ENSG00000183780	target
TM2D3	ENSG00000184277	target
PTRHD1	ENSG00000184924	target
NSMCE3	ENSG00000185115	target
TNFAIP8L1	ENSG00000185361	target
P4HB	ENSG00000185624	target
DMWD	ENSG00000185800	target
PIGP	ENSG00000185808	target
C2orf76	ENSG00000186132	target
SAPCD2	ENSG00000186193	target
MRTFB	ENSG00000186260	target
SEPTIN10	ENSG00000186522	target
UBE2H	ENSG00000186591	target
CHP1	ENSG00000187446	target
IER5L	ENSG00000188483	target
LIN54	ENSG00000189308	target
INCA1	ENSG00000196388	target
IPO4	ENSG00000196497	target
HDAC2	ENSG00000196591	target
RABL6	ENSG00000196642	target
AMZ2	ENSG00000196704	target
S100A2	ENSG00000196754	target
NHLRC2	ENSG00000196865	target
PDLIM7	ENSG00000196923	target
ZNF257	ENSG00000197134	target
MYO5A	ENSG00000197535	target
C6orf89	ENSG00000198663	target
SMURF1	ENSG00000198742	target
RUSC2	ENSG00000198853	target
MFAP3L	ENSG00000198948	target
COL5A2	ENSG00000204262	target
AGER	ENSG00000204305	target
LSM2	ENSG00000204392	target
C6orf47	ENSG00000204439	target
JPT2	ENSG00000206053	target
SUPT4H1	ENSG00000213246	target
SLC35F6	ENSG00000213699	target
MDP1	ENSG00000213920	target
NAXD	ENSG00000213995	target
SLC26A6	ENSG00000225697	target
ZNF492	ENSG00000229676	target
LYRM9	ENSG00000232859	target
ZSCAN31	ENSG00000235109	target
ACY1	ENSG00000243989	target
USP51	ENSG00000247746	target
INSL3	ENSG00000248099	target
INAFM1	ENSG00000257704	target
H3C8	ENSG00000273983	target
HOMEZ	ENSG00000290292	target
RECQL	ENSG00000004700	target
USP13	ENSG00000058056	target
MCM5	ENSG00000100297	target
HAT1	ENSG00000128708	target
MTRFR	ENSG00000130921	target
SMC2	ENSG00000136824	target
ZDHHC12	ENSG00000160446	target
CCNK	ENSG00000090061	target
PLGRKT	ENSG00000107020	target
SLC25A11	ENSG00000108528	target
ORMDL2	ENSG00000123353	target
GPS2	ENSG00000132522	target
LACTB2	ENSG00000147592	target
CAMK2G	ENSG00000148660	target
TAF10	ENSG00000166337	target
GMPPB	ENSG00000173540	target
AURKB	ENSG00000178999	target
TMEM141	ENSG00000244187	target
INTS6	ENSG00000102786	target
RPA1	ENSG00000132383	target
PCTP	ENSG00000141179	target
OXA1L	ENSG00000155463	target
KRCC1	ENSG00000172086	target
CCNQ	ENSG00000262919	target
ZC3H4	ENSG00000130749	target
CDCA3	ENSG00000111665	target
SCMH1	ENSG00000010803	target
POLA2	ENSG00000014138	target
PHF20	ENSG00000025293	target
SPDL1	ENSG00000040275	target
PPP1R3F	ENSG00000049769	target
BCKDHB	ENSG00000083123	target
BCL2L13	ENSG00000099968	target
IFT27	ENSG00000100360	target
EMC9	ENSG00000100908	target
TCFL5	ENSG00000101190	target
TNFSF13B	ENSG00000102524	target
GLCCI1	ENSG00000106415	target
AK1	ENSG00000106992	target
LARP4B	ENSG00000107929	target
EPM2A	ENSG00000112425	target
IQCG	ENSG00000114473	target
MSANTD2	ENSG00000120458	target
ZWINT	ENSG00000122952	target
PEX6	ENSG00000124587	target
SLC25A35	ENSG00000125434	target
MIF4GD	ENSG00000125457	target
CENPB	ENSG00000125817	target
ST3GAL3	ENSG00000126091	target
BTBD3	ENSG00000132640	target
BTBD2	ENSG00000133243	target
ADCK2	ENSG00000133597	target
LRRCC1	ENSG00000133739	target
C9orf40	ENSG00000135045	target
AKIRIN2	ENSG00000135334	target
HADH	ENSG00000138796	target
SLAIN1	ENSG00000139737	target
IMPA2	ENSG00000141401	target
ANKMY1	ENSG00000144504	target
RAB5A	ENSG00000144566	target
CABLES2	ENSG00000149679	target
KCTD18	ENSG00000155729	target
TYSND1	ENSG00000156521	target
FBRS	ENSG00000156860	target
SLC38A10	ENSG00000157637	target
SSU72	ENSG00000160075	target
LEMD2	ENSG00000161904	target
MOAP1	ENSG00000165943	target
CENPV	ENSG00000166582	target
TERF2IP	ENSG00000166848	target
PPP2R3B	ENSG00000167393	target
CHST14	ENSG00000169105	target
COQ2	ENSG00000173085	target
XXYLT1	ENSG00000173950	target
DENND6A	ENSG00000174839	target
B3GALT6	ENSG00000176022	target
RUFY1	ENSG00000176783	target
MUC20	ENSG00000176945	target
ACAD9	ENSG00000177646	target
POGLUT3	ENSG00000178202	target
ST20	ENSG00000180953	target
ZNF623	ENSG00000183309	target
FAM120C	ENSG00000184083	target
TUBB	ENSG00000196230	target
STK39	ENSG00000198648	target
FAM216A	ENSG00000204856	target
DYNLT2B	ENSG00000213123	target
ZBED1	ENSG00000214717	target
QSER1	ENSG00000060749	target
DNTTIP2	ENSG00000067334	target
USP33	ENSG00000077254	target
AGL	ENSG00000162688	target
GIGYF2	ENSG00000204120	target
PIGQ	ENSG00000007541	target
IFI35	ENSG00000068079	target
AOC2	ENSG00000131480	target
SMPD2	ENSG00000135587	target
DBNL	ENSG00000136279	target
ERP27	ENSG00000139055	target
ITGB1BP2	ENSG00000147166	target
NPR2	ENSG00000159899	target
TNFRSF13C	ENSG00000159958	target
AMDHD2	ENSG00000162066	target
CDKN2AIP	ENSG00000168564	target
CABP4	ENSG00000175544	target
TMEM86B	ENSG00000180089	target
SPACDR	ENSG00000185955	target
GPANK1	ENSG00000204438	target
NUDT3	ENSG00000272325	target
TRAF1	ENSG00000056558	target
TBCB	ENSG00000105254	target
BIN2	ENSG00000110934	target
HBS1L	ENSG00000112339	target
TTL	ENSG00000114999	target
CSRNP1	ENSG00000144655	target
BSDC1	ENSG00000160058	target
AK4	ENSG00000162433	target
GBP4	ENSG00000162654	target
CASP7	ENSG00000165806	target
SERPINB8	ENSG00000166401	target
LDLRAD4	ENSG00000168675	target
DENND5A	ENSG00000184014	target
CD47	ENSG00000196776	target
ZBTB10	ENSG00000205189	target
CYP51A1	ENSG00000001630	target
CFAP20	ENSG00000070761	target
HUWE1	ENSG00000086758	target
KIZ	ENSG00000088970	target
PCBP4	ENSG00000090097	target
CCDC134	ENSG00000100147	target
PSMD7	ENSG00000103035	target
HPS1	ENSG00000107521	target
DHX58	ENSG00000108771	target
BLTP3B	ENSG00000111647	target
FGFR1OP2	ENSG00000111790	target
USP15	ENSG00000135655	target
COX5B	ENSG00000135940	target
TBRG4	ENSG00000136270	target
SLC5A6	ENSG00000138074	target
RAP1GDS1	ENSG00000138698	target
PTPN7	ENSG00000143851	target
PM20D2	ENSG00000146281	target
TMEM181	ENSG00000146433	target
PAXX	ENSG00000148362	target
RMND1	ENSG00000155906	target
PALM2AKAP2	ENSG00000157654	target
VPS11	ENSG00000160695	target
ORAI2	ENSG00000160991	target
COX6C	ENSG00000164919	target
NEMF	ENSG00000165525	target
CLPX	ENSG00000166855	target
ASB8	ENSG00000177981	target
MAGED1	ENSG00000179222	target
TSHZ1	ENSG00000179981	target
ZNF84	ENSG00000198040	target
EIF1AY	ENSG00000198692	target
RASGEF1A	ENSG00000198915	target
DAXX	ENSG00000204209	target
CCNI2	ENSG00000205089	target
RIPOR1	ENSG00000039523	target
LIMS2	ENSG00000072163	target
SCARF1	ENSG00000074660	target
GRAMD4	ENSG00000075240	target
GSK3B	ENSG00000082701	target
BCORL1	ENSG00000085185	target
QPRT	ENSG00000103485	target
FSD1	ENSG00000105255	target
DBN1	ENSG00000113758	target
FAM162A	ENSG00000114023	target
OTOF	ENSG00000115155	target
PLCG1	ENSG00000124181	target
MYRF	ENSG00000124920	target
MTX2	ENSG00000128654	target
CD68	ENSG00000129226	target
PRAM1	ENSG00000133246	target
CD180	ENSG00000134061	target
C5AR2	ENSG00000134830	target
NUDT7	ENSG00000140876	target
ST3GAL2	ENSG00000157350	target
TNFSF13	ENSG00000161955	target
BRI3	ENSG00000164713	target
DCHS1	ENSG00000166341	target
MAP1A	ENSG00000166963	target
GATAD2A	ENSG00000167491	target
CEBPB	ENSG00000172216	target
ANKRD13D	ENSG00000172932	target
LRFN4	ENSG00000173621	target
CAVIN1	ENSG00000177469	target
GPR35	ENSG00000178623	target
FAM89A	ENSG00000182118	target
STAC3	ENSG00000185482	target
PPP1R26	ENSG00000196422	target
CCDC85C	ENSG00000205476	target
ARHGAP23	ENSG00000275832	target
REXO5	ENSG00000005189	target
SZRD1	ENSG00000055070	target
HPF1	ENSG00000056050	target
NCK2	ENSG00000071051	target
FNDC3B	ENSG00000075420	target
MAST2	ENSG00000086015	target
BLVRB	ENSG00000090013	target
CDV3	ENSG00000091527	target
NXT2	ENSG00000101888	target
ACP5	ENSG00000102575	target
GSPT1	ENSG00000103342	target
RAB11A	ENSG00000103769	target
ECH1	ENSG00000104823	target
ERLIN1	ENSG00000107566	target
ANKRD26	ENSG00000107890	target
UBE2D3	ENSG00000109332	target
NDUFC1	ENSG00000109390	target
NUDT12	ENSG00000112874	target
USP4	ENSG00000114316	target
RMDN2	ENSG00000115841	target
DDX59	ENSG00000118197	target
RAB14	ENSG00000119396	target
CC2D1A	ENSG00000132024	target
DCTN4	ENSG00000132912	target
RTF1	ENSG00000137815	target
LYSMD2	ENSG00000140280	target
TGFB1I1	ENSG00000140682	target
MBTPS1	ENSG00000140943	target
GALNS	ENSG00000141012	target
SMAD4	ENSG00000141646	target
MIEN1	ENSG00000141741	target
HDGF	ENSG00000143321	target
RRAGA	ENSG00000155876	target
DPY19L4	ENSG00000156162	target
ZNF219	ENSG00000165804	target
SEPTIN2	ENSG00000168385	target
FBXO45	ENSG00000174013	target
KLC2	ENSG00000174996	target
PACS1	ENSG00000175115	target
STAP2	ENSG00000178078	target
SGSH	ENSG00000181523	target
FUT4	ENSG00000196371	target
TOPORS	ENSG00000197579	target
DDR1	ENSG00000204580	target
TRBC2	ENSG00000211772	target
NPEPL1	ENSG00000215440	target
SENP7	ENSG00000138468	target
BID	ENSG00000015475	target
PRKAG2	ENSG00000106617	target
ST3GAL5	ENSG00000115525	target
ARMC2	ENSG00000118690	target
CLCC1	ENSG00000121940	target
SH2D3A	ENSG00000125731	target
APOBEC3F	ENSG00000128394	target
IVD	ENSG00000128928	target
TTLL4	ENSG00000135912	target
GPR174	ENSG00000147138	target
ARHGAP35	ENSG00000160007	target
DHX57	ENSG00000163214	target
MBD6	ENSG00000166987	target
SLC25A30	ENSG00000174032	target
HSPA1B	ENSG00000204388	target
KLRB1	ENSG00000111796	target
TCTN3	ENSG00000119977	target
KYAT3	ENSG00000137944	target
TSR2	ENSG00000158526	target
KPNA4	ENSG00000186432	target
ISY1	ENSG00000240682	target
CNPY2	ENSG00000257727	target
MYNN	ENSG00000085274	target
CRIPT	ENSG00000119878	target
ANAPC11	ENSG00000141552	target
CNOT11	ENSG00000158435	target
SQSTM1	ENSG00000161011	target
TUBA1A	ENSG00000167552	target
ZNF146	ENSG00000167635	target
YBEY	ENSG00000182362	target
YTHDF2	ENSG00000198492	target
GGNBP2	ENSG00000278311	target
DDX24	ENSG00000089737	target
SNAP29	ENSG00000099940	target
EIF3D	ENSG00000100353	target
MLEC	ENSG00000110917	target
ASH2L	ENSG00000129691	target
UBA1	ENSG00000130985	target
AIMP1	ENSG00000164022	target
ZNF622	ENSG00000173545	target
RBM4	ENSG00000173933	target
CEP350	ENSG00000135837	target
MORC3	ENSG00000159256	target
COMMD10	ENSG00000145781	target
COMMD8	ENSG00000169019	target
ST7	ENSG00000004866	target
RAB23	ENSG00000112210	target
RASGRP3	ENSG00000152689	target
PICALM	ENSG00000073921	target
COPS8	ENSG00000198612	target
CCL3	ENSG00000277632	target
NEDD1	ENSG00000139350	target
FEN1	ENSG00000168496	target
TNRC6B	ENSG00000100354	target
NFATC1	ENSG00000131196	target
CDKAL1	ENSG00000145996	target
KIF22	ENSG00000079616	target
CNOT2	ENSG00000111596	target
STIL	ENSG00000123473	target
NUSAP1	ENSG00000137804	target
RCCD1	ENSG00000166965	target
ATG4B	ENSG00000168397	target
IQGAP3	ENSG00000183856	target
AKAP11	ENSG00000023516	target
RRM2B	ENSG00000048392	target
FAM120A	ENSG00000048828	target
TNIP3	ENSG00000050730	target
SIKE1	ENSG00000052723	target
PUM2	ENSG00000055917	target
MXD1	ENSG00000059728	target
BLTP3A	ENSG00000065060	target
DDX3Y	ENSG00000067048	target
EXOC5	ENSG00000070367	target
SNX13	ENSG00000071189	target
GNB1	ENSG00000078369	target
ITCH	ENSG00000078747	target
MAPRE3	ENSG00000084764	target
SPG21	ENSG00000090487	target
RBM27	ENSG00000091009	target
HNRNPH3	ENSG00000096746	target
RAB18	ENSG00000099246	target
CIRBP	ENSG00000099622	target
BRMS1L	ENSG00000100916	target
KIF3B	ENSG00000101350	target
FLT1	ENSG00000102755	target
MPG	ENSG00000103152	target
RAB2A	ENSG00000104388	target
KCNN4	ENSG00000104783	target
TTC26	ENSG00000105948	target
TMEM245	ENSG00000106771	target
CD5	ENSG00000110448	target
IL26	ENSG00000111536	target
GOLT1B	ENSG00000111711	target
HCFC2	ENSG00000111727	target
HINT3	ENSG00000111911	target
ALDH5A1	ENSG00000112294	target
MAN2A1	ENSG00000112893	target
TENT4A	ENSG00000112941	target
XRN1	ENSG00000114127	target
FXR1	ENSG00000114416	target
PLEKHB2	ENSG00000115762	target
SLC35D1	ENSG00000116704	target
ZBTB17	ENSG00000116809	target
ECE1	ENSG00000117298	target
RBM18	ENSG00000119446	target
SMNDC1	ENSG00000119953	target
CD274	ENSG00000120217	target
TENT4B	ENSG00000121274	target
ACO1	ENSG00000122729	target
NMI	ENSG00000123609	target
HS3ST3B1	ENSG00000125430	target
LSM8	ENSG00000128534	target
NDUFA5	ENSG00000128609	target
EFR3A	ENSG00000132294	target
PER2	ENSG00000132326	target
MPRIP	ENSG00000133030	target
EPSTI1	ENSG00000133106	target
ATP13A3	ENSG00000133657	target
KRAS	ENSG00000133703	target
RBM17	ENSG00000134453	target
B4GALNT1	ENSG00000135454	target
REPS1	ENSG00000135597	target
KIAA0513	ENSG00000135709	target
SLC31A2	ENSG00000136867	target
DERL1	ENSG00000136986	target
RANBP6	ENSG00000137040	target
DDX60	ENSG00000137628	target
ADAM10	ENSG00000137845	target
ASCC1	ENSG00000138303	target
NAB1	ENSG00000138386	target
G3BP2	ENSG00000138757	target
TMTC3	ENSG00000139324	target
CBX4	ENSG00000141582	target
GABPB2	ENSG00000143458	target
ACP1	ENSG00000143727	target
SRP9	ENSG00000143742	target
CALM2	ENSG00000143933	target
CIAO1	ENSG00000144021	target
RBMX	ENSG00000147274	target
FRA10AC1	ENSG00000148690	target
AASDHPPT	ENSG00000149313	target
MTMR12	ENSG00000150712	target
FHIP2A	ENSG00000151553	target
HOMER1	ENSG00000152413	target
SAR1B	ENSG00000152700	target
SREK1IP1	ENSG00000153006	target
LYSET	ENSG00000153485	target
BABAM2	ENSG00000158019	target
VMA21	ENSG00000160131	target
SAFB	ENSG00000160633	target
LZIC	ENSG00000162441	target
TOPBP1	ENSG00000163781	target
KIAA1143	ENSG00000163807	target
ABHD18	ENSG00000164074	target
ANKRD33B	ENSG00000164236	target
KCNK5	ENSG00000164626	target
ADCY1	ENSG00000164742	target
SGPL1	ENSG00000166224	target
MSS51	ENSG00000166343	target
ZNF526	ENSG00000167625	target
ARF4	ENSG00000168374	target
AHCYL1	ENSG00000168710	target
MFF	ENSG00000168958	target
UQCRFS1	ENSG00000169021	target
SIK2	ENSG00000170145	target
USP32	ENSG00000170832	target
CAVIN3	ENSG00000170955	target
C1GALT1C1	ENSG00000171155	target
ASXL1	ENSG00000171456	target
ZNF596	ENSG00000172748	target
CCDC106	ENSG00000173581	target
TMEM167A	ENSG00000174695	target
RMI2	ENSG00000175643	target
ZBTB41	ENSG00000177888	target
SKA2	ENSG00000182628	target
TENT5C	ENSG00000183508	target
PCBP3	ENSG00000183570	target
PRKX	ENSG00000183943	target
ATL3	ENSG00000184743	target
SMIM10	ENSG00000184785	target
MANEAL	ENSG00000185090	target
MOSMO	ENSG00000185716	target
ANKRD46	ENSG00000186106	target
DAPK1	ENSG00000196730	target
FITM2	ENSG00000197296	target
FAR1	ENSG00000197601	target
RUNDC1	ENSG00000198863	target
KIAA0753	ENSG00000198920	target
LAT	ENSG00000213658	target
TMEM167B	ENSG00000215717	target
FNIP1	ENSG00000217128	target
SMIM13	ENSG00000224531	target
GNG10	ENSG00000242616	target
UBE2V1	ENSG00000244687	target
TAF9	ENSG00000273841	target
BCAP29	ENSG00000075790	target
CREM	ENSG00000095794	target
SRRD	ENSG00000100104	target
RBM23	ENSG00000100461	target
SNPH	ENSG00000101298	target
TUSC2	ENSG00000114383	target
CREB1	ENSG00000118260	target
LDAH	ENSG00000118961	target
ANKRD9	ENSG00000156381	target
PDXK	ENSG00000160209	target
WRN	ENSG00000165392	target
ELP5	ENSG00000170291	target
RAB33B	ENSG00000172007	target
P2RY14	ENSG00000174944	target
FAM131A	ENSG00000175182	target
MX2	ENSG00000183486	target
FOXO4	ENSG00000184481	target
CIB1	ENSG00000185043	target
ZNF511	ENSG00000198546	target
UBE2J1	ENSG00000198833	target
MCRIP1	ENSG00000225663	target
CDKL5	ENSG00000008086	target
ELOVL5	ENSG00000012660	target
RUFY3	ENSG00000018189	target
ABCF2	ENSG00000033050	target
SPATA7	ENSG00000042317	target
ATP6V1H	ENSG00000047249	target
MTA3	ENSG00000057935	target
ANKS1A	ENSG00000064999	target
NTHL1	ENSG00000065057	target
GTF3C1	ENSG00000077235	target
AAMDC	ENSG00000087884	target
PPP1R13B	ENSG00000088808	target
PATZ1	ENSG00000100105	target
SGSM3	ENSG00000100359	target
EEA1	ENSG00000102189	target
TSC22D1	ENSG00000102804	target
PHKB	ENSG00000102893	target
NDRG1	ENSG00000104419	target
GIT1	ENSG00000108262	target
DDX5	ENSG00000108654	target
SMURF2	ENSG00000108854	target
MMD	ENSG00000108960	target
COX6A1	ENSG00000111775	target
SMAD5	ENSG00000113658	target
SCAP	ENSG00000114650	target
EPB41L5	ENSG00000115109	target
SCP2	ENSG00000116171	target
ACADM	ENSG00000117054	target
OSBPL9	ENSG00000117859	target
C1orf54	ENSG00000118292	target
USP35	ENSG00000118369	target
FOXO3	ENSG00000118689	target
GALNT12	ENSG00000119514	target
SLIRP	ENSG00000119705	target
FKBP1B	ENSG00000119782	target
DENND10	ENSG00000119979	target
ARAP3	ENSG00000120318	target
PLS1	ENSG00000120756	target
STX16	ENSG00000124222	target
SNRNP27	ENSG00000124380	target
RIOK1	ENSG00000124784	target
SH3TC1	ENSG00000125089	target
FAM110A	ENSG00000125898	target
PIK3C2B	ENSG00000133056	target
BEX2	ENSG00000133134	target
CMPK2	ENSG00000134326	target
TFCP2	ENSG00000135457	target
COQ10A	ENSG00000135469	target
EPC2	ENSG00000135999	target
XPA	ENSG00000136936	target
DNAJB5	ENSG00000137094	target
PGBD1	ENSG00000137338	target
AMDHD1	ENSG00000139344	target
AFG3L2	ENSG00000141385	target
SH3GL1	ENSG00000141985	target
ENSA	ENSG00000143420	target
GOLPH3L	ENSG00000143457	target
EIF2D	ENSG00000143486	target
TRMT10A	ENSG00000145331	target
RNF44	ENSG00000146083	target
FBXO25	ENSG00000147364	target
PAK1	ENSG00000149269	target
LY96	ENSG00000154589	target
AK9	ENSG00000155085	target
ZFYVE9	ENSG00000157077	target
NDUFV3	ENSG00000160194	target
PKN3	ENSG00000160447	target
NBEAL2	ENSG00000160796	target
LBHD1	ENSG00000162194	target
LZTFL1	ENSG00000163818	target
DUSP7	ENSG00000164086	target
UQCRQ	ENSG00000164405	target
MATCAP2	ENSG00000164542	target
JAM3	ENSG00000166086	target
TMEM41B	ENSG00000166471	target
TMED3	ENSG00000166557	target
KIF7	ENSG00000166813	target
VPS39	ENSG00000166887	target
CD300A	ENSG00000167851	target
RGS14	ENSG00000169220	target
NFU1	ENSG00000169599	target
BRD3	ENSG00000169925	target
SOCS6	ENSG00000170677	target
UNC119B	ENSG00000175970	target
ZSCAN2	ENSG00000176371	target
SLC25A20	ENSG00000178537	target
BBS10	ENSG00000179941	target
KCTD2	ENSG00000180901	target
ABAT	ENSG00000183044	target
SH2D1A	ENSG00000183918	target
ARMCX2	ENSG00000184867	target
SMYD3	ENSG00000185420	target
TAF9B	ENSG00000187325	target
ZNF527	ENSG00000189164	target
KPNA5	ENSG00000196911	target
ENPP1	ENSG00000197594	target
CD2AP	ENSG00000198087	target
LDB1	ENSG00000198728	target
TNF	ENSG00000232810	target
MPND	ENSG00000008382	target
CSDE1	ENSG00000009307	target
TBC1D22B	ENSG00000065491	target
PRR11	ENSG00000068489	target
CSNK2A2	ENSG00000070770	target
MARK2	ENSG00000072518	target
NANS	ENSG00000095380	target
MKNK2	ENSG00000099875	target
RAE1	ENSG00000101146	target
VRK3	ENSG00000105053	target
SETX	ENSG00000107290	target
LTA4H	ENSG00000111144	target
PLEKHM2	ENSG00000116786	target
STMN1	ENSG00000117632	target
GNA13	ENSG00000120063	target
PROSER1	ENSG00000120685	target
STAT5A	ENSG00000126561	target
TACO1	ENSG00000136463	target
CDK5RAP2	ENSG00000136861	target
KIF20B	ENSG00000138182	target
CENPE	ENSG00000138778	target
BAHD1	ENSG00000140320	target
RANBP10	ENSG00000141084	target
ZCCHC2	ENSG00000141664	target
FEM1A	ENSG00000141965	target
NCAPG2	ENSG00000146918	target
CEP78	ENSG00000148019	target
MIGA2	ENSG00000148343	target
SCLT1	ENSG00000151466	target
CACUL1	ENSG00000151893	target
DBI	ENSG00000155368	target
LARP1	ENSG00000155506	target
MIER3	ENSG00000155545	target
USP16	ENSG00000156256	target
XKR8	ENSG00000158156	target
COX18	ENSG00000163626	target
FOXK1	ENSG00000164916	target
GLB1L3	ENSG00000166105	target
RRM1	ENSG00000167325	target
RAB8A	ENSG00000167461	target
ZNF581	ENSG00000171425	target
HNRNPA0	ENSG00000177733	target
LCORL	ENSG00000178177	target
TMEM11	ENSG00000178307	target
KPNA2	ENSG00000182481	target
CEP57L1	ENSG00000183137	target
KIF18B	ENSG00000186185	target
MSL1	ENSG00000188895	target
FAM111B	ENSG00000189057	target
ZNF777	ENSG00000196453	target
ILRUN	ENSG00000196821	target
ATXN1L	ENSG00000224470	target
HSBP1	ENSG00000230989	target
PI4KA	ENSG00000241973	target
RBM15B	ENSG00000259956	target
RNF115	ENSG00000265491	target
PPP4R3B	ENSG00000275052	target
AASS	ENSG00000008311	target
AQR	ENSG00000021776	target
ANAPC5	ENSG00000089053	target
CSNK2A1	ENSG00000101266	target
KCND1	ENSG00000102057	target
SMARCA4	ENSG00000127616	target
WDR27	ENSG00000184465	target
ZNF470	ENSG00000197016	target
ACBD6	ENSG00000230124	target
CDK11B	ENSG00000248333	target
RFXANK	ENSG00000064490	target
EEF2K	ENSG00000103319	target
MAP2K6	ENSG00000108984	target
SLC22A18	ENSG00000110628	target
RAB3IP	ENSG00000127328	target
CTDSPL2	ENSG00000137770	target
RMC1	ENSG00000141452	target
EVI5L	ENSG00000142459	target
FCHO2	ENSG00000157107	target
STX5	ENSG00000162236	target
CAMK2N1	ENSG00000162545	target
SSH3	ENSG00000172830	target
BEX5	ENSG00000184515	target
CHML	ENSG00000203668	target
PANX2	ENSG00000073150	target
TMEM97	ENSG00000109084	target
GBE1	ENSG00000114480	target
ARL1	ENSG00000120805	target
TMOD1	ENSG00000136842	target
EPHX1	ENSG00000143819	target
MYD88	ENSG00000172936	target
SNX33	ENSG00000173548	target
CCDC124	ENSG00000007080	target
MYOM2	ENSG00000036448	target
STXBP2	ENSG00000076944	target
ANAPC15	ENSG00000110200	target
TIMMDC1	ENSG00000113845	target
HSPA2	ENSG00000126803	target
EMC4	ENSG00000128463	target
PHLDB2	ENSG00000144824	target
CXXC1	ENSG00000154832	target
IL13	ENSG00000169194	target
FAM104B	ENSG00000182518	target
GJC1	ENSG00000182963	target
UQCR10	ENSG00000184076	target
DZIP3	ENSG00000198919	target
PPP1R10	ENSG00000204569	target
C8orf88	ENSG00000253250	target
H2BC9	ENSG00000275713	target
POLQ	ENSG00000051341	target
TMEM38B	ENSG00000095209	target
ADCY3	ENSG00000138031	target
KLHL15	ENSG00000174010	target
PDS5B	ENSG00000083642	target
LRP2BP	ENSG00000109771	target
DCAF5	ENSG00000139990	target
CASTOR1	ENSG00000239282	target
HSPA5	ENSG00000044574	target
MAGT1	ENSG00000102158	target
IL1R1	ENSG00000115594	target
PDIA4	ENSG00000155660	target
DCAKD	ENSG00000172992	target
PHF23	ENSG00000040633	target
RSF1	ENSG00000048649	target
ING3	ENSG00000071243	target
ST6GAL1	ENSG00000073849	target
RCOR1	ENSG00000089902	target
SMAD7	ENSG00000101665	target
DCTN6	ENSG00000104671	target
ZNF14	ENSG00000105708	target
GOSR1	ENSG00000108587	target
RAB35	ENSG00000111737	target
BACH2	ENSG00000112182	target
COX7A2	ENSG00000112695	target
RNF146	ENSG00000118518	target
KLF9	ENSG00000119138	target
IRF2BPL	ENSG00000119669	target
COIL	ENSG00000121058	target
IKZF4	ENSG00000123411	target
PARD6B	ENSG00000124171	target
RREB1	ENSG00000124782	target
SAFB2	ENSG00000130254	target
THAP1	ENSG00000131931	target
PUM1	ENSG00000134644	target
PIK3R5	ENSG00000141506	target
FN3KRP	ENSG00000141560	target
PEX14	ENSG00000142655	target
RIT1	ENSG00000143622	target
PARP1	ENSG00000143799	target
RBAK	ENSG00000146587	target
KDM6A	ENSG00000147050	target
ZNF41	ENSG00000147124	target
TWF1	ENSG00000151239	target
CETN3	ENSG00000153140	target
DYRK1A	ENSG00000157540	target
DEDD	ENSG00000158796	target
CCDC12	ENSG00000160799	target
PRKCD	ENSG00000163932	target
FRS2	ENSG00000166225	target
ZBTB39	ENSG00000166860	target
CRK	ENSG00000167193	target
TOR1AIP2	ENSG00000169905	target
ATF7	ENSG00000170653	target
ZNF24	ENSG00000172466	target
DCP2	ENSG00000172795	target
FAM222B	ENSG00000173065	target
PDIK1L	ENSG00000175087	target
EIF1AD	ENSG00000175376	target
LIN9	ENSG00000183814	target
ZBTB6	ENSG00000186130	target
MTF1	ENSG00000188786	target
SIAH1	ENSG00000196470	target
LRRC8B	ENSG00000197147	target
MAFK	ENSG00000198517	target
FOXJ3	ENSG00000198815	target
RUFY2	ENSG00000204130	target
PLCXD2	ENSG00000240891	target
ZNF350	ENSG00000256683	target
MGMT	ENSG00000170430	target
FBXL3	ENSG00000005812	target
SEC62	ENSG00000008952	target
NISCH	ENSG00000010322	target
ANLN	ENSG00000011426	target
SLC25A39	ENSG00000013306	target
ERP44	ENSG00000023318	target
ALG1	ENSG00000033011	target
ERCC8	ENSG00000049167	target
GINM1	ENSG00000055211	target
NDC1	ENSG00000058804	target
ANKRD44	ENSG00000065413	target
PDIA5	ENSG00000065485	target
FRYL	ENSG00000075539	target
TMEM131	ENSG00000075568	target
HACE1	ENSG00000085382	target
ALG6	ENSG00000088035	target
GANAB	ENSG00000089597	target
MCOLN1	ENSG00000090674	target
EXOC1	ENSG00000090989	target
SH2D3C	ENSG00000095370	target
ATP5F1D	ENSG00000099624	target
LMF2	ENSG00000100258	target
CNIH1	ENSG00000100528	target
PSMB5	ENSG00000100804	target
TM9SF4	ENSG00000101337	target
PGRMC1	ENSG00000101856	target
NOMO1	ENSG00000103512	target
CEP152	ENSG00000103995	target
ILVBL	ENSG00000105135	target
KDELR1	ENSG00000105438	target
ATP13A1	ENSG00000105726	target
TMEM248	ENSG00000106609	target
PSMD3	ENSG00000108344	target
PNPO	ENSG00000108439	target
SLC39A7	ENSG00000112473	target
PDCD10	ENSG00000114209	target
PAPOLG	ENSG00000115421	target
SDHB	ENSG00000117118	target
RPN2	ENSG00000118705	target
KIAA1191	ENSG00000122203	target
CHD6	ENSG00000124177	target
ITPA	ENSG00000125877	target
PSMB2	ENSG00000126067	target
MINDY2	ENSG00000128923	target
STARD3	ENSG00000131748	target
GRSF1	ENSG00000132463	target
VPS13B	ENSG00000132549	target
DMTF1	ENSG00000135164	target
BRIP1	ENSG00000136492	target
UGGT1	ENSG00000136731	target
ATAD1	ENSG00000138138	target
CNOT6L	ENSG00000138767	target
G6PC3	ENSG00000141349	target
NPC1	ENSG00000141458	target
ARHGDIA	ENSG00000141522	target
SLC39A3	ENSG00000141873	target
ATP1B1	ENSG00000143153	target
JTB	ENSG00000143543	target
TTC13	ENSG00000143643	target
CNIH4	ENSG00000143771	target
YIPF5	ENSG00000145817	target
PRIM2	ENSG00000146143	target
HERC4	ENSG00000148634	target
PGAP2	ENSG00000148985	target
CCDC82	ENSG00000149231	target
ZDHHC5	ENSG00000156599	target
BRAF	ENSG00000157764	target
ATP5MC1	ENSG00000159199	target
MFSD12	ENSG00000161091	target
RFT1	ENSG00000163933	target
CCDC51	ENSG00000164051	target
BMT2	ENSG00000164603	target
TMUB1	ENSG00000164897	target
IKBIP	ENSG00000166130	target
PBX3	ENSG00000167081	target
PHB1	ENSG00000167085	target
SLC27A4	ENSG00000167114	target
ZNF646	ENSG00000167395	target
RNASEH1	ENSG00000171865	target
ALG14	ENSG00000172339	target
ARV1	ENSG00000173409	target
PARL	ENSG00000175193	target
LSM10	ENSG00000181817	target
ALG12	ENSG00000182858	target
KNTC1	ENSG00000184445	target
ZNF700	ENSG00000196757	target
ACSL5	ENSG00000197142	target
TOMM6	ENSG00000214736	target
FAM174C	ENSG00000228300	target
TXNDC5	ENSG00000239264	target
SMIM20	ENSG00000250317	target
UNC13D	ENSG00000092929	target
TRIOBP	ENSG00000100106	target
LHPP	ENSG00000107902	target
ESPL1	ENSG00000135476	target
ABCB10	ENSG00000135776	target
AKT1	ENSG00000142208	target
SMC6	ENSG00000163029	target
GNB1L	ENSG00000185838	target
MIB2	ENSG00000197530	target
HNRNPUL2	ENSG00000214753	target
EGLN2	ENSG00000269858	target
NCDN	ENSG00000020129	target
KPNA6	ENSG00000025800	target
ARID4B	ENSG00000054267	target
PIGS	ENSG00000087111	target
SYP	ENSG00000102003	target
CCP110	ENSG00000103540	target
SHOC2	ENSG00000108061	target
NUFIP2	ENSG00000108256	target
INO80D	ENSG00000114933	target
ARID3A	ENSG00000116017	target
CCDC18	ENSG00000122483	target
CLTA	ENSG00000122705	target
GIPC1	ENSG00000123159	target
PHAF1	ENSG00000125149	target
CLIP1	ENSG00000130779	target
DMAC1	ENSG00000137038	target
ANKRD52	ENSG00000139645	target
AIG1	ENSG00000146416	target
ARFGAP2	ENSG00000149182	target
DCK	ENSG00000156136	target
NACC1	ENSG00000160877	target
RICTOR	ENSG00000164327	target
GPT2	ENSG00000166123	target
AP1G1	ENSG00000166747	target
SLFN5	ENSG00000166750	target
TRAPPC2L	ENSG00000167515	target
TRIM8	ENSG00000171206	target
KDM2A	ENSG00000173120	target
MFSD4B	ENSG00000173214	target
ZNF248	ENSG00000198105	target
INAFM2	ENSG00000259330	target
PIGW	ENSG00000277161	target
TRAC	ENSG00000277734	target
DEF8	ENSG00000140995	target
ZNF3	ENSG00000166526	target
TAGLN	ENSG00000149591	target
TMEM70	ENSG00000175606	target
MLF1	ENSG00000178053	target
VPS41	ENSG00000006715	target
ZFP64	ENSG00000020256	target
PITHD1	ENSG00000057757	target
ZC3H15	ENSG00000065548	target
TFE3	ENSG00000068323	target
CHFR	ENSG00000072609	target
MAP3K13	ENSG00000073803	target
PCM1	ENSG00000078674	target
MID2	ENSG00000080561	target
MAP3K20	ENSG00000091436	target
ZC3H7B	ENSG00000100403	target
CERK	ENSG00000100422	target
ABHD12	ENSG00000100997	target
PSMA7	ENSG00000101182	target
STK24	ENSG00000102572	target
ANKRD27	ENSG00000105186	target
PIK3R2	ENSG00000105647	target
LMBR1	ENSG00000105983	target
FBXL15	ENSG00000107872	target
SNX25	ENSG00000109762	target
BTN2A1	ENSG00000112763	target
TRAPPC13	ENSG00000113597	target
HTRA2	ENSG00000115317	target
GORASP2	ENSG00000115806	target
BCAS2	ENSG00000116752	target
RRAGC	ENSG00000116954	target
TXNDC12	ENSG00000117862	target
UCHL3	ENSG00000118939	target
FBXW2	ENSG00000119402	target
TMEM214	ENSG00000119777	target
SNX19	ENSG00000120451	target
TAF12	ENSG00000120656	target
SCPEP1	ENSG00000121064	target
SASH3	ENSG00000122122	target
CISD1	ENSG00000122873	target
CEP250	ENSG00000126001	target
RBM42	ENSG00000126254	target
MAP2K2	ENSG00000126934	target
ASPHD2	ENSG00000128203	target
ATG4D	ENSG00000130734	target
NR1H2	ENSG00000131408	target
RAF1	ENSG00000132155	target
LAMTOR5	ENSG00000134248	target
ACP2	ENSG00000134575	target
TMEM8B	ENSG00000137103	target
MTCH1	ENSG00000137409	target
KHK	ENSG00000138030	target
CASP6	ENSG00000138794	target
DENR	ENSG00000139726	target
TXNL4B	ENSG00000140830	target
COPS3	ENSG00000141030	target
TMC6	ENSG00000141524	target
IFNAR1	ENSG00000142166	target
PI4KB	ENSG00000143393	target
ARF1	ENSG00000143761	target
CCDC25	ENSG00000147419	target
HMBOX1	ENSG00000147421	target
INPP5E	ENSG00000148384	target
CSTPP1	ENSG00000149179	target
HIKESHI	ENSG00000149196	target
TRAPPC8	ENSG00000153339	target
OTULIN	ENSG00000154124	target
AZIN1	ENSG00000155096	target
NPTN	ENSG00000156642	target
GPAT4	ENSG00000158669	target
FBXW5	ENSG00000159069	target
C1R	ENSG00000159403	target
FGF11	ENSG00000161958	target
FCMR	ENSG00000162894	target
CGGBP1	ENSG00000163320	target
HDX	ENSG00000165259	target
INPPL1	ENSG00000165458	target
FN3K	ENSG00000167363	target
SPATA33	ENSG00000167523	target
TCTN2	ENSG00000168778	target
ZNF507	ENSG00000168813	target
USP19	ENSG00000172046	target
ATP5MK	ENSG00000173915	target
SLC38A9	ENSG00000177058	target
PTPN11	ENSG00000179295	target
TMEM259	ENSG00000182087	target
RGS6	ENSG00000182732	target
TANGO2	ENSG00000183597	target
PCGF3	ENSG00000185619	target
POLR1D	ENSG00000186184	target
ADH5	ENSG00000197894	target
TOR4A	ENSG00000198113	target
CHAMP1	ENSG00000198824	target
PFDN6	ENSG00000204220	target
TRIM27	ENSG00000204713	target
NUDT19	ENSG00000213965	target
MCTS1	ENSG00000232119	target
SMARCE1	ENSG00000073584	target
MTHFD1	ENSG00000100714	target
PARP9	ENSG00000138496	target
SHC1	ENSG00000160691	target
CNNM3	ENSG00000168763	target
PPP3R1	ENSG00000221823	target
DPM1	ENSG00000000419	target
PAFAH1B1	ENSG00000007168	target
BTBD7	ENSG00000011114	target
RNASET2	ENSG00000026297	target
OFD1	ENSG00000046651	target
FHIP1B	ENSG00000051009	target
FOXN3	ENSG00000053254	target
ANAPC4	ENSG00000053900	target
ELMO2	ENSG00000062598	target
FUNDC1	ENSG00000069509	target
ACAT1	ENSG00000075239	target
ZNF638	ENSG00000075292	target
PPP1R12B	ENSG00000077157	target
CBFA2T2	ENSG00000078699	target
CIC	ENSG00000079432	target
PSEN1	ENSG00000080815	target
NLK	ENSG00000087095	target
GRAMD1A	ENSG00000089351	target
NUDC	ENSG00000090273	target
TXNL1	ENSG00000091164	target
WAC	ENSG00000095787	target
NDUFB7	ENSG00000099795	target
HIRA	ENSG00000100084	target
ASCC2	ENSG00000100325	target
PPM1A	ENSG00000100614	target
PCIF1	ENSG00000100982	target
TRPC4AP	ENSG00000100991	target
CDADC1	ENSG00000102543	target
FAH	ENSG00000103876	target
AGFG2	ENSG00000106351	target
RIGI	ENSG00000107201	target
ATE1	ENSG00000107669	target
XPNPEP1	ENSG00000108039	target
CAMTA2	ENSG00000108509	target
CREBL2	ENSG00000111269	target
KRR1	ENSG00000111615	target
TMEM14C	ENSG00000111843	target
TFEB	ENSG00000112561	target
CUL9	ENSG00000112659	target
ACAP2	ENSG00000114331	target
USP34	ENSG00000115464	target
STRN	ENSG00000115808	target
GBP3	ENSG00000117226	target
RAB29	ENSG00000117280	target
NEK2	ENSG00000117650	target
KLF7	ENSG00000118263	target
RAB3GAP2	ENSG00000118873	target
HOXB3	ENSG00000120093	target
MASTL	ENSG00000120539	target
WBP4	ENSG00000120688	target
KDM3B	ENSG00000120733	target
MND1	ENSG00000121211	target
ZNF211	ENSG00000121417	target
UBL3	ENSG00000122042	target
MED13L	ENSG00000123066	target
SLC12A4	ENSG00000124067	target
IRF1	ENSG00000125347	target
PPP1R12C	ENSG00000125503	target
FXR2	ENSG00000129245	target
XPO7	ENSG00000130227	target
MLLT1	ENSG00000130382	target
OSBPL2	ENSG00000130703	target
UCK1	ENSG00000130717	target
CASZ1	ENSG00000130940	target
CAPN7	ENSG00000131375	target
SEC61G	ENSG00000132432	target
KHDC4	ENSG00000132680	target
IRAK2	ENSG00000134070	target
NAA35	ENSG00000135040	target
GCC2	ENSG00000135968	target
RTP4	ENSG00000136514	target
DNAJC13	ENSG00000138246	target
OLA1	ENSG00000138430	target
MAP3K12	ENSG00000139625	target
LMBR1L	ENSG00000139636	target
TCF12	ENSG00000140262	target
ETFA	ENSG00000140374	target
PIF1	ENSG00000140451	target
LINS1	ENSG00000140471	target
RHOT2	ENSG00000140983	target
PDPK1	ENSG00000140992	target
WRAP53	ENSG00000141499	target
ABL2	ENSG00000143322	target
TBCK	ENSG00000145348	target
NDUFS6	ENSG00000145494	target
DOCK11	ENSG00000147251	target
RPP30	ENSG00000148688	target
MBIP	ENSG00000151332	target
UPF2	ENSG00000151461	target
PARP8	ENSG00000151883	target
SPC25	ENSG00000152253	target
UBP1	ENSG00000153560	target
RABGEF1	ENSG00000154710	target
GABPA	ENSG00000154727	target
FLCN	ENSG00000154803	target
ZNF18	ENSG00000154957	target
MOV10	ENSG00000155363	target
KAT6B	ENSG00000156650	target
TAB3	ENSG00000157625	target
GAREM2	ENSG00000157833	target
TPRG1L	ENSG00000158109	target
CDC25C	ENSG00000158402	target
STARD9	ENSG00000159433	target
ABCG1	ENSG00000160179	target
PRMT2	ENSG00000160310	target
C19orf47	ENSG00000160392	target
ADAR	ENSG00000160710	target
ZNF653	ENSG00000161914	target
SYVN1	ENSG00000162298	target
DNAI3	ENSG00000162643	target
FLVCR1	ENSG00000162769	target
GPR155	ENSG00000163328	target
YY1AP1	ENSG00000163374	target
PRKCI	ENSG00000163558	target
PPM1K	ENSG00000163644	target
RCHY1	ENSG00000163743	target
RFC4	ENSG00000163918	target
BAP1	ENSG00000163930	target
PBRM1	ENSG00000163939	target
ERAP2	ENSG00000164308	target
CREBRF	ENSG00000164463	target
PI16	ENSG00000164530	target
TRA2A	ENSG00000164548	target
TMEM71	ENSG00000165071	target
ATP5F1C	ENSG00000165629	target
WBP1L	ENSG00000166272	target
MARF1	ENSG00000166783	target
TMEM170A	ENSG00000166822	target
ZNF641	ENSG00000167528	target
ATP5PD	ENSG00000167863	target
SPINDOC	ENSG00000168005	target
KIAA1586	ENSG00000168116	target
ZBTB5	ENSG00000168795	target
C2orf68	ENSG00000168887	target
INO80E	ENSG00000169592	target
ARL6IP1	ENSG00000170540	target
ZNF131	ENSG00000172262	target
GTPBP2	ENSG00000172432	target
TMCC1	ENSG00000172765	target
RCE1	ENSG00000173653	target
VCPIP1	ENSG00000175073	target
MED16	ENSG00000175221	target
USF3	ENSG00000176542	target
TBL1XR1	ENSG00000177565	target
WDR6	ENSG00000178252	target
PITPNB	ENSG00000180957	target
EHMT1	ENSG00000181090	target
ASB7	ENSG00000183475	target
CDCA2	ENSG00000184661	target
EIF4ENIF1	ENSG00000184708	target
ZSWIM9	ENSG00000185453	target
BICD2	ENSG00000185963	target
BLOC1S5	ENSG00000188428	target
FAM53B	ENSG00000189319	target
MRTFA	ENSG00000196588	target
ARRDC1	ENSG00000197070	target
ENTPD4	ENSG00000197217	target
AKAP17A	ENSG00000197976	target
DDX42	ENSG00000198231	target
GPN1	ENSG00000198522	target
GRK5	ENSG00000198873	target
SACM1L	ENSG00000211456	target
LCAT	ENSG00000213398	target
CSNK1E	ENSG00000213923	target
C4orf48	ENSG00000243449	target
N4BP2L2	ENSG00000244754	target
DYNLL2	ENSG00000264364	target
TIMM23	ENSG00000265354	target
ZNF224	ENSG00000267680	target
KMT2B	ENSG00000272333	target
PSMB3	ENSG00000277791	target
METTL8	ENSG00000123600	target
TMBIM1	ENSG00000135926	target
TMEM91	ENSG00000142046	target
TBCCD1	ENSG00000113838	target
HDLBP	ENSG00000115677	target
DNAJB9	ENSG00000128590	target
USO1	ENSG00000138768	target
DERL2	ENSG00000072849	target
SRP54	ENSG00000100883	target
MESD	ENSG00000117899	target
ARFIP2	ENSG00000132254	target
SLC30A7	ENSG00000162695	target
CCNYL1	ENSG00000163249	target
PRRC1	ENSG00000164244	target
THAP5	ENSG00000177683	target
ENTPD7	ENSG00000198018	target
GFPT1	ENSG00000198380	target
FICD	ENSG00000198855	target
SEC22B	ENSG00000265808	target
CCDC163	ENSG00000280670	target
POLR2B	ENSG00000047315	target
STARD7	ENSG00000084090	target
RC3H1	ENSG00000135870	target
SOD1	ENSG00000142168	target
DNAJC24	ENSG00000170946	target
PFKM	ENSG00000152556	target
NADK2	ENSG00000152620	target
CLIC1	ENSG00000213719	target
EIPR1	ENSG00000032389	target
SRBD1	ENSG00000068784	target
WDR62	ENSG00000075702	target
CMTM1	ENSG00000089505	target
SPTBN1	ENSG00000115306	target
LOXL2	ENSG00000134013	target
CMTM2	ENSG00000140932	target
PAN3	ENSG00000152520	target
PANK4	ENSG00000157881	target
TOMM20	ENSG00000173726	target
AGTRAP	ENSG00000177674	target
PACS2	ENSG00000179364	target
LAT2	ENSG00000086730	target
ITGA6	ENSG00000091409	target
SYNE1	ENSG00000131018	target
PRR29	ENSG00000224383	target
PEBP1	ENSG00000089220	target
CHCHD3	ENSG00000106554	target
TMEM156	ENSG00000121895	target
SSBP4	ENSG00000130511	target
LLPH	ENSG00000139233	target
DDX19A	ENSG00000168872	target
MECP2	ENSG00000169057	target
ARIH2	ENSG00000177479	target
PGAM5	ENSG00000247077	target
IFRD1	ENSG00000006652	target
RFC2	ENSG00000049541	target
SIRT2	ENSG00000068903	target
CNOT3	ENSG00000088038	target
BPNT2	ENSG00000104331	target
CYTH2	ENSG00000105443	target
SRSF4	ENSG00000116350	target
DOHH	ENSG00000129932	target
TAF4	ENSG00000130699	target
SLTM	ENSG00000137776	target
SF3B3	ENSG00000189091	target
MATCAP1	ENSG00000196123	target
CDC42SE1	ENSG00000197622	target
RBM12	ENSG00000244462	target
RBM6	ENSG00000004534	target
WDR54	ENSG00000005448	target
TTC22	ENSG00000006555	target
UNC93B1	ENSG00000110057	target
TCIRG1	ENSG00000110719	target
ERAP1	ENSG00000164307	target
DOLPP1	ENSG00000167130	target
GATD1	ENSG00000177225	target
ZNF70	ENSG00000187792	target
SMC5	ENSG00000198887	target
TMEM178B	ENSG00000261115	target
PYGM	ENSG00000068976	target
DOP1A	ENSG00000083097	target
UBE3D	ENSG00000118420	target
POPDC2	ENSG00000121577	target
RBBP6	ENSG00000122257	target
UNC5CL	ENSG00000124602	target
IQCN	ENSG00000130518	target
CATSPERB	ENSG00000133962	target
AVIL	ENSG00000135407	target
ITGA10	ENSG00000143127	target
FAHD2B	ENSG00000144199	target
PLPBP	ENSG00000147471	target
TRPT1	ENSG00000149743	target
KRTCAP3	ENSG00000157992	target
KLKB1	ENSG00000164344	target
CRYL1	ENSG00000165475	target
LGALS4	ENSG00000171747	target
CNIH2	ENSG00000174871	target
H2AC6	ENSG00000180573	target
CFAP44	ENSG00000206530	target
ASIC3	ENSG00000213199	target
KCTD11	ENSG00000213859	target
ARMH2	ENSG00000260286	target
MIA	ENSG00000261857	target
ABHD5	ENSG00000011198	target
MAMLD1	ENSG00000013619	target
TBC1D23	ENSG00000036054	target
AP5M1	ENSG00000053770	target
ATP11A	ENSG00000068650	target
DGCR2	ENSG00000070413	target
KDM5A	ENSG00000073614	target
PIBF1	ENSG00000083535	target
ZNF264	ENSG00000083844	target
WBP11	ENSG00000084463	target
DNM1L	ENSG00000087470	target
ATRN	ENSG00000088812	target
RBM41	ENSG00000089682	target
SRSF5	ENSG00000100650	target
DCAF11	ENSG00000100897	target
ZNF500	ENSG00000103199	target
NUBP1	ENSG00000103274	target
HERC1	ENSG00000103657	target
CRTC1	ENSG00000105662	target
SIPA1L3	ENSG00000105738	target
MET	ENSG00000105976	target
ZNF862	ENSG00000106479	target
RAI1	ENSG00000108557	target
CEP164	ENSG00000110274	target
CAPRIN2	ENSG00000110888	target
MTRF1L	ENSG00000112031	target
RNF8	ENSG00000112130	target
MDGA1	ENSG00000112139	target
ZNF451	ENSG00000112200	target
FBXL4	ENSG00000112234	target
PRG4	ENSG00000116690	target
MED28	ENSG00000118579	target
RECK	ENSG00000122707	target
TSFM	ENSG00000123297	target
RAB9A	ENSG00000123595	target
GGA3	ENSG00000125447	target
PLGLB2	ENSG00000125551	target
KDM4B	ENSG00000127663	target
ZNF780B	ENSG00000128000	target
TTBK2	ENSG00000128881	target
PSMA1	ENSG00000129084	target
PPIL4	ENSG00000131013	target
PSME3	ENSG00000131467	target
MCCC2	ENSG00000131844	target
VPS4A	ENSG00000132612	target
KLHL36	ENSG00000135686	target
ANKRD36	ENSG00000135976	target
APPL2	ENSG00000136044	target
STX17	ENSG00000136874	target
DPM2	ENSG00000136908	target
RABEPK	ENSG00000136933	target
ALDH1B1	ENSG00000137124	target
HMGA1	ENSG00000137309	target
RNF185	ENSG00000138942	target
SMARCC2	ENSG00000139613	target
MOB3C	ENSG00000142961	target
HAX1	ENSG00000143575	target
FBXO28	ENSG00000143756	target
SUMF1	ENSG00000144455	target
VGLL4	ENSG00000144560	target
HDAC8	ENSG00000147099	target
ZNF776	ENSG00000152443	target
DCLRE1C	ENSG00000152457	target
ELOC	ENSG00000154582	target
DHRS1	ENSG00000157379	target
ZSCAN12	ENSG00000158691	target
TLCD1	ENSG00000160606	target
ASRGL1	ENSG00000162174	target
AZI2	ENSG00000163512	target
ABHD6	ENSG00000163686	target
ARSK	ENSG00000164291	target
DNAAF5	ENSG00000164818	target
KIF27	ENSG00000165115	target
LETM1	ENSG00000168924	target
HEXD	ENSG00000169660	target
PPM1D	ENSG00000170836	target
NETO2	ENSG00000171208	target
ZNF554	ENSG00000172006	target
MAP3K11	ENSG00000173327	target
CYB561D1	ENSG00000174151	target
C12orf76	ENSG00000174456	target
PSMD2	ENSG00000175166	target
MLXIP	ENSG00000175727	target
NT5DC1	ENSG00000178425	target
ZNF48	ENSG00000180035	target
GLRX5	ENSG00000182512	target
NGRN	ENSG00000182768	target
TRIM52	ENSG00000183718	target
NR2C2AP	ENSG00000184162	target
KCNK12	ENSG00000184261	target
CEND1	ENSG00000184524	target
USP18	ENSG00000184979	target
UBOX5	ENSG00000185019	target
PTCH1	ENSG00000185920	target
ZNF17	ENSG00000186272	target
TOR3A	ENSG00000186283	target
PRR5	ENSG00000186654	target
C11orf96	ENSG00000187479	target
USP7	ENSG00000187555	target
B3GLCT	ENSG00000187676	target
KCTD21	ENSG00000188997	target
STMN3	ENSG00000197457	target
ZNF780A	ENSG00000197782	target
C1orf122	ENSG00000197982	target
ZNF587	ENSG00000198466	target
ZNF550	ENSG00000251369	target
HMBS	ENSG00000256269	target
TUBGCP5	ENSG00000275835	target
DOT1L	ENSG00000104885	target
CIAO2A	ENSG00000166797	target
SPEN	ENSG00000065526	target
SNX10	ENSG00000086300	target
ACOT7	ENSG00000097021	target
KLHDC4	ENSG00000104731	target
URI1	ENSG00000105176	target
BCL2L12	ENSG00000126453	target
GUCD1	ENSG00000138867	target
LIMD1	ENSG00000144791	target
PFKFB3	ENSG00000170525	target
TP53RK	ENSG00000172315	target
TAF13	ENSG00000197780	target
ZNF121	ENSG00000197961	target
NCOA5	ENSG00000124160	target
NDC80	ENSG00000080986	target
PAOX	ENSG00000148832	target
ZFY	ENSG00000067646	target
WDR7	ENSG00000091157	target
HSDL1	ENSG00000103160	target
C1GALT1	ENSG00000106392	target
ANKMY2	ENSG00000106524	target
RO60	ENSG00000116747	target
RAB40B	ENSG00000141542	target
EDC3	ENSG00000179151	target
CYS1	ENSG00000205795	target
CD8B2	ENSG00000254126	target
ZNF263	ENSG00000006194	target
FMO4	ENSG00000076258	target
DECR1	ENSG00000104325	target
SIGLEC6	ENSG00000105492	target
EHHADH	ENSG00000113790	target
ZNF141	ENSG00000131127	target
TRIM21	ENSG00000132109	target
ANKRD6	ENSG00000135299	target
NTPCR	ENSG00000135778	target
C5orf63	ENSG00000164241	target
ZKSCAN4	ENSG00000187626	target
GSPT2	ENSG00000189369	target
ZKSCAN7	ENSG00000196345	target
ZNF765	ENSG00000196417	target
SPIN3	ENSG00000204271	target
MAP10	ENSG00000212916	target
SMIM30	ENSG00000214194	target
TRIM34	ENSG00000258659	target
MAP3K9	ENSG00000006432	target
PPP5C	ENSG00000011485	target
SLC4A8	ENSG00000050438	target
FRY	ENSG00000073910	target
ZNF671	ENSG00000083814	target
REST	ENSG00000084093	target
ZNF268	ENSG00000090612	target
MOSPD1	ENSG00000101928	target
AMBRA1	ENSG00000110497	target
RPF1	ENSG00000117133	target
PYROXD2	ENSG00000119943	target
ZNF549	ENSG00000121406	target
NUP85	ENSG00000125450	target
ARHGEF11	ENSG00000132694	target
DPH6	ENSG00000134146	target
CD101	ENSG00000134256	target
MAP7	ENSG00000135525	target
RNASEL	ENSG00000135828	target
RIPK1	ENSG00000137275	target
ELAC1	ENSG00000141642	target
ZNF547	ENSG00000152433	target
NAPEPLD	ENSG00000161048	target
CDK5	ENSG00000164885	target
LCMT2	ENSG00000168806	target
UBB	ENSG00000170315	target
CES4A	ENSG00000172824	target
PTPRM	ENSG00000173482	target
ZNF266	ENSG00000174652	target
CENPS	ENSG00000175279	target
CSTF2T	ENSG00000177613	target
TRIM61	ENSG00000183439	target
ZNF530	ENSG00000183647	target
ZNF286A	ENSG00000187607	target
ACADSB	ENSG00000196177	target
ZNF569	ENSG00000196437	target
MPZL1	ENSG00000197965	target
ZNF649	ENSG00000198093	target
EHMT2	ENSG00000204371	target
SAMD9	ENSG00000205413	target
LNP1	ENSG00000206535	target
COLQ	ENSG00000206561	target
ZNF134	ENSG00000213762	target
ZNF891	ENSG00000214029	target
SCAMP4	ENSG00000227500	target
SMIM35	ENSG00000255274	target
GTF3C4	ENSG00000125484	target
EID2	ENSG00000176396	target
STC2	ENSG00000113739	target
VLDLR	ENSG00000147852	target
UBE2L6	ENSG00000156587	target
CCDC28B	ENSG00000160050	target
FAAP20	ENSG00000162585	target
EIF3A	ENSG00000107581	target
H1-1	ENSG00000124610	target
SAP30BP	ENSG00000161526	target
LSM1	ENSG00000175324	target
PAGR1	ENSG00000280789	target
AURKA	ENSG00000087586	target
GTPBP10	ENSG00000105793	target
MKKS	ENSG00000125863	target
RXYLT1	ENSG00000118600	target
PKD1	ENSG00000008710	target
ALOX5	ENSG00000012779	target
EDC4	ENSG00000038358	target
ARID1B	ENSG00000049618	target
FNIP2	ENSG00000052795	target
FOXJ2	ENSG00000065970	target
ROCK1	ENSG00000067900	target
TCF7	ENSG00000081059	target
BZW1	ENSG00000082153	target
CAD	ENSG00000084774	target
EIF2AK1	ENSG00000086232	target
ALKBH5	ENSG00000091542	target
AGO1	ENSG00000092847	target
BCL7C	ENSG00000099385	target
LGMN	ENSG00000100600	target
ADNP	ENSG00000101126	target
AKT2	ENSG00000105221	target
PALS2	ENSG00000105926	target
DVL1	ENSG00000107404	target
TNKS2	ENSG00000107854	target
EIF4G2	ENSG00000110321	target
BBX	ENSG00000114439	target
CEP104	ENSG00000116198	target
KCNC4	ENSG00000116396	target
DCLRE1B	ENSG00000118655	target
ARMC7	ENSG00000125449	target
PRR12	ENSG00000126464	target
LRRC61	ENSG00000127399	target
CHMP2A	ENSG00000130724	target
RBM39	ENSG00000131051	target
THUMPD3	ENSG00000134077	target
CDK4	ENSG00000135446	target
GRHPR	ENSG00000137106	target
MTMR6	ENSG00000139505	target
NOL3	ENSG00000140939	target
SIRT3	ENSG00000142082	target
PRCC	ENSG00000143294	target
PKP4	ENSG00000144283	target
COPS7B	ENSG00000144524	target
PSPH	ENSG00000146733	target
TLK2	ENSG00000146872	target
UHRF2	ENSG00000147854	target
PABIR3	ENSG00000156500	target
ZNF714	ENSG00000160352	target
WDR90	ENSG00000161996	target
ZNF496	ENSG00000162714	target
BROX	ENSG00000162819	target
B3GALNT2	ENSG00000162885	target
RAD54L2	ENSG00000164080	target
NIPBL	ENSG00000164190	target
LIPC	ENSG00000166035	target
ZNF592	ENSG00000166716	target
TLCD3A	ENSG00000167695	target
NUDT16L1	ENSG00000168101	target
DNAJC21	ENSG00000168724	target
PLEKHA2	ENSG00000169499	target
ALCAM	ENSG00000170017	target
SMAGP	ENSG00000170545	target
ZNF672	ENSG00000171161	target
GPR137	ENSG00000173264	target
MSL2	ENSG00000174579	target
TMEM9B	ENSG00000175348	target
C18orf32	ENSG00000177576	target
RBM10	ENSG00000182872	target
TMEM106A	ENSG00000184988	target
SPIN4	ENSG00000186767	target
ZFTRAF1	ENSG00000187954	target
YRDC	ENSG00000196449	target
FUT11	ENSG00000196968	target
PCBP2	ENSG00000197111	target
ZNF772	ENSG00000197128	target
SPG7	ENSG00000197912	target
RNPS1	ENSG00000205937	target
MCUB	ENSG00000005059	target
NADK	ENSG00000008130	target
CRY1	ENSG00000008405	target
WIZ	ENSG00000011451	target
QPCTL	ENSG00000011478	target
EXTL3	ENSG00000012232	target
MAP4K5	ENSG00000012983	target
IFT88	ENSG00000032742	target
ADAMTS6	ENSG00000049192	target
TRAPPC3	ENSG00000054116	target
SDCCAG8	ENSG00000054282	target
TRAM2	ENSG00000065308	target
ELAVL1	ENSG00000066044	target
NFYC	ENSG00000066136	target
PALS1	ENSG00000072415	target
SP140	ENSG00000079263	target
ATG16L1	ENSG00000085978	target
ZW10	ENSG00000086827	target
MTMR2	ENSG00000087053	target
SYDE2	ENSG00000097096	target
TTLL1	ENSG00000100271	target
VTI1B	ENSG00000100568	target
RENBP	ENSG00000102032	target
VWA8	ENSG00000102763	target
ERCC2	ENSG00000104884	target
RNASEH2A	ENSG00000104889	target
CDC37	ENSG00000105401	target
DNASE2	ENSG00000105612	target
PIGL	ENSG00000108474	target
SEPSECS	ENSG00000109618	target
MAGOHB	ENSG00000111196	target
NT5DC3	ENSG00000111696	target
FANCE	ENSG00000112039	target
ACTR3	ENSG00000115091	target
COQ10B	ENSG00000115520	target
SLC25A12	ENSG00000115840	target
TSNAX	ENSG00000116918	target
CAMSAP2	ENSG00000118200	target
SENP5	ENSG00000119231	target
CTNNAL1	ENSG00000119326	target
OGFRL1	ENSG00000119900	target
RNF2	ENSG00000121481	target
ZC3H13	ENSG00000123200	target
ZNFX1	ENSG00000124201	target
HROB	ENSG00000125319	target
THOC2	ENSG00000125676	target
ATG4C	ENSG00000125703	target
BECN1	ENSG00000126581	target
INTS11	ENSG00000127054	target
HP1BP3	ENSG00000127483	target
GFER	ENSG00000127554	target
ANAPC13	ENSG00000129055	target
TRAF7	ENSG00000131653	target
AP3B1	ENSG00000132842	target
MORC4	ENSG00000133131	target
SWAP70	ENSG00000133789	target
TPGS2	ENSG00000134779	target
CARS2	ENSG00000134905	target
IREB2	ENSG00000136381	target
ATP6V1G1	ENSG00000136888	target
NDUFAF1	ENSG00000137806	target
PPIG	ENSG00000138398	target
INTS14	ENSG00000138614	target
ZGRF1	ENSG00000138658	target
SCAPER	ENSG00000140386	target
FTO	ENSG00000140718	target
ARHGAP17	ENSG00000140750	target
ILDR2	ENSG00000143195	target
XPR1	ENSG00000143324	target
DYRK3	ENSG00000143479	target
WDPCP	ENSG00000143951	target
LYG1	ENSG00000144214	target
METTL21A	ENSG00000144401	target
FANCD2	ENSG00000144554	target
PPIP5K2	ENSG00000145725	target
HIGD2A	ENSG00000146066	target
TBC1D32	ENSG00000146350	target
ARMT1	ENSG00000146476	target
RADX	ENSG00000147231	target
PTGES2	ENSG00000148334	target
IMMP1L	ENSG00000148950	target
CNKSR2	ENSG00000149970	target
PIP4K2A	ENSG00000150867	target
VPS26B	ENSG00000151502	target
ATG10	ENSG00000152348	target
ADGRA3	ENSG00000152990	target
CDYL	ENSG00000153046	target
HS2ST1	ENSG00000153936	target
CDK19	ENSG00000155111	target
MICU3	ENSG00000155970	target
CARNMT1	ENSG00000156017	target
FBXO43	ENSG00000156509	target
PTPDC1	ENSG00000158079	target
FANCC	ENSG00000158169	target
ATAD3B	ENSG00000160072	target
FLAD1	ENSG00000160688	target
ZNF394	ENSG00000160908	target
CYB561A3	ENSG00000162144	target
SMIM12	ENSG00000163866	target
MAP9	ENSG00000164114	target
CEP44	ENSG00000164118	target
NDUFAF2	ENSG00000164182	target
LMBRD2	ENSG00000164187	target
PDSS2	ENSG00000164494	target
EML5	ENSG00000165521	target
C18orf54	ENSG00000166845	target
MVD	ENSG00000167508	target
HOOK3	ENSG00000168172	target
C15orf40	ENSG00000169609	target
STX8	ENSG00000170310	target
NUDT9	ENSG00000170502	target
SOCS5	ENSG00000171150	target
GPHN	ENSG00000171723	target
SHLD1	ENSG00000171984	target
MTBP	ENSG00000172167	target
TEFM	ENSG00000172171	target
PSME3IP1	ENSG00000172775	target
RNF26	ENSG00000173456	target
CEP83	ENSG00000173588	target
MSRA	ENSG00000175806	target
PLEKHF2	ENSG00000175895	target
PAWR	ENSG00000177425	target
ZNF620	ENSG00000177842	target
GEN1	ENSG00000178295	target
RPP25	ENSG00000178718	target
CEP63	ENSG00000182923	target
CCR3	ENSG00000183625	target
AP3M1	ENSG00000185009	target
PURA	ENSG00000185129	target
BRWD1	ENSG00000185658	target
CXorf38	ENSG00000185753	target
ZNF383	ENSG00000188283	target
TSC22D2	ENSG00000196428	target
ZFP62	ENSG00000196670	target
HTT	ENSG00000197386	target
GPATCH3	ENSG00000198746	target
MAGEE1	ENSG00000198934	target
PRRC2A	ENSG00000204469	target
TRDC	ENSG00000211829	target
IGHM	ENSG00000211899	target
TAS2R14	ENSG00000212127	target
GALT	ENSG00000213930	target
MTCP1	ENSG00000214827	target
MYL5	ENSG00000215375	target
C16orf95	ENSG00000260456	target
LENG9	ENSG00000275183	target
TBCE	ENSG00000284770	target
ALS2	ENSG00000003393	target
LDAF1	ENSG00000011638	target
CHDH	ENSG00000016391	target
UBA6	ENSG00000033178	target
SLC66A1	ENSG00000040487	target
ZNF280C	ENSG00000056277	target
PSD	ENSG00000059915	target
SPAG4	ENSG00000061656	target
CLASP1	ENSG00000074054	target
PLD1	ENSG00000075651	target
LXN	ENSG00000079257	target
ARG2	ENSG00000081181	target
ACOX3	ENSG00000087008	target
KDM2B	ENSG00000089094	target
PLEKHG2	ENSG00000090924	target
PUS7	ENSG00000091127	target
ITPR3	ENSG00000096433	target
NRP1	ENSG00000099250	target
ELF4	ENSG00000102034	target
SFRP1	ENSG00000104332	target
GCDH	ENSG00000105607	target
DUSP3	ENSG00000108861	target
HLF	ENSG00000108924	target
PSMD9	ENSG00000110801	target
ELK3	ENSG00000111145	target
SEC24A	ENSG00000113615	target
ARL6	ENSG00000113966	target
IGFBP2	ENSG00000115457	target
MOB4	ENSG00000115540	target
TMEM59	ENSG00000116209	target
CTH	ENSG00000116761	target
RLF	ENSG00000117000	target
CD46	ENSG00000117335	target
RAB9B	ENSG00000123570	target
ZBP1	ENSG00000124256	target
VAMP7	ENSG00000124333	target
AGAP3	ENSG00000133612	target
GGACT	ENSG00000134864	target
TMEM19	ENSG00000139291	target
TDG	ENSG00000139372	target
CBLN3	ENSG00000139899	target
GEMIN7	ENSG00000142252	target
IPMK	ENSG00000151151	target
TEX29	ENSG00000153495	target
CIART	ENSG00000159208	target
ADPGK	ENSG00000159322	target
NR2F6	ENSG00000160113	target
YEATS2	ENSG00000163872	target
MFSD8	ENSG00000164073	target
GKAP1	ENSG00000165113	target
RAMAC	ENSG00000169612	target
EXOSC1	ENSG00000171311	target
TNKS	ENSG00000173273	target
PPP1R3B	ENSG00000173281	target
ADO	ENSG00000181915	target
GET1	ENSG00000182093	target
TSKU	ENSG00000182704	target
ACBD3	ENSG00000182827	target
PTGDR2	ENSG00000183134	target
ASCL2	ENSG00000183734	target
MAFF	ENSG00000185022	target
TTC30B	ENSG00000196659	target
GTF2E2	ENSG00000197265	target
CFD	ENSG00000197766	target
CFAP95	ENSG00000204711	target
SDHAF1	ENSG00000205138	target
PSENEN	ENSG00000205155	target
RNF208	ENSG00000212864	target
GANC	ENSG00000214013	target
SH3D21	ENSG00000214193	target
PPME1	ENSG00000214517	target
ZNF688	ENSG00000229809	target
PDXP	ENSG00000241360	target
MTFP1	ENSG00000242114	target
NUDT18	ENSG00000275074	target
LAP3	ENSG00000002549	target
ARF5	ENSG00000004059	target
KDM1A	ENSG00000004487	target
VPS50	ENSG00000004766	target
ZFX	ENSG00000005889	target
COX10	ENSG00000006695	target
CEACAM21	ENSG00000007129	target
MED24	ENSG00000008838	target
RHOBTB2	ENSG00000008853	target
UBE3C	ENSG00000009335	target
LARS2	ENSG00000011376	target
SPAST	ENSG00000021574	target
ABCC2	ENSG00000023839	target
MIPEP	ENSG00000027001	target
ZZZ3	ENSG00000036549	target
METTL1	ENSG00000037897	target
CTNS	ENSG00000040531	target
THAP3	ENSG00000041988	target
MED17	ENSG00000042429	target
RETSAT	ENSG00000042445	target
KATNIP	ENSG00000047578	target
SNX29	ENSG00000048471	target
THRAP3	ENSG00000054118	target
POLR3E	ENSG00000058600	target
CCAR1	ENSG00000060339	target
OGFR	ENSG00000060491	target
MON2	ENSG00000061987	target
MTMR1	ENSG00000063601	target
TAF2	ENSG00000064313	target
DIP2B	ENSG00000066084	target
ARFGEF1	ENSG00000066777	target
ZFAT	ENSG00000066827	target
IARS2	ENSG00000067704	target
VASH1	ENSG00000071246	target
RDH11	ENSG00000072042	target
UBE2D1	ENSG00000072401	target
SELENOO	ENSG00000073169	target
MARK3	ENSG00000075413	target
ANKRD13A	ENSG00000076513	target
TRAF4	ENSG00000076604	target
JADE1	ENSG00000077684	target
TIGAR	ENSG00000078237	target
UBE2D4	ENSG00000078967	target
RIF1	ENSG00000080345	target
RBL1	ENSG00000080839	target
DELE1	ENSG00000081791	target
ZNF324	ENSG00000083812	target
USP40	ENSG00000085982	target
DIMT1	ENSG00000086189	target
UIMC1	ENSG00000087206	target
STRN4	ENSG00000090372	target
EFNB1	ENSG00000090776	target
ZC3HC1	ENSG00000091732	target
HOOK2	ENSG00000095066	target
BAMBI	ENSG00000095739	target
TMED1	ENSG00000099203	target
LZTR1	ENSG00000099949	target
SBF1	ENSG00000100241	target
SNW1	ENSG00000100603	target
TRIP11	ENSG00000100815	target
PYGB	ENSG00000100994	target
UQCC1	ENSG00000101019	target
PFDN4	ENSG00000101132	target
DHX35	ENSG00000101452	target
XIAP	ENSG00000101966	target
RP2	ENSG00000102218	target
CDK16	ENSG00000102225	target
KLF5	ENSG00000102554	target
LONP2	ENSG00000102910	target
BCKDK	ENSG00000103507	target
RPAP1	ENSG00000103932	target
OIP5	ENSG00000104147	target
SGK3	ENSG00000104205	target
TRIM35	ENSG00000104228	target
MTMR9	ENSG00000104643	target
R3HCC1	ENSG00000104679	target
UBXN8	ENSG00000104691	target
NUMBL	ENSG00000105245	target
DMAC2	ENSG00000105341	target
DBP	ENSG00000105516	target
MIER2	ENSG00000105556	target
GSK3A	ENSG00000105723	target
PHF14	ENSG00000106443	target
CEP41	ENSG00000106477	target
CDC37L1	ENSG00000106993	target
PPP3CB	ENSG00000107758	target
EDRF1	ENSG00000107938	target
MTPAP	ENSG00000107951	target
CUL2	ENSG00000108094	target
TSPAN14	ENSG00000108219	target
FBXL20	ENSG00000108306	target
CNTNAP1	ENSG00000108797	target
ELP4	ENSG00000109911	target
ATG2A	ENSG00000110046	target
FOXRED1	ENSG00000110074	target
PANX1	ENSG00000110218	target
CD81	ENSG00000110651	target
NUP98	ENSG00000110713	target
HPS5	ENSG00000110756	target
COQ5	ENSG00000110871	target
SLC11A2	ENSG00000110911	target
ITFG2	ENSG00000111203	target
ACAD10	ENSG00000111271	target
NNT	ENSG00000112992	target
MSH3	ENSG00000113318	target
ERGIC1	ENSG00000113719	target
BNIP1	ENSG00000113734	target
PCCB	ENSG00000114054	target
PRKAR2A	ENSG00000114302	target
WDR48	ENSG00000114742	target
COMMD2	ENSG00000114744	target
TTC31	ENSG00000115282	target
BIRC6	ENSG00000115760	target
C2orf42	ENSG00000115998	target
EPHA4	ENSG00000116106	target
DNAJC16	ENSG00000116138	target
NCF2	ENSG00000116701	target
WARS2	ENSG00000116874	target
ID3	ENSG00000117318	target
IPO13	ENSG00000117408	target
ERI3	ENSG00000117419	target
NSUN4	ENSG00000117481	target
ATF6	ENSG00000118217	target
SPP1	ENSG00000118785	target
UBN1	ENSG00000118900	target
NDUFA8	ENSG00000119421	target
DCAF4	ENSG00000119599	target
ACYP1	ENSG00000119640	target
DLST	ENSG00000119689	target
ATL2	ENSG00000119787	target
LGALSL	ENSG00000119862	target
DUSP1	ENSG00000120129	target
CAAP1	ENSG00000120159	target
MTRF1	ENSG00000120662	target
DNAJC15	ENSG00000120675	target
FAM53C	ENSG00000120709	target
SEC22A	ENSG00000121542	target
POLR3GL	ENSG00000121851	target
SLC25A16	ENSG00000122912	target
ACADS	ENSG00000122971	target
ATPAF1	ENSG00000123472	target
CNOT1	ENSG00000125107	target
CLYBL	ENSG00000125246	target
EFNB2	ENSG00000125266	target
DMAC2L	ENSG00000125375	target
ARMCX5	ENSG00000125962	target
AGO3	ENSG00000126070	target
TMEM53	ENSG00000126106	target
IRF3	ENSG00000126456	target
SCAF1	ENSG00000126461	target
SIN3B	ENSG00000127511	target
METTL25	ENSG00000127720	target
HERC2	ENSG00000128731	target
RIPK3	ENSG00000129465	target
ADCY4	ENSG00000129467	target
QRICH2	ENSG00000129646	target
ECSIT	ENSG00000130159	target
QRSL1	ENSG00000130348	target
MTRES1	ENSG00000130349	target
MED18	ENSG00000130772	target
SHFL	ENSG00000130813	target
UBE4B	ENSG00000130939	target
TUBG1	ENSG00000131462	target
VPS25	ENSG00000131475	target
GCH1	ENSG00000131979	target
FBXW9	ENSG00000132004	target
CARD6	ENSG00000132357	target
PTPRA	ENSG00000132670	target
XPO4	ENSG00000132953	target
SLC39A11	ENSG00000133195	target
PPHLN1	ENSG00000134283	target
IL15RA	ENSG00000134470	target
STK26	ENSG00000134602	target
PHC2	ENSG00000134686	target
ELP2	ENSG00000134759	target
TAOK3	ENSG00000135090	target
TOR1B	ENSG00000136816	target
RNF121	ENSG00000137522	target
SLC37A4	ENSG00000137700	target
IFT172	ENSG00000138002	target
PNPT1	ENSG00000138035	target
FBXO11	ENSG00000138081	target
LRPPRC	ENSG00000138095	target
EXOC6	ENSG00000138190	target
PARP16	ENSG00000138617	target
RBM26	ENSG00000139746	target
CUL4A	ENSG00000139842	target
STON2	ENSG00000140022	target
POLG	ENSG00000140521	target
EFL1	ENSG00000140598	target
PMM2	ENSG00000140650	target
PARN	ENSG00000140694	target
DUS3L	ENSG00000141994	target
URB1	ENSG00000142207	target
SAE1	ENSG00000142230	target
ZNF473	ENSG00000142528	target
PIGM	ENSG00000143315	target
OAZ3	ENSG00000143450	target
GATAD2B	ENSG00000143614	target
C1orf131	ENSG00000143633	target
CAMKMT	ENSG00000143919	target
ETAA1	ENSG00000143971	target
KANSL1L	ENSG00000144445	target
PIK3R1	ENSG00000145675	target
NAPRT	ENSG00000147813	target
REXO4	ENSG00000148300	target
DNAJB12	ENSG00000148719	target
TAF5	ENSG00000148835	target
GLB1L2	ENSG00000149328	target
SLX4IP	ENSG00000149346	target
KAT14	ENSG00000149474	target
CPSF7	ENSG00000149532	target
PLCB3	ENSG00000149782	target
TM7SF2	ENSG00000149809	target
PPP4C	ENSG00000149923	target
CCDC102B	ENSG00000150636	target
ATPSCKMT	ENSG00000150756	target
NKAPD1	ENSG00000150776	target
DLG5	ENSG00000151208	target
NUBPL	ENSG00000151413	target
NBAS	ENSG00000151779	target
SLC30A6	ENSG00000152683	target
CARHSP1	ENSG00000153048	target
INO80C	ENSG00000153391	target
FBXO36	ENSG00000153832	target
KCTD15	ENSG00000153885	target
ZNF599	ENSG00000153896	target
GDPD1	ENSG00000153982	target
CCSAP	ENSG00000154429	target
APOOL	ENSG00000155008	target
OTUD6B	ENSG00000155100	target
FLACC1	ENSG00000155749	target
RNF20	ENSG00000155827	target
GNAQ	ENSG00000156052	target
RPGR	ENSG00000156313	target
CDK20	ENSG00000156345	target
MFSD14A	ENSG00000156875	target
GALK2	ENSG00000156958	target
SPPL3	ENSG00000157837	target
C12orf43	ENSG00000157895	target
NCK1	ENSG00000158092	target
CFAP410	ENSG00000160226	target
PCNT	ENSG00000160299	target
ENTREP3	ENSG00000160767	target
UBQLN4	ENSG00000160803	target
LRWD1	ENSG00000161036	target
TMEM143	ENSG00000161558	target
NEU3	ENSG00000162139	target
SLMAP	ENSG00000163681	target
GYG1	ENSG00000163754	target
TMEM41A	ENSG00000163900	target
ERMAP	ENSG00000164010	target
PGGT1B	ENSG00000164219	target
COG5	ENSG00000164597	target
PHAX	ENSG00000164902	target
CCDC171	ENSG00000164989	target
RPUSD4	ENSG00000165526	target
ENOX2	ENSG00000165675	target
ENTR1	ENSG00000165689	target
SPACA9	ENSG00000165698	target
BORCS5	ENSG00000165714	target
BTRC	ENSG00000166167	target
ZNF202	ENSG00000166261	target
BORCS7	ENSG00000166275	target
GARRE1	ENSG00000166398	target
ZMAT1	ENSG00000166432	target
TMX3	ENSG00000166479	target
CNPY4	ENSG00000166997	target
URM1	ENSG00000167118	target
DPEP2	ENSG00000167261	target
RHEBL1	ENSG00000167550	target
ZNF283	ENSG00000167637	target
KIFC2	ENSG00000167702	target
GHDC	ENSG00000167925	target
NKIRAS2	ENSG00000168256	target
TRAPPC11	ENSG00000168538	target
GFM1	ENSG00000168827	target
CEP120	ENSG00000168944	target
DTWD2	ENSG00000169570	target
OTUD3	ENSG00000169914	target
PUSL1	ENSG00000169972	target
TMEM192	ENSG00000170088	target
GLB1	ENSG00000170266	target
ZNF524	ENSG00000171443	target
RAD9A	ENSG00000172613	target
ZNF621	ENSG00000172888	target
PHF8	ENSG00000172943	target
LCLAT1	ENSG00000172954	target
ADCK5	ENSG00000173137	target
DAG1	ENSG00000173402	target
ZNF791	ENSG00000173875	target
KICS2	ENSG00000174206	target
ZHX3	ENSG00000174306	target
ADGRE1	ENSG00000174837	target
C3orf33	ENSG00000174928	target
CCDC57	ENSG00000176155	target
RTTN	ENSG00000176225	target
VSIG10	ENSG00000176834	target
MTHFR	ENSG00000177000	target
KCNA2	ENSG00000177301	target
FLII	ENSG00000177731	target
RIC8A	ENSG00000177963	target
P4HTM	ENSG00000178467	target
ZNF552	ENSG00000178935	target
SPTY2D1	ENSG00000179119	target
DNHD1	ENSG00000179532	target
ZNF784	ENSG00000179922	target
C14orf119	ENSG00000179933	target
LRRC57	ENSG00000180979	target
FKRP	ENSG00000181027	target
OGFOD3	ENSG00000181396	target
IBA57	ENSG00000181873	target
RAD51B	ENSG00000182185	target
TRAK1	ENSG00000182606	target
CCDC125	ENSG00000183323	target
CCDC159	ENSG00000183401	target
PRR14L	ENSG00000183530	target
NIPSNAP1	ENSG00000184117	target
SCFD2	ENSG00000184178	target
BTBD6	ENSG00000184887	target
FAF1	ENSG00000185104	target
LRCH3	ENSG00000186001	target
ZNF529	ENSG00000186020	target
WWOX	ENSG00000186153	target
SMIM29	ENSG00000186577	target
ENTPD5	ENSG00000187097	target
SIRT7	ENSG00000187531	target
TET3	ENSG00000187605	target
SECISBP2	ENSG00000187742	target
LAMTOR4	ENSG00000188186	target
GTF2F2	ENSG00000188342	target
FOCAD	ENSG00000188352	target
CHM	ENSG00000188419	target
NDOR1	ENSG00000188566	target
ZDHHC9	ENSG00000188706	target
TMEM120B	ENSG00000188735	target
TRMT2B	ENSG00000188917	target
WDSUB1	ENSG00000196151	target
PPIA	ENSG00000196262	target
SUPT3H	ENSG00000196284	target
ZNF565	ENSG00000196357	target
TRRAP	ENSG00000196367	target
ARMCX4	ENSG00000196440	target
H2AC11	ENSG00000196787	target
SERTAD1	ENSG00000197019	target
SVIL	ENSG00000197321	target
ATG7	ENSG00000197548	target
KLHDC1	ENSG00000197776	target
SGTB	ENSG00000197860	target
NKIRAS1	ENSG00000197885	target
ZBTB14	ENSG00000198081	target
ZNF334	ENSG00000198185	target
QRICH1	ENSG00000198218	target
WWP2	ENSG00000198373	target
UVRAG	ENSG00000198382	target
ZNF583	ENSG00000198440	target
ZNF627	ENSG00000198551	target
DCAF12	ENSG00000198876	target
PRMT6	ENSG00000198890	target
MICB	ENSG00000204516	target
MICA	ENSG00000204520	target
CHUK	ENSG00000213341	target
SMIM7	ENSG00000214046	target
CSKMT	ENSG00000214756	target
NEURL4	ENSG00000215041	target
PEX26	ENSG00000215193	target
CCDC7	ENSG00000216937	target
HSBP1L1	ENSG00000226742	target
ZNF717	ENSG00000227124	target
PRAF2	ENSG00000243279	target
IL10RB	ENSG00000243646	target
DNAAF10	ENSG00000243667	target
COA8	ENSG00000256053	target
MC1R	ENSG00000258839	target
NOL12	ENSG00000273899	target
RCC1L	ENSG00000274523	target
TADA2A	ENSG00000276234	target
SCO2	ENSG00000284194	target
ELP1	ENSG00000070061	target
BCL7B	ENSG00000106635	target
YIPF2	ENSG00000130733	target
BTN3A1	ENSG00000026950	target
RSRC2	ENSG00000111011	target
SETD7	ENSG00000145391	target
UQCC3	ENSG00000204922	target
ELP3	ENSG00000134014	target
RSPRY1	ENSG00000159579	target
NDUFA13	ENSG00000186010	target
RHOA	ENSG00000067560	target
EPC1	ENSG00000120616	target
ITPRIPL1	ENSG00000198885	target
ELOA	ENSG00000011007	target
TCEANC2	ENSG00000116205	target
RPA2	ENSG00000117748	target
ZRANB2	ENSG00000132485	target
VARS2	ENSG00000137411	target
LATS2	ENSG00000150457	target
UBXN11	ENSG00000158062	target
PEF1	ENSG00000162517	target
SOS2	ENSG00000100485	target
ARHGEF6	ENSG00000129675	target
ERCC4	ENSG00000175595	target
BMP1	ENSG00000168487	target
CSNK1G1	ENSG00000169118	target
ERCC6L	ENSG00000186871	target
NIPAL3	ENSG00000001461	target
KRIT1	ENSG00000001631	target
UTP18	ENSG00000011260	target
BRCA1	ENSG00000012048	target
MAN2B2	ENSG00000013288	target
MDH1	ENSG00000014641	target
RAD51	ENSG00000051180	target
ITIH4	ENSG00000055955	target
ZFR	ENSG00000056097	target
POLD1	ENSG00000062822	target
TP63	ENSG00000073282	target
NT5C2	ENSG00000076685	target
DGKD	ENSG00000077044	target
ZCWPW1	ENSG00000078487	target
TOLLIP	ENSG00000078902	target
PPIE	ENSG00000084072	target
KIF3C	ENSG00000084731	target
NSFL1C	ENSG00000088833	target
SLC9A1	ENSG00000090020	target
PABPC4	ENSG00000090621	target
MFSD11	ENSG00000092931	target
PSMD5	ENSG00000095261	target
GTPBP1	ENSG00000100226	target
RHBDD3	ENSG00000100263	target
NIN	ENSG00000100503	target
GNPNAT1	ENSG00000100522	target
VAC14	ENSG00000103043	target
ABHD17B	ENSG00000107362	target
CBL	ENSG00000110395	target
ABCC5	ENSG00000114770	target
TTF2	ENSG00000116830	target
EXOSC9	ENSG00000123737	target
SDCBP2	ENSG00000125775	target
ZNF337	ENSG00000130684	target
PSMC3IP	ENSG00000131470	target
SCLY	ENSG00000132330	target
NXT1	ENSG00000132661	target
CCNH	ENSG00000134480	target
VPS45	ENSG00000136631	target
APTX	ENSG00000137074	target
PPM1B	ENSG00000138032	target
CDKL2	ENSG00000138769	target
SEC24B	ENSG00000138802	target
SLC46A3	ENSG00000139508	target
UQCRC2	ENSG00000140740	target
SAP18	ENSG00000150459	target
SACS	ENSG00000151835	target
DIPK1A	ENSG00000154511	target
HYCC2	ENSG00000155744	target
MALSU1	ENSG00000156928	target
VPS8	ENSG00000156931	target
TMEM69	ENSG00000159596	target
DFFA	ENSG00000160049	target
SLX9	ENSG00000160256	target
GFI1	ENSG00000162676	target
PUS10	ENSG00000162927	target
IWS1	ENSG00000163166	target
GFM2	ENSG00000164347	target
ORC5	ENSG00000164815	target
ZFYVE1	ENSG00000165861	target
AGBL2	ENSG00000165923	target
SRR	ENSG00000167720	target
MPLKIP	ENSG00000168303	target
GPS1	ENSG00000169727	target
NLGN2	ENSG00000169992	target
USP47	ENSG00000170242	target
IQCB1	ENSG00000173226	target
PRPF8	ENSG00000174231	target
POLD4	ENSG00000175482	target
NSUN3	ENSG00000178694	target
FAM83H	ENSG00000180921	target
ACBD4	ENSG00000181513	target
RNF41	ENSG00000181852	target
COA4	ENSG00000181924	target
SLC25A10	ENSG00000183048	target
SFXN4	ENSG00000183605	target
UBE2G2	ENSG00000184787	target
RBM33	ENSG00000184863	target
NDUFA6	ENSG00000184983	target
PRMT3	ENSG00000185238	target
THNSL1	ENSG00000185875	target
LYRM7	ENSG00000186687	target
RRP7A	ENSG00000189306	target
LRIG2	ENSG00000198799	target
DNASE1	ENSG00000213918	target
VPS52	ENSG00000223501	target
FNDC10	ENSG00000228594	target
KLHL24	ENSG00000114796	target
NBEAL1	ENSG00000144426	target
CALR	ENSG00000179218	target
CDC27	ENSG00000004897	target
YWHAE	ENSG00000108953	target
METAP2	ENSG00000111142	target
KIF14	ENSG00000118193	target
PAIP2	ENSG00000120727	target
PRPF38A	ENSG00000134748	target
SASS6	ENSG00000156876	target
DBF4B	ENSG00000161692	target
CCNL1	ENSG00000163660	target
CHRNB1	ENSG00000170175	target
SHCBP1	ENSG00000171241	target
UBE2C	ENSG00000175063	target
EIF3F	ENSG00000175390	target
MIGA1	ENSG00000180488	target
JRKL	ENSG00000183340	target
PARPBP	ENSG00000185480	target
ZNF33A	ENSG00000189180	target
ARHGAP11A	ENSG00000198826	target
NDUFC2	ENSG00000151366	target
RNASEH2B	ENSG00000136104	target
PDGFA	ENSG00000197461	target
LTBP4	ENSG00000090006	target
KANK1	ENSG00000107104	target
NAT9	ENSG00000109065	target
FAM210B	ENSG00000124098	target
RELCH	ENSG00000134444	target
IL6	ENSG00000136244	target
NFKBID	ENSG00000167604	target
PARP10	ENSG00000178685	target
LIMK2	ENSG00000182541	target
TMEM216	ENSG00000187049	target
DCUN1D3	ENSG00000188215	target
MAFG	ENSG00000197063	target
ATP10A	ENSG00000206190	target
FBXO42	ENSG00000037637	target
CASP9	ENSG00000132906	target
HIRIP3	ENSG00000149929	target
METTL17	ENSG00000165792	target
ABHD14A	ENSG00000248487	target
ADRB2	ENSG00000169252	target
DNAJB1	ENSG00000132002	target
RAD54L	ENSG00000085999	target
SUPT20H	ENSG00000102710	target
LNPEP	ENSG00000113441	target
C1RL	ENSG00000139178	target
CDPF1	ENSG00000205643	target
PELI2	ENSG00000139946	target
HGH1	ENSG00000235173	target
SPPL2B	ENSG00000005206	target
GLT8D1	ENSG00000016864	target
DNAJC10	ENSG00000077232	target
KIF9	ENSG00000088727	target
DZANK1	ENSG00000089091	target
TASP1	ENSG00000089123	target
MCAT	ENSG00000100294	target
RPGRIP1L	ENSG00000103494	target
C19orf44	ENSG00000105072	target
WDR35	ENSG00000118965	target
B9D2	ENSG00000123810	target
CCDC32	ENSG00000128891	target
ARMC9	ENSG00000135931	target
IRAK1BP1	ENSG00000146243	target
PACRGL	ENSG00000163138	target
GLB1L	ENSG00000163521	target
FAM204A	ENSG00000165669	target
MORN4	ENSG00000171160	target
IFT140	ENSG00000187535	target
TMEM231	ENSG00000205084	target
C2orf81	ENSG00000284308	target
PCSK5	ENSG00000099139	target
EMC2	ENSG00000104412	target
SP4	ENSG00000105866	target
SH3PXD2A	ENSG00000107957	target
PNPLA7	ENSG00000130653	target
P3H4	ENSG00000141696	target
AZIN2	ENSG00000142920	target
UBASH3A	ENSG00000160185	target
MACIR	ENSG00000181751	target
DENND1B	ENSG00000213047	target
DCUN1D1	ENSG00000043093	target
SUPT16H	ENSG00000092201	target
PMPCB	ENSG00000105819	target
ECT2	ENSG00000114346	target
STXBP3	ENSG00000116266	target
COPS5	ENSG00000121022	target
SMUG1	ENSG00000123415	target
CHCHD5	ENSG00000125611	target
WDR24	ENSG00000127580	target
LLGL1	ENSG00000131899	target
MED8	ENSG00000159479	target
PRMT9	ENSG00000164169	target
KCTD6	ENSG00000168301	target
GON7	ENSG00000170270	target
ESCO2	ENSG00000171320	target
ZNRD2	ENSG00000173465	target
CKAP5	ENSG00000175216	target
PTPN2	ENSG00000175354	target
SWI5	ENSG00000175854	target
C8orf33	ENSG00000182307	target
WDR37	ENSG00000047056	target
MCUR1	ENSG00000050393	target
OAT	ENSG00000065154	target
GBA2	ENSG00000070610	target
POLE2	ENSG00000100479	target
RFXAP	ENSG00000133111	target
PDSS1	ENSG00000148459	target
PSMG3	ENSG00000157778	target
CFAP97	ENSG00000164323	target
MELK	ENSG00000165304	target
POLL	ENSG00000166169	target
C11orf80	ENSG00000173715	target
THAP6	ENSG00000174796	target
FBXW8	ENSG00000174989	target
SPRYD4	ENSG00000176422	target
ZFP1	ENSG00000184517	target
KRT10	ENSG00000186395	target
NIF3L1	ENSG00000196290	target
SELENOM	ENSG00000198832	target
CCDC152	ENSG00000198865	target
RNF103	ENSG00000239305	target
SNF8	ENSG00000159210	target
IBTK	ENSG00000005700	target
GTF2IRD1	ENSG00000006704	target
CLCN6	ENSG00000011021	target
SLC39A14	ENSG00000104635	target
GPR63	ENSG00000112218	target
ETV3	ENSG00000117036	target
C4BPB	ENSG00000123843	target
CCR7	ENSG00000126353	target
EIF2AK4	ENSG00000128829	target
STARD8	ENSG00000130052	target
THEM4	ENSG00000159445	target
PIGO	ENSG00000165282	target
PYM1	ENSG00000170473	target
CSF1	ENSG00000184371	target
IRS2	ENSG00000185950	target
ZBED5	ENSG00000236287	target
KIF11	ENSG00000138160	target
KIF2C	ENSG00000142945	target
PRDX3	ENSG00000165672	target
BUB1	ENSG00000169679	target
ZNF836	ENSG00000196267	target
ARL5A	ENSG00000162980	target
RAC1	ENSG00000136238	target
SMAD1	ENSG00000170365	target
C4orf46	ENSG00000205208	target
ZNF76	ENSG00000065029	target
ZDHHC8	ENSG00000099904	target
GMEB2	ENSG00000101216	target
WDR91	ENSG00000105875	target
APBB3	ENSG00000113108	target
NIT2	ENSG00000114021	target
ODF2L	ENSG00000122417	target
SLC66A2	ENSG00000122490	target
BBS7	ENSG00000138686	target
HMG20A	ENSG00000140382	target
DUSP11	ENSG00000144048	target
NRBF2	ENSG00000148572	target
ZNF333	ENSG00000160961	target
CCDC138	ENSG00000163006	target
SLC4A2	ENSG00000164889	target
MAP3K2	ENSG00000169967	target
PITPNA	ENSG00000174238	target
PDXDC1	ENSG00000179889	target
S100A13	ENSG00000189171	target
SLC29A3	ENSG00000198246	target
DUSP14	ENSG00000276023	target
COPS7A	ENSG00000111652	target
TROAP	ENSG00000135451	target
GPATCH8	ENSG00000186566	target
C3orf14	ENSG00000114405	target
BAD	ENSG00000002330	target
ZNF354B	ENSG00000178338	target
KNSTRN	ENSG00000128944	target
TICRR	ENSG00000140534	target
INTS12	ENSG00000138785	target
PELI3	ENSG00000174516	target
TRIP6	ENSG00000087077	target
ENG	ENSG00000106991	target
SUGP2	ENSG00000064607	target
HNRNPC	ENSG00000092199	target
ERICH1	ENSG00000104714	target
SPSB2	ENSG00000111671	target
FCF1	ENSG00000119616	target
FAM98A	ENSG00000119812	target
PSMG2	ENSG00000128789	target
ZNF692	ENSG00000171163	target
HCCS	ENSG00000004961	target
EXPH5	ENSG00000110723	target
RIDA	ENSG00000132541	target
IL1RN	ENSG00000136689	target
INTS7	ENSG00000143493	target
SPRY1	ENSG00000164056	target
NRROS	ENSG00000174004	target
MFSD4A	ENSG00000174514	target
EID2B	ENSG00000176401	target
HDAC3	ENSG00000171720	target
DEDD2	ENSG00000160570	target
PET117	ENSG00000232838	target
NSA2	ENSG00000164346	target
CD99L2	ENSG00000102181	target
KLHL7	ENSG00000122550	target
MAP4K3	ENSG00000011566	target
AEBP1	ENSG00000106624	target
GGT7	ENSG00000131067	target
SIDT2	ENSG00000149577	target
B3GNT2	ENSG00000170340	target
LACC1	ENSG00000179630	target
MEIS1	ENSG00000143995	target
DGKQ	ENSG00000145214	target
ZNF572	ENSG00000180938	target
LDOC1	ENSG00000182195	target
HSD17B10	ENSG00000072506	target
LIMK1	ENSG00000106683	target
TMEM163	ENSG00000152128	target
CACNA2D4	ENSG00000151062	target
CX3CR1	ENSG00000168329	target
ARFGAP1	ENSG00000101199	target
ST6GALNAC4	ENSG00000136840	target
SMAD2	ENSG00000175387	target
MAD2L2	ENSG00000116670	target
ZBTB26	ENSG00000171448	target
FAM217B	ENSG00000196227	target
COASY	ENSG00000068120	target
SNRNP70	ENSG00000104852	target
SGTA	ENSG00000104969	target
TIMM50	ENSG00000105197	target
MTFR2	ENSG00000146410	target
ABRAXAS1	ENSG00000163322	target
PCYT2	ENSG00000185813	target
ADIPOR2	ENSG00000006831	target
ST7L	ENSG00000007341	target
DNASE1L1	ENSG00000013563	target
SH3YL1	ENSG00000035115	target
CDC5L	ENSG00000096401	target
STS	ENSG00000101846	target
TASL	ENSG00000120280	target
KBTBD7	ENSG00000120696	target
USP45	ENSG00000123552	target
AKAP9	ENSG00000127914	target
HSPBP1	ENSG00000133265	target
TAPBPL	ENSG00000139192	target
SPATA5	ENSG00000145375	target
TERF1	ENSG00000147601	target
CNNM2	ENSG00000148842	target
AASDH	ENSG00000157426	target
CZIB	ENSG00000162384	target
PDHB	ENSG00000168291	target
TAPT1	ENSG00000169762	target
BTD	ENSG00000169814	target
THAP2	ENSG00000173451	target
SWSAP1	ENSG00000173928	target
GLMN	ENSG00000174842	target
SLC35A4	ENSG00000176087	target
SELENOT	ENSG00000198843	target
EFCAB2	ENSG00000203666	target
CHIC1	ENSG00000204116	target
RXRB	ENSG00000204231	target
C6orf226	ENSG00000221821	target
ZCCHC3	ENSG00000247315	target
RGS2	ENSG00000116741	target
NPL	ENSG00000135838	target
GBGT1	ENSG00000148288	target
AKTIP	ENSG00000166971	target
NUDT16	ENSG00000198585	target
HSD17B14	ENSG00000087076	target
MRGBP	ENSG00000101189	target
FKBP8	ENSG00000105701	target
ZBTB45	ENSG00000119574	target
MMACHC	ENSG00000132763	target
ST8SIA6	ENSG00000148488	target
ATMIN	ENSG00000166454	target
SLC35E3	ENSG00000175782	target
PPP1R11	ENSG00000204619	target
FZR1	ENSG00000105325	target
EGR2	ENSG00000122877	target
PRPF38B	ENSG00000134186	target
MYCBPAP	ENSG00000136449	target
PRCP	ENSG00000137509	target
RAD21	ENSG00000164754	target
PWWP2A	ENSG00000170234	target
GTSF1	ENSG00000170627	target
ZNF575	ENSG00000176472	target
GLI4	ENSG00000250571	target
SP100	ENSG00000067066	target
TRIM25	ENSG00000121060	target
LGALS9	ENSG00000168961	target
IST1	ENSG00000182149	target
TEPSIN	ENSG00000167302	target
NR4A3	ENSG00000119508	target
FAM43A	ENSG00000185112	target
SCML1	ENSG00000047634	target
HEATR6	ENSG00000068097	target
SCARB1	ENSG00000073060	target
PDE8A	ENSG00000073417	target
TGDS	ENSG00000088451	target
ZNF184	ENSG00000096654	target
KIAA0586	ENSG00000100578	target
CD79A	ENSG00000105369	target
HOXB6	ENSG00000108511	target
INPP4B	ENSG00000109452	target
GALNT7	ENSG00000109586	target
SIAE	ENSG00000110013	target
NCOA7	ENSG00000111912	target
CILK1	ENSG00000112144	target
PRSS16	ENSG00000112812	target
TLX2	ENSG00000115297	target
FANCL	ENSG00000115392	target
TMEM131L	ENSG00000121210	target
TSHZ3	ENSG00000121297	target
POLK	ENSG00000122008	target
ZNF45	ENSG00000124459	target
COX7C	ENSG00000127184	target
POR	ENSG00000127948	target
PARP2	ENSG00000129484	target
MAP7D3	ENSG00000129680	target
LDLR	ENSG00000130164	target
ZNF227	ENSG00000131115	target
HAUS8	ENSG00000131351	target
SBF2	ENSG00000133812	target
KCTD3	ENSG00000136636	target
DBR1	ENSG00000138231	target
MORN3	ENSG00000139714	target
TPM1	ENSG00000140416	target
LMTK3	ENSG00000142235	target
ACKR3	ENSG00000144476	target
LRIG1	ENSG00000144749	target
BTF3	ENSG00000145741	target
KLHL3	ENSG00000146021	target
RAB19	ENSG00000146955	target
GOLGA7	ENSG00000147533	target
COMMD3	ENSG00000148444	target
AP1S3	ENSG00000152056	target
CFAP418	ENSG00000156172	target
VPS26C	ENSG00000157538	target
EDA	ENSG00000158813	target
IL6R	ENSG00000160712	target
ZNF326	ENSG00000162664	target
NBPF20	ENSG00000162825	target
ACP6	ENSG00000162836	target
F2RL1	ENSG00000164251	target
FAAH2	ENSG00000165591	target
HDGFL3	ENSG00000166503	target
GOLGA2	ENSG00000167110	target
GSDMA	ENSG00000167914	target
RAB31	ENSG00000168461	target
WNT10B	ENSG00000169884	target
KCNG3	ENSG00000171126	target
LPAR3	ENSG00000171517	target
C3AR1	ENSG00000171860	target
KLHL6	ENSG00000172578	target
FUT10	ENSG00000172728	target
TLR1	ENSG00000174125	target
LARP7	ENSG00000174720	target
CHST2	ENSG00000175040	target
SFN	ENSG00000175793	target
SPHK1	ENSG00000176170	target
IRX5	ENSG00000176842	target
GP5	ENSG00000178732	target
OAF	ENSG00000184232	target
THAP7	ENSG00000184436	target
RBM11	ENSG00000185272	target
NAP1L2	ENSG00000186462	target
FOXD2	ENSG00000186564	target
NCR3LG1	ENSG00000188211	target
SLC4A5	ENSG00000188687	target
GAL3ST4	ENSG00000197093	target
PDCD1LG2	ENSG00000197646	target
CCDC180	ENSG00000197816	target
PIM3	ENSG00000198355	target
MT1F	ENSG00000198417	target
ANKRD13B	ENSG00000198720	target
L3MBTL3	ENSG00000198945	target
CARD16	ENSG00000204397	target
ZNF155	ENSG00000204920	target
LTB4R	ENSG00000213903	target
FXYD1	ENSG00000266964	target
C2orf15	ENSG00000273045	target
PRAG1	ENSG00000275342	target
PRXL2A	ENSG00000122378	target
CYP2R1	ENSG00000186104	target
CENPJ	ENSG00000151849	target
KHDRBS1	ENSG00000121774	target
IKZF5	ENSG00000095574	target
RPRD1B	ENSG00000101413	target
PHF12	ENSG00000109118	target
GZMK	ENSG00000113088	target
OGG1	ENSG00000114026	target
ARMC8	ENSG00000114098	target
ATP5F1E	ENSG00000124172	target
ZFP37	ENSG00000136866	target
ZNF189	ENSG00000136870	target
OSBPL11	ENSG00000144909	target
NOTCH1	ENSG00000148400	target
ZNF276	ENSG00000158805	target
C2CD3	ENSG00000168014	target
IRF2BP1	ENSG00000170604	target
ZNF584	ENSG00000171574	target
PPT2	ENSG00000221988	target
RGL2	ENSG00000237441	target
MPV17L2	ENSG00000254858	target
CEP95	ENSG00000258890	target
L3MBTL2	ENSG00000100395	target
PPP1R8	ENSG00000117751	target
PLK4	ENSG00000142731	target
ZPR1	ENSG00000109917	target
TTC33	ENSG00000113638	target
NGDN	ENSG00000129460	target
TARS2	ENSG00000143374	target
ZNF221	ENSG00000159905	target
BPNT1	ENSG00000162813	target
RNF25	ENSG00000163481	target
TAF3	ENSG00000165632	target
TRUB2	ENSG00000167112	target
ZNF605	ENSG00000196458	target
ZNF420	ENSG00000197050	target
LCMT1	ENSG00000205629	target
TMEM199	ENSG00000244045	target
ZNF10	ENSG00000256223	target
NHERF2	ENSG00000065054	target
PIP5K1C	ENSG00000186111	target
SF3B6	ENSG00000115128	target
PPP6C	ENSG00000119414	target
LARS1	ENSG00000133706	target
CLTB	ENSG00000175416	target
KTI12	ENSG00000198841	target
GUCY1B1	ENSG00000061918	target
IRAK3	ENSG00000090376	target
FOXRED2	ENSG00000100350	target
COCH	ENSG00000100473	target
PODXL2	ENSG00000114631	target
POMC	ENSG00000115138	target
APOA1	ENSG00000118137	target
CCDC120	ENSG00000147144	target
LONRF3	ENSG00000175556	target
HSF5	ENSG00000176160	target
RNF212	ENSG00000178222	target
ATG9B	ENSG00000181652	target
SHISAL2A	ENSG00000182183	target
TMEM121	ENSG00000184986	target
SEMA4B	ENSG00000185033	target
ACTMAP	ENSG00000188493	target
PLEKHG4	ENSG00000196155	target
ZNF783	ENSG00000204946	target
ZNF879	ENSG00000234284	target
HPS4	ENSG00000100099	target
MPHOSPH8	ENSG00000196199	target
LAMTOR3	ENSG00000109270	target
RBM12B	ENSG00000183808	target
SLC25A29	ENSG00000197119	target
HOXC4	ENSG00000198353	target
EIF4E	ENSG00000151247	target
MVP	ENSG00000013364	target
RBM7	ENSG00000076053	target
WDR47	ENSG00000085433	target
TMEM87A	ENSG00000103978	target
TRIM37	ENSG00000108395	target
ENO3	ENSG00000108515	target
EXOC2	ENSG00000112685	target
LRRC42	ENSG00000116212	target
WRAP73	ENSG00000116213	target
MECR	ENSG00000116353	target
GALE	ENSG00000117308	target
TRIM24	ENSG00000122779	target
CYREN	ENSG00000122783	target
NR4A1	ENSG00000123358	target
C19orf12	ENSG00000131943	target
NUP42	ENSG00000136243	target
CD72	ENSG00000137101	target
BARD1	ENSG00000138376	target
ABHD13	ENSG00000139826	target
SCYL1	ENSG00000142186	target
SNAPIN	ENSG00000143553	target
QDPR	ENSG00000151552	target
FAM168B	ENSG00000152102	target
B4GALT3	ENSG00000158850	target
TSC1	ENSG00000165699	target
XRRA1	ENSG00000166435	target
CTNNB1	ENSG00000168036	target
LSM3	ENSG00000170860	target
TSNARE1	ENSG00000171045	target
RGS19	ENSG00000171700	target
POP7	ENSG00000172336	target
MUS81	ENSG00000172732	target
CEP19	ENSG00000174007	target
PLEKHM3	ENSG00000178385	target
RMI1	ENSG00000178966	target
TOB2	ENSG00000183864	target
DGAT1	ENSG00000185000	target
RAD51D	ENSG00000185379	target
SRSF10	ENSG00000188529	target
MSH5	ENSG00000204410	target
FAM185A	ENSG00000222011	target
ARHGAP11B	ENSG00000285077	target
RNF166	ENSG00000158717	target
MRNIP	ENSG00000161010	target
ZBTB34	ENSG00000177125	target
SIVA1	ENSG00000184990	target
ZKSCAN3	ENSG00000189298	target
SEM1	ENSG00000127922	target
NDUFA10	ENSG00000130414	target
LSM12	ENSG00000161654	target
OPA1	ENSG00000198836	target
MGAT5	ENSG00000152127	target
CTSF	ENSG00000174080	target
PASK	ENSG00000115687	target
TBC1D24	ENSG00000162065	target
IL3	ENSG00000164399	target
TBC1D15	ENSG00000121749	target
REXO1	ENSG00000079313	target
TRAK2	ENSG00000115993	target
RAB22A	ENSG00000124209	target
KIDINS220	ENSG00000134313	target
PSMA5	ENSG00000143106	target
TOMM40L	ENSG00000158882	target
JAGN1	ENSG00000171135	target
SMCR8	ENSG00000176994	target
TSSC4	ENSG00000184281	target
MEAF6	ENSG00000163875	target
GLYR1	ENSG00000140632	target
RNF216	ENSG00000011275	target
B4GALT7	ENSG00000027847	target
KLHL20	ENSG00000076321	target
TPD52	ENSG00000076554	target
SPTLC2	ENSG00000100596	target
MYL9	ENSG00000101335	target
FAM83D	ENSG00000101447	target
NME3	ENSG00000103024	target
PLAT	ENSG00000104368	target
ELF2	ENSG00000109381	target
BIRC2	ENSG00000110330	target
B4GALT2	ENSG00000117411	target
STBD1	ENSG00000118804	target
ACLY	ENSG00000131473	target
PPP1R3D	ENSG00000132825	target
TGFBRAP1	ENSG00000135966	target
NIPSNAP2	ENSG00000146729	target
SPON2	ENSG00000159674	target
SANBR	ENSG00000162929	target
IRGQ	ENSG00000167378	target
PROCA1	ENSG00000167525	target
KCNMB3	ENSG00000171121	target
SLC25A33	ENSG00000171612	target
AFF1	ENSG00000172493	target
MED14	ENSG00000180182	target
ANGEL1	ENSG00000013523	target
PIAS1	ENSG00000033800	target
RAD18	ENSG00000070950	target
RAB7A	ENSG00000075785	target
LIPE	ENSG00000079435	target
ORC1	ENSG00000085840	target
TXLNG	ENSG00000086712	target
GTF2H3	ENSG00000111358	target
SLC16A10	ENSG00000112394	target
LIF	ENSG00000128342	target
HILPDA	ENSG00000135245	target
DTL	ENSG00000143476	target
CNOT9	ENSG00000144580	target
ZNF165	ENSG00000197279	target
SNX11	ENSG00000002919	target
HEBP1	ENSG00000013583	target
NAA10	ENSG00000102030	target
VSIR	ENSG00000107738	target
CBX1	ENSG00000108468	target
IFIT2	ENSG00000119922	target
AMN1	ENSG00000151743	target
PPARGC1B	ENSG00000155846	target
MED19	ENSG00000156603	target
TSPAN18	ENSG00000157570	target
BAG5	ENSG00000166170	target
SLFN12	ENSG00000172123	target
NPLOC4	ENSG00000182446	target
PPP1CC	ENSG00000186298	target
FASTKD5	ENSG00000215251	target
PLEKHM1	ENSG00000225190	target
IL4R	ENSG00000077238	target
STX7	ENSG00000079950	target
PUS7L	ENSG00000129317	target
MEAK7	ENSG00000140950	target
HSPBAP1	ENSG00000169087	target
TEDC1	ENSG00000185347	target
CRAT	ENSG00000095321	target
MOGS	ENSG00000115275	target
PIMREG	ENSG00000129195	target
TRIM47	ENSG00000132481	target
MEN1	ENSG00000133895	target
ZFHX3	ENSG00000140836	target
TRIM58	ENSG00000162722	target
INSR	ENSG00000171105	target
IL17RA	ENSG00000177663	target
TEX264	ENSG00000164081	target
TSC2	ENSG00000103197	target
NEK9	ENSG00000119638	target
HELLS	ENSG00000119969	target
NLGN3	ENSG00000196338	target
ZNF461	ENSG00000197808	target
HSD17B11	ENSG00000198189	target
PLA2G4C	ENSG00000105499	target
PPARD	ENSG00000112033	target
PCMTD2	ENSG00000203880	target
XPO1	ENSG00000082898	target
PRELID3B	ENSG00000101166	target
IL5	ENSG00000113525	target
FGF2	ENSG00000138685	target
P2RX7	ENSG00000089041	target
DHX29	ENSG00000067248	target
PPP2CA	ENSG00000113575	target
CCHCR1	ENSG00000204536	target
ZNF629	ENSG00000102870	target
CDH23	ENSG00000107736	target
HIP1	ENSG00000127946	target
UNC45A	ENSG00000140553	target
FGD2	ENSG00000146192	target
RGS12	ENSG00000159788	target
PRKAR2B	ENSG00000005249	target
YAF2	ENSG00000015153	target
EVI5	ENSG00000067208	target
HCN2	ENSG00000099822	target
CPD	ENSG00000108582	target
KL	ENSG00000133116	target
CRTC3	ENSG00000140577	target
NSDHL	ENSG00000147383	target
TRAPPC10	ENSG00000160218	target
NFIA	ENSG00000162599	target
ZCCHC18	ENSG00000166707	target
SPATA3	ENSG00000173699	target
TDRD12	ENSG00000173809	target
ITSN2	ENSG00000198399	target
TMCO3	ENSG00000150403	target
DNAJA2	ENSG00000069345	target
ACOT9	ENSG00000123130	target
SCYL2	ENSG00000136021	target
EDARADD	ENSG00000186197	target
TRIM59	ENSG00000213186	target
CERS5	ENSG00000139624	target
PYHIN1	ENSG00000163564	target
ARAP1	ENSG00000186635	target
NCBP3	ENSG00000074356	target
U2AF2	ENSG00000063244	target
MCM10	ENSG00000065328	target
DNAJB6	ENSG00000105993	target
CRTAM	ENSG00000109943	target
BMS1	ENSG00000165733	target
KLK1	ENSG00000167748	target
KDM4A	ENSG00000066135	target
HYAL2	ENSG00000068001	target
SLC27A5	ENSG00000083807	target
SCAMP1	ENSG00000085365	target
KCNK6	ENSG00000099337	target
PORCN	ENSG00000102312	target
TTC21B	ENSG00000123607	target
NKD1	ENSG00000140807	target
DGKZ	ENSG00000149091	target
FBXL18	ENSG00000155034	target
SETD5	ENSG00000168137	target
GPR34	ENSG00000171659	target
TRMT10C	ENSG00000174173	target
CEP135	ENSG00000174799	target
RWDD4	ENSG00000182552	target
BCR	ENSG00000186716	target
ZNF502	ENSG00000196653	target
INF2	ENSG00000203485	target
NAA80	ENSG00000243477	target
NDUFB11	ENSG00000147123	target
MTG2	ENSG00000101181	target
NDUFS8	ENSG00000110717	target
SLC8B1	ENSG00000089060	target
KLHL29	ENSG00000119771	target
CSNK1G3	ENSG00000151292	target
MKS1	ENSG00000011143	target
MBTD1	ENSG00000011258	target
ATG2B	ENSG00000066739	target
FECH	ENSG00000066926	target
ZXDC	ENSG00000070476	target
METTL2A	ENSG00000087995	target
ZNF343	ENSG00000088876	target
TGM1	ENSG00000092295	target
ST13	ENSG00000100380	target
DICER1	ENSG00000100697	target
RABGGTA	ENSG00000100949	target
CSPP1	ENSG00000104218	target
RAB3A	ENSG00000105649	target
ELL	ENSG00000105656	target
MANBA	ENSG00000109323	target
C11orf58	ENSG00000110696	target
VPS29	ENSG00000111237	target
SAYSD1	ENSG00000112167	target
ORC2	ENSG00000115942	target
ORC4	ENSG00000115947	target
SMG7	ENSG00000116698	target
GLE1	ENSG00000119392	target
PEX16	ENSG00000121680	target
MORF4L2	ENSG00000123562	target
NAPB	ENSG00000125814	target
RLIM	ENSG00000131263	target
OSER1	ENSG00000132823	target
GPALPP1	ENSG00000133114	target
ANKRD16	ENSG00000134461	target
ZC3H10	ENSG00000135482	target
RSAD1	ENSG00000136444	target
TMEM14B	ENSG00000137210	target
CIR1	ENSG00000138433	target
WDR20	ENSG00000140153	target
POGK	ENSG00000143157	target
SNX27	ENSG00000143376	target
SLC25A37	ENSG00000147454	target
TNKS1BP1	ENSG00000149115	target
C7orf31	ENSG00000153790	target
CHD1	ENSG00000153922	target
C9orf85	ENSG00000155621	target
AIFM1	ENSG00000156709	target
FAM81A	ENSG00000157470	target
MPZ	ENSG00000158887	target
POGLUT1	ENSG00000163389	target
CWC22	ENSG00000163510	target
SLC4A1AP	ENSG00000163798	target
UVSSA	ENSG00000163945	target
DNAJB14	ENSG00000164031	target
ANKS6	ENSG00000165138	target
R3HCC1L	ENSG00000166024	target
MFSD3	ENSG00000167700	target
FAM161A	ENSG00000170264	target
NFRKB	ENSG00000170322	target
EXOSC10	ENSG00000171824	target
TRAPPC12	ENSG00000171853	target
DDX23	ENSG00000174243	target
PAAF1	ENSG00000175575	target
TIGD5	ENSG00000179886	target
YIPF6	ENSG00000181704	target
DEXI	ENSG00000182108	target
CYB5D1	ENSG00000182224	target
PGBD4	ENSG00000182405	target
KRBA2	ENSG00000184619	target
ZDHHC17	ENSG00000186908	target
SLX4	ENSG00000188827	target
RNFT1	ENSG00000189050	target
WDR5B	ENSG00000196981	target
RAB40C	ENSG00000197562	target
INPP5B	ENSG00000204084	target
PLPP6	ENSG00000205808	target
ARIH2OS	ENSG00000221883	target
TMEM185B	ENSG00000226479	target
NFS1	ENSG00000244005	target
ATP6V1E2	ENSG00000250565	target
CPNE5	ENSG00000124772	target
CCNT2	ENSG00000082258	target
RBMX2	ENSG00000134597	target
GPR107	ENSG00000148358	target
ZNF548	ENSG00000188785	target
ISCA2	ENSG00000165898	target
FRS3	ENSG00000137218	target
SCRN2	ENSG00000141295	target
MSANTD4	ENSG00000170903	target
BUD13	ENSG00000137656	target
STPG1	ENSG00000001460	target
RFX2	ENSG00000087903	target
SEC22C	ENSG00000093183	target
CABIN1	ENSG00000099991	target
RNF215	ENSG00000099999	target
GORASP1	ENSG00000114745	target
PRDX6	ENSG00000117592	target
IFT46	ENSG00000118096	target
INSIG2	ENSG00000125629	target
TSKS	ENSG00000126467	target
IER3IP1	ENSG00000134049	target
BPHL	ENSG00000137274	target
ACTR1A	ENSG00000138107	target
STRIP1	ENSG00000143093	target
GNA12	ENSG00000146535	target
TTC12	ENSG00000149292	target
ARL4D	ENSG00000175906	target
LRRC37B	ENSG00000185158	target
ASB13	ENSG00000196372	target
ZSCAN26	ENSG00000197062	target
SLC22A5	ENSG00000197375	target
TSPAN4	ENSG00000214063	target
TSPAN32	ENSG00000064201	target
TTC38	ENSG00000075234	target
SMU1	ENSG00000122692	target
TMEM127	ENSG00000135956	target
PDE4B	ENSG00000184588	target
EGR1	ENSG00000120738	target
DDX28	ENSG00000182810	target
GPATCH2L	ENSG00000089916	target
FBXO34	ENSG00000178974	target
POGLUT2	ENSG00000134901	target
MAP3K6	ENSG00000142733	target
TBC1D31	ENSG00000156787	target
SLC25A45	ENSG00000162241	target
ALDH16A1	ENSG00000161618	target
PHLDB1	ENSG00000019144	target
ASTE1	ENSG00000034533	target
IL17RB	ENSG00000056736	target
PITX1	ENSG00000069011	target
NDST1	ENSG00000070614	target
GCAT	ENSG00000100116	target
ACO2	ENSG00000100412	target
ALG13	ENSG00000101901	target
PCGF1	ENSG00000115289	target
KIRREL2	ENSG00000126259	target
FBLN5	ENSG00000140092	target
HES6	ENSG00000144485	target
ATXN7L1	ENSG00000146776	target
ESAM	ENSG00000149564	target
CACNA1D	ENSG00000157388	target
MESP1	ENSG00000166823	target
CD14	ENSG00000170458	target
MARCHF3	ENSG00000173926	target
ZNF670	ENSG00000277462	target
LAIR2	ENSG00000167618	target
ERP29	ENSG00000089248	target
PEX7	ENSG00000112357	target
GTF3C3	ENSG00000119041	target
SORD	ENSG00000140263	target
RUBCN	ENSG00000145016	target
RPUSD3	ENSG00000156990	target
SEL1L	ENSG00000071537	target
POLDIP3	ENSG00000100227	target
KNOP1	ENSG00000103550	target
TMEM218	ENSG00000150433	target
ZNF212	ENSG00000170260	target
SAMD4A	ENSG00000020577	target
CHEK1	ENSG00000149554	target
ISOC2	ENSG00000063241	target
SUV39H1	ENSG00000101945	target
C14orf93	ENSG00000100802	target
TMEM234	ENSG00000160055	target
MTX1	ENSG00000173171	target
CALML4	ENSG00000129007	target
RNF144B	ENSG00000137393	target
MACC1	ENSG00000183742	target
RORB	ENSG00000198963	target
PIGBOS1	ENSG00000225973	target
H3C6	ENSG00000274750	target
ELAC2	ENSG00000006744	target
FKBP14	ENSG00000106080	target
ORMDL1	ENSG00000128699	target
KMT5C	ENSG00000133247	target
FANCF	ENSG00000183161	target
TSGA10	ENSG00000135951	target
REL	ENSG00000162924	target
PIK3R4	ENSG00000196455	target
APC	ENSG00000134982	target
FAM200A	ENSG00000221909	target
CAV1	ENSG00000105974	target
ZNF444	ENSG00000167685	target
EFEMP2	ENSG00000172638	target
MBLAC2	ENSG00000176055	target
ZNF416	ENSG00000083817	target
ZNF594	ENSG00000180626	target
PPIH	ENSG00000171960	target
SPTLC1	ENSG00000090054	target
MAEA	ENSG00000090316	target
DHX38	ENSG00000140829	target
UCKL1	ENSG00000198276	target
PPRC1	ENSG00000148840	target
CABLES1	ENSG00000134508	target
NKD2	ENSG00000145506	target
LRRC56	ENSG00000161328	target
ZFTA	ENSG00000188070	target
LRRC40	ENSG00000066557	target
IQGAP1	ENSG00000140575	target
RBMXL1	ENSG00000213516	target
FBXO2	ENSG00000116661	target
TRPM2	ENSG00000142185	target
SLC16A14	ENSG00000163053	target
UMAD1	ENSG00000219545	target
NEIL3	ENSG00000109674	target
PANK3	ENSG00000120137	target
PXMP4	ENSG00000101417	target
BFAR	ENSG00000103429	target
PIAS4	ENSG00000105229	target
USP42	ENSG00000106346	target
MRM2	ENSG00000122687	target
GZF1	ENSG00000125812	target
ZNF133	ENSG00000125846	target
ZSCAN32	ENSG00000140987	target
SLC12A9	ENSG00000146828	target
OXSM	ENSG00000151093	target
ZCCHC10	ENSG00000155329	target
MED7	ENSG00000155868	target
IQCC	ENSG00000160051	target
CCDC127	ENSG00000164366	target
TRMT61A	ENSG00000166166	target
ZSCAN21	ENSG00000166529	target
MOB2	ENSG00000182208	target
NHLRC3	ENSG00000188811	target
BRF2	ENSG00000104221	target
LPCAT3	ENSG00000111684	target
EPN2	ENSG00000072134	target
FBXW7	ENSG00000109670	target
CYP4F22	ENSG00000171954	target
LUC7L	ENSG00000007392	target
RRP9	ENSG00000114767	target
NEK1	ENSG00000137601	target
PAQR6	ENSG00000160781	target
RBBP7	ENSG00000102054	target
TADA1	ENSG00000152382	target
KIAA0232	ENSG00000170871	target
DNAJC4	ENSG00000110011	target
DACT1	ENSG00000165617	target
LRRC23	ENSG00000010626	target
COQ9	ENSG00000088682	target
NEK4	ENSG00000114904	target
LRRC46	ENSG00000141294	target
ROPN1L	ENSG00000145491	target
C16orf46	ENSG00000166455	target
COQ4	ENSG00000167113	target
C17orf97	ENSG00000187624	target
CIPC	ENSG00000198894	target
FUZ	ENSG00000010361	target
MTMR8	ENSG00000102043	target
FKTN	ENSG00000106692	target
RAPGEFL1	ENSG00000108352	target
INTS2	ENSG00000108506	target
PEX12	ENSG00000108733	target
DHRS7B	ENSG00000109016	target
MADD	ENSG00000110514	target
TNNC1	ENSG00000114854	target
UNC50	ENSG00000115446	target
PRPF3	ENSG00000117360	target
ZRANB3	ENSG00000121988	target
LRRC39	ENSG00000122477	target
FAAP24	ENSG00000131944	target
TIMM10B	ENSG00000132286	target
RPRD1A	ENSG00000141425	target
MVB12A	ENSG00000141971	target
CREB3L4	ENSG00000143578	target
PNLDC1	ENSG00000146453	target
UEVLD	ENSG00000151116	target
RBM45	ENSG00000155636	target
GATAD1	ENSG00000157259	target
DDX19B	ENSG00000157349	target
FDPS	ENSG00000160752	target
ERCC3	ENSG00000163161	target
DUS2	ENSG00000167264	target
ZNF35	ENSG00000169981	target
MST1	ENSG00000173531	target
TPRN	ENSG00000176058	target
CDK5R1	ENSG00000176749	target
CCDC66	ENSG00000180376	target
HARBI1	ENSG00000180423	target
D2HGDH	ENSG00000180902	target
SYNE4	ENSG00000181392	target
CLN8	ENSG00000182372	target
ZBTB37	ENSG00000185278	target
XRCC2	ENSG00000196584	target
ZNF782	ENSG00000196597	target
CEP290	ENSG00000198707	target
PJVK	ENSG00000204311	target
MROH6	ENSG00000204839	target
GARIN1A	ENSG00000205085	target
ARL16	ENSG00000214087	target
ZGLP1	ENSG00000220201	target
TEN1	ENSG00000257949	target
MRM1	ENSG00000278619	target
RPUSD1	ENSG00000007376	target
KLC4	ENSG00000137171	target
ARRDC4	ENSG00000140450	target
APBA1	ENSG00000107282	target
NAGLU	ENSG00000108784	target
THEM6	ENSG00000130193	target
GRHL1	ENSG00000134317	target
SFMBT1	ENSG00000163935	target
STOX1	ENSG00000165730	target
LRRC20	ENSG00000172731	target
BEND3	ENSG00000178409	target
PRXL2B	ENSG00000157870	target
SCYL3	ENSG00000000457	target
LARP1B	ENSG00000138709	target
SEC23A	ENSG00000100934	target
CAMKK1	ENSG00000004660	target
LIG3	ENSG00000005156	target
MSL3	ENSG00000005302	target
ME1	ENSG00000065833	target
SH2D4A	ENSG00000104611	target
RNF32	ENSG00000105982	target
DNMBP	ENSG00000107554	target
BST1	ENSG00000109743	target
MANSC1	ENSG00000111261	target
SLC41A3	ENSG00000114544	target
FAM20B	ENSG00000116199	target
AMPD2	ENSG00000116337	target
MFN2	ENSG00000116688	target
DHDDS	ENSG00000117682	target
ABCG2	ENSG00000118777	target
FLVCR2	ENSG00000119686	target
MTERF4	ENSG00000122085	target
SLC36A1	ENSG00000123643	target
ECPAS	ENSG00000136813	target
TLR2	ENSG00000137462	target
SINHCAF	ENSG00000139146	target
CYP1A1	ENSG00000140465	target
ERLIN2	ENSG00000147475	target
UBE3B	ENSG00000151148	target
ROBO3	ENSG00000154134	target
L3MBTL4	ENSG00000154655	target
DIP2A	ENSG00000160305	target
SLC2A6	ENSG00000160326	target
GAPVD1	ENSG00000165219	target
ZSWIM1	ENSG00000168612	target
SMPDL3A	ENSG00000172594	target
SLC35C1	ENSG00000181830	target
MAP7D2	ENSG00000184368	target
LPAR5	ENSG00000184574	target
FAM110C	ENSG00000184731	target
IFNLR1	ENSG00000185436	target
CMC1	ENSG00000187118	target
ZSCAN23	ENSG00000187987	target
ZNF79	ENSG00000196152	target
H2BC26	ENSG00000196890	target
APOM	ENSG00000204444	target
STRADA	ENSG00000266173	target
ZNF280B	ENSG00000275004	target
CENPQ	ENSG00000031691	target
ZZEF1	ENSG00000074755	target
ZNF510	ENSG00000081386	target
KHSRP	ENSG00000088247	target
ZNF302	ENSG00000089335	target
DEPDC7	ENSG00000121690	target
ZNF484	ENSG00000127081	target
ZNF132	ENSG00000131849	target
PLPP2	ENSG00000141934	target
ZNF614	ENSG00000142556	target
ZNF300	ENSG00000145908	target
ZNF773	ENSG00000152439	target
AFF2	ENSG00000155966	target
ZNF222	ENSG00000159885	target
ZNF577	ENSG00000161551	target
RNF214	ENSG00000167257	target
ZNF180	ENSG00000167384	target
NANP	ENSG00000170191	target
DNAI2	ENSG00000171595	target
ZNF497	ENSG00000174586	target
ZNF613	ENSG00000176024	target
COL18A1	ENSG00000182871	target
ZNF501	ENSG00000186446	target
VSIG10L	ENSG00000186806	target
ZNF397	ENSG00000186812	target
ZFP69B	ENSG00000187801	target
ZNF250	ENSG00000196150	target
ZNF766	ENSG00000196214	target
ZNF140	ENSG00000196387	target
HRH1	ENSG00000196639	target
DDI2	ENSG00000197312	target
ZNF98	ENSG00000197360	target
ZNF311	ENSG00000197935	target
CSF2RA	ENSG00000198223	target
ZNF485	ENSG00000198298	target
XKR9	ENSG00000221947	target
ZNF883	ENSG00000228623	target
LRRC37A2	ENSG00000238083	target
SIGLEC12	ENSG00000254521	target
ZNF285	ENSG00000267508	target
PAF1	ENSG00000006712	target
FAM76A	ENSG00000009780	target
NLRP2	ENSG00000022556	target
LSG1	ENSG00000041802	target
TRMT11	ENSG00000066651	target
ROGDI	ENSG00000067836	target
PDCD2	ENSG00000071994	target
DPP8	ENSG00000074603	target
CDC23	ENSG00000094880	target
PSMD8	ENSG00000099341	target
DEPDC5	ENSG00000100150	target
TRMU	ENSG00000100416	target
GINS1	ENSG00000101003	target
POFUT1	ENSG00000101346	target
TTI1	ENSG00000101407	target
PLA2G15	ENSG00000103066	target
ARMC1	ENSG00000104442	target
LIN7B	ENSG00000104863	target
COA1	ENSG00000106603	target
TRIM3	ENSG00000110171	target
PTPMT1	ENSG00000110536	target
TIMELESS	ENSG00000111602	target
STAM2	ENSG00000115145	target
GTF3C2	ENSG00000115207	target
REEP6	ENSG00000115255	target
SPR	ENSG00000116096	target
RBBP5	ENSG00000117222	target
APH1A	ENSG00000117362	target
AVPI1	ENSG00000119986	target
COQ8B	ENSG00000123815	target
PEPD	ENSG00000124299	target
PODXL	ENSG00000128567	target
CDKN1C	ENSG00000129757	target
SAMD10	ENSG00000130590	target
PAK4	ENSG00000130669	target
REEP2	ENSG00000132563	target
TESMIN	ENSG00000132749	target
DNAJC14	ENSG00000135392	target
URB2	ENSG00000135763	target
CIB2	ENSG00000136425	target
ATAT1	ENSG00000137343	target
PRELID3A	ENSG00000141391	target
METTL25B	ENSG00000143303	target
HCN3	ENSG00000143630	target
GIN1	ENSG00000145723	target
TSLP	ENSG00000145777	target
TMEM25	ENSG00000149582	target
XRCC4	ENSG00000152422	target
EME1	ENSG00000154920	target
TOR2A	ENSG00000160404	target
TEDC2	ENSG00000162062	target
FLYWCH2	ENSG00000162076	target
C1orf74	ENSG00000162757	target
TFB2M	ENSG00000162851	target
PEX13	ENSG00000162928	target
SENP2	ENSG00000163904	target
CEP295	ENSG00000166004	target
C11orf65	ENSG00000166323	target
MFN1	ENSG00000171109	target
NAIF1	ENSG00000171169	target
CDC42BPG	ENSG00000171219	target
MOB1B	ENSG00000173542	target
DOLK	ENSG00000175283	target
SHMT1	ENSG00000176974	target
MRFAP1L1	ENSG00000178988	target
ZBTB42	ENSG00000179627	target
TMEM30B	ENSG00000182107	target
PLCXD1	ENSG00000182378	target
COA5	ENSG00000183513	target
APOO	ENSG00000184831	target
LMNTD2	ENSG00000185522	target
BCDIN3D	ENSG00000186666	target
NUDT11	ENSG00000196368	target
LAGE3	ENSG00000196976	target
HYLS1	ENSG00000198331	target
FKBPL	ENSG00000204315	target
ZBTB12	ENSG00000204366	target
CYB5RL	ENSG00000215883	target
AP4M1	ENSG00000221838	target
NPTXR	ENSG00000221890	target
CPTP	ENSG00000224051	target
SMIM1	ENSG00000235169	target
GATC	ENSG00000257218	target
DHRS11	ENSG00000278535	target
NSD3	ENSG00000147548	target
UAP1L1	ENSG00000197355	target
CTPS2	ENSG00000047230	target
DNMT3B	ENSG00000088305	target
OSBPL7	ENSG00000006025	target
GATB	ENSG00000059691	target
CWF19L1	ENSG00000095485	target
TOP3B	ENSG00000100038	target
NAGPA	ENSG00000103174	target
TNPO2	ENSG00000105576	target
AREL1	ENSG00000119682	target
SUPT7L	ENSG00000119760	target
MOCS3	ENSG00000124217	target
ZNF576	ENSG00000124444	target
LRRC47	ENSG00000130764	target
NAPG	ENSG00000134265	target
TCHP	ENSG00000139437	target
PI4K2A	ENSG00000155252	target
SPATA2	ENSG00000158480	target
RYK	ENSG00000163785	target
ABRAXAS2	ENSG00000165660	target
METTL3	ENSG00000165819	target
SMG8	ENSG00000167447	target
ZNF778	ENSG00000170100	target
ZNF408	ENSG00000175213	target
DNAJC30	ENSG00000176410	target
GVQW3	ENSG00000179240	target
CEP97	ENSG00000182504	target
TMEM203	ENSG00000187713	target
NOP9	ENSG00000196943	target
TSN	ENSG00000211460	target
LY6G5B	ENSG00000240053	target
TAF11	ENSG00000064995	target
CDK5RAP1	ENSG00000101391	target
PBDC1	ENSG00000102390	target
OCIAD1	ENSG00000109180	target
RINT1	ENSG00000135249	target
SKIC8	ENSG00000140395	target
DPH7	ENSG00000148399	target
C1orf52	ENSG00000162642	target
LIG4	ENSG00000174405	target
ZBTB3	ENSG00000185670	target
FKBP15	ENSG00000119321	target
PFKFB2	ENSG00000123836	target
ZSWIM4	ENSG00000132003	target
DHX30	ENSG00000132153	target
TAF4B	ENSG00000141384	target
IL12A	ENSG00000168811	target
BEND4	ENSG00000188848	target
C20orf96	ENSG00000196476	target
FXYD7	ENSG00000221946	target
CDK17	ENSG00000059758	target
RSBN1	ENSG00000081019	target
CBX7	ENSG00000100307	target
ZNF740	ENSG00000139651	target
NUDT17	ENSG00000186364	target
ZCCHC8	ENSG00000033030	target
USP36	ENSG00000055483	target
FAM3A	ENSG00000071889	target
TDRD3	ENSG00000083544	target
CAPN3	ENSG00000092529	target
GADD45B	ENSG00000099860	target
FAM118A	ENSG00000100376	target
AKAP8	ENSG00000105127	target
NAA25	ENSG00000111300	target
LMAN2L	ENSG00000114988	target
GGCX	ENSG00000115486	target
ALDH8A1	ENSG00000118514	target
TRMT13	ENSG00000122435	target
PANK2	ENSG00000125779	target
PLD2	ENSG00000129219	target
TOE1	ENSG00000132773	target
DHX34	ENSG00000134815	target
TBX19	ENSG00000143178	target
ADAM17	ENSG00000151694	target
TRMT44	ENSG00000155275	target
CYB5R1	ENSG00000159348	target
TPCN2	ENSG00000162341	target
TMEM79	ENSG00000163472	target
CCDC191	ENSG00000163617	target
TRMT10B	ENSG00000165275	target
TMEM182	ENSG00000170417	target
SPATA5L1	ENSG00000171763	target
POLE	ENSG00000177084	target
TSSK6	ENSG00000178093	target
CCDC137	ENSG00000185298	target
CCDC30	ENSG00000186409	target
POFUT2	ENSG00000186866	target
ZKSCAN5	ENSG00000196652	target
P2RY11	ENSG00000244165	target
EAF1	ENSG00000144597	target
TBRG1	ENSG00000154144	target
CLHC1	ENSG00000162994	target
DHRS13	ENSG00000167536	target
ATXN3	ENSG00000066427	target
NFKBIB	ENSG00000104825	target
AP5S1	ENSG00000125843	target
COX19	ENSG00000240230	target
STK19	ENSG00000204344	target
SOCS4	ENSG00000180008	target
WDHD1	ENSG00000198554	target
ZNF213	ENSG00000085644	target
STEEP1	ENSG00000018610	target
ZNF597	ENSG00000167981	target
TFB1M	ENSG00000029639	target
MTFR1	ENSG00000066855	target
PMS2	ENSG00000122512	target
OPA3	ENSG00000125741	target
ZNF687	ENSG00000143373	target
SFXN5	ENSG00000144040	target
TMEM184C	ENSG00000164168	target
AKT1S1	ENSG00000204673	target
CEP162	ENSG00000135315	target
SPRTN	ENSG00000010072	target
G2E3	ENSG00000092140	target
FBXO48	ENSG00000204923	target
SRSF11	ENSG00000116754	target
AKAP1	ENSG00000121057	target
RAB39B	ENSG00000155961	target
CENPI	ENSG00000102384	target
UBIAD1	ENSG00000120942	target
AP3D1	ENSG00000065000	target
FBXW11	ENSG00000072803	target
ZBED4	ENSG00000100426	target
GID4	ENSG00000141034	target
ZNF182	ENSG00000147118	target
LSM14B	ENSG00000149657	target
CMTR2	ENSG00000180917	target
TSPAN17	ENSG00000048140	target
SLC35A3	ENSG00000117620	target
PSRC1	ENSG00000134222	target
PPOX	ENSG00000143224	target
ZDHHC7	ENSG00000153786	target
PEX10	ENSG00000157911	target
C16orf86	ENSG00000159761	target
CACFD1	ENSG00000160325	target
HPS3	ENSG00000163755	target
TSEN34	ENSG00000170892	target
CLCN5	ENSG00000171365	target
MIEF2	ENSG00000177427	target
KLHL11	ENSG00000178502	target
TSPYL1	ENSG00000189241	target
H4C2	ENSG00000278705	target
ANKIB1	ENSG00000001629	target
NFIX	ENSG00000008441	target
POMT2	ENSG00000009830	target
LYRM2	ENSG00000083099	target
UBE3A	ENSG00000114062	target
ADCY7	ENSG00000121281	target
PXDN	ENSG00000130508	target
RAP1GAP2	ENSG00000132359	target
CPLANE2	ENSG00000132881	target
KRBA1	ENSG00000133619	target
TRIM65	ENSG00000141569	target
ALAD	ENSG00000148218	target
ZFYVE27	ENSG00000155256	target
RNF207	ENSG00000158286	target
PYGO2	ENSG00000163348	target
CLIC3	ENSG00000169583	target
PAIP1	ENSG00000172239	target
MANEA	ENSG00000172469	target
TCAP	ENSG00000173991	target
MRFAP1	ENSG00000179010	target
NDN	ENSG00000182636	target
RSBN1L	ENSG00000187257	target
MAN1A2	ENSG00000198162	target
SLC35B4	ENSG00000205060	target
ZNF579	ENSG00000218891	target
H2BC8	ENSG00000273802	target
GDI2	ENSG00000057608	target
C17orf75	ENSG00000108666	target
HMGXB3	ENSG00000113716	target
ABHD2	ENSG00000140526	target
TPM2	ENSG00000198467	target
TRBC1	ENSG00000211751	target
HSF2	ENSG00000025156	target
CNTLN	ENSG00000044459	target
TBC1D22A	ENSG00000054611	target
SPHK2	ENSG00000063176	target
TMEM161A	ENSG00000064545	target
XRCC1	ENSG00000073050	target
TP53INP2	ENSG00000078804	target
ZNF446	ENSG00000083838	target
TRMT2A	ENSG00000099899	target
MICALL1	ENSG00000100139	target
MIEF1	ENSG00000100335	target
SLC17A9	ENSG00000101194	target
MON1B	ENSG00000103111	target
PYCR3	ENSG00000104524	target
ABHD11	ENSG00000106077	target
TBC1D13	ENSG00000107021	target
FUBP3	ENSG00000107164	target
NEURL1	ENSG00000107954	target
C11orf21	ENSG00000110665	target
RAD51AP1	ENSG00000111247	target
LTBR	ENSG00000111321	target
FAM120B	ENSG00000112584	target
GUCA1B	ENSG00000112599	target
RAB32	ENSG00000118508	target
RNF170	ENSG00000120925	target
POMT1	ENSG00000130714	target
NAPSA	ENSG00000131400	target
WDR44	ENSG00000131725	target
RRP8	ENSG00000132275	target
KATNBL1	ENSG00000134152	target
AMT	ENSG00000145020	target
ITPRIP	ENSG00000148841	target
VIPAS39	ENSG00000151445	target
RAD17	ENSG00000152942	target
CC2D1B	ENSG00000154222	target
TMSB4Y	ENSG00000154620	target
EXOG	ENSG00000157036	target
GPRASP2	ENSG00000158301	target
SPATA2L	ENSG00000158792	target
YDJC	ENSG00000161179	target
TAF6L	ENSG00000162227	target
COMTD1	ENSG00000165644	target
UBTD1	ENSG00000165886	target
STXBP4	ENSG00000166263	target
VPS37C	ENSG00000167987	target
NAALADL1	ENSG00000168060	target
CCS	ENSG00000173992	target
ATG13	ENSG00000175224	target
YOD1	ENSG00000180667	target
RNF135	ENSG00000181481	target
RABIF	ENSG00000183155	target
GDPGP1	ENSG00000183208	target
SNN	ENSG00000184602	target
HPDL	ENSG00000186603	target
RILPL1	ENSG00000188026	target
SYCP2	ENSG00000196074	target
TECPR2	ENSG00000196663	target
ZXDB	ENSG00000198455	target
LINC02693	ENSG00000212719	target
FAM209B	ENSG00000213714	target
SAPCD1	ENSG00000228727	target
ZNF587B	ENSG00000269343	target
MANBAL	ENSG00000101363	target
CEP76	ENSG00000101624	target
PIEZO1	ENSG00000103335	target
CYB561D2	ENSG00000114395	target
KLC1	ENSG00000126214	target
C1orf159	ENSG00000131591	target
CSAD	ENSG00000139631	target
MMAA	ENSG00000151611	target
SLC35A1	ENSG00000164414	target
MICOS13	ENSG00000174917	target
CCDC43	ENSG00000180329	target
ZNF181	ENSG00000197841	target
HSPA1L	ENSG00000204390	target
VPS16	ENSG00000215305	target
ALKBH8	ENSG00000137760	target
YARS2	ENSG00000139131	target
SLC25A6	ENSG00000169100	target
FAAP100	ENSG00000185504	target
ZNF674	ENSG00000251192	target
SS18L2	ENSG00000008324	target
VPS9D1	ENSG00000075399	target
MTMR3	ENSG00000100330	target
SLC38A7	ENSG00000103042	target
PAIP2B	ENSG00000124374	target
SYNJ1	ENSG00000159082	target
SHISA5	ENSG00000164054	target
HEXIM2	ENSG00000168517	target
CXCL10	ENSG00000169245	target
DENND4B	ENSG00000198837	target
TARBP2	ENSG00000139546	target
ZNF419	ENSG00000105136	target
KYAT1	ENSG00000171097	target
ATG4A	ENSG00000101844	target
GRK4	ENSG00000125388	target
PAFAH2	ENSG00000158006	target
ZNF230	ENSG00000159882	target
ALKBH4	ENSG00000160993	target
LYSMD1	ENSG00000163155	target
CDC26	ENSG00000176386	target
ZNF774	ENSG00000196391	target
ZNF225	ENSG00000256294	target
LIN37	ENSG00000267796	target
COG2	ENSG00000135775	target
TTC5	ENSG00000136319	target
PIGC	ENSG00000135845	target
ZNF169	ENSG00000175787	target
EPM2AIP1	ENSG00000178567	target
DYNLT2	ENSG00000184786	target
BCLAF1	ENSG00000029363	target
TRMT61B	ENSG00000171103	target
CMTR1	ENSG00000137200	target
TMEM177	ENSG00000144120	target
KIF18A	ENSG00000121621	target
ENPP3	ENSG00000154269	target
TNPO1	ENSG00000083312	target
TRIM56	ENSG00000169871	target
PLA2G4A	ENSG00000116711	target
SLC39A9	ENSG00000029364	target
POLR2C	ENSG00000102978	target
SHQ1	ENSG00000144736	target
ATG9A	ENSG00000198925	target
RAB34	ENSG00000109113	target
CARNS1	ENSG00000172508	target
FAM135A	ENSG00000082269	target
NSD2	ENSG00000109685	target
ENOX1	ENSG00000120658	target
SLC25A34	ENSG00000162461	target
NMNAT3	ENSG00000163864	target
PRRX2	ENSG00000167157	target
RND1	ENSG00000172602	target
SULT1A1	ENSG00000196502	target
ARMH1	ENSG00000198520	target
ZNF658	ENSG00000274349	target
GSTO2	ENSG00000065621	target
SIRT6	ENSG00000077463	target
GPATCH2	ENSG00000092978	target
PROCR	ENSG00000101000	target
ATG14	ENSG00000126775	target
CNKSR1	ENSG00000142675	target
TBPL1	ENSG00000028839	target
MTCH2	ENSG00000109919	target
SLC17A5	ENSG00000119899	target
CDCA5	ENSG00000146670	target
VDAC2	ENSG00000165637	target
ZNF236	ENSG00000130856	target
UBE2J2	ENSG00000160087	target
PROSER3	ENSG00000167595	target
TWNK	ENSG00000107815	target
GAB1	ENSG00000109458	target
RASSF8	ENSG00000123094	target
DDB1	ENSG00000167986	target
ATP6V0E2	ENSG00000171130	target
ZNF730	ENSG00000183850	target
PNO1	ENSG00000115946	target
PSMB7	ENSG00000136930	target
TCF20	ENSG00000100207	target
FPGS	ENSG00000136877	target
NELFE	ENSG00000204356	target
PEX5L	ENSG00000114757	target
SSNA1	ENSG00000176101	target
RFWD3	ENSG00000168411	target
CNOT4	ENSG00000080802	target
ECD	ENSG00000122882	target
METTL14	ENSG00000145388	target
C1orf112	ENSG00000000460	target
PLEKHJ1	ENSG00000104886	target
AKR1E2	ENSG00000165568	target
MPC1	ENSG00000060762	target
TNFRSF12A	ENSG00000006327	target
RELT	ENSG00000054967	target
SLC25A15	ENSG00000102743	target
YME1L1	ENSG00000136758	target
TBC1D7	ENSG00000145979	target
ZSWIM5	ENSG00000162415	target
SF3B2	ENSG00000087365	target
MAP4K2	ENSG00000168067	target
TMEM223	ENSG00000168569	target
MYOM1	ENSG00000101605	target
PPP1R37	ENSG00000104866	target
MCPH1	ENSG00000147316	target
TBX6	ENSG00000149922	target
RACGAP1	ENSG00000161800	target
ZNF449	ENSG00000173275	target
UCP3	ENSG00000175564	target
TMPRSS6	ENSG00000187045	target
SKIC2	ENSG00000204351	target
ZNF16	ENSG00000170631	target
FASTKD1	ENSG00000138399	target
NUP50	ENSG00000093000	target
TFIP11	ENSG00000100109	target
ATG101	ENSG00000123395	target
TIMM8A	ENSG00000126953	target
MAP1S	ENSG00000130479	target
RPP25L	ENSG00000164967	target
B3GNT5	ENSG00000176597	target
THAP4	ENSG00000176946	target
GCC1	ENSG00000179562	target
MFSD5	ENSG00000182544	target
PTPN3	ENSG00000070159	target
TRNT1	ENSG00000072756	target
ZNF789	ENSG00000198556	target
BAIAP2L1	ENSG00000006453	target
LAMP3	ENSG00000078081	target
URGCP	ENSG00000106608	target
UNG	ENSG00000076248	target
FGFBP3	ENSG00000174721	target
ZNF519	ENSG00000175322	target
JRK	ENSG00000234616	target
CELSR3	ENSG00000008300	target
XCL1	ENSG00000143184	target
XCL2	ENSG00000143185	target
XIRP1	ENSG00000168334	target
SEPTIN7	ENSG00000122545	target
SLC9A5	ENSG00000135740	target
TERT	ENSG00000164362	target
ZNF391	ENSG00000124613	target
AKAP8L	ENSG00000011243	target
POLD3	ENSG00000077514	target
PDLIM4	ENSG00000131435	target
TVP23C	ENSG00000175106	target
TRGJP2	ENSG00000211688	target
RECQL5	ENSG00000108469	target
