gene,n_both,n_inv,rate,decile,p_expected,enrichment_vs_decile,p_ora_pooled,p_ora_indeg_matched,p_ora_fisher,q_ora_pooled,q_ora_indeg_matched,q_ora_fisher
DDIT4,32,18,0.5625,8,0.043616645054815516,12.896452702702701,2.0857775627410268e-15,8.526974008470374e-17,2.0234023299073957e-15,1.293807822168259e-11,5.289281977454174e-13,1.2551164652415577e-11
PSME1,38,18,0.47368421052631576,8,0.04363207547169811,10.856330014224751,1.0950463664317184e-13,4.746006255564978e-15,1.0635292791393993e-13,3.3962863054879747e-10,1.471973840163478e-11,3.298536059250847e-10
CHAC1,10,9,0.9,3,0.04987012987012987,18.046875,2.8622702273217316e-11,1.8223047814299233e-11,2.8403191309028813e-11,5.918220740025567e-08,3.767918853069938e-08,5.872833189663524e-08
LRRFIP2,10,8,0.8,3,0.05012987012987013,15.958549222797929,2.342723391341696e-09,1.6383394962245254e-09,2.3289565994345405e-09,3.6329782991231352e-06,2.540654973770183e-06,3.611629446573114e-06
TLE5,12,8,0.6666666666666666,4,0.05727554179566564,11.639639639639638,2.3426588023360037e-08,4.652429228953717e-08,2.3292793934675667e-08,2.906302510178046e-05,5.771803701439981e-05,2.889704015535863e-05
IL2RA,32,11,0.34375,8,0.044029234940469175,7.807312583668005,3.8035434052249826e-07,6.565482287131295e-08,3.7675010400308557e-07,0.0002949172467826321,6.787614437845904e-05,0.0002921226118913925
MTX3,16,8,0.5,6,0.047044763146458064,10.628175519630485,5.035392225403893e-07,2.195573608925211e-07,5.008260330654895e-07,0.0003470504219353372,0.00019455918708804408,0.0003451804314561368
SLC3A2,23,9,0.391304347826087,8,0.044123711340206186,8.868346200731411,1.2503616713042258e-06,2.9423622750432987e-07,1.2422580983143034e-06,0.0006438430011016777,0.0002160040568963366,0.0006404754052682138
CTLA4,7,6,0.8571428571428571,1,0.06126126126126126,13.991596638655462,1.391858247642995e-07,3.505810503402905e-07,1.3874307220363975e-07,0.00014389494516882495,0.0002160040568963366,0.00014343721281319624
CFL1,30,10,0.3333333333333333,8,0.04408297972654408,7.561497326203208,1.7892376356562303e-06,3.6852327711424595e-07,1.7755150881462458e-06,0.000669800542357797,0.0002160040568963366,0.0006670936689609625
MIF,17,8,0.47058823529411764,6,0.047049875040747584,10.00190191550061,9.07008656532533e-07,3.977831756280701e-07,9.02193310004797e-07,0.0005114704269519366,0.0002160040568963366,0.0005087550092690686
IL2RB,24,9,0.375,8,0.044126310828325674,8.498331108144193,1.9068353925359412e-06,4.5241991523940537e-07,1.894643225180932e-06,0.000669800542357797,0.0002160040568963366,0.0006670936689609625
SLC38A2,18,8,0.4444444444444444,7,0.0445367597333591,9.97927211376235,1.5569313262171797e-06,4.526926873532767e-07,1.548787857330841e-06,0.0006438430011016777,0.0002160040568963366,0.0006404754052682138
DUSP6,11,7,0.6363636363636364,4,0.05739713659228686,11.08702757916241,2.9868738791212476e-07,5.512509936225316e-07,2.974180586549069e-07,0.0002646796953169871,0.00024424356524575455,0.00026355488826234106
CD69,25,9,0.36,8,0.044128910622753786,8.15791722296395,2.839897881366341e-06,6.793497537714657e-07,2.8219852537470856e-06,0.0006775340983890544,0.0002809337681762935,0.0006732605588074298
RHOF,12,7,0.5833333333333334,4,0.05740454076367389,10.161797752808988,6.840525077563955e-07,1.2578765615221033e-06,6.811934292632307e-07,0.0004243177705612921,0.0004876630194451005,0.00042254428417198196
IL1RAP,9,6,0.6666666666666666,2,0.053606965174129356,12.436194895591646,1.5236396806977443e-06,1.7313495841619596e-06,1.5189758224340328e-06,0.0006438430011016777,0.000596642303919813,0.0006404754052682138
TRUB1,9,6,0.6666666666666666,2,0.053606965174129356,12.436194895591646,1.5236396806977443e-06,1.7313495841619596e-06,1.5189758224340328e-06,0.0006438430011016777,0.000596642303919813,0.0006404754052682138
RANBP9,15,7,0.4666666666666667,6,0.04714828897338403,9.897849462365592,4.8305450482302e-06,2.3812146425823933e-06,4.811352913949428e-06,0.0011097729975619234,0.0007774039172599255,0.0011053637824158633
RASSF3,22,8,0.36363636363636365,7,0.04455397699816372,8.161703805955433,9.413085120957401e-06,2.8255276957312703e-06,9.366751100470314e-06,0.0018835279679128634,0.0007996445092989014,0.0018742566798779794
CPD,6,5,0.8333333333333334,0,0.05482456140350877,15.200000000000001,2.2775611305562447e-06,2.8360759639812724e-06,2.272748773911583e-06,0.000669800542357797,0.0007996445092989014,0.0006670936689609625
TNFSF14,6,5,0.8333333333333334,0,0.05482456140350877,15.200000000000001,2.2775611305562447e-06,2.8360759639812724e-06,2.272748773911583e-06,0.000669800542357797,0.0007996445092989014,0.0006670936689609625
MPI,14,7,0.5,5,0.05573314801945796,8.971321695760599,2.699502427687397e-06,4.043321326598856e-06,2.6885928944098113e-06,0.000669800542357797,0.0008957400781747395,0.0006670936689609625
CALM3,14,7,0.5,5,0.05573314801945796,8.971321695760599,2.699502427687397e-06,4.043321326598856e-06,2.6885928944098113e-06,0.000669800542357797,0.0008957400781747395,0.0006670936689609625
MID1IP1,14,7,0.5,5,0.05573314801945796,8.971321695760599,2.699502427687397e-06,4.043321326598856e-06,2.6885928944098113e-06,0.000669800542357797,0.0008957400781747395,0.0006670936689609625
GPR108,14,7,0.5,5,0.05573314801945796,8.971321695760599,2.699502427687397e-06,4.043321326598856e-06,2.6885928944098113e-06,0.000669800542357797,0.0008957400781747395,0.0006670936689609625
SLC7A11,14,7,0.5,5,0.05573314801945796,8.971321695760599,2.699502427687397e-06,4.043321326598856e-06,2.6885928944098113e-06,0.000669800542357797,0.0008957400781747395,0.0006670936689609625
SPRY1,14,7,0.5,5,0.05573314801945796,8.971321695760599,2.699502427687397e-06,4.043321326598856e-06,2.6885928944098113e-06,0.000669800542357797,0.0008957400781747395,0.0006670936689609625
HAPLN3,24,8,0.3333333333333333,8,0.04418522446094026,7.544,1.969638874489068e-05,5.6426656847931056e-06,1.9602399439839813e-05,0.0029799194971843143,0.0012069467325093667,0.0029656996030567404
PTPN22,17,7,0.4117647058823529,6,0.047158535260241226,8.731499051233396,1.3298283780830649e-05,6.627880595150465e-06,1.3247239068101656e-05,0.0023234030835021426,0.0013262175268296237,0.002316698865599737
FBXL8,17,7,0.4117647058823529,6,0.047158535260241226,8.731499051233396,1.3298283780830649e-05,6.627880595150465e-06,1.3247239068101656e-05,0.0023234030835021426,0.0013262175268296237,0.002316698865599737
SRGN,33,9,0.2727272727272727,8,0.044149720011788976,6.177327345551644,3.656390473823562e-05,9.335265233745343e-06,3.635775041245252e-05,0.005040131135361678,0.001809582820153824,0.005011713906854288
SESN2,11,6,0.5454545454545454,4,0.057526118921707725,9.48185894822666,7.645969527824962e-06,1.300999340393594e-05,7.623464339844397e-06,0.0015809316327032748,0.002305742545274704,0.0015762783100018267
PSME2,11,6,0.5454545454545454,4,0.057526118921707725,9.48185894822666,7.645969527824962e-06,1.300999340393594e-05,7.623464339844397e-06,0.0015809316327032748,0.002305742545274704,0.0015762783100018267
SLA,11,6,0.5454545454545454,4,0.057526118921707725,9.48185894822666,7.645969527824962e-06,1.300999340393594e-05,7.623464339844397e-06,0.0015809316327032748,0.002305742545274704,0.0015762783100018267
NCAPG2,8,5,0.625,2,0.05372466111180201,11.633391203703704,1.9443101309543864e-05,2.1850510083165802e-05,1.9403903327437412e-05,0.0029799194971843143,0.0034909108947878183,0.0029656996030567404
TRAF3IP3,21,7,0.3333333333333333,7,0.04464630846540394,7.466089466089466,6.600530153301448e-05,2.35929743596169e-05,6.576923445828086e-05,0.008188617708185776,0.0034909108947878183,0.008159331226894325
DDIT3,21,7,0.3333333333333333,7,0.04464630846540394,7.466089466089466,6.600530153301448e-05,2.35929743596169e-05,6.576923445828086e-05,0.008188617708185776,0.0034909108947878183,0.008159331226894325
CCR7,12,6,0.5,4,0.05753353973168215,8.690582959641256,1.4607886547893529e-05,2.4762224628512657e-05,1.456573525042556e-05,0.0023234030835021426,0.0034909108947878183,0.002316698865599737
SDCBP,12,6,0.5,4,0.05753353973168215,8.690582959641256,1.4607886547893529e-05,2.4762224628512657e-05,1.456573525042556e-05,0.0023234030835021426,0.0034909108947878183,0.002316698865599737
PMAIP1,12,6,0.5,4,0.05753353973168215,8.690582959641256,1.4607886547893529e-05,2.4762224628512657e-05,1.456573525042556e-05,0.0023234030835021426,0.0034909108947878183,0.002316698865599737
WIPI1,12,6,0.5,4,0.05753353973168215,8.690582959641256,1.4607886547893529e-05,2.4762224628512657e-05,1.456573525042556e-05,0.0023234030835021426,0.0034909108947878183,0.002316698865599737
IFI16,12,6,0.5,4,0.05753353973168215,8.690582959641256,1.4607886547893529e-05,2.4762224628512657e-05,1.456573525042556e-05,0.0023234030835021426,0.0034909108947878183,0.002316698865599737
FAM111B,12,6,0.5,4,0.05753353973168215,8.690582959641256,1.4607886547893529e-05,2.4762224628512657e-05,1.456573525042556e-05,0.0023234030835021426,0.0034909108947878183,0.002316698865599737
BCL2L1,13,6,0.46153846153846156,5,0.05586436909394108,8.261768082663606,2.5916625364626424e-05,3.703774072838948e-05,2.5843327157396273e-05,0.0037386238869018067,0.004971976604003304,0.0037280501943564902
TACC3,13,6,0.46153846153846156,5,0.05586436909394108,8.261768082663606,2.5916625364626424e-05,3.703774072838948e-05,2.5843327157396273e-05,0.0037386238869018067,0.004971976604003304,0.0037280501943564902
FASN,15,6,0.4,6,0.047256925583921784,8.464367816091954,6.899541591339772e-05,3.847410559280326e-05,6.880806114842722e-05,0.008230357017515502,0.004971976604003304,0.00820800775584027
NUSAP1,15,6,0.4,6,0.047256925583921784,8.464367816091954,6.899541591339772e-05,3.847410559280326e-05,6.880806114842722e-05,0.008230357017515502,0.004971976604003304,0.00820800775584027
LTN1,5,4,0.8,0,0.054946472333290336,14.559624413145542,3.625236814609702e-05,4.357191122093972e-05,3.620669124928001e-05,0.005040131135361678,0.005515848271499777,0.005011713906854288
TMSB10,31,8,0.25806451612903225,8,0.044203453763187364,5.83810752688172,0.0001518925990631886,4.5990065996794e-05,0.00015124480715282735,0.01596931850828744,0.005705527587562264,0.015901212521508272
CDC25B,14,6,0.42857142857142855,5,0.05587213342599027,7.6705756929637525,4.332946756733068e-05,6.178388456092513e-05,4.320937785463608e-05,0.005599430985836504,0.007231045960970162,0.005583911892339742
TK1,14,6,0.42857142857142855,5,0.05587213342599027,7.6705756929637525,4.332946756733068e-05,6.178388456092513e-05,4.320937785463608e-05,0.005599430985836504,0.007231045960970162,0.005583911892339742
PPP1R15A,14,6,0.42857142857142855,5,0.05587213342599027,7.6705756929637525,4.332946756733068e-05,6.178388456092513e-05,4.320937785463608e-05,0.005599430985836504,0.007231045960970162,0.005583911892339742
SLC7A5,10,5,0.5,3,0.05090909090909091,9.821428571428571,8.004649560333051e-05,6.942064376545426e-05,7.989268632182404e-05,0.0091949705968048,0.007829386423220232,0.00917730246767175
RHOB,10,5,0.5,3,0.05090909090909091,9.821428571428571,8.004649560333051e-05,6.942064376545426e-05,7.989268632182404e-05,0.0091949705968048,0.007829386423220232,0.00917730246767175
RELL1,25,7,0.28,8,0.04424674483002416,6.328149134487351,0.0002266651038284965,7.873173982003144e-05,0.00022591161587541347,0.019528828833899257,0.008567947054450088,0.019505668274440065
SLC1A5,25,7,0.28,8,0.04424674483002416,6.328149134487351,0.0002266651038284965,7.873173982003144e-05,0.00022591161587541347,0.019528828833899257,0.008567947054450088,0.019505668274440065
CNN2,17,6,0.35294117647058826,6,0.04726719547973487,7.466937119675457,0.00015575331555609206,8.775437267474301e-05,0.00015534756204708917,0.01610229693990732,0.009385178856921222,0.016060348789634905
H2AX,18,6,0.3333333333333333,7,0.04472997777992464,7.452123830093592,0.00022324494657180032,9.321696296756674e-05,0.0002226754890604284,0.019528828833899257,0.009637080354796943,0.019505668274440065
SPSB1,18,6,0.3333333333333333,7,0.04472997777992464,7.452123830093592,0.00022324494657180032,9.321696296756674e-05,0.0002226754890604284,0.019528828833899257,0.009637080354796943,0.019505668274440065
TUBE1,6,4,0.6666666666666666,0,0.05495356037151703,12.131455399061032,0.00010420198217717859,0.0001250438683990984,0.00010407457620001685,0.011339735007807697,0.012311858979041386,0.011325870108222886
TLR6,6,4,0.6666666666666666,0,0.05495356037151703,12.131455399061032,0.00010420198217717859,0.0001250438683990984,0.00010407457620001685,0.011339735007807697,0.012311858979041386,0.011325870108222886
GEMIN4,6,4,0.6666666666666666,0,0.05495356037151703,12.131455399061032,0.00010420198217717859,0.0001250438683990984,0.00010407457620001685,0.011339735007807697,0.012311858979041386,0.011325870108222886
EMP3,27,7,0.25925925925925924,8,0.044251959224559545,5.85870690930611,0.0003817383680015694,0.00013463683723819025,0.00038051614494825025,0.03115688285149651,0.013049254709195221,0.031057126935710475
STK17B,37,8,0.21621621621621623,8,0.04421909085549201,4.889657657657658,0.0005610282563367922,0.00017800771183717104,0.000558866125835253,0.04156203717713761,0.016948854128688018,0.041462639838041465
MAP2K1,20,6,0.3,7,0.044738622089090734,6.705615550755939,0.0004256633327445718,0.00018033602651836358,0.000424622994722762,0.03419334703696284,0.016948854128688018,0.03415403076885227
RASAL3,11,5,0.45454545454545453,4,0.0576551012511286,7.883872279845433,0.0001403802673329185,0.00021928405665360188,0.00014011703797347366,0.015013427556311958,0.020301776170481976,0.014985275630163055
AEN,21,6,0.2857142857142857,7,0.04474294549671434,6.385683431039802,0.0005695265452291951,0.00024303397185945538,0.0005681644988285547,0.04156203717713761,0.021848401847017418,0.041462639838041465
MAPRE2,21,6,0.2857142857142857,7,0.04474294549671434,6.385683431039802,0.0005695265452291951,0.00024303397185945538,0.0005681644988285547,0.04156203717713761,0.021848401847017418,0.041462639838041465
SAMSN1,22,6,0.2727272727272727,7,0.04474726974002126,6.094836049479678,0.0007484433737431527,0.0003216909341346909,0.0007466922883797906,0.05137366808136527,0.028104913583626587,0.05131642527863498
RAB11FIP1,22,6,0.2727272727272727,7,0.04474726974002126,6.094836049479678,0.0007484433737431527,0.0003216909341346909,0.0007466922883797906,0.05137366808136527,0.028104913583626587,0.05131642527863498
PGK1,12,5,0.4166666666666667,4,0.0576625386996904,7.225950782997764,0.00023021768217936493,0.00035822931812034664,0.00022979653991850825,0.019528828833899257,0.030028330544601488,0.019505668274440065
FANCI,12,5,0.4166666666666667,4,0.0576625386996904,7.225950782997764,0.00023021768217936493,0.00035822931812034664,0.00022979653991850825,0.019528828833899257,0.030028330544601488,0.019505668274440065
PPP1R16B,12,5,0.4166666666666667,4,0.0576625386996904,7.225950782997764,0.00023021768217936493,0.00035822931812034664,0.00022979653991850825,0.019528828833899257,0.030028330544601488,0.019505668274440065
TAP1,23,6,0.2608695652173913,8,0.04430044182621502,5.888644773358002,0.0009678385506225741,0.00039693751573870574,0.0009656238236387684,0.06386704818629603,0.03282937880169589,0.06372089976629021
RBKS,7,4,0.5714285714285714,1,0.06177606177606178,9.25,0.00023297329255336855,0.00043798680672243296,0.0002326969937624641,0.019528828833899257,0.03313209953779575,0.019505668274440065
LIG1,7,4,0.5714285714285714,1,0.06177606177606178,9.25,0.00023297329255336855,0.00043798680672243296,0.0002326969937624641,0.019528828833899257,0.03313209953779575,0.019505668274440065
AKIRIN1,7,4,0.5714285714285714,1,0.06177606177606178,9.25,0.00023297329255336855,0.00043798680672243296,0.0002326969937624641,0.019528828833899257,0.03313209953779575,0.019505668274440065
SNX9,7,4,0.5714285714285714,1,0.06177606177606178,9.25,0.00023297329255336855,0.00043798680672243296,0.0002326969937624641,0.019528828833899257,0.03313209953779575,0.019505668274440065
CENPF,7,4,0.5714285714285714,1,0.06177606177606178,9.25,0.00023297329255336855,0.00043798680672243296,0.0002326969937624641,0.019528828833899257,0.03313209953779575,0.019505668274440065
FEZ2,7,4,0.5714285714285714,1,0.06177606177606178,9.25,0.00023297329255336855,0.00043798680672243296,0.0002326969937624641,0.019528828833899257,0.03313209953779575,0.019505668274440065
HEATR3,7,4,0.5714285714285714,1,0.06177606177606178,9.25,0.00023297329255336855,0.00043798680672243296,0.0002326969937624641,0.019528828833899257,0.03313209953779575,0.019505668274440065
ADORA2A,15,5,0.3333333333333333,6,0.04736556219445953,7.037461773700306,0.0007645080353438707,0.0004796624086543477,0.0007632118496333964,0.05137366808136527,0.03441489977061619,0.05131642527863498
TES,15,5,0.3333333333333333,6,0.04736556219445953,7.037461773700306,0.0007645080353438707,0.0004796624086543477,0.0007632118496333964,0.05137366808136527,0.03441489977061619,0.05131642527863498
CD68,13,5,0.38461538461538464,5,0.056003335186214566,6.867722847871732,0.0003579058426885764,0.0004846685253216382,0.00035726729789420305,0.029601199229296528,0.03441489977061619,0.029548387317836555
GSDMD,8,4,0.5,2,0.053849023753264516,9.285219399538107,0.00044650348379719334,0.0004937814089287185,0.0004459900841974905,0.03419334703696284,0.03441489977061619,0.03415403076885227
PEX2,8,4,0.5,2,0.053849023753264516,9.285219399538107,0.00044650348379719334,0.0004937814089287185,0.0004459900841974905,0.03419334703696284,0.03441489977061619,0.03415403076885227
ARHGEF18,8,4,0.5,2,0.053849023753264516,9.285219399538107,0.00044650348379719334,0.0004937814089287185,0.0004459900841974905,0.03419334703696284,0.03441489977061619,0.03415403076885227
DMWD,8,4,0.5,2,0.053849023753264516,9.285219399538107,0.00044650348379719334,0.0004937814089287185,0.0004459900841974905,0.03419334703696284,0.03441489977061619,0.03415403076885227
PSAT1,24,6,0.25,8,0.04430305172616943,5.642952127659575,0.0012334730827747902,0.0005096103306501412,0.0012307130643139357,0.07728518719648508,0.035123476455809176,0.07711225391857922
MICAL2,25,6,0.24,8,0.04430566193365934,5.4169148936170215,0.001551412444547303,0.0006456779341662465,0.0015480187848734691,0.08669739994168396,0.04260787474077901,0.08650775245558674
APOBR,25,6,0.24,8,0.04430566193365934,5.4169148936170215,0.001551412444547303,0.0006456779341662465,0.0015480187848734691,0.08669739994168396,0.04260787474077901,0.08650775245558674
S100A10,25,6,0.24,8,0.04430566193365934,5.4169148936170215,0.001551412444547303,0.0006456779341662465,0.0015480187848734691,0.08669739994168396,0.04260787474077901,0.08650775245558674
KIF21B,25,6,0.24,8,0.04430566193365934,5.4169148936170215,0.001551412444547303,0.0006456779341662465,0.0015480187848734691,0.08669739994168396,0.04260787474077901,0.08650775245558674
CD47,16,5,0.3125,6,0.04737070838765754,6.59690366972477,0.001064068474569641,0.0006708191575219538,0.0010623106417949242,0.0680455334820153,0.04289784777431629,0.06793312279437026
MTSS1,16,5,0.3125,6,0.04737070838765754,6.59690366972477,0.001064068474569641,0.0006708191575219538,0.0010623106417949242,0.0680455334820153,0.04289784777431629,0.06793312279437026
CREB3L2,16,5,0.3125,6,0.04737070838765754,6.59690366972477,0.001064068474569641,0.0006708191575219538,0.0010623106417949242,0.0680455334820153,0.04289784777431629,0.06793312279437026
INSIG1,14,5,0.35714285714285715,5,0.056011118832522584,6.376285005317263,0.0005326704955337129,0.0007196069588952678,0.0005317439201384067,0.04029457419262952,0.045548183326809655,0.04022448215388459
MYO1G,35,7,0.2,8,0.04427282909862642,4.517443408788282,0.002000168321341894,0.0007493359397883626,0.001994696532716712,0.10253755452300636,0.046481308345072136,0.10225704621852699
TRIM22,35,7,0.2,8,0.04427282909862642,4.517443408788282,0.002000168321341894,0.0007493359397883626,0.001994696532716712,0.10253755452300636,0.046481308345072136,0.10225704621852699
MAN1A1,9,4,0.4444444444444444,2,0.05385572139303483,8.25250192455735,0.0007702323281584669,0.0008512085551802615,0.0007693741013885302,0.05137366808136527,0.05076967949791502,0.05131642527863498
APOL3,9,4,0.4444444444444444,2,0.05385572139303483,8.25250192455735,0.0007702323281584669,0.0008512085551802615,0.0007693741013885302,0.05137366808136527,0.05076967949791502,0.05131642527863498
SPAG5,9,4,0.4444444444444444,2,0.05385572139303483,8.25250192455735,0.0007702323281584669,0.0008512085551802615,0.0007693741013885302,0.05137366808136527,0.05076967949791502,0.05131642527863498
RBM38,9,4,0.4444444444444444,2,0.05385572139303483,8.25250192455735,0.0007702323281584669,0.0008512085551802615,0.0007693741013885302,0.05137366808136527,0.05076967949791502,0.05131642527863498
GNPDA1,17,5,0.29411764705882354,6,0.04737585569922851,6.208175930922828,0.0014425331241586193,0.0009137650748313473,0.00144021192502319,0.08362647634725154,0.05347249772810233,0.08349191187774624
STAP1,17,5,0.29411764705882354,6,0.04737585569922851,6.208175930922828,0.0014425331241586193,0.0009137650748313473,0.00144021192502319,0.08362647634725154,0.05347249772810233,0.08349191187774624
CREM,18,5,0.2777777777777778,7,0.04482658680320742,6.196719348659005,0.0019114901155381653,0.0009486670806954738,0.0019084951696242513,0.09963843014019529,0.05448686945883356,0.09948231543848093
TRIB3,18,5,0.2777777777777778,7,0.04482658680320742,6.196719348659005,0.0019114901155381653,0.0009486670806954738,0.0019084951696242513,0.09963843014019529,0.05448686945883356,0.09948231543848093
STK40,10,4,0.4,3,0.05116883116883117,7.817258883248732,0.0012303562165285576,0.001121578645589344,0.0012290283780996675,0.07728518719648508,0.06382708567514404,0.07711225391857922
EDEM1,28,6,0.21428571428571427,8,0.04431349440188568,4.835676291793313,0.002883533133508585,0.0012265862833302792,0.0028776490581227552,0.1296127248344475,0.06916831559543384,0.12934823990967717
SUSD6,19,5,0.2631578947368421,7,0.04483091787439614,5.870009074410163,0.00248281035497488,0.001240643378513986,0.002479023853125779,0.11936465396077951,0.06933072862092121,0.119296498601322
EIF4G1,5,3,0.6,0,0.05507545466271121,10.894145199063232,0.0013317639748693143,0.0015356332333207505,0.0013309696042354126,0.07867554224870817,0.0814148115067403,0.07862861385783108
GPSM2,5,3,0.6,0,0.05507545466271121,10.894145199063232,0.0013317639748693143,0.0015356332333207505,0.0013309696042354126,0.07867554224870817,0.0814148115067403,0.07862861385783108
RNF41,5,3,0.6,0,0.05507545466271121,10.894145199063232,0.0013317639748693143,0.0015356332333207505,0.0013309696042354126,0.07867554224870817,0.0814148115067403,0.07862861385783108
NFKBID,5,3,0.6,0,0.05507545466271121,10.894145199063232,0.0013317639748693143,0.0015356332333207505,0.0013309696042354126,0.07867554224870817,0.0814148115067403,0.07862861385783108
KIF20A,5,3,0.6,0,0.05507545466271121,10.894145199063232,0.0013317639748693143,0.0015356332333207505,0.0013309696042354126,0.07867554224870817,0.0814148115067403,0.07862861385783108
MED11,5,3,0.6,0,0.05507545466271121,10.894145199063232,0.0013317639748693143,0.0015356332333207505,0.0013309696042354126,0.07867554224870817,0.0814148115067403,0.07862861385783108
TXNRD1,20,5,0.25,7,0.04483524978258769,5.575969827586207,0.0031685260290516483,0.0015940823120552193,0.0031638241392601164,0.14038833541576695,0.08309321497208844,0.14018000811307502
SH3BP5,20,5,0.25,7,0.04483524978258769,5.575969827586207,0.0031685260290516483,0.0015940823120552193,0.0031638241392601164,0.14038833541576695,0.08309321497208844,0.14018000811307502
CLEC2D,41,7,0.17073170731707318,8,0.044288494427080265,3.8549900945081355,0.0050829845909489335,0.0019908485095793114,0.005070729441522129,0.18993827360033877,0.10291027754100392,0.18948032967326367
COTL1,31,6,0.1935483870967742,8,0.0443213296398892,4.366935483870968,0.004926255208619541,0.0021413569594488304,0.004916900556214481,0.18619644142432987,0.10887571491361553,0.18602052696025548
UXT,31,6,0.1935483870967742,8,0.0443213296398892,4.366935483870968,0.004926255208619541,0.0021413569594488304,0.004916900556214481,0.18619644142432987,0.10887571491361553,0.18602052696025548
HMGB2,22,5,0.22727272727272727,7,0.04484391611095003,5.068083855799373,0.00493138101304117,0.002514704749378998,0.004924460567634745,0.18619644142432987,0.12579607709998328,0.18602052696025548
GZMA,22,5,0.22727272727272727,7,0.04484391611095003,5.068083855799373,0.00493138101304117,0.002514704749378998,0.004924460567634745,0.18619644142432987,0.12579607709998328,0.18602052696025548
P4HA1,11,4,0.36363636363636365,4,0.05778408358054946,6.293019480519481,0.001853199616068923,0.0026470912528802916,0.0018512634296003502,0.09825125827756863,0.12630697724320344,0.09814860729752968
TMBIM6,11,4,0.36363636363636365,4,0.05778408358054946,6.293019480519481,0.001853199616068923,0.0026470912528802916,0.0018512634296003502,0.09825125827756863,0.12630697724320344,0.09814860729752968
IGF2R,11,4,0.36363636363636365,4,0.05778408358054946,6.293019480519481,0.001853199616068923,0.0026470912528802916,0.0018512634296003502,0.09825125827756863,0.12630697724320344,0.09814860729752968
RNF213,11,4,0.36363636363636365,4,0.05778408358054946,6.293019480519481,0.001853199616068923,0.0026470912528802916,0.0018512634296003502,0.09825125827756863,0.12630697724320344,0.09814860729752968
DEAF1,11,4,0.36363636363636365,4,0.05778408358054946,6.293019480519481,0.001853199616068923,0.0026470912528802916,0.0018512634296003502,0.09825125827756863,0.12630697724320344,0.09814860729752968
MAP1LC3B,11,4,0.36363636363636365,4,0.05778408358054946,6.293019480519481,0.001853199616068923,0.0026470912528802916,0.0018512634296003502,0.09825125827756863,0.12630697724320344,0.09814860729752968
TBC1D31,6,3,0.5,0,0.055082559339525286,9.07728337236534,0.00255932596756145,0.0029462262029776713,0.0025578646322708086,0.11936465396077951,0.12812220556017795,0.119296498601322
NHLRC3,6,3,0.5,0,0.055082559339525286,9.07728337236534,0.00255932596756145,0.0029462262029776713,0.0025578646322708086,0.11936465396077951,0.12812220556017795,0.119296498601322
KLF13,6,3,0.5,0,0.055082559339525286,9.07728337236534,0.00255932596756145,0.0029462262029776713,0.0025578646322708086,0.11936465396077951,0.12812220556017795,0.119296498601322
FGFR1OP2,6,3,0.5,0,0.055082559339525286,9.07728337236534,0.00255932596756145,0.0029462262029776713,0.0025578646322708086,0.11936465396077951,0.12812220556017795,0.119296498601322
ECT2,6,3,0.5,0,0.055082559339525286,9.07728337236534,0.00255932596756145,0.0029462262029776713,0.0025578646322708086,0.11936465396077951,0.12812220556017795,0.119296498601322
TOMM40,6,3,0.5,0,0.055082559339525286,9.07728337236534,0.00255932596756145,0.0029462262029776713,0.0025578646322708086,0.11936465396077951,0.12812220556017795,0.119296498601322
UBXN1,6,3,0.5,0,0.055082559339525286,9.07728337236534,0.00255932596756145,0.0029462262029776713,0.0025578646322708086,0.11936465396077951,0.12812220556017795,0.119296498601322
NCAPH,6,3,0.5,0,0.055082559339525286,9.07728337236534,0.00255932596756145,0.0029462262029776713,0.0025578646322708086,0.11936465396077951,0.12812220556017795,0.119296498601322
RHBDD2,6,3,0.5,0,0.055082559339525286,9.07728337236534,0.00255932596756145,0.0029462262029776713,0.0025578646322708086,0.11936465396077951,0.12812220556017795,0.119296498601322
ASPM,6,3,0.5,0,0.055082559339525286,9.07728337236534,0.00255932596756145,0.0029462262029776713,0.0025578646322708086,0.11936465396077951,0.12812220556017795,0.119296498601322
TMEM97,6,3,0.5,0,0.055082559339525286,9.07728337236534,0.00255932596756145,0.0029462262029776713,0.0025578646322708086,0.11936465396077951,0.12812220556017795,0.119296498601322
FAM3C,23,5,0.21739130434782608,8,0.04435935198821797,4.90068710664588,0.006032365030379669,0.0029536474923594143,0.0060241374409669545,0.21954780999223342,0.12812220556017795,0.21943329861495087
NARS1,23,5,0.21739130434782608,8,0.04435935198821797,4.90068710664588,0.006032365030379669,0.0029536474923594143,0.0060241374409669545,0.21954780999223342,0.12812220556017795,0.21943329861495087
SPIN1,24,5,0.20833333333333334,8,0.04436196535878402,4.696215139442232,0.007295231332380956,0.0035968176468109485,0.007285564908507229,0.2407038295465908,0.1549379157164466,0.24038488897590607
TOP2A,12,4,0.3333333333333333,4,0.05779153766769866,5.767857142857142,0.002664690583013703,0.0037915291378302703,0.002661996874441271,0.12065018749221897,0.15891118406730517,0.12052822344641755
SMOX,12,4,0.3333333333333333,4,0.05779153766769866,5.767857142857142,0.002664690583013703,0.0037915291378302703,0.002661996874441271,0.12065018749221897,0.15891118406730517,0.12052822344641755
ANXA2R,12,4,0.3333333333333333,4,0.05779153766769866,5.767857142857142,0.002664690583013703,0.0037915291378302703,0.002661996874441271,0.12065018749221897,0.15891118406730517,0.12052822344641755
CD109,12,4,0.3333333333333333,4,0.05779153766769866,5.767857142857142,0.002664690583013703,0.0037915291378302703,0.002661996874441271,0.12065018749221897,0.15891118406730517,0.12052822344641755
GNG2,25,5,0.2,8,0.04436457903729453,4.508100929614874,0.008731186054339365,0.004334605505346429,0.008719951439415665,0.2835578381940685,0.17925038633109266,0.28319297789892867
GNPTAB,25,5,0.2,8,0.04436457903729453,4.508100929614874,0.008731186054339365,0.004334605505346429,0.008719951439415665,0.2835578381940685,0.17925038633109266,0.28319297789892867
PFKP,15,4,0.26666666666666666,6,0.047474198804997286,5.617086193745232,0.006475858003491926,0.004545497790131919,0.006469948438637142,0.21954780999223342,0.18272812443268865,0.21943329861495087
EIF4EBP1,15,4,0.26666666666666666,6,0.047474198804997286,5.617086193745232,0.006475858003491926,0.004545497790131919,0.006469948438637142,0.21954780999223342,0.18272812443268865,0.21943329861495087
VCL,15,4,0.26666666666666666,6,0.047474198804997286,5.617086193745232,0.006475858003491926,0.004545497790131919,0.006469948438637142,0.21954780999223342,0.18272812443268865,0.21943329861495087
TEX30,13,4,0.3076923076923077,5,0.05614230127848805,5.48057882711348,0.003689928245380424,0.004713283880256358,0.0036863211306844114,0.15570493133397803,0.18272812443268865,0.15555272090908437
SLAMF6,13,4,0.3076923076923077,5,0.05614230127848805,5.48057882711348,0.003689928245380424,0.004713283880256358,0.0036863211306844114,0.15570493133397803,0.18272812443268865,0.15555272090908437
OSM,13,4,0.3076923076923077,5,0.05614230127848805,5.48057882711348,0.003689928245380424,0.004713283880256358,0.0036863211306844114,0.15570493133397803,0.18272812443268865,0.15555272090908437
GPRIN3,13,4,0.3076923076923077,5,0.05614230127848805,5.48057882711348,0.003689928245380424,0.004713283880256358,0.0036863211306844114,0.15570493133397803,0.18272812443268865,0.15555272090908437
LITAF,13,4,0.3076923076923077,5,0.05614230127848805,5.48057882711348,0.003689928245380424,0.004713283880256358,0.0036863211306844114,0.15570493133397803,0.18272812443268865,0.15555272090908437
PXK,13,4,0.3076923076923077,5,0.05614230127848805,5.48057882711348,0.003689928245380424,0.004713283880256358,0.0036863211306844114,0.15570493133397803,0.18272812443268865,0.15555272090908437
PLPP1,13,4,0.3076923076923077,5,0.05614230127848805,5.48057882711348,0.003689928245380424,0.004713283880256358,0.0036863211306844114,0.15570493133397803,0.18272812443268865,0.15555272090908437
NSMCE1,26,5,0.19230769230769232,8,0.04436719302380391,4.33445704362039,0.010350994224878656,0.005174208972136561,0.010338066103187852,0.3157314390350921,0.19935166617492603,0.31546314691703864
SNRPB2,16,4,0.25,6,0.0474793568013907,5.265446224256293,0.008279787846466019,0.005837066045357888,0.008272494370917885,0.27174351328904084,0.22350197950219122,0.2715041406497547
CLSTN3,14,4,0.2857142857142857,5,0.0561501042390549,5.088401697312588,0.004952831345319108,0.006310767702451013,0.004948152014902813,0.18619644142432987,0.22602954695506397,0.18602052696025548
SPTAN1,14,4,0.2857142857142857,5,0.0561501042390549,5.088401697312588,0.004952831345319108,0.006310767702451013,0.004948152014902813,0.18619644142432987,0.22602954695506397,0.18602052696025548
PKM,14,4,0.2857142857142857,5,0.0561501042390549,5.088401697312588,0.004952831345319108,0.006310767702451013,0.004948152014902813,0.18619644142432987,0.22602954695506397,0.18602052696025548
CCNB2,14,4,0.2857142857142857,5,0.0561501042390549,5.088401697312588,0.004952831345319108,0.006310767702451013,0.004948152014902813,0.18619644142432987,0.22602954695506397,0.18602052696025548
ZFAND3,7,3,0.42857142857142855,1,0.062033462033462036,6.9087136929460575,0.004304090473817512,0.0069119344586117135,0.004301740361152067,0.17005269559929956,0.22602954695506397,0.16995984369570874
RNF114,7,3,0.42857142857142855,1,0.062033462033462036,6.9087136929460575,0.004304090473817512,0.0069119344586117135,0.004301740361152067,0.17005269559929956,0.22602954695506397,0.16995984369570874
IFNG,7,3,0.42857142857142855,1,0.062033462033462036,6.9087136929460575,0.004304090473817512,0.0069119344586117135,0.004301740361152067,0.17005269559929956,0.22602954695506397,0.16995984369570874
PHF6,7,3,0.42857142857142855,1,0.062033462033462036,6.9087136929460575,0.004304090473817512,0.0069119344586117135,0.004301740361152067,0.17005269559929956,0.22602954695506397,0.16995984369570874
SFPQ,7,3,0.42857142857142855,1,0.062033462033462036,6.9087136929460575,0.004304090473817512,0.0069119344586117135,0.004301740361152067,0.17005269559929956,0.22602954695506397,0.16995984369570874
GBA1,7,3,0.42857142857142855,1,0.062033462033462036,6.9087136929460575,0.004304090473817512,0.0069119344586117135,0.004301740361152067,0.17005269559929956,0.22602954695506397,0.16995984369570874
B3GNT2,7,3,0.42857142857142855,1,0.062033462033462036,6.9087136929460575,0.004304090473817512,0.0069119344586117135,0.004301740361152067,0.17005269559929956,0.22602954695506397,0.16995984369570874
KLF9,7,3,0.42857142857142855,1,0.062033462033462036,6.9087136929460575,0.004304090473817512,0.0069119344586117135,0.004301740361152067,0.17005269559929956,0.22602954695506397,0.16995984369570874
CCR1,7,3,0.42857142857142855,1,0.062033462033462036,6.9087136929460575,0.004304090473817512,0.0069119344586117135,0.004301740361152067,0.17005269559929956,0.22602954695506397,0.16995984369570874
INSIG2,7,3,0.42857142857142855,1,0.062033462033462036,6.9087136929460575,0.004304090473817512,0.0069119344586117135,0.004301740361152067,0.17005269559929956,0.22602954695506397,0.16995984369570874
RAB8B,8,3,0.375,2,0.05397338639472703,6.94786866359447,0.006618642667829703,0.0071699647304218,0.006615190527324812,0.21954780999223342,0.22602954695506397,0.21943329861495087
NCAPD3,8,3,0.375,2,0.05397338639472703,6.94786866359447,0.006618642667829703,0.0071699647304218,0.006615190527324812,0.21954780999223342,0.22602954695506397,0.21943329861495087
MKRN1,8,3,0.375,2,0.05397338639472703,6.94786866359447,0.006618642667829703,0.0071699647304218,0.006615190527324812,0.21954780999223342,0.22602954695506397,0.21943329861495087
LYSMD3,8,3,0.375,2,0.05397338639472703,6.94786866359447,0.006618642667829703,0.0071699647304218,0.006615190527324812,0.21954780999223342,0.22602954695506397,0.21943329861495087
UBE2H,8,3,0.375,2,0.05397338639472703,6.94786866359447,0.006618642667829703,0.0071699647304218,0.006615190527324812,0.21954780999223342,0.22602954695506397,0.21943329861495087
TTLL12,8,3,0.375,2,0.05397338639472703,6.94786866359447,0.006618642667829703,0.0071699647304218,0.006615190527324812,0.21954780999223342,0.22602954695506397,0.21943329861495087
ENTREP3,8,3,0.375,2,0.05397338639472703,6.94786866359447,0.006618642667829703,0.0071699647304218,0.006615190527324812,0.21954780999223342,0.22602954695506397,0.21943329861495087
MIER1,8,3,0.375,2,0.05397338639472703,6.94786866359447,0.006618642667829703,0.0071699647304218,0.006615190527324812,0.21954780999223342,0.22602954695506397,0.21943329861495087
E2F4,8,3,0.375,2,0.05397338639472703,6.94786866359447,0.006618642667829703,0.0071699647304218,0.006615190527324812,0.21954780999223342,0.22602954695506397,0.21943329861495087
TPR,8,3,0.375,2,0.05397338639472703,6.94786866359447,0.006618642667829703,0.0071699647304218,0.006615190527324812,0.21954780999223342,0.22602954695506397,0.21943329861495087
CDK2,8,3,0.375,2,0.05397338639472703,6.94786866359447,0.006618642667829703,0.0071699647304218,0.006615190527324812,0.21954780999223342,0.22602954695506397,0.21943329861495087
RXRA,8,3,0.375,2,0.05397338639472703,6.94786866359447,0.006618642667829703,0.0071699647304218,0.006615190527324812,0.21954780999223342,0.22602954695506397,0.21943329861495087
ATP6V1G1,8,3,0.375,2,0.05397338639472703,6.94786866359447,0.006618642667829703,0.0071699647304218,0.006615190527324812,0.21954780999223342,0.22602954695506397,0.21943329861495087
AHR,8,3,0.375,2,0.05397338639472703,6.94786866359447,0.006618642667829703,0.0071699647304218,0.006615190527324812,0.21954780999223342,0.22602954695506397,0.21943329861495087
PELO,8,3,0.375,2,0.05397338639472703,6.94786866359447,0.006618642667829703,0.0071699647304218,0.006615190527324812,0.21954780999223342,0.22602954695506397,0.21943329861495087
PAN2,8,3,0.375,2,0.05397338639472703,6.94786866359447,0.006618642667829703,0.0071699647304218,0.006615190527324812,0.21954780999223342,0.22602954695506397,0.21943329861495087
CRIM1,17,4,0.23529411764705882,6,0.04748451591872216,4.955175662942522,0.010383558530252909,0.007351938579342788,0.010374735123500869,0.3157314390350921,0.22602954695506397,0.31546314691703864
SH3BP1,17,4,0.23529411764705882,6,0.04748451591872216,4.955175662942522,0.010383558530252909,0.007351938579342788,0.010374735123500869,0.3157314390350921,0.22602954695506397,0.31546314691703864
HSPH1,17,4,0.23529411764705882,6,0.04748451591872216,4.955175662942522,0.010383558530252909,0.007351938579342788,0.010374735123500869,0.3157314390350921,0.22602954695506397,0.31546314691703864
SNX10,17,4,0.23529411764705882,6,0.04748451591872216,4.955175662942522,0.010383558530252909,0.007351938579342788,0.010374735123500869,0.3157314390350921,0.22602954695506397,0.31546314691703864
GPR65,17,4,0.23529411764705882,6,0.04748451591872216,4.955175662942522,0.010383558530252909,0.007351938579342788,0.010374735123500869,0.3157314390350921,0.22602954695506397,0.31546314691703864
GLUL,18,4,0.2222222222222222,7,0.044923195826490195,4.9467144563918755,0.012804149505885695,0.007506381859220246,0.012793660824608477,0.35970110779835646,0.22602954695506397,0.359530515658859
BTN3A3,18,4,0.2222222222222222,7,0.044923195826490195,4.9467144563918755,0.012804149505885695,0.007506381859220246,0.012793660824608477,0.35970110779835646,0.22602954695506397,0.359530515658859
HMGCS1,18,4,0.2222222222222222,7,0.044923195826490195,4.9467144563918755,0.012804149505885695,0.007506381859220246,0.012793660824608477,0.35970110779835646,0.22602954695506397,0.359530515658859
DOCK10,18,4,0.2222222222222222,7,0.044923195826490195,4.9467144563918755,0.012804149505885695,0.007506381859220246,0.012793660824608477,0.35970110779835646,0.22602954695506397,0.359530515658859
EIF5,18,4,0.2222222222222222,7,0.044923195826490195,4.9467144563918755,0.012804149505885695,0.007506381859220246,0.012793660824608477,0.35970110779835646,0.22602954695506397,0.359530515658859
DTX3L,18,4,0.2222222222222222,7,0.044923195826490195,4.9467144563918755,0.012804149505885695,0.007506381859220246,0.012793660824608477,0.35970110779835646,0.22602954695506397,0.359530515658859
DDX17,18,4,0.2222222222222222,7,0.044923195826490195,4.9467144563918755,0.012804149505885695,0.007506381859220246,0.012793660824608477,0.35970110779835646,0.22602954695506397,0.359530515658859
CPNE1,18,4,0.2222222222222222,7,0.044923195826490195,4.9467144563918755,0.012804149505885695,0.007506381859220246,0.012793660824608477,0.35970110779835646,0.22602954695506397,0.359530515658859
TESPA1,18,4,0.2222222222222222,7,0.044923195826490195,4.9467144563918755,0.012804149505885695,0.007506381859220246,0.012793660824608477,0.35970110779835646,0.22602954695506397,0.359530515658859
ARHGDIB,40,6,0.15,8,0.04434485198726265,3.382579787234042,0.01720839555131174,0.007972143446830891,0.017182496089702404,0.4496499802987906,0.2388947140130049,0.4494470192293363
SYTL3,29,5,0.1724137931034483,8,0.04437503683186988,3.8853780281174157,0.016413102603846094,0.008374130897567665,0.01639440682684237,0.4445872290465385,0.24973429787313572,0.44408081024848567
RASSF2,19,4,0.21052631578947367,7,0.04492753623188406,4.685908319185059,0.01555650661279525,0.009177256285570921,0.015544230683670534,0.4232325022770567,0.271078670187602,0.4228985216263523
TNFAIP3,19,4,0.21052631578947367,7,0.04492753623188406,4.685908319185059,0.01555650661279525,0.009177256285570921,0.015544230683670534,0.4232325022770567,0.271078670187602,0.4228985216263523
FAM136A,9,3,0.3333333333333333,2,0.05398009950248756,6.175115207373271,0.009542847837665323,0.01032935362372528,0.00953809874029295,0.29896103604564644,0.29526719137312396,0.2988122549799857
INPP5D,9,3,0.3333333333333333,2,0.05398009950248756,6.175115207373271,0.009542847837665323,0.01032935362372528,0.00953809874029295,0.29896103604564644,0.29526719137312396,0.2988122549799857
PRPSAP2,9,3,0.3333333333333333,2,0.05398009950248756,6.175115207373271,0.009542847837665323,0.01032935362372528,0.00953809874029295,0.29896103604564644,0.29526719137312396,0.2988122549799857
ZC3HAV1L,9,3,0.3333333333333333,2,0.05398009950248756,6.175115207373271,0.009542847837665323,0.01032935362372528,0.00953809874029295,0.29896103604564644,0.29526719137312396,0.2988122549799857
FBXL5,9,3,0.3333333333333333,2,0.05398009950248756,6.175115207373271,0.009542847837665323,0.01032935362372528,0.00953809874029295,0.29896103604564644,0.29526719137312396,0.2988122549799857
ENDOG,9,3,0.3333333333333333,2,0.05398009950248756,6.175115207373271,0.009542847837665323,0.01032935362372528,0.00953809874029295,0.29896103604564644,0.29526719137312396,0.2988122549799857
RGCC,9,3,0.3333333333333333,2,0.05398009950248756,6.175115207373271,0.009542847837665323,0.01032935362372528,0.00953809874029295,0.29896103604564644,0.29526719137312396,0.2988122549799857
ERI1,20,4,0.2,7,0.044931877476084646,4.451182795698925,0.018653501758731143,0.011073062530942937,0.01863933231977313,0.4821152975392054,0.3150743434836653,0.4817490765814697
TCF19,10,3,0.3,3,0.05142857142857143,5.833333333333333,0.013105344246723933,0.012422424398586141,0.013099128895518642,0.35970110779835646,0.3335770499758867,0.359530515658859
MEX3C,10,3,0.3,3,0.05142857142857143,5.833333333333333,0.013105344246723933,0.012422424398586141,0.013099128895518642,0.35970110779835646,0.3335770499758867,0.359530515658859
IRF1,10,3,0.3,3,0.05142857142857143,5.833333333333333,0.013105344246723933,0.012422424398586141,0.013099128895518642,0.35970110779835646,0.3335770499758867,0.359530515658859
RNF19A,10,3,0.3,3,0.05142857142857143,5.833333333333333,0.013105344246723933,0.012422424398586141,0.013099128895518642,0.35970110779835646,0.3335770499758867,0.359530515658859
COX6A1,10,3,0.3,3,0.05142857142857143,5.833333333333333,0.013105344246723933,0.012422424398586141,0.013099128895518642,0.35970110779835646,0.3335770499758867,0.359530515658859
MED8,10,3,0.3,3,0.05142857142857143,5.833333333333333,0.013105344246723933,0.012422424398586141,0.013099128895518642,0.35970110779835646,0.3335770499758867,0.359530515658859
NIBAN1,10,3,0.3,3,0.05142857142857143,5.833333333333333,0.013105344246723933,0.012422424398586141,0.013099128895518642,0.35970110779835646,0.3335770499758867,0.359530515658859
DDX1,10,3,0.3,3,0.05142857142857143,5.833333333333333,0.013105344246723933,0.012422424398586141,0.013099128895518642,0.35970110779835646,0.3335770499758867,0.359530515658859
CHIC2,10,3,0.3,3,0.05142857142857143,5.833333333333333,0.013105344246723933,0.012422424398586141,0.013099128895518642,0.35970110779835646,0.3335770499758867,0.359530515658859
CEBPG,10,3,0.3,3,0.05142857142857143,5.833333333333333,0.013105344246723933,0.012422424398586141,0.013099128895518642,0.35970110779835646,0.3335770499758867,0.359530515658859
HCFC1R1,10,3,0.3,3,0.05142857142857143,5.833333333333333,0.013105344246723933,0.012422424398586141,0.013099128895518642,0.35970110779835646,0.3335770499758867,0.359530515658859
LRRC45,10,3,0.3,3,0.05142857142857143,5.833333333333333,0.013105344246723933,0.012422424398586141,0.013099128895518642,0.35970110779835646,0.3335770499758867,0.359530515658859
ZBTB32,10,3,0.3,3,0.05142857142857143,5.833333333333333,0.013105344246723933,0.012422424398586141,0.013099128895518642,0.35970110779835646,0.3335770499758867,0.359530515658859
B3GALNT1,21,4,0.19047619047619047,7,0.04493621955933514,4.238812083973373,0.022105922556609973,0.013204082941724024,0.02208977103574446,0.5319643571161004,0.34853160207452816,0.5317361438495316
CALU,21,4,0.19047619047619047,7,0.04493621955933514,4.238812083973373,0.022105922556609973,0.013204082941724024,0.02208977103574446,0.5319643571161004,0.34853160207452816,0.5317361438495316
LY6E,21,4,0.19047619047619047,7,0.04493621955933514,4.238812083973373,0.022105922556609973,0.013204082941724024,0.02208977103574446,0.5319643571161004,0.34853160207452816,0.5317361438495316
ARL6IP5,21,4,0.19047619047619047,7,0.04493621955933514,4.238812083973373,0.022105922556609973,0.013204082941724024,0.02208977103574446,0.5319643571161004,0.34853160207452816,0.5317361438495316
ATP8B2,22,4,0.18181818181818182,7,0.044940562481878804,4.04574780058651,0.0259224873440697,0.015579517385132554,0.02590428447310218,0.5622279335498753,0.40435040309613907,0.5618331349183665
APOL6,22,4,0.18181818181818182,7,0.044940562481878804,4.04574780058651,0.0259224873440697,0.015579517385132554,0.02590428447310218,0.5622279335498753,0.40435040309613907,0.5618331349183665
ITGB7,22,4,0.18181818181818182,7,0.044940562481878804,4.04574780058651,0.0259224873440697,0.015579517385132554,0.02590428447310218,0.5622279335498753,0.40435040309613907,0.5618331349183665
FUT8,22,4,0.18181818181818182,7,0.044940562481878804,4.04574780058651,0.0259224873440697,0.015579517385132554,0.02590428447310218,0.5622279335498753,0.40435040309613907,0.5618331349183665
JAML,23,4,0.17391304347826086,8,0.04441826215022091,3.9153500172990428,0.030109881515372864,0.017509281881341356,0.03008957858513062,0.6205036380061724,0.44512326028672305,0.6200852357593529
ERLEC1,23,4,0.17391304347826086,8,0.04441826215022091,3.9153500172990428,0.030109881515372864,0.017509281881341356,0.03008957858513062,0.6205036380061724,0.44512326028672305,0.6200852357593529
PLEC,23,4,0.17391304347826086,8,0.04441826215022091,3.9153500172990428,0.030109881515372864,0.017509281881341356,0.03008957858513062,0.6205036380061724,0.44512326028672305,0.6200852357593529
CALCOCO2,23,4,0.17391304347826086,8,0.04441826215022091,3.9153500172990428,0.030109881515372864,0.017509281881341356,0.03008957858513062,0.6205036380061724,0.44512326028672305,0.6200852357593529
CCR5,23,4,0.17391304347826086,8,0.04441826215022091,3.9153500172990428,0.030109881515372864,0.017509281881341356,0.03008957858513062,0.6205036380061724,0.44512326028672305,0.6200852357593529
TIAM1,24,4,0.16666666666666666,8,0.04442087899139861,3.751989389920424,0.03467281155197126,0.02029178272172184,0.03465038132045531,0.6331054312575498,0.5116663748895958,0.6330063816262411
HSP90AA1,24,4,0.16666666666666666,8,0.04442087899139861,3.751989389920424,0.03467281155197126,0.02029178272172184,0.03465038132045531,0.6331054312575498,0.5116663748895958,0.6330063816262411
CDKN2C,11,3,0.2727272727272727,4,0.057913065909970335,4.709252885199433,0.017324898483219563,0.022554536029980497,0.01731707844523801,0.4496499802987906,0.5486501450743884,0.4494470192293363
MLST8,11,3,0.2727272727272727,4,0.057913065909970335,4.709252885199433,0.017324898483219563,0.022554536029980497,0.01731707844523801,0.4496499802987906,0.5486501450743884,0.4494470192293363
ELOC,11,3,0.2727272727272727,4,0.057913065909970335,4.709252885199433,0.017324898483219563,0.022554536029980497,0.01731707844523801,0.4496499802987906,0.5486501450743884,0.4494470192293363
PRKDC,11,3,0.2727272727272727,4,0.057913065909970335,4.709252885199433,0.017324898483219563,0.022554536029980497,0.01731707844523801,0.4496499802987906,0.5486501450743884,0.4494470192293363
MAF,11,3,0.2727272727272727,4,0.057913065909970335,4.709252885199433,0.017324898483219563,0.022554536029980497,0.01731707844523801,0.4496499802987906,0.5486501450743884,0.4494470192293363
TMBIM1,11,3,0.2727272727272727,4,0.057913065909970335,4.709252885199433,0.017324898483219563,0.022554536029980497,0.01731707844523801,0.4496499802987906,0.5486501450743884,0.4494470192293363
TRPV2,11,3,0.2727272727272727,4,0.057913065909970335,4.709252885199433,0.017324898483219563,0.022554536029980497,0.01731707844523801,0.4496499802987906,0.5486501450743884,0.4494470192293363
HCFC1,11,3,0.2727272727272727,4,0.057913065909970335,4.709252885199433,0.017324898483219563,0.022554536029980497,0.01731707844523801,0.4496499802987906,0.5486501450743884,0.4494470192293363
SCPEP1,11,3,0.2727272727272727,4,0.057913065909970335,4.709252885199433,0.017324898483219563,0.022554536029980497,0.01731707844523801,0.4496499802987906,0.5486501450743884,0.4494470192293363
CD96,37,5,0.13513513513513514,8,0.04439596721891398,3.0438605936613907,0.042763219509707344,0.023013928198699532,0.04272600879354117,0.7170136029506539,0.5554684693250319,0.7169113550048787
PSMB9,37,5,0.13513513513513514,8,0.04439596721891398,3.0438605936613907,0.042763219509707344,0.023013928198699532,0.04272600879354117,0.7170136029506539,0.5554684693250319,0.7169113550048787
FURIN,25,4,0.16,8,0.04442349614092971,3.6016976127320954,0.03961407355152017,0.02333125400652655,0.039589510821605715,0.6941415204522023,0.5566298792403238,0.6937111175887578
GRAMD1B,25,4,0.16,8,0.04442349614092971,3.6016976127320954,0.03961407355152017,0.02333125400652655,0.039589510821605715,0.6941415204522023,0.5566298792403238,0.6937111175887578
BIRC3,25,4,0.16,8,0.04442349614092971,3.6016976127320954,0.03961407355152017,0.02333125400652655,0.039589510821605715,0.6941415204522023,0.5566298792403238,0.6937111175887578
TGFBR2,26,4,0.15384615384615385,8,0.04442611359886872,3.4629667414813308,0.04493463342909136,0.02663254488506125,0.044907955315863515,0.7170136029506539,0.5930463244771447,0.7169113550048787
GPR132,26,4,0.15384615384615385,8,0.04442611359886872,3.4629667414813308,0.04493463342909136,0.02663254488506125,0.044907955315863515,0.7170136029506539,0.5930463244771447,0.7169113550048787
SF3A3,5,2,0.4,0,0.05520443699213208,7.245794392523365,0.024736176673630157,0.02724781597226926,0.02473195304506405,0.5441081698813045,0.5930463244771447,0.5440152650302564
GLG1,5,2,0.4,0,0.05520443699213208,7.245794392523365,0.024736176673630157,0.02724781597226926,0.02473195304506405,0.5441081698813045,0.5930463244771447,0.5440152650302564
ARMC6,5,2,0.4,0,0.05520443699213208,7.245794392523365,0.024736176673630157,0.02724781597226926,0.02473195304506405,0.5441081698813045,0.5930463244771447,0.5440152650302564
DHX9,5,2,0.4,0,0.05520443699213208,7.245794392523365,0.024736176673630157,0.02724781597226926,0.02473195304506405,0.5441081698813045,0.5930463244771447,0.5440152650302564
ADAM9,5,2,0.4,0,0.05520443699213208,7.245794392523365,0.024736176673630157,0.02724781597226926,0.02473195304506405,0.5441081698813045,0.5930463244771447,0.5440152650302564
IL13,5,2,0.4,0,0.05520443699213208,7.245794392523365,0.024736176673630157,0.02724781597226926,0.02473195304506405,0.5441081698813045,0.5930463244771447,0.5440152650302564
NIPA2,5,2,0.4,0,0.05520443699213208,7.245794392523365,0.024736176673630157,0.02724781597226926,0.02473195304506405,0.5441081698813045,0.5930463244771447,0.5440152650302564
EGLN2,5,2,0.4,0,0.05520443699213208,7.245794392523365,0.024736176673630157,0.02724781597226926,0.02473195304506405,0.5441081698813045,0.5930463244771447,0.5440152650302564
SOS2,5,2,0.4,0,0.05520443699213208,7.245794392523365,0.024736176673630157,0.02724781597226926,0.02473195304506405,0.5441081698813045,0.5930463244771447,0.5440152650302564
RPP30,5,2,0.4,0,0.05520443699213208,7.245794392523365,0.024736176673630157,0.02724781597226926,0.02473195304506405,0.5441081698813045,0.5930463244771447,0.5440152650302564
LRIG1,5,2,0.4,0,0.05520443699213208,7.245794392523365,0.024736176673630157,0.02724781597226926,0.02473195304506405,0.5441081698813045,0.5930463244771447,0.5440152650302564
C17orf58,5,2,0.4,0,0.05520443699213208,7.245794392523365,0.024736176673630157,0.02724781597226926,0.02473195304506405,0.5441081698813045,0.5930463244771447,0.5440152650302564
CDCA2,5,2,0.4,0,0.05520443699213208,7.245794392523365,0.024736176673630157,0.02724781597226926,0.02473195304506405,0.5441081698813045,0.5930463244771447,0.5440152650302564
LRRC37B,5,2,0.4,0,0.05520443699213208,7.245794392523365,0.024736176673630157,0.02724781597226926,0.02473195304506405,0.5441081698813045,0.5930463244771447,0.5440152650302564
BRWD3,5,2,0.4,0,0.05520443699213208,7.245794392523365,0.024736176673630157,0.02724781597226926,0.02473195304506405,0.5441081698813045,0.5930463244771447,0.5440152650302564
URM1,5,2,0.4,0,0.05520443699213208,7.245794392523365,0.024736176673630157,0.02724781597226926,0.02473195304506405,0.5441081698813045,0.5930463244771447,0.5440152650302564
MCM8,5,2,0.4,0,0.05520443699213208,7.245794392523365,0.024736176673630157,0.02724781597226926,0.02473195304506405,0.5441081698813045,0.5930463244771447,0.5440152650302564
YES1,5,2,0.4,0,0.05520443699213208,7.245794392523365,0.024736176673630157,0.02724781597226926,0.02473195304506405,0.5441081698813045,0.5930463244771447,0.5440152650302564
GGA3,5,2,0.4,0,0.05520443699213208,7.245794392523365,0.024736176673630157,0.02724781597226926,0.02473195304506405,0.5441081698813045,0.5930463244771447,0.5440152650302564
CHAC2,5,2,0.4,0,0.05520443699213208,7.245794392523365,0.024736176673630157,0.02724781597226926,0.02473195304506405,0.5441081698813045,0.5930463244771447,0.5440152650302564
GEMIN7,5,2,0.4,0,0.05520443699213208,7.245794392523365,0.024736176673630157,0.02724781597226926,0.02473195304506405,0.5441081698813045,0.5930463244771447,0.5440152650302564
PSMD1,5,2,0.4,0,0.05520443699213208,7.245794392523365,0.024736176673630157,0.02724781597226926,0.02473195304506405,0.5441081698813045,0.5930463244771447,0.5440152650302564
TRMT1,5,2,0.4,0,0.05520443699213208,7.245794392523365,0.024736176673630157,0.02724781597226926,0.02473195304506405,0.5441081698813045,0.5930463244771447,0.5440152650302564
ORAI2,12,3,0.25,4,0.05792053663570691,4.3162583518930955,0.02221163444995486,0.028808897979420357,0.02220210563550358,0.5319643571161004,0.5956719805544816,0.5317361438495316
COX7A2L,12,3,0.25,4,0.05792053663570691,4.3162583518930955,0.02221163444995486,0.028808897979420357,0.02220210563550358,0.5319643571161004,0.5956719805544816,0.5317361438495316
STAT5B,12,3,0.25,4,0.05792053663570691,4.3162583518930955,0.02221163444995486,0.028808897979420357,0.02220210563550358,0.5319643571161004,0.5956719805544816,0.5317361438495316
TUBB,12,3,0.25,4,0.05792053663570691,4.3162583518930955,0.02221163444995486,0.028808897979420357,0.02220210563550358,0.5319643571161004,0.5956719805544816,0.5317361438495316
MIDN,12,3,0.25,4,0.05792053663570691,4.3162583518930955,0.02221163444995486,0.028808897979420357,0.02220210563550358,0.5319643571161004,0.5956719805544816,0.5317361438495316
DSTYK,12,3,0.25,4,0.05792053663570691,4.3162583518930955,0.02221163444995486,0.028808897979420357,0.02220210563550358,0.5319643571161004,0.5956719805544816,0.5317361438495316
JAZF1,12,3,0.25,4,0.05792053663570691,4.3162583518930955,0.02221163444995486,0.028808897979420357,0.02220210563550358,0.5319643571161004,0.5956719805544816,0.5317361438495316
MAPK1,12,3,0.25,4,0.05792053663570691,4.3162583518930955,0.02221163444995486,0.028808897979420357,0.02220210563550358,0.5319643571161004,0.5956719805544816,0.5317361438495316
GALM,12,3,0.25,4,0.05792053663570691,4.3162583518930955,0.02221163444995486,0.028808897979420357,0.02220210563550358,0.5319643571161004,0.5956719805544816,0.5317361438495316
MAP3K8,12,3,0.25,4,0.05792053663570691,4.3162583518930955,0.02221163444995486,0.028808897979420357,0.02220210563550358,0.5319643571161004,0.5956719805544816,0.5317361438495316
NEDD9,12,3,0.25,4,0.05792053663570691,4.3162583518930955,0.02221163444995486,0.028808897979420357,0.02220210563550358,0.5319643571161004,0.5956719805544816,0.5317361438495316
H1-2,12,3,0.25,4,0.05792053663570691,4.3162583518930955,0.02221163444995486,0.028808897979420357,0.02220210563550358,0.5319643571161004,0.5956719805544816,0.5317361438495316
PJA2,12,3,0.25,4,0.05792053663570691,4.3162583518930955,0.02221163444995486,0.028808897979420357,0.02220210563550358,0.5319643571161004,0.5956719805544816,0.5317361438495316
ABI3,12,3,0.25,4,0.05792053663570691,4.3162583518930955,0.02221163444995486,0.028808897979420357,0.02220210563550358,0.5319643571161004,0.5956719805544816,0.5317361438495316
NFKBIA,12,3,0.25,4,0.05792053663570691,4.3162583518930955,0.02221163444995486,0.028808897979420357,0.02220210563550358,0.5319643571161004,0.5956719805544816,0.5317361438495316
LPXN,27,4,0.14814814814814814,8,0.04442873136527017,3.334512231063955,0.05063371630217023,0.030199481143167225,0.05060496221254535,0.7460354922146365,0.6202893428181003,0.7456118304142966
SOCS1,27,4,0.14814814814814814,8,0.04442873136527017,3.334512231063955,0.05063371630217023,0.030199481143167225,0.05060496221254535,0.7460354922146365,0.6202893428181003,0.7456118304142966
CYRIB,15,3,0.2,6,0.047582835415535034,4.203196347031964,0.040869166672152395,0.03189070997597351,0.04085425354631596,0.6945518927872912,0.6314437782682172,0.6942984513638298
WARS1,15,3,0.2,6,0.047582835415535034,4.203196347031964,0.040869166672152395,0.03189070997597351,0.04085425354631596,0.6945518927872912,0.6314437782682172,0.6942984513638298
SAMD9L,15,3,0.2,6,0.047582835415535034,4.203196347031964,0.040869166672152395,0.03189070997597351,0.04085425354631596,0.6945518927872912,0.6314437782682172,0.6942984513638298
CEP55,15,3,0.2,6,0.047582835415535034,4.203196347031964,0.040869166672152395,0.03189070997597351,0.04085425354631596,0.6945518927872912,0.6314437782682172,0.6942984513638298
ATP11B,15,3,0.2,6,0.047582835415535034,4.203196347031964,0.040869166672152395,0.03189070997597351,0.04085425354631596,0.6945518927872912,0.6314437782682172,0.6942984513638298
ATP2A3,15,3,0.2,6,0.047582835415535034,4.203196347031964,0.040869166672152395,0.03189070997597351,0.04085425354631596,0.6945518927872912,0.6314437782682172,0.6942984513638298
SPC24,15,3,0.2,6,0.047582835415535034,4.203196347031964,0.040869166672152395,0.03189070997597351,0.04085425354631596,0.6945518927872912,0.6314437782682172,0.6942984513638298
TMEM71,15,3,0.2,6,0.047582835415535034,4.203196347031964,0.040869166672152395,0.03189070997597351,0.04085425354631596,0.6945518927872912,0.6314437782682172,0.6942984513638298
DHCR7,15,3,0.2,6,0.047582835415535034,4.203196347031964,0.040869166672152395,0.03189070997597351,0.04085425354631596,0.6945518927872912,0.6314437782682172,0.6942984513638298
ICAM2,15,3,0.2,6,0.047582835415535034,4.203196347031964,0.040869166672152395,0.03189070997597351,0.04085425354631596,0.6945518927872912,0.6314437782682172,0.6942984513638298
FABP5,15,3,0.2,6,0.047582835415535034,4.203196347031964,0.040869166672152395,0.03189070997597351,0.04085425354631596,0.6945518927872912,0.6314437782682172,0.6942984513638298
ACTG1,54,6,0.1111111111111111,8,0.044381491973559964,2.50354609929078,0.06273460532577646,0.031964105493506395,0.06267298677533073,0.8368661437328846,0.6314437782682172,0.8360441655212397
SFXN1,13,3,0.23076923076923078,5,0.056281267370761535,4.1002849002849,0.027768146311327176,0.0333234580120675,0.02775684098694934,0.5819115255714948,0.6379796606446133,0.5816746102771849
MBOAT7,13,3,0.23076923076923078,5,0.056281267370761535,4.1002849002849,0.027768146311327176,0.0333234580120675,0.02775684098694934,0.5819115255714948,0.6379796606446133,0.5816746102771849
SRSF2,13,3,0.23076923076923078,5,0.056281267370761535,4.1002849002849,0.027768146311327176,0.0333234580120675,0.02775684098694934,0.5819115255714948,0.6379796606446133,0.5816746102771849
KDSR,13,3,0.23076923076923078,5,0.056281267370761535,4.1002849002849,0.027768146311327176,0.0333234580120675,0.02775684098694934,0.5819115255714948,0.6379796606446133,0.5816746102771849
TALDO1,13,3,0.23076923076923078,5,0.056281267370761535,4.1002849002849,0.027768146311327176,0.0333234580120675,0.02775684098694934,0.5819115255714948,0.6379796606446133,0.5816746102771849
UBR2,13,3,0.23076923076923078,5,0.056281267370761535,4.1002849002849,0.027768146311327176,0.0333234580120675,0.02775684098694934,0.5819115255714948,0.6379796606446133,0.5816746102771849
OAS1,13,3,0.23076923076923078,5,0.056281267370761535,4.1002849002849,0.027768146311327176,0.0333234580120675,0.02775684098694934,0.5819115255714948,0.6379796606446133,0.5816746102771849
MAD2L1,13,3,0.23076923076923078,5,0.056281267370761535,4.1002849002849,0.027768146311327176,0.0333234580120675,0.02775684098694934,0.5819115255714948,0.6379796606446133,0.5816746102771849
H1-5,13,3,0.23076923076923078,5,0.056281267370761535,4.1002849002849,0.027768146311327176,0.0333234580120675,0.02775684098694934,0.5819115255714948,0.6379796606446133,0.5816746102771849
CCNA2,13,3,0.23076923076923078,5,0.056281267370761535,4.1002849002849,0.027768146311327176,0.0333234580120675,0.02775684098694934,0.5819115255714948,0.6379796606446133,0.5816746102771849
ANXA5,28,4,0.14285714285714285,8,0.04443134944018857,3.2152330428192495,0.056708902875855734,0.03403488888319631,0.05667813422486959,0.8180588942765886,0.6476025022775052,0.817615038597363
CXCR4,28,4,0.14285714285714285,8,0.04443134944018857,3.2152330428192495,0.056708902875855734,0.03403488888319631,0.05667813422486959,0.8180588942765886,0.6476025022775052,0.817615038597363
SLC2A3,16,3,0.1875,6,0.04758800521512386,3.940068493150685,0.0483897925550031,0.037903117321204,0.04837312104833093,0.7170136029506539,0.6569615682221941,0.7169113550048787
KDM3A,16,3,0.1875,6,0.04758800521512386,3.940068493150685,0.0483897925550031,0.037903117321204,0.04837312104833093,0.7170136029506539,0.6569615682221941,0.7169113550048787
S1PR1,16,3,0.1875,6,0.04758800521512386,3.940068493150685,0.0483897925550031,0.037903117321204,0.04837312104833093,0.7170136029506539,0.6569615682221941,0.7169113550048787
JMY,16,3,0.1875,6,0.04758800521512386,3.940068493150685,0.0483897925550031,0.037903117321204,0.04837312104833093,0.7170136029506539,0.6569615682221941,0.7169113550048787
ADK,16,3,0.1875,6,0.04758800521512386,3.940068493150685,0.0483897925550031,0.037903117321204,0.04837312104833093,0.7170136029506539,0.6569615682221941,0.7169113550048787
IER3,16,3,0.1875,6,0.04758800521512386,3.940068493150685,0.0483897925550031,0.037903117321204,0.04837312104833093,0.7170136029506539,0.6569615682221941,0.7169113550048787
TMED5,16,3,0.1875,6,0.04758800521512386,3.940068493150685,0.0483897925550031,0.037903117321204,0.04837312104833093,0.7170136029506539,0.6569615682221941,0.7169113550048787
HSPA8,16,3,0.1875,6,0.04758800521512386,3.940068493150685,0.0483897925550031,0.037903117321204,0.04837312104833093,0.7170136029506539,0.6569615682221941,0.7169113550048787
NFE2L1,16,3,0.1875,6,0.04758800521512386,3.940068493150685,0.0483897925550031,0.037903117321204,0.04837312104833093,0.7170136029506539,0.6569615682221941,0.7169113550048787
CCNG1,29,4,0.13793103448275862,8,0.04443396782367847,3.1041800054879722,0.06315623091937728,0.038140623334295035,0.063123530608554,0.8406826188688782,0.6569615682221941,0.8402473398387563
PRKCQ,6,2,0.3333333333333333,0,0.05521155830753354,6.037383177570093,0.035824602026664515,0.03939863023998971,0.035818997251460684,0.6331054312575498,0.6569615682221941,0.6330063816262411
IFRD2,6,2,0.3333333333333333,0,0.05521155830753354,6.037383177570093,0.035824602026664515,0.03939863023998971,0.035818997251460684,0.6331054312575498,0.6569615682221941,0.6330063816262411
CDC45,6,2,0.3333333333333333,0,0.05521155830753354,6.037383177570093,0.035824602026664515,0.03939863023998971,0.035818997251460684,0.6331054312575498,0.6569615682221941,0.6330063816262411
UBC,6,2,0.3333333333333333,0,0.05521155830753354,6.037383177570093,0.035824602026664515,0.03939863023998971,0.035818997251460684,0.6331054312575498,0.6569615682221941,0.6330063816262411
IARS1,6,2,0.3333333333333333,0,0.05521155830753354,6.037383177570093,0.035824602026664515,0.03939863023998971,0.035818997251460684,0.6331054312575498,0.6569615682221941,0.6330063816262411
AP1S3,6,2,0.3333333333333333,0,0.05521155830753354,6.037383177570093,0.035824602026664515,0.03939863023998971,0.035818997251460684,0.6331054312575498,0.6569615682221941,0.6330063816262411
LRFN3,6,2,0.3333333333333333,0,0.05521155830753354,6.037383177570093,0.035824602026664515,0.03939863023998971,0.035818997251460684,0.6331054312575498,0.6569615682221941,0.6330063816262411
RAB29,6,2,0.3333333333333333,0,0.05521155830753354,6.037383177570093,0.035824602026664515,0.03939863023998971,0.035818997251460684,0.6331054312575498,0.6569615682221941,0.6330063816262411
SGSM2,6,2,0.3333333333333333,0,0.05521155830753354,6.037383177570093,0.035824602026664515,0.03939863023998971,0.035818997251460684,0.6331054312575498,0.6569615682221941,0.6330063816262411
CUL4A,6,2,0.3333333333333333,0,0.05521155830753354,6.037383177570093,0.035824602026664515,0.03939863023998971,0.035818997251460684,0.6331054312575498,0.6569615682221941,0.6330063816262411
EIF4E2,6,2,0.3333333333333333,0,0.05521155830753354,6.037383177570093,0.035824602026664515,0.03939863023998971,0.035818997251460684,0.6331054312575498,0.6569615682221941,0.6330063816262411
CIT,6,2,0.3333333333333333,0,0.05521155830753354,6.037383177570093,0.035824602026664515,0.03939863023998971,0.035818997251460684,0.6331054312575498,0.6569615682221941,0.6330063816262411
RAB4A,6,2,0.3333333333333333,0,0.05521155830753354,6.037383177570093,0.035824602026664515,0.03939863023998971,0.035818997251460684,0.6331054312575498,0.6569615682221941,0.6330063816262411
PTBP1,6,2,0.3333333333333333,0,0.05521155830753354,6.037383177570093,0.035824602026664515,0.03939863023998971,0.035818997251460684,0.6331054312575498,0.6569615682221941,0.6330063816262411
COA4,6,2,0.3333333333333333,0,0.05521155830753354,6.037383177570093,0.035824602026664515,0.03939863023998971,0.035818997251460684,0.6331054312575498,0.6569615682221941,0.6330063816262411
SLC29A1,6,2,0.3333333333333333,0,0.05521155830753354,6.037383177570093,0.035824602026664515,0.03939863023998971,0.035818997251460684,0.6331054312575498,0.6569615682221941,0.6330063816262411
TAF13,6,2,0.3333333333333333,0,0.05521155830753354,6.037383177570093,0.035824602026664515,0.03939863023998971,0.035818997251460684,0.6331054312575498,0.6569615682221941,0.6330063816262411
EIF4H,6,2,0.3333333333333333,0,0.05521155830753354,6.037383177570093,0.035824602026664515,0.03939863023998971,0.035818997251460684,0.6331054312575498,0.6569615682221941,0.6330063816262411
TRADD,6,2,0.3333333333333333,0,0.05521155830753354,6.037383177570093,0.035824602026664515,0.03939863023998971,0.035818997251460684,0.6331054312575498,0.6569615682221941,0.6330063816262411
IFIT3,6,2,0.3333333333333333,0,0.05521155830753354,6.037383177570093,0.035824602026664515,0.03939863023998971,0.035818997251460684,0.6331054312575498,0.6569615682221941,0.6330063816262411
NUF2,6,2,0.3333333333333333,0,0.05521155830753354,6.037383177570093,0.035824602026664515,0.03939863023998971,0.035818997251460684,0.6331054312575498,0.6569615682221941,0.6330063816262411
UBE2O,6,2,0.3333333333333333,0,0.05521155830753354,6.037383177570093,0.035824602026664515,0.03939863023998971,0.035818997251460684,0.6331054312575498,0.6569615682221941,0.6330063816262411
KIF22,6,2,0.3333333333333333,0,0.05521155830753354,6.037383177570093,0.035824602026664515,0.03939863023998971,0.035818997251460684,0.6331054312575498,0.6569615682221941,0.6330063816262411
TAPT1,6,2,0.3333333333333333,0,0.05521155830753354,6.037383177570093,0.035824602026664515,0.03939863023998971,0.035818997251460684,0.6331054312575498,0.6569615682221941,0.6330063816262411
MMAB,6,2,0.3333333333333333,0,0.05521155830753354,6.037383177570093,0.035824602026664515,0.03939863023998971,0.035818997251460684,0.6331054312575498,0.6569615682221941,0.6330063816262411
FUT11,6,2,0.3333333333333333,0,0.05521155830753354,6.037383177570093,0.035824602026664515,0.03939863023998971,0.035818997251460684,0.6331054312575498,0.6569615682221941,0.6330063816262411
SIGMAR1,6,2,0.3333333333333333,0,0.05521155830753354,6.037383177570093,0.035824602026664515,0.03939863023998971,0.035818997251460684,0.6331054312575498,0.6569615682221941,0.6330063816262411
TM2D3,6,2,0.3333333333333333,0,0.05521155830753354,6.037383177570093,0.035824602026664515,0.03939863023998971,0.035818997251460684,0.6331054312575498,0.6569615682221941,0.6330063816262411
APH1A,6,2,0.3333333333333333,0,0.05521155830753354,6.037383177570093,0.035824602026664515,0.03939863023998971,0.035818997251460684,0.6331054312575498,0.6569615682221941,0.6330063816262411
LNPK,6,2,0.3333333333333333,0,0.05521155830753354,6.037383177570093,0.035824602026664515,0.03939863023998971,0.035818997251460684,0.6331054312575498,0.6569615682221941,0.6330063816262411
MORN3,6,2,0.3333333333333333,0,0.05521155830753354,6.037383177570093,0.035824602026664515,0.03939863023998971,0.035818997251460684,0.6331054312575498,0.6569615682221941,0.6330063816262411
ZRANB2,6,2,0.3333333333333333,0,0.05521155830753354,6.037383177570093,0.035824602026664515,0.03939863023998971,0.035818997251460684,0.6331054312575498,0.6569615682221941,0.6330063816262411
C9orf72,6,2,0.3333333333333333,0,0.05521155830753354,6.037383177570093,0.035824602026664515,0.03939863023998971,0.035818997251460684,0.6331054312575498,0.6569615682221941,0.6330063816262411
ASXL2,6,2,0.3333333333333333,0,0.05521155830753354,6.037383177570093,0.035824602026664515,0.03939863023998971,0.035818997251460684,0.6331054312575498,0.6569615682221941,0.6330063816262411
FKBP1B,6,2,0.3333333333333333,0,0.05521155830753354,6.037383177570093,0.035824602026664515,0.03939863023998971,0.035818997251460684,0.6331054312575498,0.6569615682221941,0.6330063816262411
MARS1,6,2,0.3333333333333333,0,0.05521155830753354,6.037383177570093,0.035824602026664515,0.03939863023998971,0.035818997251460684,0.6331054312575498,0.6569615682221941,0.6330063816262411
VDAC3,14,3,0.21428571428571427,5,0.056289089645587216,3.8068783068783065,0.033990504938420284,0.04069059674147513,0.03397739252478021,0.6331054312575498,0.6573014885087766,0.6330063816262411
APRT,14,3,0.21428571428571427,5,0.056289089645587216,3.8068783068783065,0.033990504938420284,0.04069059674147513,0.03397739252478021,0.6331054312575498,0.6573014885087766,0.6330063816262411
SSBP3,14,3,0.21428571428571427,5,0.056289089645587216,3.8068783068783065,0.033990504938420284,0.04069059674147513,0.03397739252478021,0.6331054312575498,0.6573014885087766,0.6330063816262411
UBE2L6,14,3,0.21428571428571427,5,0.056289089645587216,3.8068783068783065,0.033990504938420284,0.04069059674147513,0.03397739252478021,0.6331054312575498,0.6573014885087766,0.6330063816262411
ATP2A2,14,3,0.21428571428571427,5,0.056289089645587216,3.8068783068783065,0.033990504938420284,0.04069059674147513,0.03397739252478021,0.6331054312575498,0.6573014885087766,0.6330063816262411
PRSS23,14,3,0.21428571428571427,5,0.056289089645587216,3.8068783068783065,0.033990504938420284,0.04069059674147513,0.03397739252478021,0.6331054312575498,0.6573014885087766,0.6330063816262411
HMMR,14,3,0.21428571428571427,5,0.056289089645587216,3.8068783068783065,0.033990504938420284,0.04069059674147513,0.03397739252478021,0.6331054312575498,0.6573014885087766,0.6330063816262411
H4C3,14,3,0.21428571428571427,5,0.056289089645587216,3.8068783068783065,0.033990504938420284,0.04069059674147513,0.03397739252478021,0.6331054312575498,0.6573014885087766,0.6330063816262411
DUSP4,14,3,0.21428571428571427,5,0.056289089645587216,3.8068783068783065,0.033990504938420284,0.04069059674147513,0.03397739252478021,0.6331054312575498,0.6573014885087766,0.6330063816262411
SLC37A3,14,3,0.21428571428571427,5,0.056289089645587216,3.8068783068783065,0.033990504938420284,0.04069059674147513,0.03397739252478021,0.6331054312575498,0.6573014885087766,0.6330063816262411
CENPM,14,3,0.21428571428571427,5,0.056289089645587216,3.8068783068783065,0.033990504938420284,0.04069059674147513,0.03397739252478021,0.6331054312575498,0.6573014885087766,0.6330063816262411
MDFIC,14,3,0.21428571428571427,5,0.056289089645587216,3.8068783068783065,0.033990504938420284,0.04069059674147513,0.03397739252478021,0.6331054312575498,0.6573014885087766,0.6330063816262411
HSPA5,17,3,0.17647058823529413,6,0.0475931761382158,3.707896857373086,0.0565339855603067,0.04444983015960679,0.056515632317937374,0.8180588942765886,0.6993508390815155,0.817615038597363
SLC7A1,17,3,0.17647058823529413,6,0.0475931761382158,3.707896857373086,0.0565339855603067,0.04444983015960679,0.056515632317937374,0.8180588942765886,0.6993508390815155,0.817615038597363
PHF19,17,3,0.17647058823529413,6,0.0475931761382158,3.707896857373086,0.0565339855603067,0.04444983015960679,0.056515632317937374,0.8180588942765886,0.6993508390815155,0.817615038597363
GPR174,17,3,0.17647058823529413,6,0.0475931761382158,3.707896857373086,0.0565339855603067,0.04444983015960679,0.056515632317937374,0.8180588942765886,0.6993508390815155,0.817615038597363
LSM6,17,3,0.17647058823529413,6,0.0475931761382158,3.707896857373086,0.0565339855603067,0.04444983015960679,0.056515632317937374,0.8180588942765886,0.6993508390815155,0.817615038597363
PSMB10,17,3,0.17647058823529413,6,0.0475931761382158,3.707896857373086,0.0565339855603067,0.04444983015960679,0.056515632317937374,0.8180588942765886,0.6993508390815155,0.817615038597363
NFKB1,17,3,0.17647058823529413,6,0.0475931761382158,3.707896857373086,0.0565339855603067,0.04444983015960679,0.056515632317937374,0.8180588942765886,0.6993508390815155,0.817615038597363
SURF4,18,3,0.16666666666666666,7,0.04501980484977297,3.7020743919885546,0.06527995277119089,0.04487209962186735,0.06526002661660313,0.8560920656230383,0.6993508390815155,0.8558307507458546
CHURC1,18,3,0.16666666666666666,7,0.04501980484977297,3.7020743919885546,0.06527995277119089,0.04487209962186735,0.06526002661660313,0.8560920656230383,0.6993508390815155,0.8558307507458546
AFF4,18,3,0.16666666666666666,7,0.04501980484977297,3.7020743919885546,0.06527995277119089,0.04487209962186735,0.06526002661660313,0.8560920656230383,0.6993508390815155,0.8558307507458546
SYNE3,18,3,0.16666666666666666,7,0.04501980484977297,3.7020743919885546,0.06527995277119089,0.04487209962186735,0.06526002661660313,0.8560920656230383,0.6993508390815155,0.8558307507458546
MDM4,18,3,0.16666666666666666,7,0.04501980484977297,3.7020743919885546,0.06527995277119089,0.04487209962186735,0.06526002661660313,0.8560920656230383,0.6993508390815155,0.8558307507458546
MYO1F,18,3,0.16666666666666666,7,0.04501980484977297,3.7020743919885546,0.06527995277119089,0.04487209962186735,0.06526002661660313,0.8560920656230383,0.6993508390815155,0.8558307507458546
WDR26,18,3,0.16666666666666666,7,0.04501980484977297,3.7020743919885546,0.06527995277119089,0.04487209962186735,0.06526002661660313,0.8560920656230383,0.6993508390815155,0.8558307507458546
LGALS1,31,4,0.12903225806451613,8,0.04443920551659103,2.903568067083084,0.0771443792404678,0.04716584101431386,0.07710814640582841,0.9348497787537992,0.7296002788323912,0.9347411226985742
PFN1,31,4,0.12903225806451613,8,0.04443920551659103,2.903568067083084,0.0771443792404678,0.04716584101431386,0.07710814640582841,0.9348497787537992,0.7296002788323912,0.9347411226985742
MAL,31,4,0.12903225806451613,8,0.04443920551659103,2.903568067083084,0.0771443792404678,0.04716584101431386,0.07710814640582841,0.9348497787537992,0.7296002788323912,0.9347411226985742
ACAT2,19,3,0.15789473684210525,7,0.04502415458937198,3.506889541450192,0.07460309892589012,0.05156491228175383,0.07458173835402798,0.9348497787537992,0.7820468236765746,0.9347411226985742
GBP4,19,3,0.15789473684210525,7,0.04502415458937198,3.506889541450192,0.07460309892589012,0.05156491228175383,0.07458173835402798,0.9348497787537992,0.7820468236765746,0.9347411226985742
ZC3H6,19,3,0.15789473684210525,7,0.04502415458937198,3.506889541450192,0.07460309892589012,0.05156491228175383,0.07458173835402798,0.9348497787537992,0.7820468236765746,0.9347411226985742
NCOA3,19,3,0.15789473684210525,7,0.04502415458937198,3.506889541450192,0.07460309892589012,0.05156491228175383,0.07458173835402798,0.9348497787537992,0.7820468236765746,0.9347411226985742
ENO2,19,3,0.15789473684210525,7,0.04502415458937198,3.506889541450192,0.07460309892589012,0.05156491228175383,0.07458173835402798,0.9348497787537992,0.7820468236765746,0.9347411226985742
EEIG1,19,3,0.15789473684210525,7,0.04502415458937198,3.506889541450192,0.07460309892589012,0.05156491228175383,0.07458173835402798,0.9348497787537992,0.7820468236765746,0.9347411226985742
HCST,19,3,0.15789473684210525,7,0.04502415458937198,3.506889541450192,0.07460309892589012,0.05156491228175383,0.07458173835402798,0.9348497787537992,0.7820468236765746,0.9347411226985742
NDUFB3,19,3,0.15789473684210525,7,0.04502415458937198,3.506889541450192,0.07460309892589012,0.05156491228175383,0.07458173835402798,0.9348497787537992,0.7820468236765746,0.9347411226985742
CD2,32,4,0.125,8,0.044441824826122835,2.8126657824933687,0.08467051324259614,0.052084495127423885,0.08463271812901929,1.0,0.7880003006717327,1.0
RAB10,20,3,0.15,7,0.0450285051695816,3.331223175965665,0.08447655724950637,0.05871056532193747,0.08445392765419057,1.0,0.8324452933037212,1.0
RHOG,20,3,0.15,7,0.0450285051695816,3.331223175965665,0.08447655724950637,0.05871056532193747,0.08445392765419057,1.0,0.8324452933037212,1.0
HAPSTR1,20,3,0.15,7,0.0450285051695816,3.331223175965665,0.08447655724950637,0.05871056532193747,0.08445392765419057,1.0,0.8324452933037212,1.0
LYAR,34,4,0.11764705882352941,8,0.044447064371610466,2.646902792947418,0.1007416518755676,0.06272561018591864,0.10070122773397977,1.0,0.8324452933037212,1.0
BAX,49,5,0.10204081632653061,8,0.04442739984659862,2.2967991977667563,0.11293699400128783,0.06561130105983093,0.11287711708433878,1.0,0.8324452933037212,1.0
LYSET,8,2,0.25,2,0.05409774903618953,4.621264367816091,0.062370861307794526,0.06591021048356865,0.062362803167670545,0.8338070101126066,0.8324452933037212,0.8336992845884923
CCDC59,8,2,0.25,2,0.05409774903618953,4.621264367816091,0.062370861307794526,0.06591021048356865,0.062362803167670545,0.8338070101126066,0.8324452933037212,0.8336992845884923
GARS1,8,2,0.25,2,0.05409774903618953,4.621264367816091,0.062370861307794526,0.06591021048356865,0.062362803167670545,0.8338070101126066,0.8324452933037212,0.8336992845884923
PEBP1,8,2,0.25,2,0.05409774903618953,4.621264367816091,0.062370861307794526,0.06591021048356865,0.062362803167670545,0.8338070101126066,0.8324452933037212,0.8336992845884923
LRRC8A,8,2,0.25,2,0.05409774903618953,4.621264367816091,0.062370861307794526,0.06591021048356865,0.062362803167670545,0.8338070101126066,0.8324452933037212,0.8336992845884923
ENOPH1,8,2,0.25,2,0.05409774903618953,4.621264367816091,0.062370861307794526,0.06591021048356865,0.062362803167670545,0.8338070101126066,0.8324452933037212,0.8336992845884923
GPT2,8,2,0.25,2,0.05409774903618953,4.621264367816091,0.062370861307794526,0.06591021048356865,0.062362803167670545,0.8338070101126066,0.8324452933037212,0.8336992845884923
PTPN1,8,2,0.25,2,0.05409774903618953,4.621264367816091,0.062370861307794526,0.06591021048356865,0.062362803167670545,0.8338070101126066,0.8324452933037212,0.8336992845884923
KIZ,8,2,0.25,2,0.05409774903618953,4.621264367816091,0.062370861307794526,0.06591021048356865,0.062362803167670545,0.8338070101126066,0.8324452933037212,0.8336992845884923
EED,8,2,0.25,2,0.05409774903618953,4.621264367816091,0.062370861307794526,0.06591021048356865,0.062362803167670545,0.8338070101126066,0.8324452933037212,0.8336992845884923
MFGE8,8,2,0.25,2,0.05409774903618953,4.621264367816091,0.062370861307794526,0.06591021048356865,0.062362803167670545,0.8338070101126066,0.8324452933037212,0.8336992845884923
EIF3H,8,2,0.25,2,0.05409774903618953,4.621264367816091,0.062370861307794526,0.06591021048356865,0.062362803167670545,0.8338070101126066,0.8324452933037212,0.8336992845884923
GALNT4,8,2,0.25,2,0.05409774903618953,4.621264367816091,0.062370861307794526,0.06591021048356865,0.062362803167670545,0.8338070101126066,0.8324452933037212,0.8336992845884923
LRPPRC,8,2,0.25,2,0.05409774903618953,4.621264367816091,0.062370861307794526,0.06591021048356865,0.062362803167670545,0.8338070101126066,0.8324452933037212,0.8336992845884923
CSNK1D,8,2,0.25,2,0.05409774903618953,4.621264367816091,0.062370861307794526,0.06591021048356865,0.062362803167670545,0.8338070101126066,0.8324452933037212,0.8336992845884923
DYNC2LI1,8,2,0.25,2,0.05409774903618953,4.621264367816091,0.062370861307794526,0.06591021048356865,0.062362803167670545,0.8338070101126066,0.8324452933037212,0.8336992845884923
ARL6IP1,8,2,0.25,2,0.05409774903618953,4.621264367816091,0.062370861307794526,0.06591021048356865,0.062362803167670545,0.8338070101126066,0.8324452933037212,0.8336992845884923
IL23A,8,2,0.25,2,0.05409774903618953,4.621264367816091,0.062370861307794526,0.06591021048356865,0.062362803167670545,0.8338070101126066,0.8324452933037212,0.8336992845884923
AQP3,8,2,0.25,2,0.05409774903618953,4.621264367816091,0.062370861307794526,0.06591021048356865,0.062362803167670545,0.8338070101126066,0.8324452933037212,0.8336992845884923
JMJD6,8,2,0.25,2,0.05409774903618953,4.621264367816091,0.062370861307794526,0.06591021048356865,0.062362803167670545,0.8338070101126066,0.8324452933037212,0.8336992845884923
OSBPL3,8,2,0.25,2,0.05409774903618953,4.621264367816091,0.062370861307794526,0.06591021048356865,0.062362803167670545,0.8338070101126066,0.8324452933037212,0.8336992845884923
AP1G2,8,2,0.25,2,0.05409774903618953,4.621264367816091,0.062370861307794526,0.06591021048356865,0.062362803167670545,0.8338070101126066,0.8324452933037212,0.8336992845884923
DKC1,8,2,0.25,2,0.05409774903618953,4.621264367816091,0.062370861307794526,0.06591021048356865,0.062362803167670545,0.8338070101126066,0.8324452933037212,0.8336992845884923
PRC1,8,2,0.25,2,0.05409774903618953,4.621264367816091,0.062370861307794526,0.06591021048356865,0.062362803167670545,0.8338070101126066,0.8324452933037212,0.8336992845884923
SCAF11,8,2,0.25,2,0.05409774903618953,4.621264367816091,0.062370861307794526,0.06591021048356865,0.062362803167670545,0.8338070101126066,0.8324452933037212,0.8336992845884923
DGKD,8,2,0.25,2,0.05409774903618953,4.621264367816091,0.062370861307794526,0.06591021048356865,0.062362803167670545,0.8338070101126066,0.8324452933037212,0.8336992845884923
SKA1,8,2,0.25,2,0.05409774903618953,4.621264367816091,0.062370861307794526,0.06591021048356865,0.062362803167670545,0.8338070101126066,0.8324452933037212,0.8336992845884923
THAP11,8,2,0.25,2,0.05409774903618953,4.621264367816091,0.062370861307794526,0.06591021048356865,0.062362803167670545,0.8338070101126066,0.8324452933037212,0.8336992845884923
HIF1A,8,2,0.25,2,0.05409774903618953,4.621264367816091,0.062370861307794526,0.06591021048356865,0.062362803167670545,0.8338070101126066,0.8324452933037212,0.8336992845884923
IRF2BP2,8,2,0.25,2,0.05409774903618953,4.621264367816091,0.062370861307794526,0.06591021048356865,0.062362803167670545,0.8338070101126066,0.8324452933037212,0.8336992845884923
UBE2V2,8,2,0.25,2,0.05409774903618953,4.621264367816091,0.062370861307794526,0.06591021048356865,0.062362803167670545,0.8338070101126066,0.8324452933037212,0.8336992845884923
MYO18A,8,2,0.25,2,0.05409774903618953,4.621264367816091,0.062370861307794526,0.06591021048356865,0.062362803167670545,0.8338070101126066,0.8324452933037212,0.8336992845884923
AGK,8,2,0.25,2,0.05409774903618953,4.621264367816091,0.062370861307794526,0.06591021048356865,0.062362803167670545,0.8338070101126066,0.8324452933037212,0.8336992845884923
MYO1B,8,2,0.25,2,0.05409774903618953,4.621264367816091,0.062370861307794526,0.06591021048356865,0.062362803167670545,0.8338070101126066,0.8324452933037212,0.8336992845884923
TMEM42,7,2,0.2857142857142857,1,0.06229086229086229,4.586776859504132,0.04843280664780332,0.06606840409734939,0.0484259000075841,0.7170136029506539,0.8324452933037212,0.7169113550048787
NSMCE4A,7,2,0.2857142857142857,1,0.06229086229086229,4.586776859504132,0.04843280664780332,0.06606840409734939,0.0484259000075841,0.7170136029506539,0.8324452933037212,0.7169113550048787
STX1A,7,2,0.2857142857142857,1,0.06229086229086229,4.586776859504132,0.04843280664780332,0.06606840409734939,0.0484259000075841,0.7170136029506539,0.8324452933037212,0.7169113550048787
CSRNP1,7,2,0.2857142857142857,1,0.06229086229086229,4.586776859504132,0.04843280664780332,0.06606840409734939,0.0484259000075841,0.7170136029506539,0.8324452933037212,0.7169113550048787
STMN1,7,2,0.2857142857142857,1,0.06229086229086229,4.586776859504132,0.04843280664780332,0.06606840409734939,0.0484259000075841,0.7170136029506539,0.8324452933037212,0.7169113550048787
TRIB1,7,2,0.2857142857142857,1,0.06229086229086229,4.586776859504132,0.04843280664780332,0.06606840409734939,0.0484259000075841,0.7170136029506539,0.8324452933037212,0.7169113550048787
C1orf109,7,2,0.2857142857142857,1,0.06229086229086229,4.586776859504132,0.04843280664780332,0.06606840409734939,0.0484259000075841,0.7170136029506539,0.8324452933037212,0.7169113550048787
RABEP1,7,2,0.2857142857142857,1,0.06229086229086229,4.586776859504132,0.04843280664780332,0.06606840409734939,0.0484259000075841,0.7170136029506539,0.8324452933037212,0.7169113550048787
PCNA,7,2,0.2857142857142857,1,0.06229086229086229,4.586776859504132,0.04843280664780332,0.06606840409734939,0.0484259000075841,0.7170136029506539,0.8324452933037212,0.7169113550048787
CUL5,7,2,0.2857142857142857,1,0.06229086229086229,4.586776859504132,0.04843280664780332,0.06606840409734939,0.0484259000075841,0.7170136029506539,0.8324452933037212,0.7169113550048787
TSPAN33,7,2,0.2857142857142857,1,0.06229086229086229,4.586776859504132,0.04843280664780332,0.06606840409734939,0.0484259000075841,0.7170136029506539,0.8324452933037212,0.7169113550048787
HACD3,7,2,0.2857142857142857,1,0.06229086229086229,4.586776859504132,0.04843280664780332,0.06606840409734939,0.0484259000075841,0.7170136029506539,0.8324452933037212,0.7169113550048787
GFI1,7,2,0.2857142857142857,1,0.06229086229086229,4.586776859504132,0.04843280664780332,0.06606840409734939,0.0484259000075841,0.7170136029506539,0.8324452933037212,0.7169113550048787
MYD88,7,2,0.2857142857142857,1,0.06229086229086229,4.586776859504132,0.04843280664780332,0.06606840409734939,0.0484259000075841,0.7170136029506539,0.8324452933037212,0.7169113550048787
PTGES2,7,2,0.2857142857142857,1,0.06229086229086229,4.586776859504132,0.04843280664780332,0.06606840409734939,0.0484259000075841,0.7170136029506539,0.8324452933037212,0.7169113550048787
HNRNPU,7,2,0.2857142857142857,1,0.06229086229086229,4.586776859504132,0.04843280664780332,0.06606840409734939,0.0484259000075841,0.7170136029506539,0.8324452933037212,0.7169113550048787
ANKRD11,7,2,0.2857142857142857,1,0.06229086229086229,4.586776859504132,0.04843280664780332,0.06606840409734939,0.0484259000075841,0.7170136029506539,0.8324452933037212,0.7169113550048787
DPY30,7,2,0.2857142857142857,1,0.06229086229086229,4.586776859504132,0.04843280664780332,0.06606840409734939,0.0484259000075841,0.7170136029506539,0.8324452933037212,0.7169113550048787
HIVEP3,7,2,0.2857142857142857,1,0.06229086229086229,4.586776859504132,0.04843280664780332,0.06606840409734939,0.0484259000075841,0.7170136029506539,0.8324452933037212,0.7169113550048787
CENPE,7,2,0.2857142857142857,1,0.06229086229086229,4.586776859504132,0.04843280664780332,0.06606840409734939,0.0484259000075841,0.7170136029506539,0.8324452933037212,0.7169113550048787
NCOR1,7,2,0.2857142857142857,1,0.06229086229086229,4.586776859504132,0.04843280664780332,0.06606840409734939,0.0484259000075841,0.7170136029506539,0.8324452933037212,0.7169113550048787
DEK,7,2,0.2857142857142857,1,0.06229086229086229,4.586776859504132,0.04843280664780332,0.06606840409734939,0.0484259000075841,0.7170136029506539,0.8324452933037212,0.7169113550048787
RHBDF2,7,2,0.2857142857142857,1,0.06229086229086229,4.586776859504132,0.04843280664780332,0.06606840409734939,0.0484259000075841,0.7170136029506539,0.8324452933037212,0.7169113550048787
ZCCHC7,7,2,0.2857142857142857,1,0.06229086229086229,4.586776859504132,0.04843280664780332,0.06606840409734939,0.0484259000075841,0.7170136029506539,0.8324452933037212,0.7169113550048787
TMEM64,7,2,0.2857142857142857,1,0.06229086229086229,4.586776859504132,0.04843280664780332,0.06606840409734939,0.0484259000075841,0.7170136029506539,0.8324452933037212,0.7169113550048787
TRAF3,7,2,0.2857142857142857,1,0.06229086229086229,4.586776859504132,0.04843280664780332,0.06606840409734939,0.0484259000075841,0.7170136029506539,0.8324452933037212,0.7169113550048787
YIPF4,7,2,0.2857142857142857,1,0.06229086229086229,4.586776859504132,0.04843280664780332,0.06606840409734939,0.0484259000075841,0.7170136029506539,0.8324452933037212,0.7169113550048787
KIFC1,7,2,0.2857142857142857,1,0.06229086229086229,4.586776859504132,0.04843280664780332,0.06606840409734939,0.0484259000075841,0.7170136029506539,0.8324452933037212,0.7169113550048787
RFC1,7,2,0.2857142857142857,1,0.06229086229086229,4.586776859504132,0.04843280664780332,0.06606840409734939,0.0484259000075841,0.7170136029506539,0.8324452933037212,0.7169113550048787
YTHDF2,7,2,0.2857142857142857,1,0.06229086229086229,4.586776859504132,0.04843280664780332,0.06606840409734939,0.0484259000075841,0.7170136029506539,0.8324452933037212,0.7169113550048787
ELAVL1,7,2,0.2857142857142857,1,0.06229086229086229,4.586776859504132,0.04843280664780332,0.06606840409734939,0.0484259000075841,0.7170136029506539,0.8324452933037212,0.7169113550048787
PDE4B,7,2,0.2857142857142857,1,0.06229086229086229,4.586776859504132,0.04843280664780332,0.06606840409734939,0.0484259000075841,0.7170136029506539,0.8324452933037212,0.7169113550048787
PPP2R5D,7,2,0.2857142857142857,1,0.06229086229086229,4.586776859504132,0.04843280664780332,0.06606840409734939,0.0484259000075841,0.7170136029506539,0.8324452933037212,0.7169113550048787
NLN,7,2,0.2857142857142857,1,0.06229086229086229,4.586776859504132,0.04843280664780332,0.06606840409734939,0.0484259000075841,0.7170136029506539,0.8324452933037212,0.7169113550048787
NSMAF,7,2,0.2857142857142857,1,0.06229086229086229,4.586776859504132,0.04843280664780332,0.06606840409734939,0.0484259000075841,0.7170136029506539,0.8324452933037212,0.7169113550048787
EIF4G3,7,2,0.2857142857142857,1,0.06229086229086229,4.586776859504132,0.04843280664780332,0.06606840409734939,0.0484259000075841,0.7170136029506539,0.8324452933037212,0.7169113550048787
STIP1,7,2,0.2857142857142857,1,0.06229086229086229,4.586776859504132,0.04843280664780332,0.06606840409734939,0.0484259000075841,0.7170136029506539,0.8324452933037212,0.7169113550048787
BORCS6,7,2,0.2857142857142857,1,0.06229086229086229,4.586776859504132,0.04843280664780332,0.06606840409734939,0.0484259000075841,0.7170136029506539,0.8324452933037212,0.7169113550048787
SCARB1,7,2,0.2857142857142857,1,0.06229086229086229,4.586776859504132,0.04843280664780332,0.06606840409734939,0.0484259000075841,0.7170136029506539,0.8324452933037212,0.7169113550048787
BSDC1,7,2,0.2857142857142857,1,0.06229086229086229,4.586776859504132,0.04843280664780332,0.06606840409734939,0.0484259000075841,0.7170136029506539,0.8324452933037212,0.7169113550048787
RAVER1,7,2,0.2857142857142857,1,0.06229086229086229,4.586776859504132,0.04843280664780332,0.06606840409734939,0.0484259000075841,0.7170136029506539,0.8324452933037212,0.7169113550048787
ESYT1,21,3,0.14285714285714285,7,0.045032856590645536,3.1722869405272838,0.09487166303165581,0.06629501449170373,0.09484795375726494,1.0,0.8324452933037212,1.0
DNPH1,21,3,0.14285714285714285,7,0.045032856590645536,3.1722869405272838,0.09487166303165581,0.06629501449170373,0.09484795375726494,1.0,0.8324452933037212,1.0
PPT1,21,3,0.14285714285714285,7,0.045032856590645536,3.1722869405272838,0.09487166303165581,0.06629501449170373,0.09484795375726494,1.0,0.8324452933037212,1.0
CD226,21,3,0.14285714285714285,7,0.045032856590645536,3.1722869405272838,0.09487166303165581,0.06629501449170373,0.09484795375726494,1.0,0.8324452933037212,1.0
C4orf3,35,4,0.11428571428571428,8,0.04444968460767553,2.57112542629784,0.10926558848192032,0.06844245495618667,0.10922412858383651,1.0,0.8576738345317696,1.0
BTG1,22,3,0.13636363636363635,7,0.04503720885280758,3.0277994537651187,0.10575837498232726,0.07430276290179855,0.105733796275817,1.0,0.92550208489931,1.0
PCGF5,22,3,0.13636363636363635,7,0.04503720885280758,3.0277994537651187,0.10575837498232726,0.07430276290179855,0.105733796275817,1.0,0.92550208489931,1.0
NDUFA3,22,3,0.13636363636363635,7,0.04503720885280758,3.0277994537651187,0.10575837498232726,0.07430276290179855,0.105733796275817,1.0,0.92550208489931,1.0
HNRNPA2B1,23,3,0.13043478260869565,8,0.04447717231222386,2.932623092427296,0.11710564900237043,0.08031306881842742,0.11708042892941987,1.0,0.9465417849107893,1.0
PHTF2,23,3,0.13043478260869565,8,0.04447717231222386,2.932623092427296,0.11710564900237043,0.08031306881842742,0.11708042892941987,1.0,0.9465417849107893,1.0
IGFLR1,23,3,0.13043478260869565,8,0.04447717231222386,2.932623092427296,0.11710564900237043,0.08031306881842742,0.11708042892941987,1.0,0.9465417849107893,1.0
TAP2,23,3,0.13043478260869565,8,0.04447717231222386,2.932623092427296,0.11710564900237043,0.08031306881842742,0.11708042892941987,1.0,0.9465417849107893,1.0
FDXR,23,3,0.13043478260869565,8,0.04447717231222386,2.932623092427296,0.11710564900237043,0.08031306881842742,0.11708042892941987,1.0,0.9465417849107893,1.0
CLDND1,23,3,0.13043478260869565,8,0.04447717231222386,2.932623092427296,0.11710564900237043,0.08031306881842742,0.11708042892941987,1.0,0.9465417849107893,1.0
MYC,23,3,0.13043478260869565,8,0.04447717231222386,2.932623092427296,0.11710564900237043,0.08031306881842742,0.11708042892941987,1.0,0.9465417849107893,1.0
IVNS1ABP,23,3,0.13043478260869565,8,0.04447717231222386,2.932623092427296,0.11710564900237043,0.08031306881842742,0.11708042892941987,1.0,0.9465417849107893,1.0
ASF1B,9,2,0.2222222222222222,2,0.054104477611940295,4.10727969348659,0.07746457944211717,0.08179048794328278,0.07745557586120702,0.9348497787537992,0.9465417849107893,0.9347411226985742
PTBP3,9,2,0.2222222222222222,2,0.054104477611940295,4.10727969348659,0.07746457944211717,0.08179048794328278,0.07745557586120702,0.9348497787537992,0.9465417849107893,0.9347411226985742
MORC3,9,2,0.2222222222222222,2,0.054104477611940295,4.10727969348659,0.07746457944211717,0.08179048794328278,0.07745557586120702,0.9348497787537992,0.9465417849107893,0.9347411226985742
PYROXD1,9,2,0.2222222222222222,2,0.054104477611940295,4.10727969348659,0.07746457944211717,0.08179048794328278,0.07745557586120702,0.9348497787537992,0.9465417849107893,0.9347411226985742
CALCOCO1,9,2,0.2222222222222222,2,0.054104477611940295,4.10727969348659,0.07746457944211717,0.08179048794328278,0.07745557586120702,0.9348497787537992,0.9465417849107893,0.9347411226985742
CSTB,9,2,0.2222222222222222,2,0.054104477611940295,4.10727969348659,0.07746457944211717,0.08179048794328278,0.07745557586120702,0.9348497787537992,0.9465417849107893,0.9347411226985742
CLCN3,9,2,0.2222222222222222,2,0.054104477611940295,4.10727969348659,0.07746457944211717,0.08179048794328278,0.07745557586120702,0.9348497787537992,0.9465417849107893,0.9347411226985742
KRI1,9,2,0.2222222222222222,2,0.054104477611940295,4.10727969348659,0.07746457944211717,0.08179048794328278,0.07745557586120702,0.9348497787537992,0.9465417849107893,0.9347411226985742
MSMO1,9,2,0.2222222222222222,2,0.054104477611940295,4.10727969348659,0.07746457944211717,0.08179048794328278,0.07745557586120702,0.9348497787537992,0.9465417849107893,0.9347411226985742
IRF7,9,2,0.2222222222222222,2,0.054104477611940295,4.10727969348659,0.07746457944211717,0.08179048794328278,0.07745557586120702,0.9348497787537992,0.9465417849107893,0.9347411226985742
SH3YL1,9,2,0.2222222222222222,2,0.054104477611940295,4.10727969348659,0.07746457944211717,0.08179048794328278,0.07745557586120702,0.9348497787537992,0.9465417849107893,0.9347411226985742
BCKDK,9,2,0.2222222222222222,2,0.054104477611940295,4.10727969348659,0.07746457944211717,0.08179048794328278,0.07745557586120702,0.9348497787537992,0.9465417849107893,0.9347411226985742
PURB,9,2,0.2222222222222222,2,0.054104477611940295,4.10727969348659,0.07746457944211717,0.08179048794328278,0.07745557586120702,0.9348497787537992,0.9465417849107893,0.9347411226985742
UCK1,9,2,0.2222222222222222,2,0.054104477611940295,4.10727969348659,0.07746457944211717,0.08179048794328278,0.07745557586120702,0.9348497787537992,0.9465417849107893,0.9347411226985742
PTPN7,9,2,0.2222222222222222,2,0.054104477611940295,4.10727969348659,0.07746457944211717,0.08179048794328278,0.07745557586120702,0.9348497787537992,0.9465417849107893,0.9347411226985742
PSMC2,9,2,0.2222222222222222,2,0.054104477611940295,4.10727969348659,0.07746457944211717,0.08179048794328278,0.07745557586120702,0.9348497787537992,0.9465417849107893,0.9347411226985742
MTMR1,9,2,0.2222222222222222,2,0.054104477611940295,4.10727969348659,0.07746457944211717,0.08179048794328278,0.07745557586120702,0.9348497787537992,0.9465417849107893,0.9347411226985742
PPP6R1,9,2,0.2222222222222222,2,0.054104477611940295,4.10727969348659,0.07746457944211717,0.08179048794328278,0.07745557586120702,0.9348497787537992,0.9465417849107893,0.9347411226985742
UBA7,9,2,0.2222222222222222,2,0.054104477611940295,4.10727969348659,0.07746457944211717,0.08179048794328278,0.07745557586120702,0.9348497787537992,0.9465417849107893,0.9347411226985742
TNFRSF14,9,2,0.2222222222222222,2,0.054104477611940295,4.10727969348659,0.07746457944211717,0.08179048794328278,0.07745557586120702,0.9348497787537992,0.9465417849107893,0.9347411226985742
RAB6A,9,2,0.2222222222222222,2,0.054104477611940295,4.10727969348659,0.07746457944211717,0.08179048794328278,0.07745557586120702,0.9348497787537992,0.9465417849107893,0.9347411226985742
CKAP2L,9,2,0.2222222222222222,2,0.054104477611940295,4.10727969348659,0.07746457944211717,0.08179048794328278,0.07745557586120702,0.9348497787537992,0.9465417849107893,0.9347411226985742
RBM17,9,2,0.2222222222222222,2,0.054104477611940295,4.10727969348659,0.07746457944211717,0.08179048794328278,0.07745557586120702,0.9348497787537992,0.9465417849107893,0.9347411226985742
MCM3,9,2,0.2222222222222222,2,0.054104477611940295,4.10727969348659,0.07746457944211717,0.08179048794328278,0.07745557586120702,0.9348497787537992,0.9465417849107893,0.9347411226985742
TMEM156,9,2,0.2222222222222222,2,0.054104477611940295,4.10727969348659,0.07746457944211717,0.08179048794328278,0.07745557586120702,0.9348497787537992,0.9465417849107893,0.9347411226985742
MEPCE,9,2,0.2222222222222222,2,0.054104477611940295,4.10727969348659,0.07746457944211717,0.08179048794328278,0.07745557586120702,0.9348497787537992,0.9465417849107893,0.9347411226985742
TREML2,9,2,0.2222222222222222,2,0.054104477611940295,4.10727969348659,0.07746457944211717,0.08179048794328278,0.07745557586120702,0.9348497787537992,0.9465417849107893,0.9347411226985742
GNB2,9,2,0.2222222222222222,2,0.054104477611940295,4.10727969348659,0.07746457944211717,0.08179048794328278,0.07745557586120702,0.9348497787537992,0.9465417849107893,0.9347411226985742
TUT7,9,2,0.2222222222222222,2,0.054104477611940295,4.10727969348659,0.07746457944211717,0.08179048794328278,0.07745557586120702,0.9348497787537992,0.9465417849107893,0.9347411226985742
TMEM38B,9,2,0.2222222222222222,2,0.054104477611940295,4.10727969348659,0.07746457944211717,0.08179048794328278,0.07745557586120702,0.9348497787537992,0.9465417849107893,0.9347411226985742
CCL5,38,4,0.10526315789473684,8,0.04445754716981132,2.3677230210805527,0.13664754567296533,0.08713002221188215,0.13660424837864876,1.0,0.9927764294179179,1.0
ENO1,24,3,0.125,8,0.0444797926240132,2.8102649006622515,0.12888176863814177,0.0888875544733837,0.12885615001641487,1.0,0.9927764294179179,1.0
ARPC4,24,3,0.125,8,0.0444797926240132,2.8102649006622515,0.12888176863814177,0.0888875544733837,0.12885615001641487,1.0,0.9927764294179179,1.0
CAMK4,24,3,0.125,8,0.0444797926240132,2.8102649006622515,0.12888176863814177,0.0888875544733837,0.12885615001641487,1.0,0.9927764294179179,1.0
TP53,24,3,0.125,8,0.0444797926240132,2.8102649006622515,0.12888176863814177,0.0888875544733837,0.12885615001641487,1.0,0.9927764294179179,1.0
STAT4,24,3,0.125,8,0.0444797926240132,2.8102649006622515,0.12888176863814177,0.0888875544733837,0.12885615001641487,1.0,0.9927764294179179,1.0
GPR180,10,2,0.2,3,0.051688311688311686,3.8693467336683423,0.09355438824096546,0.09122723920171097,0.09354468760262911,1.0,0.9927764294179179,1.0
FAM162A,10,2,0.2,3,0.051688311688311686,3.8693467336683423,0.09355438824096546,0.09122723920171097,0.09354468760262911,1.0,0.9927764294179179,1.0
EMP1,10,2,0.2,3,0.051688311688311686,3.8693467336683423,0.09355438824096546,0.09122723920171097,0.09354468760262911,1.0,0.9927764294179179,1.0
GOLGA2,10,2,0.2,3,0.051688311688311686,3.8693467336683423,0.09355438824096546,0.09122723920171097,0.09354468760262911,1.0,0.9927764294179179,1.0
SMC2,10,2,0.2,3,0.051688311688311686,3.8693467336683423,0.09355438824096546,0.09122723920171097,0.09354468760262911,1.0,0.9927764294179179,1.0
DECR1,10,2,0.2,3,0.051688311688311686,3.8693467336683423,0.09355438824096546,0.09122723920171097,0.09354468760262911,1.0,0.9927764294179179,1.0
RAB5C,10,2,0.2,3,0.051688311688311686,3.8693467336683423,0.09355438824096546,0.09122723920171097,0.09354468760262911,1.0,0.9927764294179179,1.0
VAMP8,10,2,0.2,3,0.051688311688311686,3.8693467336683423,0.09355438824096546,0.09122723920171097,0.09354468760262911,1.0,0.9927764294179179,1.0
YWHAZ,10,2,0.2,3,0.051688311688311686,3.8693467336683423,0.09355438824096546,0.09122723920171097,0.09354468760262911,1.0,0.9927764294179179,1.0
POC1B,10,2,0.2,3,0.051688311688311686,3.8693467336683423,0.09355438824096546,0.09122723920171097,0.09354468760262911,1.0,0.9927764294179179,1.0
BIVM,10,2,0.2,3,0.051688311688311686,3.8693467336683423,0.09355438824096546,0.09122723920171097,0.09354468760262911,1.0,0.9927764294179179,1.0
ASS1,10,2,0.2,3,0.051688311688311686,3.8693467336683423,0.09355438824096546,0.09122723920171097,0.09354468760262911,1.0,0.9927764294179179,1.0
IGFBP4,10,2,0.2,3,0.051688311688311686,3.8693467336683423,0.09355438824096546,0.09122723920171097,0.09354468760262911,1.0,0.9927764294179179,1.0
MYOF,10,2,0.2,3,0.051688311688311686,3.8693467336683423,0.09355438824096546,0.09122723920171097,0.09354468760262911,1.0,0.9927764294179179,1.0
STXBP5,10,2,0.2,3,0.051688311688311686,3.8693467336683423,0.09355438824096546,0.09122723920171097,0.09354468760262911,1.0,0.9927764294179179,1.0
ALAS1,10,2,0.2,3,0.051688311688311686,3.8693467336683423,0.09355438824096546,0.09122723920171097,0.09354468760262911,1.0,0.9927764294179179,1.0
SCLY,10,2,0.2,3,0.051688311688311686,3.8693467336683423,0.09355438824096546,0.09122723920171097,0.09354468760262911,1.0,0.9927764294179179,1.0
NUDC,10,2,0.2,3,0.051688311688311686,3.8693467336683423,0.09355438824096546,0.09122723920171097,0.09354468760262911,1.0,0.9927764294179179,1.0
SNRK,10,2,0.2,3,0.051688311688311686,3.8693467336683423,0.09355438824096546,0.09122723920171097,0.09354468760262911,1.0,0.9927764294179179,1.0
TMX2,10,2,0.2,3,0.051688311688311686,3.8693467336683423,0.09355438824096546,0.09122723920171097,0.09354468760262911,1.0,0.9927764294179179,1.0
PTPRC,10,2,0.2,3,0.051688311688311686,3.8693467336683423,0.09355438824096546,0.09122723920171097,0.09354468760262911,1.0,0.9927764294179179,1.0
SDHAF3,10,2,0.2,3,0.051688311688311686,3.8693467336683423,0.09355438824096546,0.09122723920171097,0.09354468760262911,1.0,0.9927764294179179,1.0
HSPA9,10,2,0.2,3,0.051688311688311686,3.8693467336683423,0.09355438824096546,0.09122723920171097,0.09354468760262911,1.0,0.9927764294179179,1.0
ACVR1,10,2,0.2,3,0.051688311688311686,3.8693467336683423,0.09355438824096546,0.09122723920171097,0.09354468760262911,1.0,0.9927764294179179,1.0
PFKFB3,10,2,0.2,3,0.051688311688311686,3.8693467336683423,0.09355438824096546,0.09122723920171097,0.09354468760262911,1.0,0.9927764294179179,1.0
STAT6,10,2,0.2,3,0.051688311688311686,3.8693467336683423,0.09355438824096546,0.09122723920171097,0.09354468760262911,1.0,0.9927764294179179,1.0
POU2F2,10,2,0.2,3,0.051688311688311686,3.8693467336683423,0.09355438824096546,0.09122723920171097,0.09354468760262911,1.0,0.9927764294179179,1.0
CDCA7,10,2,0.2,3,0.051688311688311686,3.8693467336683423,0.09355438824096546,0.09122723920171097,0.09354468760262911,1.0,0.9927764294179179,1.0
CD59,25,3,0.12,8,0.044482413244564895,2.6976953642384105,0.14105463614995375,0.0978270671934373,0.14102887354297974,1.0,1.0,1.0
PTGER2,40,4,0.1,8,0.044462790423398985,2.2490716180371355,0.15627857084046187,0.10081707479176022,0.1562352047936124,1.0,1.0,1.0
UFM1,26,3,0.11538461538461539,8,0.04448503417393354,2.5937850229240955,0.15359202780919673,0.10711332737967746,0.15356638461608185,1.0,1.0,1.0
PLAC8,26,3,0.11538461538461539,8,0.04448503417393354,2.5937850229240955,0.15359202780919673,0.10711332737967746,0.15356638461608185,1.0,1.0,1.0
CAST,26,3,0.11538461538461539,8,0.04448503417393354,2.5937850229240955,0.15359202780919673,0.10711332737967746,0.15356638461608185,1.0,1.0,1.0
ITK,26,3,0.11538461538461539,8,0.04448503417393354,2.5937850229240955,0.15359202780919673,0.10711332737967746,0.15356638461608185,1.0,1.0,1.0
IFT57,26,3,0.11538461538461539,8,0.04448503417393354,2.5937850229240955,0.15359202780919673,0.10711332737967746,0.15356638461608185,1.0,1.0,1.0
MAP4K4,28,3,0.10714285714285714,8,0.04449027695934001,2.4082308420056764,0.1796321664121814,0.126650719669922,0.17960757379952239,1.0,1.0,1.0
PCMTD1,28,3,0.10714285714285714,8,0.04449027695934001,2.4082308420056764,0.1796321664121814,0.126650719669922,0.17960757379952239,1.0,1.0,1.0
ATM,28,3,0.10714285714285714,8,0.04449027695934001,2.4082308420056764,0.1796321664121814,0.126650719669922,0.17960757379952239,1.0,1.0,1.0
ARHGEF6,11,2,0.18181818181818182,4,0.0580420482393912,3.132525252525253,0.1104942748537979,0.13086384531312906,0.11048415630427155,1.0,1.0,1.0
MAPK1IP1L,11,2,0.18181818181818182,4,0.0580420482393912,3.132525252525253,0.1104942748537979,0.13086384531312906,0.11048415630427155,1.0,1.0,1.0
TRANK1,11,2,0.18181818181818182,4,0.0580420482393912,3.132525252525253,0.1104942748537979,0.13086384531312906,0.11048415630427155,1.0,1.0,1.0
CYBC1,11,2,0.18181818181818182,4,0.0580420482393912,3.132525252525253,0.1104942748537979,0.13086384531312906,0.11048415630427155,1.0,1.0,1.0
BRIX1,11,2,0.18181818181818182,4,0.0580420482393912,3.132525252525253,0.1104942748537979,0.13086384531312906,0.11048415630427155,1.0,1.0,1.0
METTL26,11,2,0.18181818181818182,4,0.0580420482393912,3.132525252525253,0.1104942748537979,0.13086384531312906,0.11048415630427155,1.0,1.0,1.0
GTF2I,11,2,0.18181818181818182,4,0.0580420482393912,3.132525252525253,0.1104942748537979,0.13086384531312906,0.11048415630427155,1.0,1.0,1.0
HSPA13,11,2,0.18181818181818182,4,0.0580420482393912,3.132525252525253,0.1104942748537979,0.13086384531312906,0.11048415630427155,1.0,1.0,1.0
MT1X,11,2,0.18181818181818182,4,0.0580420482393912,3.132525252525253,0.1104942748537979,0.13086384531312906,0.11048415630427155,1.0,1.0,1.0
HPSE,11,2,0.18181818181818182,4,0.0580420482393912,3.132525252525253,0.1104942748537979,0.13086384531312906,0.11048415630427155,1.0,1.0,1.0
CDC123,11,2,0.18181818181818182,4,0.0580420482393912,3.132525252525253,0.1104942748537979,0.13086384531312906,0.11048415630427155,1.0,1.0,1.0
UHRF1,11,2,0.18181818181818182,4,0.0580420482393912,3.132525252525253,0.1104942748537979,0.13086384531312906,0.11048415630427155,1.0,1.0,1.0
GHITM,11,2,0.18181818181818182,4,0.0580420482393912,3.132525252525253,0.1104942748537979,0.13086384531312906,0.11048415630427155,1.0,1.0,1.0
RERE,11,2,0.18181818181818182,4,0.0580420482393912,3.132525252525253,0.1104942748537979,0.13086384531312906,0.11048415630427155,1.0,1.0,1.0
UBASH3B,11,2,0.18181818181818182,4,0.0580420482393912,3.132525252525253,0.1104942748537979,0.13086384531312906,0.11048415630427155,1.0,1.0,1.0
PCMT1,11,2,0.18181818181818182,4,0.0580420482393912,3.132525252525253,0.1104942748537979,0.13086384531312906,0.11048415630427155,1.0,1.0,1.0
CHMP2B,11,2,0.18181818181818182,4,0.0580420482393912,3.132525252525253,0.1104942748537979,0.13086384531312906,0.11048415630427155,1.0,1.0,1.0
EVI2B,11,2,0.18181818181818182,4,0.0580420482393912,3.132525252525253,0.1104942748537979,0.13086384531312906,0.11048415630427155,1.0,1.0,1.0
HSDL2,11,2,0.18181818181818182,4,0.0580420482393912,3.132525252525253,0.1104942748537979,0.13086384531312906,0.11048415630427155,1.0,1.0,1.0
ROMO1,29,3,0.10344827586206896,8,0.04449289881548706,2.3250513815939713,0.1930716974305819,0.13686344374062726,0.1930480403215573,1.0,1.0,1.0
DGKA,29,3,0.10344827586206896,8,0.04449289881548706,2.3250513815939713,0.1930716974305819,0.13686344374062726,0.1930480403215573,1.0,1.0,1.0
CHD2,29,3,0.10344827586206896,8,0.04449289881548706,2.3250513815939713,0.1930716974305819,0.13686344374062726,0.1930480403215573,1.0,1.0,1.0
LTB,30,3,0.1,8,0.044495520980669494,2.2474172185430468,0.20674963045928624,0.14734633640472616,0.20672718126218503,1.0,1.0,1.0
NPC2,30,3,0.1,8,0.044495520980669494,2.2474172185430468,0.20674963045928624,0.14734633640472616,0.20672718126218503,1.0,1.0,1.0
DNAJC3,30,3,0.1,8,0.044495520980669494,2.2474172185430468,0.20674963045928624,0.14734633640472616,0.20672718126218503,1.0,1.0,1.0
MTHFD2,12,2,0.16666666666666666,4,0.05804953560371517,2.871111111111111,0.12815080293456654,0.15127488329084954,0.12814056643802516,1.0,1.0,1.0
KLC2,12,2,0.16666666666666666,4,0.05804953560371517,2.871111111111111,0.12815080293456654,0.15127488329084954,0.12814056643802516,1.0,1.0,1.0
PEX19,12,2,0.16666666666666666,4,0.05804953560371517,2.871111111111111,0.12815080293456654,0.15127488329084954,0.12814056643802516,1.0,1.0,1.0
SEL1L3,12,2,0.16666666666666666,4,0.05804953560371517,2.871111111111111,0.12815080293456654,0.15127488329084954,0.12814056643802516,1.0,1.0,1.0
ITPR1,12,2,0.16666666666666666,4,0.05804953560371517,2.871111111111111,0.12815080293456654,0.15127488329084954,0.12814056643802516,1.0,1.0,1.0
RNF125,12,2,0.16666666666666666,4,0.05804953560371517,2.871111111111111,0.12815080293456654,0.15127488329084954,0.12814056643802516,1.0,1.0,1.0
EDEM3,12,2,0.16666666666666666,4,0.05804953560371517,2.871111111111111,0.12815080293456654,0.15127488329084954,0.12814056643802516,1.0,1.0,1.0
HELZ,12,2,0.16666666666666666,4,0.05804953560371517,2.871111111111111,0.12815080293456654,0.15127488329084954,0.12814056643802516,1.0,1.0,1.0
PCYT1A,12,2,0.16666666666666666,4,0.05804953560371517,2.871111111111111,0.12815080293456654,0.15127488329084954,0.12814056643802516,1.0,1.0,1.0
ATP5F1B,12,2,0.16666666666666666,4,0.05804953560371517,2.871111111111111,0.12815080293456654,0.15127488329084954,0.12814056643802516,1.0,1.0,1.0
MTA2,12,2,0.16666666666666666,4,0.05804953560371517,2.871111111111111,0.12815080293456654,0.15127488329084954,0.12814056643802516,1.0,1.0,1.0
UBE2G1,12,2,0.16666666666666666,4,0.05804953560371517,2.871111111111111,0.12815080293456654,0.15127488329084954,0.12814056643802516,1.0,1.0,1.0
TRAF1,12,2,0.16666666666666666,4,0.05804953560371517,2.871111111111111,0.12815080293456654,0.15127488329084954,0.12814056643802516,1.0,1.0,1.0
NOSIP,12,2,0.16666666666666666,4,0.05804953560371517,2.871111111111111,0.12815080293456654,0.15127488329084954,0.12814056643802516,1.0,1.0,1.0
ODC1,12,2,0.16666666666666666,4,0.05804953560371517,2.871111111111111,0.12815080293456654,0.15127488329084954,0.12814056643802516,1.0,1.0,1.0
RCN1,12,2,0.16666666666666666,4,0.05804953560371517,2.871111111111111,0.12815080293456654,0.15127488329084954,0.12814056643802516,1.0,1.0,1.0
RAB33A,12,2,0.16666666666666666,4,0.05804953560371517,2.871111111111111,0.12815080293456654,0.15127488329084954,0.12814056643802516,1.0,1.0,1.0
PARP9,12,2,0.16666666666666666,4,0.05804953560371517,2.871111111111111,0.12815080293456654,0.15127488329084954,0.12814056643802516,1.0,1.0,1.0
LCP2,12,2,0.16666666666666666,4,0.05804953560371517,2.871111111111111,0.12815080293456654,0.15127488329084954,0.12814056643802516,1.0,1.0,1.0
TLK1,12,2,0.16666666666666666,4,0.05804953560371517,2.871111111111111,0.12815080293456654,0.15127488329084954,0.12814056643802516,1.0,1.0,1.0
PSPH,12,2,0.16666666666666666,4,0.05804953560371517,2.871111111111111,0.12815080293456654,0.15127488329084954,0.12814056643802516,1.0,1.0,1.0
BBS2,12,2,0.16666666666666666,4,0.05804953560371517,2.871111111111111,0.12815080293456654,0.15127488329084954,0.12814056643802516,1.0,1.0,1.0
MGME1,12,2,0.16666666666666666,4,0.05804953560371517,2.871111111111111,0.12815080293456654,0.15127488329084954,0.12814056643802516,1.0,1.0,1.0
YBX3,12,2,0.16666666666666666,4,0.05804953560371517,2.871111111111111,0.12815080293456654,0.15127488329084954,0.12814056643802516,1.0,1.0,1.0
ST3GAL1,12,2,0.16666666666666666,4,0.05804953560371517,2.871111111111111,0.12815080293456654,0.15127488329084954,0.12814056643802516,1.0,1.0,1.0
RIOK3,12,2,0.16666666666666666,4,0.05804953560371517,2.871111111111111,0.12815080293456654,0.15127488329084954,0.12814056643802516,1.0,1.0,1.0
RAB5B,15,2,0.13333333333333333,6,0.04769147202607279,2.7957479119210324,0.18425567828058412,0.15860426252681345,0.184246975927672,1.0,1.0,1.0
GGCT,15,2,0.13333333333333333,6,0.04769147202607279,2.7957479119210324,0.18425567828058412,0.15860426252681345,0.184246975927672,1.0,1.0,1.0
SH3KBP1,15,2,0.13333333333333333,6,0.04769147202607279,2.7957479119210324,0.18425567828058412,0.15860426252681345,0.184246975927672,1.0,1.0,1.0
SPNS3,15,2,0.13333333333333333,6,0.04769147202607279,2.7957479119210324,0.18425567828058412,0.15860426252681345,0.184246975927672,1.0,1.0,1.0
H2BC9,15,2,0.13333333333333333,6,0.04769147202607279,2.7957479119210324,0.18425567828058412,0.15860426252681345,0.184246975927672,1.0,1.0,1.0
PSD4,15,2,0.13333333333333333,6,0.04769147202607279,2.7957479119210324,0.18425567828058412,0.15860426252681345,0.184246975927672,1.0,1.0,1.0
DOCK8,15,2,0.13333333333333333,6,0.04769147202607279,2.7957479119210324,0.18425567828058412,0.15860426252681345,0.184246975927672,1.0,1.0,1.0
NDUFA2,15,2,0.13333333333333333,6,0.04769147202607279,2.7957479119210324,0.18425567828058412,0.15860426252681345,0.184246975927672,1.0,1.0,1.0
CBFB,15,2,0.13333333333333333,6,0.04769147202607279,2.7957479119210324,0.18425567828058412,0.15860426252681345,0.184246975927672,1.0,1.0,1.0
FAS,15,2,0.13333333333333333,6,0.04769147202607279,2.7957479119210324,0.18425567828058412,0.15860426252681345,0.184246975927672,1.0,1.0,1.0
TNFAIP8,15,2,0.13333333333333333,6,0.04769147202607279,2.7957479119210324,0.18425567828058412,0.15860426252681345,0.184246975927672,1.0,1.0,1.0
DEGS1,15,2,0.13333333333333333,6,0.04769147202607279,2.7957479119210324,0.18425567828058412,0.15860426252681345,0.184246975927672,1.0,1.0,1.0
NDUFAF8,15,2,0.13333333333333333,6,0.04769147202607279,2.7957479119210324,0.18425567828058412,0.15860426252681345,0.184246975927672,1.0,1.0,1.0
TM9SF3,15,2,0.13333333333333333,6,0.04769147202607279,2.7957479119210324,0.18425567828058412,0.15860426252681345,0.184246975927672,1.0,1.0,1.0
PFDN2,15,2,0.13333333333333333,6,0.04769147202607279,2.7957479119210324,0.18425567828058412,0.15860426252681345,0.184246975927672,1.0,1.0,1.0
CLK1,15,2,0.13333333333333333,6,0.04769147202607279,2.7957479119210324,0.18425567828058412,0.15860426252681345,0.184246975927672,1.0,1.0,1.0
CCT5,15,2,0.13333333333333333,6,0.04769147202607279,2.7957479119210324,0.18425567828058412,0.15860426252681345,0.184246975927672,1.0,1.0,1.0
TRAP1,15,2,0.13333333333333333,6,0.04769147202607279,2.7957479119210324,0.18425567828058412,0.15860426252681345,0.184246975927672,1.0,1.0,1.0
SYTL1,15,2,0.13333333333333333,6,0.04769147202607279,2.7957479119210324,0.18425567828058412,0.15860426252681345,0.184246975927672,1.0,1.0,1.0
STK38,15,2,0.13333333333333333,6,0.04769147202607279,2.7957479119210324,0.18425567828058412,0.15860426252681345,0.184246975927672,1.0,1.0,1.0
PRORP,13,2,0.15384615384615385,5,0.05642023346303502,2.726790450928382,0.1464021950478827,0.16461325108037364,0.14639215288367527,1.0,1.0,1.0
DTYMK,13,2,0.15384615384615385,5,0.05642023346303502,2.726790450928382,0.1464021950478827,0.16461325108037364,0.14639215288367527,1.0,1.0,1.0
GOT2,13,2,0.15384615384615385,5,0.05642023346303502,2.726790450928382,0.1464021950478827,0.16461325108037364,0.14639215288367527,1.0,1.0,1.0
PLCL2,13,2,0.15384615384615385,5,0.05642023346303502,2.726790450928382,0.1464021950478827,0.16461325108037364,0.14639215288367527,1.0,1.0,1.0
GPR68,13,2,0.15384615384615385,5,0.05642023346303502,2.726790450928382,0.1464021950478827,0.16461325108037364,0.14639215288367527,1.0,1.0,1.0
ARRB2,13,2,0.15384615384615385,5,0.05642023346303502,2.726790450928382,0.1464021950478827,0.16461325108037364,0.14639215288367527,1.0,1.0,1.0
ATP5MC2,13,2,0.15384615384615385,5,0.05642023346303502,2.726790450928382,0.1464021950478827,0.16461325108037364,0.14639215288367527,1.0,1.0,1.0
RUNX3,13,2,0.15384615384615385,5,0.05642023346303502,2.726790450928382,0.1464021950478827,0.16461325108037364,0.14639215288367527,1.0,1.0,1.0
FBXW5,13,2,0.15384615384615385,5,0.05642023346303502,2.726790450928382,0.1464021950478827,0.16461325108037364,0.14639215288367527,1.0,1.0,1.0
SMC4,13,2,0.15384615384615385,5,0.05642023346303502,2.726790450928382,0.1464021950478827,0.16461325108037364,0.14639215288367527,1.0,1.0,1.0
TADA3,13,2,0.15384615384615385,5,0.05642023346303502,2.726790450928382,0.1464021950478827,0.16461325108037364,0.14639215288367527,1.0,1.0,1.0
PIK3IP1,13,2,0.15384615384615385,5,0.05642023346303502,2.726790450928382,0.1464021950478827,0.16461325108037364,0.14639215288367527,1.0,1.0,1.0
MACROH2A1,13,2,0.15384615384615385,5,0.05642023346303502,2.726790450928382,0.1464021950478827,0.16461325108037364,0.14639215288367527,1.0,1.0,1.0
TPX2,13,2,0.15384615384615385,5,0.05642023346303502,2.726790450928382,0.1464021950478827,0.16461325108037364,0.14639215288367527,1.0,1.0,1.0
STOML2,13,2,0.15384615384615385,5,0.05642023346303502,2.726790450928382,0.1464021950478827,0.16461325108037364,0.14639215288367527,1.0,1.0,1.0
CDK1,13,2,0.15384615384615385,5,0.05642023346303502,2.726790450928382,0.1464021950478827,0.16461325108037364,0.14639215288367527,1.0,1.0,1.0
PPP1R15B,13,2,0.15384615384615385,5,0.05642023346303502,2.726790450928382,0.1464021950478827,0.16461325108037364,0.14639215288367527,1.0,1.0,1.0
TFDP1,13,2,0.15384615384615385,5,0.05642023346303502,2.726790450928382,0.1464021950478827,0.16461325108037364,0.14639215288367527,1.0,1.0,1.0
MCRS1,13,2,0.15384615384615385,5,0.05642023346303502,2.726790450928382,0.1464021950478827,0.16461325108037364,0.14639215288367527,1.0,1.0,1.0
LMNB1,13,2,0.15384615384615385,5,0.05642023346303502,2.726790450928382,0.1464021950478827,0.16461325108037364,0.14639215288367527,1.0,1.0,1.0
CCDC167,13,2,0.15384615384615385,5,0.05642023346303502,2.726790450928382,0.1464021950478827,0.16461325108037364,0.14639215288367527,1.0,1.0,1.0
GPBP1,13,2,0.15384615384615385,5,0.05642023346303502,2.726790450928382,0.1464021950478827,0.16461325108037364,0.14639215288367527,1.0,1.0,1.0
CD53,13,2,0.15384615384615385,5,0.05642023346303502,2.726790450928382,0.1464021950478827,0.16461325108037364,0.14639215288367527,1.0,1.0,1.0
CTSS,13,2,0.15384615384615385,5,0.05642023346303502,2.726790450928382,0.1464021950478827,0.16461325108037364,0.14639215288367527,1.0,1.0,1.0
USP32,13,2,0.15384615384615385,5,0.05642023346303502,2.726790450928382,0.1464021950478827,0.16461325108037364,0.14639215288367527,1.0,1.0,1.0
SLC43A3,13,2,0.15384615384615385,5,0.05642023346303502,2.726790450928382,0.1464021950478827,0.16461325108037364,0.14639215288367527,1.0,1.0,1.0
XAF1,13,2,0.15384615384615385,5,0.05642023346303502,2.726790450928382,0.1464021950478827,0.16461325108037364,0.14639215288367527,1.0,1.0,1.0
ARHGDIA,13,2,0.15384615384615385,5,0.05642023346303502,2.726790450928382,0.1464021950478827,0.16461325108037364,0.14639215288367527,1.0,1.0,1.0
WDR13,13,2,0.15384615384615385,5,0.05642023346303502,2.726790450928382,0.1464021950478827,0.16461325108037364,0.14639215288367527,1.0,1.0,1.0
GPR160,13,2,0.15384615384615385,5,0.05642023346303502,2.726790450928382,0.1464021950478827,0.16461325108037364,0.14639215288367527,1.0,1.0,1.0
HOPX,32,3,0.09375,8,0.04450076623835907,2.106705298013245,0.23470129297555292,0.1690450559109325,0.23468206087966775,1.0,1.0,1.0
VIM,32,3,0.09375,8,0.04450076623835907,2.106705298013245,0.23470129297555292,0.1690450559109325,0.23468206087966775,1.0,1.0,1.0
NDUFA4,16,2,0.125,6,0.04769665362885702,2.6207289293849656,0.20366509052709564,0.17584732754706042,0.2036575266247207,1.0,1.0,1.0
XBP1,16,2,0.125,6,0.04769665362885702,2.6207289293849656,0.20366509052709564,0.17584732754706042,0.2036575266247207,1.0,1.0,1.0
NFIL3,16,2,0.125,6,0.04769665362885702,2.6207289293849656,0.20366509052709564,0.17584732754706042,0.2036575266247207,1.0,1.0,1.0
CRTC2,16,2,0.125,6,0.04769665362885702,2.6207289293849656,0.20366509052709564,0.17584732754706042,0.2036575266247207,1.0,1.0,1.0
TMEM106B,16,2,0.125,6,0.04769665362885702,2.6207289293849656,0.20366509052709564,0.17584732754706042,0.2036575266247207,1.0,1.0,1.0
HDAC4,16,2,0.125,6,0.04769665362885702,2.6207289293849656,0.20366509052709564,0.17584732754706042,0.2036575266247207,1.0,1.0,1.0
LRRC59,16,2,0.125,6,0.04769665362885702,2.6207289293849656,0.20366509052709564,0.17584732754706042,0.2036575266247207,1.0,1.0,1.0
XRN1,16,2,0.125,6,0.04769665362885702,2.6207289293849656,0.20366509052709564,0.17584732754706042,0.2036575266247207,1.0,1.0,1.0
LTA,16,2,0.125,6,0.04769665362885702,2.6207289293849656,0.20366509052709564,0.17584732754706042,0.2036575266247207,1.0,1.0,1.0
EMB,16,2,0.125,6,0.04769665362885702,2.6207289293849656,0.20366509052709564,0.17584732754706042,0.2036575266247207,1.0,1.0,1.0
WIPF1,16,2,0.125,6,0.04769665362885702,2.6207289293849656,0.20366509052709564,0.17584732754706042,0.2036575266247207,1.0,1.0,1.0
PRKAR1A,16,2,0.125,6,0.04769665362885702,2.6207289293849656,0.20366509052709564,0.17584732754706042,0.2036575266247207,1.0,1.0,1.0
USP48,16,2,0.125,6,0.04769665362885702,2.6207289293849656,0.20366509052709564,0.17584732754706042,0.2036575266247207,1.0,1.0,1.0
GTF3A,16,2,0.125,6,0.04769665362885702,2.6207289293849656,0.20366509052709564,0.17584732754706042,0.2036575266247207,1.0,1.0,1.0
TUBA1C,16,2,0.125,6,0.04769665362885702,2.6207289293849656,0.20366509052709564,0.17584732754706042,0.2036575266247207,1.0,1.0,1.0
USP12,16,2,0.125,6,0.04769665362885702,2.6207289293849656,0.20366509052709564,0.17584732754706042,0.2036575266247207,1.0,1.0,1.0
STAU2,16,2,0.125,6,0.04769665362885702,2.6207289293849656,0.20366509052709564,0.17584732754706042,0.2036575266247207,1.0,1.0,1.0
TNFSF10,33,3,0.09090909090909091,8,0.044503389330975536,2.042745334136063,0.24891745915873173,0.18022239465174614,0.24890022361504555,1.0,1.0,1.0
STX4,14,2,0.14285714285714285,5,0.056428075052119525,2.531667839549613,0.1651374767327931,0.18526709017071724,0.1651279462768245,1.0,1.0,1.0
NMT2,14,2,0.14285714285714285,5,0.056428075052119525,2.531667839549613,0.1651374767327931,0.18526709017071724,0.1651279462768245,1.0,1.0,1.0
PPP1R18,14,2,0.14285714285714285,5,0.056428075052119525,2.531667839549613,0.1651374767327931,0.18526709017071724,0.1651279462768245,1.0,1.0,1.0
TMEM65,14,2,0.14285714285714285,5,0.056428075052119525,2.531667839549613,0.1651374767327931,0.18526709017071724,0.1651279462768245,1.0,1.0,1.0
AGO2,14,2,0.14285714285714285,5,0.056428075052119525,2.531667839549613,0.1651374767327931,0.18526709017071724,0.1651279462768245,1.0,1.0,1.0
AIP,14,2,0.14285714285714285,5,0.056428075052119525,2.531667839549613,0.1651374767327931,0.18526709017071724,0.1651279462768245,1.0,1.0,1.0
TRAFD1,14,2,0.14285714285714285,5,0.056428075052119525,2.531667839549613,0.1651374767327931,0.18526709017071724,0.1651279462768245,1.0,1.0,1.0
SLAMF1,14,2,0.14285714285714285,5,0.056428075052119525,2.531667839549613,0.1651374767327931,0.18526709017071724,0.1651279462768245,1.0,1.0,1.0
HK2,14,2,0.14285714285714285,5,0.056428075052119525,2.531667839549613,0.1651374767327931,0.18526709017071724,0.1651279462768245,1.0,1.0,1.0
SNRPC,14,2,0.14285714285714285,5,0.056428075052119525,2.531667839549613,0.1651374767327931,0.18526709017071724,0.1651279462768245,1.0,1.0,1.0
TIMM10,14,2,0.14285714285714285,5,0.056428075052119525,2.531667839549613,0.1651374767327931,0.18526709017071724,0.1651279462768245,1.0,1.0,1.0
SLC25A1,14,2,0.14285714285714285,5,0.056428075052119525,2.531667839549613,0.1651374767327931,0.18526709017071724,0.1651279462768245,1.0,1.0,1.0
PBX2,14,2,0.14285714285714285,5,0.056428075052119525,2.531667839549613,0.1651374767327931,0.18526709017071724,0.1651279462768245,1.0,1.0,1.0
NDFIP2,14,2,0.14285714285714285,5,0.056428075052119525,2.531667839549613,0.1651374767327931,0.18526709017071724,0.1651279462768245,1.0,1.0,1.0
FAM241A,14,2,0.14285714285714285,5,0.056428075052119525,2.531667839549613,0.1651374767327931,0.18526709017071724,0.1651279462768245,1.0,1.0,1.0
GPI,14,2,0.14285714285714285,5,0.056428075052119525,2.531667839549613,0.1651374767327931,0.18526709017071724,0.1651279462768245,1.0,1.0,1.0
TRIM5,14,2,0.14285714285714285,5,0.056428075052119525,2.531667839549613,0.1651374767327931,0.18526709017071724,0.1651279462768245,1.0,1.0,1.0
DDX5,14,2,0.14285714285714285,5,0.056428075052119525,2.531667839549613,0.1651374767327931,0.18526709017071724,0.1651279462768245,1.0,1.0,1.0
TRAPPC5,14,2,0.14285714285714285,5,0.056428075052119525,2.531667839549613,0.1651374767327931,0.18526709017071724,0.1651279462768245,1.0,1.0,1.0
C9orf78,14,2,0.14285714285714285,5,0.056428075052119525,2.531667839549613,0.1651374767327931,0.18526709017071724,0.1651279462768245,1.0,1.0,1.0
SRM,14,2,0.14285714285714285,5,0.056428075052119525,2.531667839549613,0.1651374767327931,0.18526709017071724,0.1651279462768245,1.0,1.0,1.0
REEP5,14,2,0.14285714285714285,5,0.056428075052119525,2.531667839549613,0.1651374767327931,0.18526709017071724,0.1651279462768245,1.0,1.0,1.0
BTN3A2,17,2,0.11764705882352941,6,0.04770183635770944,2.466300415382554,0.22328257118933412,0.19336703982158243,0.22327644586562506,1.0,1.0,1.0
STING1,17,2,0.11764705882352941,6,0.04770183635770944,2.466300415382554,0.22328257118933412,0.19336703982158243,0.22327644586562506,1.0,1.0,1.0
MSI2,17,2,0.11764705882352941,6,0.04770183635770944,2.466300415382554,0.22328257118933412,0.19336703982158243,0.22327644586562506,1.0,1.0,1.0
SUMO3,17,2,0.11764705882352941,6,0.04770183635770944,2.466300415382554,0.22328257118933412,0.19336703982158243,0.22327644586562506,1.0,1.0,1.0
APBB1IP,17,2,0.11764705882352941,6,0.04770183635770944,2.466300415382554,0.22328257118933412,0.19336703982158243,0.22327644586562506,1.0,1.0,1.0
KLF3,17,2,0.11764705882352941,6,0.04770183635770944,2.466300415382554,0.22328257118933412,0.19336703982158243,0.22327644586562506,1.0,1.0,1.0
GOLM2,17,2,0.11764705882352941,6,0.04770183635770944,2.466300415382554,0.22328257118933412,0.19336703982158243,0.22327644586562506,1.0,1.0,1.0
HERPUD1,17,2,0.11764705882352941,6,0.04770183635770944,2.466300415382554,0.22328257118933412,0.19336703982158243,0.22327644586562506,1.0,1.0,1.0
VDR,17,2,0.11764705882352941,6,0.04770183635770944,2.466300415382554,0.22328257118933412,0.19336703982158243,0.22327644586562506,1.0,1.0,1.0
IGSF9B,17,2,0.11764705882352941,6,0.04770183635770944,2.466300415382554,0.22328257118933412,0.19336703982158243,0.22327644586562506,1.0,1.0,1.0
STK4,17,2,0.11764705882352941,6,0.04770183635770944,2.466300415382554,0.22328257118933412,0.19336703982158243,0.22327644586562506,1.0,1.0,1.0
PRDM1,17,2,0.11764705882352941,6,0.04770183635770944,2.466300415382554,0.22328257118933412,0.19336703982158243,0.22327644586562506,1.0,1.0,1.0
SBK1,17,2,0.11764705882352941,6,0.04770183635770944,2.466300415382554,0.22328257118933412,0.19336703982158243,0.22327644586562506,1.0,1.0,1.0
SERBP1,18,2,0.1111111111111111,7,0.04511641387305575,2.4627646918867474,0.24303289849160203,0.1939004562407811,0.24302849827175294,1.0,1.0,1.0
NDFIP1,18,2,0.1111111111111111,7,0.04511641387305575,2.4627646918867474,0.24303289849160203,0.1939004562407811,0.24302849827175294,1.0,1.0,1.0
SREBF2,18,2,0.1111111111111111,7,0.04511641387305575,2.4627646918867474,0.24303289849160203,0.1939004562407811,0.24302849827175294,1.0,1.0,1.0
JARID2,18,2,0.1111111111111111,7,0.04511641387305575,2.4627646918867474,0.24303289849160203,0.1939004562407811,0.24302849827175294,1.0,1.0,1.0
HEMK1,18,2,0.1111111111111111,7,0.04511641387305575,2.4627646918867474,0.24303289849160203,0.1939004562407811,0.24302849827175294,1.0,1.0,1.0
FRMD4B,18,2,0.1111111111111111,7,0.04511641387305575,2.4627646918867474,0.24303289849160203,0.1939004562407811,0.24302849827175294,1.0,1.0,1.0
MKI67,18,2,0.1111111111111111,7,0.04511641387305575,2.4627646918867474,0.24303289849160203,0.1939004562407811,0.24302849827175294,1.0,1.0,1.0
SLC38A1,18,2,0.1111111111111111,7,0.04511641387305575,2.4627646918867474,0.24303289849160203,0.1939004562407811,0.24302849827175294,1.0,1.0,1.0
VASP,19,2,0.10526315789473684,7,0.045120772946859906,2.332920094669221,0.26284816902874475,0.21064585368479916,0.2628457641444264,1.0,1.0,1.0
PTDSS1,19,2,0.10526315789473684,7,0.045120772946859906,2.332920094669221,0.26284816902874475,0.21064585368479916,0.2628457641444264,1.0,1.0,1.0
MT2A,19,2,0.10526315789473684,7,0.045120772946859906,2.332920094669221,0.26284816902874475,0.21064585368479916,0.2628457641444264,1.0,1.0,1.0
ACP5,19,2,0.10526315789473684,7,0.045120772946859906,2.332920094669221,0.26284816902874475,0.21064585368479916,0.2628457641444264,1.0,1.0,1.0
AHSA1,19,2,0.10526315789473684,7,0.045120772946859906,2.332920094669221,0.26284816902874475,0.21064585368479916,0.2628457641444264,1.0,1.0,1.0
BLMH,19,2,0.10526315789473684,7,0.045120772946859906,2.332920094669221,0.26284816902874475,0.21064585368479916,0.2628457641444264,1.0,1.0,1.0
SMARCA2,19,2,0.10526315789473684,7,0.045120772946859906,2.332920094669221,0.26284816902874475,0.21064585368479916,0.2628457641444264,1.0,1.0,1.0
CTSC,19,2,0.10526315789473684,7,0.045120772946859906,2.332920094669221,0.26284816902874475,0.21064585368479916,0.2628457641444264,1.0,1.0,1.0
MAD1L1,19,2,0.10526315789473684,7,0.045120772946859906,2.332920094669221,0.26284816902874475,0.21064585368479916,0.2628457641444264,1.0,1.0,1.0
WNK1,19,2,0.10526315789473684,7,0.045120772946859906,2.332920094669221,0.26284816902874475,0.21064585368479916,0.2628457641444264,1.0,1.0,1.0
DNAJB9,19,2,0.10526315789473684,7,0.045120772946859906,2.332920094669221,0.26284816902874475,0.21064585368479916,0.2628457641444264,1.0,1.0,1.0
ARL8A,19,2,0.10526315789473684,7,0.045120772946859906,2.332920094669221,0.26284816902874475,0.21064585368479916,0.2628457641444264,1.0,1.0,1.0
TOMM22,20,2,0.1,7,0.04512513286307856,2.2160599571734476,0.2826672370042156,0.22752759248243606,0.2826670793100081,1.0,1.0,1.0
GAB2,20,2,0.1,7,0.04512513286307856,2.2160599571734476,0.2826672370042156,0.22752759248243606,0.2826670793100081,1.0,1.0,1.0
ITGA5,20,2,0.1,7,0.04512513286307856,2.2160599571734476,0.2826672370042156,0.22752759248243606,0.2826670793100081,1.0,1.0,1.0
PYCR1,20,2,0.1,7,0.04512513286307856,2.2160599571734476,0.2826672370042156,0.22752759248243606,0.2826670793100081,1.0,1.0,1.0
SLC16A3,20,2,0.1,7,0.04512513286307856,2.2160599571734476,0.2826672370042156,0.22752759248243606,0.2826670793100081,1.0,1.0,1.0
ERGIC3,20,2,0.1,7,0.04512513286307856,2.2160599571734476,0.2826672370042156,0.22752759248243606,0.2826670793100081,1.0,1.0,1.0
FUBP1,20,2,0.1,7,0.04512513286307856,2.2160599571734476,0.2826672370042156,0.22752759248243606,0.2826670793100081,1.0,1.0,1.0
MSN,20,2,0.1,7,0.04512513286307856,2.2160599571734476,0.2826672370042156,0.22752759248243606,0.2826670793100081,1.0,1.0,1.0
TMX4,20,2,0.1,7,0.04512513286307856,2.2160599571734476,0.2826672370042156,0.22752759248243606,0.2826670793100081,1.0,1.0,1.0
PRKACA,20,2,0.1,7,0.04512513286307856,2.2160599571734476,0.2826672370042156,0.22752759248243606,0.2826670793100081,1.0,1.0,1.0
HNRNPAB,20,2,0.1,7,0.04512513286307856,2.2160599571734476,0.2826672370042156,0.22752759248243606,0.2826670793100081,1.0,1.0,1.0
CD3G,20,2,0.1,7,0.04512513286307856,2.2160599571734476,0.2826672370042156,0.22752759248243606,0.2826670793100081,1.0,1.0,1.0
FOSL2,20,2,0.1,7,0.04512513286307856,2.2160599571734476,0.2826672370042156,0.22752759248243606,0.2826670793100081,1.0,1.0,1.0
NUCKS1,20,2,0.1,7,0.04512513286307856,2.2160599571734476,0.2826672370042156,0.22752759248243606,0.2826670793100081,1.0,1.0,1.0
PCLAF,20,2,0.1,7,0.04512513286307856,2.2160599571734476,0.2826672370042156,0.22752759248243606,0.2826670793100081,1.0,1.0,1.0
EVL,38,3,0.07894736842105263,8,0.044516509433962265,1.7734402230742419,0.3213395151338363,0.23864220480922044,0.32133575482407756,1.0,1.0,1.0
NME2,38,3,0.07894736842105263,8,0.044516509433962265,1.7734402230742419,0.3213395151338363,0.23864220480922044,0.32133575482407756,1.0,1.0,1.0
RASGRP1,21,2,0.09523809523809523,7,0.04512949362195593,2.1103293565820334,0.302435192159222,0.24449948337745778,0.30243751357871784,1.0,1.0,1.0
PNP,21,2,0.09523809523809523,7,0.04512949362195593,2.1103293565820334,0.302435192159222,0.24449948337745778,0.30243751357871784,1.0,1.0,1.0
GRK2,21,2,0.09523809523809523,7,0.04512949362195593,2.1103293565820334,0.302435192159222,0.24449948337745778,0.30243751357871784,1.0,1.0,1.0
PSMA3,21,2,0.09523809523809523,7,0.04512949362195593,2.1103293565820334,0.302435192159222,0.24449948337745778,0.30243751357871784,1.0,1.0,1.0
PHLDA1,21,2,0.09523809523809523,7,0.04512949362195593,2.1103293565820334,0.302435192159222,0.24449948337745778,0.30243751357871784,1.0,1.0,1.0
RCSD1,21,2,0.09523809523809523,7,0.04512949362195593,2.1103293565820334,0.302435192159222,0.24449948337745778,0.30243751357871784,1.0,1.0,1.0
TUFM,21,2,0.09523809523809523,7,0.04512949362195593,2.1103293565820334,0.302435192159222,0.24449948337745778,0.30243751357871784,1.0,1.0,1.0
CEP120,5,1,0.2,0,0.055333419321552946,3.6144522144522147,0.23614552682194823,0.24769706128990643,0.2361505913563513,1.0,1.0,1.0
CCL4,5,1,0.2,0,0.055333419321552946,3.6144522144522147,0.23614552682194823,0.24769706128990643,0.2361505913563513,1.0,1.0,1.0
SNX1,5,1,0.2,0,0.055333419321552946,3.6144522144522147,0.23614552682194823,0.24769706128990643,0.2361505913563513,1.0,1.0,1.0
FOCAD,5,1,0.2,0,0.055333419321552946,3.6144522144522147,0.23614552682194823,0.24769706128990643,0.2361505913563513,1.0,1.0,1.0
GALT,5,1,0.2,0,0.055333419321552946,3.6144522144522147,0.23614552682194823,0.24769706128990643,0.2361505913563513,1.0,1.0,1.0
ZSWIM8,5,1,0.2,0,0.055333419321552946,3.6144522144522147,0.23614552682194823,0.24769706128990643,0.2361505913563513,1.0,1.0,1.0
GCN1,5,1,0.2,0,0.055333419321552946,3.6144522144522147,0.23614552682194823,0.24769706128990643,0.2361505913563513,1.0,1.0,1.0
TRPC4AP,5,1,0.2,0,0.055333419321552946,3.6144522144522147,0.23614552682194823,0.24769706128990643,0.2361505913563513,1.0,1.0,1.0
PIGV,5,1,0.2,0,0.055333419321552946,3.6144522144522147,0.23614552682194823,0.24769706128990643,0.2361505913563513,1.0,1.0,1.0
PDXP,5,1,0.2,0,0.055333419321552946,3.6144522144522147,0.23614552682194823,0.24769706128990643,0.2361505913563513,1.0,1.0,1.0
TULP3,5,1,0.2,0,0.055333419321552946,3.6144522144522147,0.23614552682194823,0.24769706128990643,0.2361505913563513,1.0,1.0,1.0
CCL3,5,1,0.2,0,0.055333419321552946,3.6144522144522147,0.23614552682194823,0.24769706128990643,0.2361505913563513,1.0,1.0,1.0
CDS2,5,1,0.2,0,0.055333419321552946,3.6144522144522147,0.23614552682194823,0.24769706128990643,0.2361505913563513,1.0,1.0,1.0
ABTB1,5,1,0.2,0,0.055333419321552946,3.6144522144522147,0.23614552682194823,0.24769706128990643,0.2361505913563513,1.0,1.0,1.0
SLC35F6,5,1,0.2,0,0.055333419321552946,3.6144522144522147,0.23614552682194823,0.24769706128990643,0.2361505913563513,1.0,1.0,1.0
U2SURP,5,1,0.2,0,0.055333419321552946,3.6144522144522147,0.23614552682194823,0.24769706128990643,0.2361505913563513,1.0,1.0,1.0
GLRX5,5,1,0.2,0,0.055333419321552946,3.6144522144522147,0.23614552682194823,0.24769706128990643,0.2361505913563513,1.0,1.0,1.0
TUBG1,5,1,0.2,0,0.055333419321552946,3.6144522144522147,0.23614552682194823,0.24769706128990643,0.2361505913563513,1.0,1.0,1.0
SNX4,5,1,0.2,0,0.055333419321552946,3.6144522144522147,0.23614552682194823,0.24769706128990643,0.2361505913563513,1.0,1.0,1.0
CENPA,5,1,0.2,0,0.055333419321552946,3.6144522144522147,0.23614552682194823,0.24769706128990643,0.2361505913563513,1.0,1.0,1.0
ACBD3,5,1,0.2,0,0.055333419321552946,3.6144522144522147,0.23614552682194823,0.24769706128990643,0.2361505913563513,1.0,1.0,1.0
ARMH3,5,1,0.2,0,0.055333419321552946,3.6144522144522147,0.23614552682194823,0.24769706128990643,0.2361505913563513,1.0,1.0,1.0
RBFA,5,1,0.2,0,0.055333419321552946,3.6144522144522147,0.23614552682194823,0.24769706128990643,0.2361505913563513,1.0,1.0,1.0
RBM39,5,1,0.2,0,0.055333419321552946,3.6144522144522147,0.23614552682194823,0.24769706128990643,0.2361505913563513,1.0,1.0,1.0
RCHY1,5,1,0.2,0,0.055333419321552946,3.6144522144522147,0.23614552682194823,0.24769706128990643,0.2361505913563513,1.0,1.0,1.0
COP1,5,1,0.2,0,0.055333419321552946,3.6144522144522147,0.23614552682194823,0.24769706128990643,0.2361505913563513,1.0,1.0,1.0
AGAP2,5,1,0.2,0,0.055333419321552946,3.6144522144522147,0.23614552682194823,0.24769706128990643,0.2361505913563513,1.0,1.0,1.0
TOMM6,5,1,0.2,0,0.055333419321552946,3.6144522144522147,0.23614552682194823,0.24769706128990643,0.2361505913563513,1.0,1.0,1.0
LZTS2,5,1,0.2,0,0.055333419321552946,3.6144522144522147,0.23614552682194823,0.24769706128990643,0.2361505913563513,1.0,1.0,1.0
TADA2A,5,1,0.2,0,0.055333419321552946,3.6144522144522147,0.23614552682194823,0.24769706128990643,0.2361505913563513,1.0,1.0,1.0
NPHP3,5,1,0.2,0,0.055333419321552946,3.6144522144522147,0.23614552682194823,0.24769706128990643,0.2361505913563513,1.0,1.0,1.0
YJU2,5,1,0.2,0,0.055333419321552946,3.6144522144522147,0.23614552682194823,0.24769706128990643,0.2361505913563513,1.0,1.0,1.0
TOP2B,5,1,0.2,0,0.055333419321552946,3.6144522144522147,0.23614552682194823,0.24769706128990643,0.2361505913563513,1.0,1.0,1.0
RBBP8,5,1,0.2,0,0.055333419321552946,3.6144522144522147,0.23614552682194823,0.24769706128990643,0.2361505913563513,1.0,1.0,1.0
ATP5MC1,5,1,0.2,0,0.055333419321552946,3.6144522144522147,0.23614552682194823,0.24769706128990643,0.2361505913563513,1.0,1.0,1.0
THOP1,5,1,0.2,0,0.055333419321552946,3.6144522144522147,0.23614552682194823,0.24769706128990643,0.2361505913563513,1.0,1.0,1.0
WRAP53,5,1,0.2,0,0.055333419321552946,3.6144522144522147,0.23614552682194823,0.24769706128990643,0.2361505913563513,1.0,1.0,1.0
DNAAF5,5,1,0.2,0,0.055333419321552946,3.6144522144522147,0.23614552682194823,0.24769706128990643,0.2361505913563513,1.0,1.0,1.0
WDR6,5,1,0.2,0,0.055333419321552946,3.6144522144522147,0.23614552682194823,0.24769706128990643,0.2361505913563513,1.0,1.0,1.0
SLC25A51,5,1,0.2,0,0.055333419321552946,3.6144522144522147,0.23614552682194823,0.24769706128990643,0.2361505913563513,1.0,1.0,1.0
LDLR,5,1,0.2,0,0.055333419321552946,3.6144522144522147,0.23614552682194823,0.24769706128990643,0.2361505913563513,1.0,1.0,1.0
EPG5,5,1,0.2,0,0.055333419321552946,3.6144522144522147,0.23614552682194823,0.24769706128990643,0.2361505913563513,1.0,1.0,1.0
THYN1,5,1,0.2,0,0.055333419321552946,3.6144522144522147,0.23614552682194823,0.24769706128990643,0.2361505913563513,1.0,1.0,1.0
RNF4,5,1,0.2,0,0.055333419321552946,3.6144522144522147,0.23614552682194823,0.24769706128990643,0.2361505913563513,1.0,1.0,1.0
PPIL3,5,1,0.2,0,0.055333419321552946,3.6144522144522147,0.23614552682194823,0.24769706128990643,0.2361505913563513,1.0,1.0,1.0
BAZ1A,5,1,0.2,0,0.055333419321552946,3.6144522144522147,0.23614552682194823,0.24769706128990643,0.2361505913563513,1.0,1.0,1.0
CLSPN,5,1,0.2,0,0.055333419321552946,3.6144522144522147,0.23614552682194823,0.24769706128990643,0.2361505913563513,1.0,1.0,1.0
TOR1A,5,1,0.2,0,0.055333419321552946,3.6144522144522147,0.23614552682194823,0.24769706128990643,0.2361505913563513,1.0,1.0,1.0
KNTC1,5,1,0.2,0,0.055333419321552946,3.6144522144522147,0.23614552682194823,0.24769706128990643,0.2361505913563513,1.0,1.0,1.0
PRAF2,5,1,0.2,0,0.055333419321552946,3.6144522144522147,0.23614552682194823,0.24769706128990643,0.2361505913563513,1.0,1.0,1.0
ZCCHC4,5,1,0.2,0,0.055333419321552946,3.6144522144522147,0.23614552682194823,0.24769706128990643,0.2361505913563513,1.0,1.0,1.0
NDUFA10,5,1,0.2,0,0.055333419321552946,3.6144522144522147,0.23614552682194823,0.24769706128990643,0.2361505913563513,1.0,1.0,1.0
NCOA4,5,1,0.2,0,0.055333419321552946,3.6144522144522147,0.23614552682194823,0.24769706128990643,0.2361505913563513,1.0,1.0,1.0
AKT2,5,1,0.2,0,0.055333419321552946,3.6144522144522147,0.23614552682194823,0.24769706128990643,0.2361505913563513,1.0,1.0,1.0
ANKRD13B,5,1,0.2,0,0.055333419321552946,3.6144522144522147,0.23614552682194823,0.24769706128990643,0.2361505913563513,1.0,1.0,1.0
MYCBP2,5,1,0.2,0,0.055333419321552946,3.6144522144522147,0.23614552682194823,0.24769706128990643,0.2361505913563513,1.0,1.0,1.0
MXD3,5,1,0.2,0,0.055333419321552946,3.6144522144522147,0.23614552682194823,0.24769706128990643,0.2361505913563513,1.0,1.0,1.0
TCF3,5,1,0.2,0,0.055333419321552946,3.6144522144522147,0.23614552682194823,0.24769706128990643,0.2361505913563513,1.0,1.0,1.0
NEK8,5,1,0.2,0,0.055333419321552946,3.6144522144522147,0.23614552682194823,0.24769706128990643,0.2361505913563513,1.0,1.0,1.0
MTO1,5,1,0.2,0,0.055333419321552946,3.6144522144522147,0.23614552682194823,0.24769706128990643,0.2361505913563513,1.0,1.0,1.0
MTM1,5,1,0.2,0,0.055333419321552946,3.6144522144522147,0.23614552682194823,0.24769706128990643,0.2361505913563513,1.0,1.0,1.0
PTPRE,5,1,0.2,0,0.055333419321552946,3.6144522144522147,0.23614552682194823,0.24769706128990643,0.2361505913563513,1.0,1.0,1.0
DNPEP,5,1,0.2,0,0.055333419321552946,3.6144522144522147,0.23614552682194823,0.24769706128990643,0.2361505913563513,1.0,1.0,1.0
ARL1,5,1,0.2,0,0.055333419321552946,3.6144522144522147,0.23614552682194823,0.24769706128990643,0.2361505913563513,1.0,1.0,1.0
ZMYM1,5,1,0.2,0,0.055333419321552946,3.6144522144522147,0.23614552682194823,0.24769706128990643,0.2361505913563513,1.0,1.0,1.0
MPHOSPH6,5,1,0.2,0,0.055333419321552946,3.6144522144522147,0.23614552682194823,0.24769706128990643,0.2361505913563513,1.0,1.0,1.0
ZGRF1,5,1,0.2,0,0.055333419321552946,3.6144522144522147,0.23614552682194823,0.24769706128990643,0.2361505913563513,1.0,1.0,1.0
E2F8,5,1,0.2,0,0.055333419321552946,3.6144522144522147,0.23614552682194823,0.24769706128990643,0.2361505913563513,1.0,1.0,1.0
AIMP2,5,1,0.2,0,0.055333419321552946,3.6144522144522147,0.23614552682194823,0.24769706128990643,0.2361505913563513,1.0,1.0,1.0
MIX23,5,1,0.2,0,0.055333419321552946,3.6144522144522147,0.23614552682194823,0.24769706128990643,0.2361505913563513,1.0,1.0,1.0
TBC1D4,5,1,0.2,0,0.055333419321552946,3.6144522144522147,0.23614552682194823,0.24769706128990643,0.2361505913563513,1.0,1.0,1.0
AIDA,5,1,0.2,0,0.055333419321552946,3.6144522144522147,0.23614552682194823,0.24769706128990643,0.2361505913563513,1.0,1.0,1.0
NHEJ1,5,1,0.2,0,0.055333419321552946,3.6144522144522147,0.23614552682194823,0.24769706128990643,0.2361505913563513,1.0,1.0,1.0
MFSD10,5,1,0.2,0,0.055333419321552946,3.6144522144522147,0.23614552682194823,0.24769706128990643,0.2361505913563513,1.0,1.0,1.0
RANBP3,5,1,0.2,0,0.055333419321552946,3.6144522144522147,0.23614552682194823,0.24769706128990643,0.2361505913563513,1.0,1.0,1.0
EFTUD2,5,1,0.2,0,0.055333419321552946,3.6144522144522147,0.23614552682194823,0.24769706128990643,0.2361505913563513,1.0,1.0,1.0
TMEM50B,5,1,0.2,0,0.055333419321552946,3.6144522144522147,0.23614552682194823,0.24769706128990643,0.2361505913563513,1.0,1.0,1.0
TBRG4,5,1,0.2,0,0.055333419321552946,3.6144522144522147,0.23614552682194823,0.24769706128990643,0.2361505913563513,1.0,1.0,1.0
RRM1,5,1,0.2,0,0.055333419321552946,3.6144522144522147,0.23614552682194823,0.24769706128990643,0.2361505913563513,1.0,1.0,1.0
PPIP5K2,5,1,0.2,0,0.055333419321552946,3.6144522144522147,0.23614552682194823,0.24769706128990643,0.2361505913563513,1.0,1.0,1.0
EXOSC9,5,1,0.2,0,0.055333419321552946,3.6144522144522147,0.23614552682194823,0.24769706128990643,0.2361505913563513,1.0,1.0,1.0
TRAPPC13,5,1,0.2,0,0.055333419321552946,3.6144522144522147,0.23614552682194823,0.24769706128990643,0.2361505913563513,1.0,1.0,1.0
FITM2,5,1,0.2,0,0.055333419321552946,3.6144522144522147,0.23614552682194823,0.24769706128990643,0.2361505913563513,1.0,1.0,1.0
CHD4,5,1,0.2,0,0.055333419321552946,3.6144522144522147,0.23614552682194823,0.24769706128990643,0.2361505913563513,1.0,1.0,1.0
FAM43A,5,1,0.2,0,0.055333419321552946,3.6144522144522147,0.23614552682194823,0.24769706128990643,0.2361505913563513,1.0,1.0,1.0
DIS3,5,1,0.2,0,0.055333419321552946,3.6144522144522147,0.23614552682194823,0.24769706128990643,0.2361505913563513,1.0,1.0,1.0
HMGXB4,5,1,0.2,0,0.055333419321552946,3.6144522144522147,0.23614552682194823,0.24769706128990643,0.2361505913563513,1.0,1.0,1.0
ING1,5,1,0.2,0,0.055333419321552946,3.6144522144522147,0.23614552682194823,0.24769706128990643,0.2361505913563513,1.0,1.0,1.0
CUL3,5,1,0.2,0,0.055333419321552946,3.6144522144522147,0.23614552682194823,0.24769706128990643,0.2361505913563513,1.0,1.0,1.0
KLHL28,5,1,0.2,0,0.055333419321552946,3.6144522144522147,0.23614552682194823,0.24769706128990643,0.2361505913563513,1.0,1.0,1.0
SENP1,5,1,0.2,0,0.055333419321552946,3.6144522144522147,0.23614552682194823,0.24769706128990643,0.2361505913563513,1.0,1.0,1.0
SENP3,5,1,0.2,0,0.055333419321552946,3.6144522144522147,0.23614552682194823,0.24769706128990643,0.2361505913563513,1.0,1.0,1.0
FBXL19,5,1,0.2,0,0.055333419321552946,3.6144522144522147,0.23614552682194823,0.24769706128990643,0.2361505913563513,1.0,1.0,1.0
USB1,5,1,0.2,0,0.055333419321552946,3.6144522144522147,0.23614552682194823,0.24769706128990643,0.2361505913563513,1.0,1.0,1.0
UQCRQ,5,1,0.2,0,0.055333419321552946,3.6144522144522147,0.23614552682194823,0.24769706128990643,0.2361505913563513,1.0,1.0,1.0
CBL,5,1,0.2,0,0.055333419321552946,3.6144522144522147,0.23614552682194823,0.24769706128990643,0.2361505913563513,1.0,1.0,1.0
ACLY,5,1,0.2,0,0.055333419321552946,3.6144522144522147,0.23614552682194823,0.24769706128990643,0.2361505913563513,1.0,1.0,1.0
UBXN7,5,1,0.2,0,0.055333419321552946,3.6144522144522147,0.23614552682194823,0.24769706128990643,0.2361505913563513,1.0,1.0,1.0
TMEM241,5,1,0.2,0,0.055333419321552946,3.6144522144522147,0.23614552682194823,0.24769706128990643,0.2361505913563513,1.0,1.0,1.0
SRPK2,5,1,0.2,0,0.055333419321552946,3.6144522144522147,0.23614552682194823,0.24769706128990643,0.2361505913563513,1.0,1.0,1.0
CALM2,5,1,0.2,0,0.055333419321552946,3.6144522144522147,0.23614552682194823,0.24769706128990643,0.2361505913563513,1.0,1.0,1.0
PAICS,5,1,0.2,0,0.055333419321552946,3.6144522144522147,0.23614552682194823,0.24769706128990643,0.2361505913563513,1.0,1.0,1.0
HSPA4,5,1,0.2,0,0.055333419321552946,3.6144522144522147,0.23614552682194823,0.24769706128990643,0.2361505913563513,1.0,1.0,1.0
HSPA1B,5,1,0.2,0,0.055333419321552946,3.6144522144522147,0.23614552682194823,0.24769706128990643,0.2361505913563513,1.0,1.0,1.0
CASP6,5,1,0.2,0,0.055333419321552946,3.6144522144522147,0.23614552682194823,0.24769706128990643,0.2361505913563513,1.0,1.0,1.0
FEM1C,5,1,0.2,0,0.055333419321552946,3.6144522144522147,0.23614552682194823,0.24769706128990643,0.2361505913563513,1.0,1.0,1.0
ACY1,5,1,0.2,0,0.055333419321552946,3.6144522144522147,0.23614552682194823,0.24769706128990643,0.2361505913563513,1.0,1.0,1.0
VAMP4,5,1,0.2,0,0.055333419321552946,3.6144522144522147,0.23614552682194823,0.24769706128990643,0.2361505913563513,1.0,1.0,1.0
BUB1,5,1,0.2,0,0.055333419321552946,3.6144522144522147,0.23614552682194823,0.24769706128990643,0.2361505913563513,1.0,1.0,1.0
BRCA2,5,1,0.2,0,0.055333419321552946,3.6144522144522147,0.23614552682194823,0.24769706128990643,0.2361505913563513,1.0,1.0,1.0
CLK3,5,1,0.2,0,0.055333419321552946,3.6144522144522147,0.23614552682194823,0.24769706128990643,0.2361505913563513,1.0,1.0,1.0
KIF2C,5,1,0.2,0,0.055333419321552946,3.6144522144522147,0.23614552682194823,0.24769706128990643,0.2361505913563513,1.0,1.0,1.0
RTP4,5,1,0.2,0,0.055333419321552946,3.6144522144522147,0.23614552682194823,0.24769706128990643,0.2361505913563513,1.0,1.0,1.0
DLG3,5,1,0.2,0,0.055333419321552946,3.6144522144522147,0.23614552682194823,0.24769706128990643,0.2361505913563513,1.0,1.0,1.0
SAAL1,5,1,0.2,0,0.055333419321552946,3.6144522144522147,0.23614552682194823,0.24769706128990643,0.2361505913563513,1.0,1.0,1.0
DIXDC1,5,1,0.2,0,0.055333419321552946,3.6144522144522147,0.23614552682194823,0.24769706128990643,0.2361505913563513,1.0,1.0,1.0
KCTD20,5,1,0.2,0,0.055333419321552946,3.6144522144522147,0.23614552682194823,0.24769706128990643,0.2361505913563513,1.0,1.0,1.0
BLTP3B,5,1,0.2,0,0.055333419321552946,3.6144522144522147,0.23614552682194823,0.24769706128990643,0.2361505913563513,1.0,1.0,1.0
JRKL,5,1,0.2,0,0.055333419321552946,3.6144522144522147,0.23614552682194823,0.24769706128990643,0.2361505913563513,1.0,1.0,1.0
SPN,22,2,0.09090909090909091,7,0.04513385522373635,2.014210628771657,0.3221028738769113,0.2615191962291728,0.32210788530900786,1.0,1.0,1.0
HSPE1,22,2,0.09090909090909091,7,0.04513385522373635,2.014210628771657,0.3221028738769113,0.2615191962291728,0.32210788530900786,1.0,1.0,1.0
IDH1,22,2,0.09090909090909091,7,0.04513385522373635,2.014210628771657,0.3221028738769113,0.2615191962291728,0.32210788530900786,1.0,1.0,1.0
SLC39A8,22,2,0.09090909090909091,7,0.04513385522373635,2.014210628771657,0.3221028738769113,0.2615191962291728,0.32210788530900786,1.0,1.0,1.0
KIF3A,22,2,0.09090909090909091,7,0.04513385522373635,2.014210628771657,0.3221028738769113,0.2615191962291728,0.32210788530900786,1.0,1.0,1.0
YBX1,22,2,0.09090909090909091,7,0.04513385522373635,2.014210628771657,0.3221028738769113,0.2615191962291728,0.32210788530900786,1.0,1.0,1.0
TUBA4A,22,2,0.09090909090909091,7,0.04513385522373635,2.014210628771657,0.3221028738769113,0.2615191962291728,0.32210788530900786,1.0,1.0,1.0
ADA2,22,2,0.09090909090909091,7,0.04513385522373635,2.014210628771657,0.3221028738769113,0.2615191962291728,0.32210788530900786,1.0,1.0,1.0
ATF4,22,2,0.09090909090909091,7,0.04513385522373635,2.014210628771657,0.3221028738769113,0.2615191962291728,0.32210788530900786,1.0,1.0,1.0
DDX6,23,2,0.08695652173913043,8,0.0445360824742268,1.9524959742351047,0.3416264191030581,0.27333480093407914,0.34163430972611175,1.0,1.0,1.0
SLFN5,23,2,0.08695652173913043,8,0.0445360824742268,1.9524959742351047,0.3416264191030581,0.27333480093407914,0.34163430972611175,1.0,1.0,1.0
RNF149,23,2,0.08695652173913043,8,0.0445360824742268,1.9524959742351047,0.3416264191030581,0.27333480093407914,0.34163430972611175,1.0,1.0,1.0
EOGT,23,2,0.08695652173913043,8,0.0445360824742268,1.9524959742351047,0.3416264191030581,0.27333480093407914,0.34163430972611175,1.0,1.0,1.0
SLC16A1,23,2,0.08695652173913043,8,0.0445360824742268,1.9524959742351047,0.3416264191030581,0.27333480093407914,0.34163430972611175,1.0,1.0,1.0
TCP1,23,2,0.08695652173913043,8,0.0445360824742268,1.9524959742351047,0.3416264191030581,0.27333480093407914,0.34163430972611175,1.0,1.0,1.0
NDUFV2,23,2,0.08695652173913043,8,0.0445360824742268,1.9524959742351047,0.3416264191030581,0.27333480093407914,0.34163430972611175,1.0,1.0,1.0
LENG8,42,3,0.07142857142857142,8,0.04452701108752064,1.6041627246925259,0.3794894346128548,0.2873676166965317,0.37949987547497893,1.0,1.0,1.0
CYTIP,42,3,0.07142857142857142,8,0.04452701108752064,1.6041627246925259,0.3794894346128548,0.2873676166965317,0.37949987547497893,1.0,1.0,1.0
SQLE,6,1,0.16666666666666666,0,0.055340557275541796,3.0116550116550114,0.27620971178100495,0.28935677406833843,0.27621691017732947,1.0,1.0,1.0
TCP11L2,6,1,0.16666666666666666,0,0.055340557275541796,3.0116550116550114,0.27620971178100495,0.28935677406833843,0.27621691017732947,1.0,1.0,1.0
FLII,6,1,0.16666666666666666,0,0.055340557275541796,3.0116550116550114,0.27620971178100495,0.28935677406833843,0.27621691017732947,1.0,1.0,1.0
CRLF3,6,1,0.16666666666666666,0,0.055340557275541796,3.0116550116550114,0.27620971178100495,0.28935677406833843,0.27621691017732947,1.0,1.0,1.0
DPY19L1,6,1,0.16666666666666666,0,0.055340557275541796,3.0116550116550114,0.27620971178100495,0.28935677406833843,0.27621691017732947,1.0,1.0,1.0
SPTY2D1,6,1,0.16666666666666666,0,0.055340557275541796,3.0116550116550114,0.27620971178100495,0.28935677406833843,0.27621691017732947,1.0,1.0,1.0
TMOD3,6,1,0.16666666666666666,0,0.055340557275541796,3.0116550116550114,0.27620971178100495,0.28935677406833843,0.27621691017732947,1.0,1.0,1.0
CFAP97,6,1,0.16666666666666666,0,0.055340557275541796,3.0116550116550114,0.27620971178100495,0.28935677406833843,0.27621691017732947,1.0,1.0,1.0
CSF2,6,1,0.16666666666666666,0,0.055340557275541796,3.0116550116550114,0.27620971178100495,0.28935677406833843,0.27621691017732947,1.0,1.0,1.0
COQ2,6,1,0.16666666666666666,0,0.055340557275541796,3.0116550116550114,0.27620971178100495,0.28935677406833843,0.27621691017732947,1.0,1.0,1.0
CENPX,6,1,0.16666666666666666,0,0.055340557275541796,3.0116550116550114,0.27620971178100495,0.28935677406833843,0.27621691017732947,1.0,1.0,1.0
CMC2,6,1,0.16666666666666666,0,0.055340557275541796,3.0116550116550114,0.27620971178100495,0.28935677406833843,0.27621691017732947,1.0,1.0,1.0
ERAL1,6,1,0.16666666666666666,0,0.055340557275541796,3.0116550116550114,0.27620971178100495,0.28935677406833843,0.27621691017732947,1.0,1.0,1.0
EPRS1,6,1,0.16666666666666666,0,0.055340557275541796,3.0116550116550114,0.27620971178100495,0.28935677406833843,0.27621691017732947,1.0,1.0,1.0
THUMPD1,6,1,0.16666666666666666,0,0.055340557275541796,3.0116550116550114,0.27620971178100495,0.28935677406833843,0.27621691017732947,1.0,1.0,1.0
CLASRP,6,1,0.16666666666666666,0,0.055340557275541796,3.0116550116550114,0.27620971178100495,0.28935677406833843,0.27621691017732947,1.0,1.0,1.0
TRAF4,6,1,0.16666666666666666,0,0.055340557275541796,3.0116550116550114,0.27620971178100495,0.28935677406833843,0.27621691017732947,1.0,1.0,1.0
DNAJB12,6,1,0.16666666666666666,0,0.055340557275541796,3.0116550116550114,0.27620971178100495,0.28935677406833843,0.27621691017732947,1.0,1.0,1.0
TMEM43,6,1,0.16666666666666666,0,0.055340557275541796,3.0116550116550114,0.27620971178100495,0.28935677406833843,0.27621691017732947,1.0,1.0,1.0
TRAPPC4,6,1,0.16666666666666666,0,0.055340557275541796,3.0116550116550114,0.27620971178100495,0.28935677406833843,0.27621691017732947,1.0,1.0,1.0
FAM91A1,6,1,0.16666666666666666,0,0.055340557275541796,3.0116550116550114,0.27620971178100495,0.28935677406833843,0.27621691017732947,1.0,1.0,1.0
DIAPH3,6,1,0.16666666666666666,0,0.055340557275541796,3.0116550116550114,0.27620971178100495,0.28935677406833843,0.27621691017732947,1.0,1.0,1.0
TAF12,6,1,0.16666666666666666,0,0.055340557275541796,3.0116550116550114,0.27620971178100495,0.28935677406833843,0.27621691017732947,1.0,1.0,1.0
FAR1,6,1,0.16666666666666666,0,0.055340557275541796,3.0116550116550114,0.27620971178100495,0.28935677406833843,0.27621691017732947,1.0,1.0,1.0
DIAPH2,6,1,0.16666666666666666,0,0.055340557275541796,3.0116550116550114,0.27620971178100495,0.28935677406833843,0.27621691017732947,1.0,1.0,1.0
EFCAB11,6,1,0.16666666666666666,0,0.055340557275541796,3.0116550116550114,0.27620971178100495,0.28935677406833843,0.27621691017732947,1.0,1.0,1.0
TATDN2,6,1,0.16666666666666666,0,0.055340557275541796,3.0116550116550114,0.27620971178100495,0.28935677406833843,0.27621691017732947,1.0,1.0,1.0
CPSF2,6,1,0.16666666666666666,0,0.055340557275541796,3.0116550116550114,0.27620971178100495,0.28935677406833843,0.27621691017732947,1.0,1.0,1.0
CHCHD1,6,1,0.16666666666666666,0,0.055340557275541796,3.0116550116550114,0.27620971178100495,0.28935677406833843,0.27621691017732947,1.0,1.0,1.0
DLD,6,1,0.16666666666666666,0,0.055340557275541796,3.0116550116550114,0.27620971178100495,0.28935677406833843,0.27621691017732947,1.0,1.0,1.0
C18orf32,6,1,0.16666666666666666,0,0.055340557275541796,3.0116550116550114,0.27620971178100495,0.28935677406833843,0.27621691017732947,1.0,1.0,1.0
CEBPB,6,1,0.16666666666666666,0,0.055340557275541796,3.0116550116550114,0.27620971178100495,0.28935677406833843,0.27621691017732947,1.0,1.0,1.0
MED15,6,1,0.16666666666666666,0,0.055340557275541796,3.0116550116550114,0.27620971178100495,0.28935677406833843,0.27621691017732947,1.0,1.0,1.0
RALY,6,1,0.16666666666666666,0,0.055340557275541796,3.0116550116550114,0.27620971178100495,0.28935677406833843,0.27621691017732947,1.0,1.0,1.0
RAP2C,6,1,0.16666666666666666,0,0.055340557275541796,3.0116550116550114,0.27620971178100495,0.28935677406833843,0.27621691017732947,1.0,1.0,1.0
MBNL2,6,1,0.16666666666666666,0,0.055340557275541796,3.0116550116550114,0.27620971178100495,0.28935677406833843,0.27621691017732947,1.0,1.0,1.0
ARL5B,6,1,0.16666666666666666,0,0.055340557275541796,3.0116550116550114,0.27620971178100495,0.28935677406833843,0.27621691017732947,1.0,1.0,1.0
MBD3,6,1,0.16666666666666666,0,0.055340557275541796,3.0116550116550114,0.27620971178100495,0.28935677406833843,0.27621691017732947,1.0,1.0,1.0
RASSF7,6,1,0.16666666666666666,0,0.055340557275541796,3.0116550116550114,0.27620971178100495,0.28935677406833843,0.27621691017732947,1.0,1.0,1.0
RBM15,6,1,0.16666666666666666,0,0.055340557275541796,3.0116550116550114,0.27620971178100495,0.28935677406833843,0.27621691017732947,1.0,1.0,1.0
ATAD5,6,1,0.16666666666666666,0,0.055340557275541796,3.0116550116550114,0.27620971178100495,0.28935677406833843,0.27621691017732947,1.0,1.0,1.0
LZIC,6,1,0.16666666666666666,0,0.055340557275541796,3.0116550116550114,0.27620971178100495,0.28935677406833843,0.27621691017732947,1.0,1.0,1.0
RGS14,6,1,0.16666666666666666,0,0.055340557275541796,3.0116550116550114,0.27620971178100495,0.28935677406833843,0.27621691017732947,1.0,1.0,1.0
RITA1,6,1,0.16666666666666666,0,0.055340557275541796,3.0116550116550114,0.27620971178100495,0.28935677406833843,0.27621691017732947,1.0,1.0,1.0
RNPS1,6,1,0.16666666666666666,0,0.055340557275541796,3.0116550116550114,0.27620971178100495,0.28935677406833843,0.27621691017732947,1.0,1.0,1.0
RP2,6,1,0.16666666666666666,0,0.055340557275541796,3.0116550116550114,0.27620971178100495,0.28935677406833843,0.27621691017732947,1.0,1.0,1.0
MED23,6,1,0.16666666666666666,0,0.055340557275541796,3.0116550116550114,0.27620971178100495,0.28935677406833843,0.27621691017732947,1.0,1.0,1.0
RPIA,6,1,0.16666666666666666,0,0.055340557275541796,3.0116550116550114,0.27620971178100495,0.28935677406833843,0.27621691017732947,1.0,1.0,1.0
RSAD2,6,1,0.16666666666666666,0,0.055340557275541796,3.0116550116550114,0.27620971178100495,0.28935677406833843,0.27621691017732947,1.0,1.0,1.0
KLHDC3,6,1,0.16666666666666666,0,0.055340557275541796,3.0116550116550114,0.27620971178100495,0.28935677406833843,0.27621691017732947,1.0,1.0,1.0
KHNYN,6,1,0.16666666666666666,0,0.055340557275541796,3.0116550116550114,0.27620971178100495,0.28935677406833843,0.27621691017732947,1.0,1.0,1.0
VILL,6,1,0.16666666666666666,0,0.055340557275541796,3.0116550116550114,0.27620971178100495,0.28935677406833843,0.27621691017732947,1.0,1.0,1.0
SARNP,6,1,0.16666666666666666,0,0.055340557275541796,3.0116550116550114,0.27620971178100495,0.28935677406833843,0.27621691017732947,1.0,1.0,1.0
JPT2,6,1,0.16666666666666666,0,0.055340557275541796,3.0116550116550114,0.27620971178100495,0.28935677406833843,0.27621691017732947,1.0,1.0,1.0
VAPB,6,1,0.16666666666666666,0,0.055340557275541796,3.0116550116550114,0.27620971178100495,0.28935677406833843,0.27621691017732947,1.0,1.0,1.0
BUD31,6,1,0.16666666666666666,0,0.055340557275541796,3.0116550116550114,0.27620971178100495,0.28935677406833843,0.27621691017732947,1.0,1.0,1.0
IRAK1,6,1,0.16666666666666666,0,0.055340557275541796,3.0116550116550114,0.27620971178100495,0.28935677406833843,0.27621691017732947,1.0,1.0,1.0
INTS6L,6,1,0.16666666666666666,0,0.055340557275541796,3.0116550116550114,0.27620971178100495,0.28935677406833843,0.27621691017732947,1.0,1.0,1.0
INTS15,6,1,0.16666666666666666,0,0.055340557275541796,3.0116550116550114,0.27620971178100495,0.28935677406833843,0.27621691017732947,1.0,1.0,1.0
C15orf61,6,1,0.16666666666666666,0,0.055340557275541796,3.0116550116550114,0.27620971178100495,0.28935677406833843,0.27621691017732947,1.0,1.0,1.0
ING4,6,1,0.16666666666666666,0,0.055340557275541796,3.0116550116550114,0.27620971178100495,0.28935677406833843,0.27621691017732947,1.0,1.0,1.0
ILF3,6,1,0.16666666666666666,0,0.055340557275541796,3.0116550116550114,0.27620971178100495,0.28935677406833843,0.27621691017732947,1.0,1.0,1.0
KNL1,6,1,0.16666666666666666,0,0.055340557275541796,3.0116550116550114,0.27620971178100495,0.28935677406833843,0.27621691017732947,1.0,1.0,1.0
C2orf68,6,1,0.16666666666666666,0,0.055340557275541796,3.0116550116550114,0.27620971178100495,0.28935677406833843,0.27621691017732947,1.0,1.0,1.0
MED30,6,1,0.16666666666666666,0,0.055340557275541796,3.0116550116550114,0.27620971178100495,0.28935677406833843,0.27621691017732947,1.0,1.0,1.0
MIA3,6,1,0.16666666666666666,0,0.055340557275541796,3.0116550116550114,0.27620971178100495,0.28935677406833843,0.27621691017732947,1.0,1.0,1.0
AARSD1,6,1,0.16666666666666666,0,0.055340557275541796,3.0116550116550114,0.27620971178100495,0.28935677406833843,0.27621691017732947,1.0,1.0,1.0
ZRSR2,6,1,0.16666666666666666,0,0.055340557275541796,3.0116550116550114,0.27620971178100495,0.28935677406833843,0.27621691017732947,1.0,1.0,1.0
ABCD4,6,1,0.16666666666666666,0,0.055340557275541796,3.0116550116550114,0.27620971178100495,0.28935677406833843,0.27621691017732947,1.0,1.0,1.0
PECR,6,1,0.16666666666666666,0,0.055340557275541796,3.0116550116550114,0.27620971178100495,0.28935677406833843,0.27621691017732947,1.0,1.0,1.0
PCSK7,6,1,0.16666666666666666,0,0.055340557275541796,3.0116550116550114,0.27620971178100495,0.28935677406833843,0.27621691017732947,1.0,1.0,1.0
PBX3,6,1,0.16666666666666666,0,0.055340557275541796,3.0116550116550114,0.27620971178100495,0.28935677406833843,0.27621691017732947,1.0,1.0,1.0
PATZ1,6,1,0.16666666666666666,0,0.055340557275541796,3.0116550116550114,0.27620971178100495,0.28935677406833843,0.27621691017732947,1.0,1.0,1.0
PALM2AKAP2,6,1,0.16666666666666666,0,0.055340557275541796,3.0116550116550114,0.27620971178100495,0.28935677406833843,0.27621691017732947,1.0,1.0,1.0
OXR1,6,1,0.16666666666666666,0,0.055340557275541796,3.0116550116550114,0.27620971178100495,0.28935677406833843,0.27621691017732947,1.0,1.0,1.0
OTUB1,6,1,0.16666666666666666,0,0.055340557275541796,3.0116550116550114,0.27620971178100495,0.28935677406833843,0.27621691017732947,1.0,1.0,1.0
OSTM1,6,1,0.16666666666666666,0,0.055340557275541796,3.0116550116550114,0.27620971178100495,0.28935677406833843,0.27621691017732947,1.0,1.0,1.0
PLRG1,6,1,0.16666666666666666,0,0.055340557275541796,3.0116550116550114,0.27620971178100495,0.28935677406833843,0.27621691017732947,1.0,1.0,1.0
ZNF672,6,1,0.16666666666666666,0,0.055340557275541796,3.0116550116550114,0.27620971178100495,0.28935677406833843,0.27621691017732947,1.0,1.0,1.0
ORC3,6,1,0.16666666666666666,0,0.055340557275541796,3.0116550116550114,0.27620971178100495,0.28935677406833843,0.27621691017732947,1.0,1.0,1.0
ARFGAP2,6,1,0.16666666666666666,0,0.055340557275541796,3.0116550116550114,0.27620971178100495,0.28935677406833843,0.27621691017732947,1.0,1.0,1.0
OASL,6,1,0.16666666666666666,0,0.055340557275541796,3.0116550116550114,0.27620971178100495,0.28935677406833843,0.27621691017732947,1.0,1.0,1.0
POLDIP2,6,1,0.16666666666666666,0,0.055340557275541796,3.0116550116550114,0.27620971178100495,0.28935677406833843,0.27621691017732947,1.0,1.0,1.0
NUP37,6,1,0.16666666666666666,0,0.055340557275541796,3.0116550116550114,0.27620971178100495,0.28935677406833843,0.27621691017732947,1.0,1.0,1.0
NUP205,6,1,0.16666666666666666,0,0.055340557275541796,3.0116550116550114,0.27620971178100495,0.28935677406833843,0.27621691017732947,1.0,1.0,1.0
PPIL4,6,1,0.16666666666666666,0,0.055340557275541796,3.0116550116550114,0.27620971178100495,0.28935677406833843,0.27621691017732947,1.0,1.0,1.0
ADSS2,6,1,0.16666666666666666,0,0.055340557275541796,3.0116550116550114,0.27620971178100495,0.28935677406833843,0.27621691017732947,1.0,1.0,1.0
AGER,6,1,0.16666666666666666,0,0.055340557275541796,3.0116550116550114,0.27620971178100495,0.28935677406833843,0.27621691017732947,1.0,1.0,1.0
NGRN,6,1,0.16666666666666666,0,0.055340557275541796,3.0116550116550114,0.27620971178100495,0.28935677406833843,0.27621691017732947,1.0,1.0,1.0
AIMP1,6,1,0.16666666666666666,0,0.055340557275541796,3.0116550116550114,0.27620971178100495,0.28935677406833843,0.27621691017732947,1.0,1.0,1.0
PSMC1,6,1,0.16666666666666666,0,0.055340557275541796,3.0116550116550114,0.27620971178100495,0.28935677406833843,0.27621691017732947,1.0,1.0,1.0
ZNF275,6,1,0.16666666666666666,0,0.055340557275541796,3.0116550116550114,0.27620971178100495,0.28935677406833843,0.27621691017732947,1.0,1.0,1.0
MYLIP,6,1,0.16666666666666666,0,0.055340557275541796,3.0116550116550114,0.27620971178100495,0.28935677406833843,0.27621691017732947,1.0,1.0,1.0
MTHFR,6,1,0.16666666666666666,0,0.055340557275541796,3.0116550116550114,0.27620971178100495,0.28935677406833843,0.27621691017732947,1.0,1.0,1.0
MSH2,6,1,0.16666666666666666,0,0.055340557275541796,3.0116550116550114,0.27620971178100495,0.28935677406833843,0.27621691017732947,1.0,1.0,1.0
MORC2,6,1,0.16666666666666666,0,0.055340557275541796,3.0116550116550114,0.27620971178100495,0.28935677406833843,0.27621691017732947,1.0,1.0,1.0
NUTF2,6,1,0.16666666666666666,0,0.055340557275541796,3.0116550116550114,0.27620971178100495,0.28935677406833843,0.27621691017732947,1.0,1.0,1.0
SGPL1,6,1,0.16666666666666666,0,0.055340557275541796,3.0116550116550114,0.27620971178100495,0.28935677406833843,0.27621691017732947,1.0,1.0,1.0
DAPK2,6,1,0.16666666666666666,0,0.055340557275541796,3.0116550116550114,0.27620971178100495,0.28935677406833843,0.27621691017732947,1.0,1.0,1.0
GLRX2,6,1,0.16666666666666666,0,0.055340557275541796,3.0116550116550114,0.27620971178100495,0.28935677406833843,0.27621691017732947,1.0,1.0,1.0
HSD11B1,6,1,0.16666666666666666,0,0.055340557275541796,3.0116550116550114,0.27620971178100495,0.28935677406833843,0.27621691017732947,1.0,1.0,1.0
GTPBP1,6,1,0.16666666666666666,0,0.055340557275541796,3.0116550116550114,0.27620971178100495,0.28935677406833843,0.27621691017732947,1.0,1.0,1.0
HBS1L,6,1,0.16666666666666666,0,0.055340557275541796,3.0116550116550114,0.27620971178100495,0.28935677406833843,0.27621691017732947,1.0,1.0,1.0
HSPA14,6,1,0.16666666666666666,0,0.055340557275541796,3.0116550116550114,0.27620971178100495,0.28935677406833843,0.27621691017732947,1.0,1.0,1.0
CCL1,6,1,0.16666666666666666,0,0.055340557275541796,3.0116550116550114,0.27620971178100495,0.28935677406833843,0.27621691017732947,1.0,1.0,1.0
SLTM,6,1,0.16666666666666666,0,0.055340557275541796,3.0116550116550114,0.27620971178100495,0.28935677406833843,0.27621691017732947,1.0,1.0,1.0
SLC35F2,6,1,0.16666666666666666,0,0.055340557275541796,3.0116550116550114,0.27620971178100495,0.28935677406833843,0.27621691017732947,1.0,1.0,1.0
UIMC1,6,1,0.16666666666666666,0,0.055340557275541796,3.0116550116550114,0.27620971178100495,0.28935677406833843,0.27621691017732947,1.0,1.0,1.0
SH2D3C,6,1,0.16666666666666666,0,0.055340557275541796,3.0116550116550114,0.27620971178100495,0.28935677406833843,0.27621691017732947,1.0,1.0,1.0
SMPD2,6,1,0.16666666666666666,0,0.055340557275541796,3.0116550116550114,0.27620971178100495,0.28935677406833843,0.27621691017732947,1.0,1.0,1.0
CCNE2,6,1,0.16666666666666666,0,0.055340557275541796,3.0116550116550114,0.27620971178100495,0.28935677406833843,0.27621691017732947,1.0,1.0,1.0
ICMT,6,1,0.16666666666666666,0,0.055340557275541796,3.0116550116550114,0.27620971178100495,0.28935677406833843,0.27621691017732947,1.0,1.0,1.0
HIVEP2,6,1,0.16666666666666666,0,0.055340557275541796,3.0116550116550114,0.27620971178100495,0.28935677406833843,0.27621691017732947,1.0,1.0,1.0
GGACT,6,1,0.16666666666666666,0,0.055340557275541796,3.0116550116550114,0.27620971178100495,0.28935677406833843,0.27621691017732947,1.0,1.0,1.0
TTBK2,6,1,0.16666666666666666,0,0.055340557275541796,3.0116550116550114,0.27620971178100495,0.28935677406833843,0.27621691017732947,1.0,1.0,1.0
UBE2V1,6,1,0.16666666666666666,0,0.055340557275541796,3.0116550116550114,0.27620971178100495,0.28935677406833843,0.27621691017732947,1.0,1.0,1.0
ANAPC11,24,2,0.08333333333333333,8,0.044538706256627786,1.8710317460317458,0.36096684187259603,0.2901027476971786,0.3609777787906296,1.0,1.0,1.0
EIF2A,24,2,0.08333333333333333,8,0.044538706256627786,1.8710317460317458,0.36096684187259603,0.2901027476971786,0.3609777787906296,1.0,1.0,1.0
ADSL,24,2,0.08333333333333333,8,0.044538706256627786,1.8710317460317458,0.36096684187259603,0.2901027476971786,0.3609777787906296,1.0,1.0,1.0
INPP4A,24,2,0.08333333333333333,8,0.044538706256627786,1.8710317460317458,0.36096684187259603,0.2901027476971786,0.3609777787906296,1.0,1.0,1.0
TTC3,24,2,0.08333333333333333,8,0.044538706256627786,1.8710317460317458,0.36096684187259603,0.2901027476971786,0.3609777787906296,1.0,1.0,1.0
CAB39,24,2,0.08333333333333333,8,0.044538706256627786,1.8710317460317458,0.36096684187259603,0.2901027476971786,0.3609777787906296,1.0,1.0,1.0
EIF4A1,43,3,0.06976744186046512,8,0.044529637275140074,1.5667642076081936,0.39388819879436215,0.2996904445815834,0.39390254344637204,1.0,1.0,1.0
DDB2,25,2,0.08,8,0.044541330348200084,1.7960846560846562,0.3800896423702169,0.3068223871872021,0.38010377055129474,1.0,1.0,1.0
VMP1,25,2,0.08,8,0.044541330348200084,1.7960846560846562,0.3800896423702169,0.3068223871872021,0.38010377055129474,1.0,1.0,1.0
DDX39A,25,2,0.08,8,0.044541330348200084,1.7960846560846562,0.3800896423702169,0.3068223871872021,0.38010377055129474,1.0,1.0,1.0
PIM2,25,2,0.08,8,0.044541330348200084,1.7960846560846562,0.3800896423702169,0.3068223871872021,0.38010377055129474,1.0,1.0,1.0
DUSP5,26,2,0.07692307692307693,8,0.04454395474899835,1.7269027269027268,0.39896444358363536,0.32346482368225205,0.39898188604589574,1.0,1.0,1.0
S100A11,26,2,0.07692307692307693,8,0.04454395474899835,1.7269027269027268,0.39896444358363536,0.32346482368225205,0.39898188604589574,1.0,1.0,1.0
SDF2L1,26,2,0.07692307692307693,8,0.04454395474899835,1.7269027269027268,0.39896444358363536,0.32346482368225205,0.39898188604589574,1.0,1.0,1.0
LIMA1,26,2,0.07692307692307693,8,0.04454395474899835,1.7269027269027268,0.39896444358363536,0.32346482368225205,0.39898188604589574,1.0,1.0,1.0
UBE2F,26,2,0.07692307692307693,8,0.04454395474899835,1.7269027269027268,0.39896444358363536,0.32346482368225205,0.39898188604589574,1.0,1.0,1.0
EVI2A,26,2,0.07692307692307693,8,0.04454395474899835,1.7269027269027268,0.39896444358363536,0.32346482368225205,0.39898188604589574,1.0,1.0,1.0
TRAM1,46,3,0.06521739130434782,8,0.0445375176970269,1.4643247912467607,0.4364867286233252,0.3367676714301756,0.43651338559473474,1.0,1.0,1.0
NKG7,27,2,0.07407407407407407,8,0.04454657945907725,1.662845385067607,0.41756465373052026,0.34000381790987144,0.4175855119362454,1.0,1.0,1.0
ACAP1,27,2,0.07407407407407407,8,0.04454657945907725,1.662845385067607,0.41756465373052026,0.34000381790987144,0.4175855119362454,1.0,1.0,1.0
MTDH,27,2,0.07407407407407407,8,0.04454657945907725,1.662845385067607,0.41756465373052026,0.34000381790987144,0.4175855119362454,1.0,1.0,1.0
PDCD4,28,2,0.07142857142857142,8,0.04454920447849146,1.603363567649282,0.435867152755008,0.3564156087937156,0.4358915071775319,1.0,1.0,1.0
LGALS3,28,2,0.07142857142857142,8,0.04454920447849146,1.603363567649282,0.435867152755008,0.3564156087937156,0.4358915071775319,1.0,1.0,1.0
SOCS2,28,2,0.07142857142857142,8,0.04454920447849146,1.603363567649282,0.435867152755008,0.3564156087937156,0.4358915071775319,1.0,1.0,1.0
DUSP7,8,1,0.125,2,0.054222111677652035,2.3053325688073394,0.3501441961596925,0.3598035667950125,0.35015626073485107,1.0,1.0,1.0
ECSIT,8,1,0.125,2,0.054222111677652035,2.3053325688073394,0.3501441961596925,0.3598035667950125,0.35015626073485107,1.0,1.0,1.0
TBCE,8,1,0.125,2,0.054222111677652035,2.3053325688073394,0.3501441961596925,0.3598035667950125,0.35015626073485107,1.0,1.0,1.0
MIS18A,8,1,0.125,2,0.054222111677652035,2.3053325688073394,0.3501441961596925,0.3598035667950125,0.35015626073485107,1.0,1.0,1.0
MRTFB,8,1,0.125,2,0.054222111677652035,2.3053325688073394,0.3501441961596925,0.3598035667950125,0.35015626073485107,1.0,1.0,1.0
ARFIP1,8,1,0.125,2,0.054222111677652035,2.3053325688073394,0.3501441961596925,0.3598035667950125,0.35015626073485107,1.0,1.0,1.0
ME2,8,1,0.125,2,0.054222111677652035,2.3053325688073394,0.3501441961596925,0.3598035667950125,0.35015626073485107,1.0,1.0,1.0
H1-3,8,1,0.125,2,0.054222111677652035,2.3053325688073394,0.3501441961596925,0.3598035667950125,0.35015626073485107,1.0,1.0,1.0
LRRC58,8,1,0.125,2,0.054222111677652035,2.3053325688073394,0.3501441961596925,0.3598035667950125,0.35015626073485107,1.0,1.0,1.0
RFC3,8,1,0.125,2,0.054222111677652035,2.3053325688073394,0.3501441961596925,0.3598035667950125,0.35015626073485107,1.0,1.0,1.0
CCDC88B,8,1,0.125,2,0.054222111677652035,2.3053325688073394,0.3501441961596925,0.3598035667950125,0.35015626073485107,1.0,1.0,1.0
ZBTB2,8,1,0.125,2,0.054222111677652035,2.3053325688073394,0.3501441961596925,0.3598035667950125,0.35015626073485107,1.0,1.0,1.0
ZBTB21,8,1,0.125,2,0.054222111677652035,2.3053325688073394,0.3501441961596925,0.3598035667950125,0.35015626073485107,1.0,1.0,1.0
MAPKBP1,8,1,0.125,2,0.054222111677652035,2.3053325688073394,0.3501441961596925,0.3598035667950125,0.35015626073485107,1.0,1.0,1.0
MEX3D,8,1,0.125,2,0.054222111677652035,2.3053325688073394,0.3501441961596925,0.3598035667950125,0.35015626073485107,1.0,1.0,1.0
CCDC88C,8,1,0.125,2,0.054222111677652035,2.3053325688073394,0.3501441961596925,0.3598035667950125,0.35015626073485107,1.0,1.0,1.0
TAF9B,8,1,0.125,2,0.054222111677652035,2.3053325688073394,0.3501441961596925,0.3598035667950125,0.35015626073485107,1.0,1.0,1.0
MCM5,8,1,0.125,2,0.054222111677652035,2.3053325688073394,0.3501441961596925,0.3598035667950125,0.35015626073485107,1.0,1.0,1.0
MCUB,8,1,0.125,2,0.054222111677652035,2.3053325688073394,0.3501441961596925,0.3598035667950125,0.35015626073485107,1.0,1.0,1.0
IDUA,8,1,0.125,2,0.054222111677652035,2.3053325688073394,0.3501441961596925,0.3598035667950125,0.35015626073485107,1.0,1.0,1.0
UBAP2L,8,1,0.125,2,0.054222111677652035,2.3053325688073394,0.3501441961596925,0.3598035667950125,0.35015626073485107,1.0,1.0,1.0
H1-4,8,1,0.125,2,0.054222111677652035,2.3053325688073394,0.3501441961596925,0.3598035667950125,0.35015626073485107,1.0,1.0,1.0
EIF3D,8,1,0.125,2,0.054222111677652035,2.3053325688073394,0.3501441961596925,0.3598035667950125,0.35015626073485107,1.0,1.0,1.0
MTX2,8,1,0.125,2,0.054222111677652035,2.3053325688073394,0.3501441961596925,0.3598035667950125,0.35015626073485107,1.0,1.0,1.0
ZNF337,8,1,0.125,2,0.054222111677652035,2.3053325688073394,0.3501441961596925,0.3598035667950125,0.35015626073485107,1.0,1.0,1.0
CREBRF,8,1,0.125,2,0.054222111677652035,2.3053325688073394,0.3501441961596925,0.3598035667950125,0.35015626073485107,1.0,1.0,1.0
CDCA7L,8,1,0.125,2,0.054222111677652035,2.3053325688073394,0.3501441961596925,0.3598035667950125,0.35015626073485107,1.0,1.0,1.0
OGFR,8,1,0.125,2,0.054222111677652035,2.3053325688073394,0.3501441961596925,0.3598035667950125,0.35015626073485107,1.0,1.0,1.0
TTC7A,8,1,0.125,2,0.054222111677652035,2.3053325688073394,0.3501441961596925,0.3598035667950125,0.35015626073485107,1.0,1.0,1.0
CDK5RAP3,8,1,0.125,2,0.054222111677652035,2.3053325688073394,0.3501441961596925,0.3598035667950125,0.35015626073485107,1.0,1.0,1.0
PLEKHO2,8,1,0.125,2,0.054222111677652035,2.3053325688073394,0.3501441961596925,0.3598035667950125,0.35015626073485107,1.0,1.0,1.0
DERL3,8,1,0.125,2,0.054222111677652035,2.3053325688073394,0.3501441961596925,0.3598035667950125,0.35015626073485107,1.0,1.0,1.0
DENND6A,8,1,0.125,2,0.054222111677652035,2.3053325688073394,0.3501441961596925,0.3598035667950125,0.35015626073485107,1.0,1.0,1.0
TTLL5,8,1,0.125,2,0.054222111677652035,2.3053325688073394,0.3501441961596925,0.3598035667950125,0.35015626073485107,1.0,1.0,1.0
PCBP1,8,1,0.125,2,0.054222111677652035,2.3053325688073394,0.3501441961596925,0.3598035667950125,0.35015626073485107,1.0,1.0,1.0
PDCD5,8,1,0.125,2,0.054222111677652035,2.3053325688073394,0.3501441961596925,0.3598035667950125,0.35015626073485107,1.0,1.0,1.0
PIK3CG,8,1,0.125,2,0.054222111677652035,2.3053325688073394,0.3501441961596925,0.3598035667950125,0.35015626073485107,1.0,1.0,1.0
CYP2R1,8,1,0.125,2,0.054222111677652035,2.3053325688073394,0.3501441961596925,0.3598035667950125,0.35015626073485107,1.0,1.0,1.0
SNRPB,8,1,0.125,2,0.054222111677652035,2.3053325688073394,0.3501441961596925,0.3598035667950125,0.35015626073485107,1.0,1.0,1.0
TTC13,8,1,0.125,2,0.054222111677652035,2.3053325688073394,0.3501441961596925,0.3598035667950125,0.35015626073485107,1.0,1.0,1.0
TMCO1,8,1,0.125,2,0.054222111677652035,2.3053325688073394,0.3501441961596925,0.3598035667950125,0.35015626073485107,1.0,1.0,1.0
ZYG11B,8,1,0.125,2,0.054222111677652035,2.3053325688073394,0.3501441961596925,0.3598035667950125,0.35015626073485107,1.0,1.0,1.0
TM7SF2,8,1,0.125,2,0.054222111677652035,2.3053325688073394,0.3501441961596925,0.3598035667950125,0.35015626073485107,1.0,1.0,1.0
MYB,8,1,0.125,2,0.054222111677652035,2.3053325688073394,0.3501441961596925,0.3598035667950125,0.35015626073485107,1.0,1.0,1.0
NUFIP2,8,1,0.125,2,0.054222111677652035,2.3053325688073394,0.3501441961596925,0.3598035667950125,0.35015626073485107,1.0,1.0,1.0
CTPS1,8,1,0.125,2,0.054222111677652035,2.3053325688073394,0.3501441961596925,0.3598035667950125,0.35015626073485107,1.0,1.0,1.0
TCF7,8,1,0.125,2,0.054222111677652035,2.3053325688073394,0.3501441961596925,0.3598035667950125,0.35015626073485107,1.0,1.0,1.0
DUS1L,8,1,0.125,2,0.054222111677652035,2.3053325688073394,0.3501441961596925,0.3598035667950125,0.35015626073485107,1.0,1.0,1.0
NABP1,8,1,0.125,2,0.054222111677652035,2.3053325688073394,0.3501441961596925,0.3598035667950125,0.35015626073485107,1.0,1.0,1.0
GPR107,8,1,0.125,2,0.054222111677652035,2.3053325688073394,0.3501441961596925,0.3598035667950125,0.35015626073485107,1.0,1.0,1.0
PSMD3,8,1,0.125,2,0.054222111677652035,2.3053325688073394,0.3501441961596925,0.3598035667950125,0.35015626073485107,1.0,1.0,1.0
PSMD11,8,1,0.125,2,0.054222111677652035,2.3053325688073394,0.3501441961596925,0.3598035667950125,0.35015626073485107,1.0,1.0,1.0
AMDHD2,8,1,0.125,2,0.054222111677652035,2.3053325688073394,0.3501441961596925,0.3598035667950125,0.35015626073485107,1.0,1.0,1.0
DMTF1,8,1,0.125,2,0.054222111677652035,2.3053325688073394,0.3501441961596925,0.3598035667950125,0.35015626073485107,1.0,1.0,1.0
XPO6,8,1,0.125,2,0.054222111677652035,2.3053325688073394,0.3501441961596925,0.3598035667950125,0.35015626073485107,1.0,1.0,1.0
TMEM70,8,1,0.125,2,0.054222111677652035,2.3053325688073394,0.3501441961596925,0.3598035667950125,0.35015626073485107,1.0,1.0,1.0
NFAT5,8,1,0.125,2,0.054222111677652035,2.3053325688073394,0.3501441961596925,0.3598035667950125,0.35015626073485107,1.0,1.0,1.0
NFE2L2,8,1,0.125,2,0.054222111677652035,2.3053325688073394,0.3501441961596925,0.3598035667950125,0.35015626073485107,1.0,1.0,1.0
NIPSNAP1,8,1,0.125,2,0.054222111677652035,2.3053325688073394,0.3501441961596925,0.3598035667950125,0.35015626073485107,1.0,1.0,1.0
NOL7,8,1,0.125,2,0.054222111677652035,2.3053325688073394,0.3501441961596925,0.3598035667950125,0.35015626073485107,1.0,1.0,1.0
PPP2R1B,8,1,0.125,2,0.054222111677652035,2.3053325688073394,0.3501441961596925,0.3598035667950125,0.35015626073485107,1.0,1.0,1.0
CTNS,8,1,0.125,2,0.054222111677652035,2.3053325688073394,0.3501441961596925,0.3598035667950125,0.35015626073485107,1.0,1.0,1.0
ZNF384,8,1,0.125,2,0.054222111677652035,2.3053325688073394,0.3501441961596925,0.3598035667950125,0.35015626073485107,1.0,1.0,1.0
RILP,8,1,0.125,2,0.054222111677652035,2.3053325688073394,0.3501441961596925,0.3598035667950125,0.35015626073485107,1.0,1.0,1.0
YWHAH,8,1,0.125,2,0.054222111677652035,2.3053325688073394,0.3501441961596925,0.3598035667950125,0.35015626073485107,1.0,1.0,1.0
CMSS1,8,1,0.125,2,0.054222111677652035,2.3053325688073394,0.3501441961596925,0.3598035667950125,0.35015626073485107,1.0,1.0,1.0
BIRC5,8,1,0.125,2,0.054222111677652035,2.3053325688073394,0.3501441961596925,0.3598035667950125,0.35015626073485107,1.0,1.0,1.0
VAV1,8,1,0.125,2,0.054222111677652035,2.3053325688073394,0.3501441961596925,0.3598035667950125,0.35015626073485107,1.0,1.0,1.0
CASP10,8,1,0.125,2,0.054222111677652035,2.3053325688073394,0.3501441961596925,0.3598035667950125,0.35015626073485107,1.0,1.0,1.0
KRAS,8,1,0.125,2,0.054222111677652035,2.3053325688073394,0.3501441961596925,0.3598035667950125,0.35015626073485107,1.0,1.0,1.0
WDR81,8,1,0.125,2,0.054222111677652035,2.3053325688073394,0.3501441961596925,0.3598035667950125,0.35015626073485107,1.0,1.0,1.0
KAT6A,8,1,0.125,2,0.054222111677652035,2.3053325688073394,0.3501441961596925,0.3598035667950125,0.35015626073485107,1.0,1.0,1.0
C5orf24,8,1,0.125,2,0.054222111677652035,2.3053325688073394,0.3501441961596925,0.3598035667950125,0.35015626073485107,1.0,1.0,1.0
UFD1,8,1,0.125,2,0.054222111677652035,2.3053325688073394,0.3501441961596925,0.3598035667950125,0.35015626073485107,1.0,1.0,1.0
RXYLT1,8,1,0.125,2,0.054222111677652035,2.3053325688073394,0.3501441961596925,0.3598035667950125,0.35015626073485107,1.0,1.0,1.0
SF3B3,8,1,0.125,2,0.054222111677652035,2.3053325688073394,0.3501441961596925,0.3598035667950125,0.35015626073485107,1.0,1.0,1.0
SRCAP,8,1,0.125,2,0.054222111677652035,2.3053325688073394,0.3501441961596925,0.3598035667950125,0.35015626073485107,1.0,1.0,1.0
BLM,8,1,0.125,2,0.054222111677652035,2.3053325688073394,0.3501441961596925,0.3598035667950125,0.35015626073485107,1.0,1.0,1.0
SUN1,8,1,0.125,2,0.054222111677652035,2.3053325688073394,0.3501441961596925,0.3598035667950125,0.35015626073485107,1.0,1.0,1.0
SAMD1,8,1,0.125,2,0.054222111677652035,2.3053325688073394,0.3501441961596925,0.3598035667950125,0.35015626073485107,1.0,1.0,1.0
WDR11,8,1,0.125,2,0.054222111677652035,2.3053325688073394,0.3501441961596925,0.3598035667950125,0.35015626073485107,1.0,1.0,1.0
TRAF3IP1,8,1,0.125,2,0.054222111677652035,2.3053325688073394,0.3501441961596925,0.3598035667950125,0.35015626073485107,1.0,1.0,1.0
FEN1,8,1,0.125,2,0.054222111677652035,2.3053325688073394,0.3501441961596925,0.3598035667950125,0.35015626073485107,1.0,1.0,1.0
SAP30,8,1,0.125,2,0.054222111677652035,2.3053325688073394,0.3501441961596925,0.3598035667950125,0.35015626073485107,1.0,1.0,1.0
TRIM21,8,1,0.125,2,0.054222111677652035,2.3053325688073394,0.3501441961596925,0.3598035667950125,0.35015626073485107,1.0,1.0,1.0
RNF138,8,1,0.125,2,0.054222111677652035,2.3053325688073394,0.3501441961596925,0.3598035667950125,0.35015626073485107,1.0,1.0,1.0
RNF24,8,1,0.125,2,0.054222111677652035,2.3053325688073394,0.3501441961596925,0.3598035667950125,0.35015626073485107,1.0,1.0,1.0
VPS4B,8,1,0.125,2,0.054222111677652035,2.3053325688073394,0.3501441961596925,0.3598035667950125,0.35015626073485107,1.0,1.0,1.0
LMNB2,8,1,0.125,2,0.054222111677652035,2.3053325688073394,0.3501441961596925,0.3598035667950125,0.35015626073485107,1.0,1.0,1.0
BTF3L4,8,1,0.125,2,0.054222111677652035,2.3053325688073394,0.3501441961596925,0.3598035667950125,0.35015626073485107,1.0,1.0,1.0
IARS2,8,1,0.125,2,0.054222111677652035,2.3053325688073394,0.3501441961596925,0.3598035667950125,0.35015626073485107,1.0,1.0,1.0
ITGB3BP,8,1,0.125,2,0.054222111677652035,2.3053325688073394,0.3501441961596925,0.3598035667950125,0.35015626073485107,1.0,1.0,1.0
AZIN2,8,1,0.125,2,0.054222111677652035,2.3053325688073394,0.3501441961596925,0.3598035667950125,0.35015626073485107,1.0,1.0,1.0
HNRNPM,8,1,0.125,2,0.054222111677652035,2.3053325688073394,0.3501441961596925,0.3598035667950125,0.35015626073485107,1.0,1.0,1.0
ITPA,8,1,0.125,2,0.054222111677652035,2.3053325688073394,0.3501441961596925,0.3598035667950125,0.35015626073485107,1.0,1.0,1.0
BDH2,8,1,0.125,2,0.054222111677652035,2.3053325688073394,0.3501441961596925,0.3598035667950125,0.35015626073485107,1.0,1.0,1.0
HRH2,8,1,0.125,2,0.054222111677652035,2.3053325688073394,0.3501441961596925,0.3598035667950125,0.35015626073485107,1.0,1.0,1.0
BRD7,8,1,0.125,2,0.054222111677652035,2.3053325688073394,0.3501441961596925,0.3598035667950125,0.35015626073485107,1.0,1.0,1.0
SDHAF4,8,1,0.125,2,0.054222111677652035,2.3053325688073394,0.3501441961596925,0.3598035667950125,0.35015626073485107,1.0,1.0,1.0
CHORDC1,8,1,0.125,2,0.054222111677652035,2.3053325688073394,0.3501441961596925,0.3598035667950125,0.35015626073485107,1.0,1.0,1.0
RTRAF,8,1,0.125,2,0.054222111677652035,2.3053325688073394,0.3501441961596925,0.3598035667950125,0.35015626073485107,1.0,1.0,1.0
USP1,8,1,0.125,2,0.054222111677652035,2.3053325688073394,0.3501441961596925,0.3598035667950125,0.35015626073485107,1.0,1.0,1.0
ZNF436,7,1,0.14285714285714285,1,0.06254826254826255,2.28395061728395,0.3141725293032053,0.3637285621379889,0.3141820785389535,1.0,1.0,1.0
NDUFB10,7,1,0.14285714285714285,1,0.06254826254826255,2.28395061728395,0.3141725293032053,0.3637285621379889,0.3141820785389535,1.0,1.0,1.0
GGNBP2,7,1,0.14285714285714285,1,0.06254826254826255,2.28395061728395,0.3141725293032053,0.3637285621379889,0.3141820785389535,1.0,1.0,1.0
PRR14,7,1,0.14285714285714285,1,0.06254826254826255,2.28395061728395,0.3141725293032053,0.3637285621379889,0.3141820785389535,1.0,1.0,1.0
DAZAP2,7,1,0.14285714285714285,1,0.06254826254826255,2.28395061728395,0.3141725293032053,0.3637285621379889,0.3141820785389535,1.0,1.0,1.0
NACC1,7,1,0.14285714285714285,1,0.06254826254826255,2.28395061728395,0.3141725293032053,0.3637285621379889,0.3141820785389535,1.0,1.0,1.0
IMPA2,7,1,0.14285714285714285,1,0.06254826254826255,2.28395061728395,0.3141725293032053,0.3637285621379889,0.3141820785389535,1.0,1.0,1.0
SLCO3A1,7,1,0.14285714285714285,1,0.06254826254826255,2.28395061728395,0.3141725293032053,0.3637285621379889,0.3141820785389535,1.0,1.0,1.0
NAA15,7,1,0.14285714285714285,1,0.06254826254826255,2.28395061728395,0.3141725293032053,0.3637285621379889,0.3141820785389535,1.0,1.0,1.0
NAA20,7,1,0.14285714285714285,1,0.06254826254826255,2.28395061728395,0.3141725293032053,0.3637285621379889,0.3141820785389535,1.0,1.0,1.0
KCNQ5,7,1,0.14285714285714285,1,0.06254826254826255,2.28395061728395,0.3141725293032053,0.3637285621379889,0.3141820785389535,1.0,1.0,1.0
KIFC2,7,1,0.14285714285714285,1,0.06254826254826255,2.28395061728395,0.3141725293032053,0.3637285621379889,0.3141820785389535,1.0,1.0,1.0
UCHL5,7,1,0.14285714285714285,1,0.06254826254826255,2.28395061728395,0.3141725293032053,0.3637285621379889,0.3141820785389535,1.0,1.0,1.0
CHID1,7,1,0.14285714285714285,1,0.06254826254826255,2.28395061728395,0.3141725293032053,0.3637285621379889,0.3141820785389535,1.0,1.0,1.0
CSE1L,7,1,0.14285714285714285,1,0.06254826254826255,2.28395061728395,0.3141725293032053,0.3637285621379889,0.3141820785389535,1.0,1.0,1.0
TIMMDC1,7,1,0.14285714285714285,1,0.06254826254826255,2.28395061728395,0.3141725293032053,0.3637285621379889,0.3141820785389535,1.0,1.0,1.0
OTULINL,7,1,0.14285714285714285,1,0.06254826254826255,2.28395061728395,0.3141725293032053,0.3637285621379889,0.3141820785389535,1.0,1.0,1.0
PLEKHB2,7,1,0.14285714285714285,1,0.06254826254826255,2.28395061728395,0.3141725293032053,0.3637285621379889,0.3141820785389535,1.0,1.0,1.0
ORMDL1,7,1,0.14285714285714285,1,0.06254826254826255,2.28395061728395,0.3141725293032053,0.3637285621379889,0.3141820785389535,1.0,1.0,1.0
BTF3,7,1,0.14285714285714285,1,0.06254826254826255,2.28395061728395,0.3141725293032053,0.3637285621379889,0.3141820785389535,1.0,1.0,1.0
ITGA1,7,1,0.14285714285714285,1,0.06254826254826255,2.28395061728395,0.3141725293032053,0.3637285621379889,0.3141820785389535,1.0,1.0,1.0
GM2A,7,1,0.14285714285714285,1,0.06254826254826255,2.28395061728395,0.3141725293032053,0.3637285621379889,0.3141820785389535,1.0,1.0,1.0
DEPDC1B,7,1,0.14285714285714285,1,0.06254826254826255,2.28395061728395,0.3141725293032053,0.3637285621379889,0.3141820785389535,1.0,1.0,1.0
IVD,7,1,0.14285714285714285,1,0.06254826254826255,2.28395061728395,0.3141725293032053,0.3637285621379889,0.3141820785389535,1.0,1.0,1.0
BRD1,7,1,0.14285714285714285,1,0.06254826254826255,2.28395061728395,0.3141725293032053,0.3637285621379889,0.3141820785389535,1.0,1.0,1.0
TLCD3A,7,1,0.14285714285714285,1,0.06254826254826255,2.28395061728395,0.3141725293032053,0.3637285621379889,0.3141820785389535,1.0,1.0,1.0
ZNF589,7,1,0.14285714285714285,1,0.06254826254826255,2.28395061728395,0.3141725293032053,0.3637285621379889,0.3141820785389535,1.0,1.0,1.0
PRPS1,7,1,0.14285714285714285,1,0.06254826254826255,2.28395061728395,0.3141725293032053,0.3637285621379889,0.3141820785389535,1.0,1.0,1.0
NSMCE3,7,1,0.14285714285714285,1,0.06254826254826255,2.28395061728395,0.3141725293032053,0.3637285621379889,0.3141820785389535,1.0,1.0,1.0
PPM1M,7,1,0.14285714285714285,1,0.06254826254826255,2.28395061728395,0.3141725293032053,0.3637285621379889,0.3141820785389535,1.0,1.0,1.0
NSA2,7,1,0.14285714285714285,1,0.06254826254826255,2.28395061728395,0.3141725293032053,0.3637285621379889,0.3141820785389535,1.0,1.0,1.0
ADNP2,7,1,0.14285714285714285,1,0.06254826254826255,2.28395061728395,0.3141725293032053,0.3637285621379889,0.3141820785389535,1.0,1.0,1.0
SNX2,7,1,0.14285714285714285,1,0.06254826254826255,2.28395061728395,0.3141725293032053,0.3637285621379889,0.3141820785389535,1.0,1.0,1.0
PAXX,7,1,0.14285714285714285,1,0.06254826254826255,2.28395061728395,0.3141725293032053,0.3637285621379889,0.3141820785389535,1.0,1.0,1.0
NKTR,7,1,0.14285714285714285,1,0.06254826254826255,2.28395061728395,0.3141725293032053,0.3637285621379889,0.3141820785389535,1.0,1.0,1.0
ACAP3,7,1,0.14285714285714285,1,0.06254826254826255,2.28395061728395,0.3141725293032053,0.3637285621379889,0.3141820785389535,1.0,1.0,1.0
DNAJC8,7,1,0.14285714285714285,1,0.06254826254826255,2.28395061728395,0.3141725293032053,0.3637285621379889,0.3141820785389535,1.0,1.0,1.0
ANP32A,7,1,0.14285714285714285,1,0.06254826254826255,2.28395061728395,0.3141725293032053,0.3637285621379889,0.3141820785389535,1.0,1.0,1.0
TUBA1A,7,1,0.14285714285714285,1,0.06254826254826255,2.28395061728395,0.3141725293032053,0.3637285621379889,0.3141820785389535,1.0,1.0,1.0
NFYC,7,1,0.14285714285714285,1,0.06254826254826255,2.28395061728395,0.3141725293032053,0.3637285621379889,0.3141820785389535,1.0,1.0,1.0
IQCE,7,1,0.14285714285714285,1,0.06254826254826255,2.28395061728395,0.3141725293032053,0.3637285621379889,0.3141820785389535,1.0,1.0,1.0
PPM1A,7,1,0.14285714285714285,1,0.06254826254826255,2.28395061728395,0.3141725293032053,0.3637285621379889,0.3141820785389535,1.0,1.0,1.0
TXNDC12,7,1,0.14285714285714285,1,0.06254826254826255,2.28395061728395,0.3141725293032053,0.3637285621379889,0.3141820785389535,1.0,1.0,1.0
SIPA1,7,1,0.14285714285714285,1,0.06254826254826255,2.28395061728395,0.3141725293032053,0.3637285621379889,0.3141820785389535,1.0,1.0,1.0
P2RX7,7,1,0.14285714285714285,1,0.06254826254826255,2.28395061728395,0.3141725293032053,0.3637285621379889,0.3141820785389535,1.0,1.0,1.0
TNFSF13B,7,1,0.14285714285714285,1,0.06254826254826255,2.28395061728395,0.3141725293032053,0.3637285621379889,0.3141820785389535,1.0,1.0,1.0
RASA2,7,1,0.14285714285714285,1,0.06254826254826255,2.28395061728395,0.3141725293032053,0.3637285621379889,0.3141820785389535,1.0,1.0,1.0
TAGAP,7,1,0.14285714285714285,1,0.06254826254826255,2.28395061728395,0.3141725293032053,0.3637285621379889,0.3141820785389535,1.0,1.0,1.0
WDR18,7,1,0.14285714285714285,1,0.06254826254826255,2.28395061728395,0.3141725293032053,0.3637285621379889,0.3141820785389535,1.0,1.0,1.0
PDLIM7,7,1,0.14285714285714285,1,0.06254826254826255,2.28395061728395,0.3141725293032053,0.3637285621379889,0.3141820785389535,1.0,1.0,1.0
RNF168,7,1,0.14285714285714285,1,0.06254826254826255,2.28395061728395,0.3141725293032053,0.3637285621379889,0.3141820785389535,1.0,1.0,1.0
COPS5,7,1,0.14285714285714285,1,0.06254826254826255,2.28395061728395,0.3141725293032053,0.3637285621379889,0.3141820785389535,1.0,1.0,1.0
ZWILCH,7,1,0.14285714285714285,1,0.06254826254826255,2.28395061728395,0.3141725293032053,0.3637285621379889,0.3141820785389535,1.0,1.0,1.0
COPRS,7,1,0.14285714285714285,1,0.06254826254826255,2.28395061728395,0.3141725293032053,0.3637285621379889,0.3141820785389535,1.0,1.0,1.0
ZWINT,7,1,0.14285714285714285,1,0.06254826254826255,2.28395061728395,0.3141725293032053,0.3637285621379889,0.3141820785389535,1.0,1.0,1.0
SPRYD3,7,1,0.14285714285714285,1,0.06254826254826255,2.28395061728395,0.3141725293032053,0.3637285621379889,0.3141820785389535,1.0,1.0,1.0
ENSA,7,1,0.14285714285714285,1,0.06254826254826255,2.28395061728395,0.3141725293032053,0.3637285621379889,0.3141820785389535,1.0,1.0,1.0
ZBTB17,7,1,0.14285714285714285,1,0.06254826254826255,2.28395061728395,0.3141725293032053,0.3637285621379889,0.3141820785389535,1.0,1.0,1.0
UQCR11,7,1,0.14285714285714285,1,0.06254826254826255,2.28395061728395,0.3141725293032053,0.3637285621379889,0.3141820785389535,1.0,1.0,1.0
ASMTL,7,1,0.14285714285714285,1,0.06254826254826255,2.28395061728395,0.3141725293032053,0.3637285621379889,0.3141820785389535,1.0,1.0,1.0
CNOT10,7,1,0.14285714285714285,1,0.06254826254826255,2.28395061728395,0.3141725293032053,0.3637285621379889,0.3141820785389535,1.0,1.0,1.0
ATF3,7,1,0.14285714285714285,1,0.06254826254826255,2.28395061728395,0.3141725293032053,0.3637285621379889,0.3141820785389535,1.0,1.0,1.0
YWHAQ,7,1,0.14285714285714285,1,0.06254826254826255,2.28395061728395,0.3141725293032053,0.3637285621379889,0.3141820785389535,1.0,1.0,1.0
SNUPN,7,1,0.14285714285714285,1,0.06254826254826255,2.28395061728395,0.3141725293032053,0.3637285621379889,0.3141820785389535,1.0,1.0,1.0
TOP1,7,1,0.14285714285714285,1,0.06254826254826255,2.28395061728395,0.3141725293032053,0.3637285621379889,0.3141820785389535,1.0,1.0,1.0
LSR,7,1,0.14285714285714285,1,0.06254826254826255,2.28395061728395,0.3141725293032053,0.3637285621379889,0.3141820785389535,1.0,1.0,1.0
SLC25A13,7,1,0.14285714285714285,1,0.06254826254826255,2.28395061728395,0.3141725293032053,0.3637285621379889,0.3141820785389535,1.0,1.0,1.0
ATP5F1A,7,1,0.14285714285714285,1,0.06254826254826255,2.28395061728395,0.3141725293032053,0.3637285621379889,0.3141820785389535,1.0,1.0,1.0
WHAMM,7,1,0.14285714285714285,1,0.06254826254826255,2.28395061728395,0.3141725293032053,0.3637285621379889,0.3141820785389535,1.0,1.0,1.0
LRP8,7,1,0.14285714285714285,1,0.06254826254826255,2.28395061728395,0.3141725293032053,0.3637285621379889,0.3141820785389535,1.0,1.0,1.0
COA3,7,1,0.14285714285714285,1,0.06254826254826255,2.28395061728395,0.3141725293032053,0.3637285621379889,0.3141820785389535,1.0,1.0,1.0
ATP8A1,7,1,0.14285714285714285,1,0.06254826254826255,2.28395061728395,0.3141725293032053,0.3637285621379889,0.3141820785389535,1.0,1.0,1.0
WWP1,7,1,0.14285714285714285,1,0.06254826254826255,2.28395061728395,0.3141725293032053,0.3637285621379889,0.3141820785389535,1.0,1.0,1.0
DCK,7,1,0.14285714285714285,1,0.06254826254826255,2.28395061728395,0.3141725293032053,0.3637285621379889,0.3141820785389535,1.0,1.0,1.0
TNFRSF9,7,1,0.14285714285714285,1,0.06254826254826255,2.28395061728395,0.3141725293032053,0.3637285621379889,0.3141820785389535,1.0,1.0,1.0
TTC32,7,1,0.14285714285714285,1,0.06254826254826255,2.28395061728395,0.3141725293032053,0.3637285621379889,0.3141820785389535,1.0,1.0,1.0
CLPTM1L,7,1,0.14285714285714285,1,0.06254826254826255,2.28395061728395,0.3141725293032053,0.3637285621379889,0.3141820785389535,1.0,1.0,1.0
KPNA6,7,1,0.14285714285714285,1,0.06254826254826255,2.28395061728395,0.3141725293032053,0.3637285621379889,0.3141820785389535,1.0,1.0,1.0
GSTCD,7,1,0.14285714285714285,1,0.06254826254826255,2.28395061728395,0.3141725293032053,0.3637285621379889,0.3141820785389535,1.0,1.0,1.0
MSH5,7,1,0.14285714285714285,1,0.06254826254826255,2.28395061728395,0.3141725293032053,0.3637285621379889,0.3141820785389535,1.0,1.0,1.0
KPTN,7,1,0.14285714285714285,1,0.06254826254826255,2.28395061728395,0.3141725293032053,0.3637285621379889,0.3141820785389535,1.0,1.0,1.0
MLKL,7,1,0.14285714285714285,1,0.06254826254826255,2.28395061728395,0.3141725293032053,0.3637285621379889,0.3141820785389535,1.0,1.0,1.0
H2BC21,7,1,0.14285714285714285,1,0.06254826254826255,2.28395061728395,0.3141725293032053,0.3637285621379889,0.3141820785389535,1.0,1.0,1.0
RAB3GAP2,7,1,0.14285714285714285,1,0.06254826254826255,2.28395061728395,0.3141725293032053,0.3637285621379889,0.3141820785389535,1.0,1.0,1.0
BBIP1,7,1,0.14285714285714285,1,0.06254826254826255,2.28395061728395,0.3141725293032053,0.3637285621379889,0.3141820785389535,1.0,1.0,1.0
BCAS3,7,1,0.14285714285714285,1,0.06254826254826255,2.28395061728395,0.3141725293032053,0.3637285621379889,0.3141820785389535,1.0,1.0,1.0
LAG3,7,1,0.14285714285714285,1,0.06254826254826255,2.28395061728395,0.3141725293032053,0.3637285621379889,0.3141820785389535,1.0,1.0,1.0
PGAP6,7,1,0.14285714285714285,1,0.06254826254826255,2.28395061728395,0.3141725293032053,0.3637285621379889,0.3141820785389535,1.0,1.0,1.0
PEDS1,7,1,0.14285714285714285,1,0.06254826254826255,2.28395061728395,0.3141725293032053,0.3637285621379889,0.3141820785389535,1.0,1.0,1.0
RNF44,7,1,0.14285714285714285,1,0.06254826254826255,2.28395061728395,0.3141725293032053,0.3637285621379889,0.3141820785389535,1.0,1.0,1.0
ERAP2,7,1,0.14285714285714285,1,0.06254826254826255,2.28395061728395,0.3141725293032053,0.3637285621379889,0.3141820785389535,1.0,1.0,1.0
CASTOR1,7,1,0.14285714285714285,1,0.06254826254826255,2.28395061728395,0.3141725293032053,0.3637285621379889,0.3141820785389535,1.0,1.0,1.0
ERCC2,7,1,0.14285714285714285,1,0.06254826254826255,2.28395061728395,0.3141725293032053,0.3637285621379889,0.3141820785389535,1.0,1.0,1.0
ERCC6L2,7,1,0.14285714285714285,1,0.06254826254826255,2.28395061728395,0.3141725293032053,0.3637285621379889,0.3141820785389535,1.0,1.0,1.0
WASHC4,7,1,0.14285714285714285,1,0.06254826254826255,2.28395061728395,0.3141725293032053,0.3637285621379889,0.3141820785389535,1.0,1.0,1.0
QTRT1,7,1,0.14285714285714285,1,0.06254826254826255,2.28395061728395,0.3141725293032053,0.3637285621379889,0.3141820785389535,1.0,1.0,1.0
ZDHHC3,7,1,0.14285714285714285,1,0.06254826254826255,2.28395061728395,0.3141725293032053,0.3637285621379889,0.3141820785389535,1.0,1.0,1.0
ARHGAP25,7,1,0.14285714285714285,1,0.06254826254826255,2.28395061728395,0.3141725293032053,0.3637285621379889,0.3141820785389535,1.0,1.0,1.0
RELB,29,2,0.06896551724137931,8,0.044551829807295655,1.5479839445356687,0.45385200129755804,0.3726787457418588,0.4538799121298265,1.0,1.0,1.0
EBP,29,2,0.06896551724137931,8,0.044551829807295655,1.5479839445356687,0.45385200129755804,0.3726787457418588,0.4538799121298265,1.0,1.0,1.0
RNF167,29,2,0.06896551724137931,8,0.044551829807295655,1.5479839445356687,0.45385200129755804,0.3726787457418588,0.4538799121298265,1.0,1.0,1.0
BTG2,29,2,0.06896551724137931,8,0.044551829807295655,1.5479839445356687,0.45385200129755804,0.3726787457418588,0.4538799121298265,1.0,1.0,1.0
ITGAX,29,2,0.06896551724137931,8,0.044551829807295655,1.5479839445356687,0.45385200129755804,0.3726787457418588,0.4538799121298265,1.0,1.0,1.0
MUC1,29,2,0.06896551724137931,8,0.044551829807295655,1.5479839445356687,0.45385200129755804,0.3726787457418588,0.4538799121298265,1.0,1.0,1.0
GNLY,50,3,0.06,8,0.04454802926599009,1.3468609271523178,0.49139010865865757,0.38598348816976497,0.4914340174290935,1.0,1.0,1.0
TMC8,30,2,0.06666666666666667,8,0.04455445544554455,1.4962962962962962,0.47150217064314914,0.3887739308951801,0.4715336786203723,1.0,1.0,1.0
STAT2,9,1,0.1111111111111111,2,0.054228855721393035,2.0489296636085625,0.3842291482493895,0.394555225798316,0.38424384634405667,1.0,1.0,1.0
TMEM123,9,1,0.1111111111111111,2,0.054228855721393035,2.0489296636085625,0.3842291482493895,0.394555225798316,0.38424384634405667,1.0,1.0,1.0
HSF1,9,1,0.1111111111111111,2,0.054228855721393035,2.0489296636085625,0.3842291482493895,0.394555225798316,0.38424384634405667,1.0,1.0,1.0
SNX17,9,1,0.1111111111111111,2,0.054228855721393035,2.0489296636085625,0.3842291482493895,0.394555225798316,0.38424384634405667,1.0,1.0,1.0
PARP12,9,1,0.1111111111111111,2,0.054228855721393035,2.0489296636085625,0.3842291482493895,0.394555225798316,0.38424384634405667,1.0,1.0,1.0
TMEM120A,9,1,0.1111111111111111,2,0.054228855721393035,2.0489296636085625,0.3842291482493895,0.394555225798316,0.38424384634405667,1.0,1.0,1.0
PER1,9,1,0.1111111111111111,2,0.054228855721393035,2.0489296636085625,0.3842291482493895,0.394555225798316,0.38424384634405667,1.0,1.0,1.0
DCAF17,9,1,0.1111111111111111,2,0.054228855721393035,2.0489296636085625,0.3842291482493895,0.394555225798316,0.38424384634405667,1.0,1.0,1.0
SFXN3,9,1,0.1111111111111111,2,0.054228855721393035,2.0489296636085625,0.3842291482493895,0.394555225798316,0.38424384634405667,1.0,1.0,1.0
SEC11A,9,1,0.1111111111111111,2,0.054228855721393035,2.0489296636085625,0.3842291482493895,0.394555225798316,0.38424384634405667,1.0,1.0,1.0
INTS13,9,1,0.1111111111111111,2,0.054228855721393035,2.0489296636085625,0.3842291482493895,0.394555225798316,0.38424384634405667,1.0,1.0,1.0
SETD1B,9,1,0.1111111111111111,2,0.054228855721393035,2.0489296636085625,0.3842291482493895,0.394555225798316,0.38424384634405667,1.0,1.0,1.0
PIP4P1,9,1,0.1111111111111111,2,0.054228855721393035,2.0489296636085625,0.3842291482493895,0.394555225798316,0.38424384634405667,1.0,1.0,1.0
SEH1L,9,1,0.1111111111111111,2,0.054228855721393035,2.0489296636085625,0.3842291482493895,0.394555225798316,0.38424384634405667,1.0,1.0,1.0
DCTPP1,9,1,0.1111111111111111,2,0.054228855721393035,2.0489296636085625,0.3842291482493895,0.394555225798316,0.38424384634405667,1.0,1.0,1.0
LNPEP,9,1,0.1111111111111111,2,0.054228855721393035,2.0489296636085625,0.3842291482493895,0.394555225798316,0.38424384634405667,1.0,1.0,1.0
OXCT1,9,1,0.1111111111111111,2,0.054228855721393035,2.0489296636085625,0.3842291482493895,0.394555225798316,0.38424384634405667,1.0,1.0,1.0
PTTG1,9,1,0.1111111111111111,2,0.054228855721393035,2.0489296636085625,0.3842291482493895,0.394555225798316,0.38424384634405667,1.0,1.0,1.0
MSRB1,9,1,0.1111111111111111,2,0.054228855721393035,2.0489296636085625,0.3842291482493895,0.394555225798316,0.38424384634405667,1.0,1.0,1.0
MPP1,9,1,0.1111111111111111,2,0.054228855721393035,2.0489296636085625,0.3842291482493895,0.394555225798316,0.38424384634405667,1.0,1.0,1.0
GUCD1,9,1,0.1111111111111111,2,0.054228855721393035,2.0489296636085625,0.3842291482493895,0.394555225798316,0.38424384634405667,1.0,1.0,1.0
HMOX1,9,1,0.1111111111111111,2,0.054228855721393035,2.0489296636085625,0.3842291482493895,0.394555225798316,0.38424384634405667,1.0,1.0,1.0
RABL6,9,1,0.1111111111111111,2,0.054228855721393035,2.0489296636085625,0.3842291482493895,0.394555225798316,0.38424384634405667,1.0,1.0,1.0
RAC3,9,1,0.1111111111111111,2,0.054228855721393035,2.0489296636085625,0.3842291482493895,0.394555225798316,0.38424384634405667,1.0,1.0,1.0
MDM1,9,1,0.1111111111111111,2,0.054228855721393035,2.0489296636085625,0.3842291482493895,0.394555225798316,0.38424384634405667,1.0,1.0,1.0
MTAP,9,1,0.1111111111111111,2,0.054228855721393035,2.0489296636085625,0.3842291482493895,0.394555225798316,0.38424384634405667,1.0,1.0,1.0
LBH,9,1,0.1111111111111111,2,0.054228855721393035,2.0489296636085625,0.3842291482493895,0.394555225798316,0.38424384634405667,1.0,1.0,1.0
EIF2D,9,1,0.1111111111111111,2,0.054228855721393035,2.0489296636085625,0.3842291482493895,0.394555225798316,0.38424384634405667,1.0,1.0,1.0
RB1,9,1,0.1111111111111111,2,0.054228855721393035,2.0489296636085625,0.3842291482493895,0.394555225798316,0.38424384634405667,1.0,1.0,1.0
RNF141,9,1,0.1111111111111111,2,0.054228855721393035,2.0489296636085625,0.3842291482493895,0.394555225798316,0.38424384634405667,1.0,1.0,1.0
MAP3K3,9,1,0.1111111111111111,2,0.054228855721393035,2.0489296636085625,0.3842291482493895,0.394555225798316,0.38424384634405667,1.0,1.0,1.0
RER1,9,1,0.1111111111111111,2,0.054228855721393035,2.0489296636085625,0.3842291482493895,0.394555225798316,0.38424384634405667,1.0,1.0,1.0
EIF5B,9,1,0.1111111111111111,2,0.054228855721393035,2.0489296636085625,0.3842291482493895,0.394555225798316,0.38424384634405667,1.0,1.0,1.0
HDGF,9,1,0.1111111111111111,2,0.054228855721393035,2.0489296636085625,0.3842291482493895,0.394555225798316,0.38424384634405667,1.0,1.0,1.0
ENDOD1,9,1,0.1111111111111111,2,0.054228855721393035,2.0489296636085625,0.3842291482493895,0.394555225798316,0.38424384634405667,1.0,1.0,1.0
LCOR,9,1,0.1111111111111111,2,0.054228855721393035,2.0489296636085625,0.3842291482493895,0.394555225798316,0.38424384634405667,1.0,1.0,1.0
MTHFD1L,9,1,0.1111111111111111,2,0.054228855721393035,2.0489296636085625,0.3842291482493895,0.394555225798316,0.38424384634405667,1.0,1.0,1.0
KLF12,9,1,0.1111111111111111,2,0.054228855721393035,2.0489296636085625,0.3842291482493895,0.394555225798316,0.38424384634405667,1.0,1.0,1.0
KIF2A,9,1,0.1111111111111111,2,0.054228855721393035,2.0489296636085625,0.3842291482493895,0.394555225798316,0.38424384634405667,1.0,1.0,1.0
GIMAP6,9,1,0.1111111111111111,2,0.054228855721393035,2.0489296636085625,0.3842291482493895,0.394555225798316,0.38424384634405667,1.0,1.0,1.0
STAT5A,9,1,0.1111111111111111,2,0.054228855721393035,2.0489296636085625,0.3842291482493895,0.394555225798316,0.38424384634405667,1.0,1.0,1.0
TIGIT,9,1,0.1111111111111111,2,0.054228855721393035,2.0489296636085625,0.3842291482493895,0.394555225798316,0.38424384634405667,1.0,1.0,1.0
GALK1,9,1,0.1111111111111111,2,0.054228855721393035,2.0489296636085625,0.3842291482493895,0.394555225798316,0.38424384634405667,1.0,1.0,1.0
TIFA,9,1,0.1111111111111111,2,0.054228855721393035,2.0489296636085625,0.3842291482493895,0.394555225798316,0.38424384634405667,1.0,1.0,1.0
SMIM15,9,1,0.1111111111111111,2,0.054228855721393035,2.0489296636085625,0.3842291482493895,0.394555225798316,0.38424384634405667,1.0,1.0,1.0
PPP1R12A,9,1,0.1111111111111111,2,0.054228855721393035,2.0489296636085625,0.3842291482493895,0.394555225798316,0.38424384634405667,1.0,1.0,1.0
GNPAT,9,1,0.1111111111111111,2,0.054228855721393035,2.0489296636085625,0.3842291482493895,0.394555225798316,0.38424384634405667,1.0,1.0,1.0
PPP6R3,9,1,0.1111111111111111,2,0.054228855721393035,2.0489296636085625,0.3842291482493895,0.394555225798316,0.38424384634405667,1.0,1.0,1.0
TGFBR3,9,1,0.1111111111111111,2,0.054228855721393035,2.0489296636085625,0.3842291482493895,0.394555225798316,0.38424384634405667,1.0,1.0,1.0
SMARCB1,9,1,0.1111111111111111,2,0.054228855721393035,2.0489296636085625,0.3842291482493895,0.394555225798316,0.38424384634405667,1.0,1.0,1.0
TFG,9,1,0.1111111111111111,2,0.054228855721393035,2.0489296636085625,0.3842291482493895,0.394555225798316,0.38424384634405667,1.0,1.0,1.0
FHOD1,9,1,0.1111111111111111,2,0.054228855721393035,2.0489296636085625,0.3842291482493895,0.394555225798316,0.38424384634405667,1.0,1.0,1.0
NDUFV1,9,1,0.1111111111111111,2,0.054228855721393035,2.0489296636085625,0.3842291482493895,0.394555225798316,0.38424384634405667,1.0,1.0,1.0
PRPSAP1,9,1,0.1111111111111111,2,0.054228855721393035,2.0489296636085625,0.3842291482493895,0.394555225798316,0.38424384634405667,1.0,1.0,1.0
SPTBN1,9,1,0.1111111111111111,2,0.054228855721393035,2.0489296636085625,0.3842291482493895,0.394555225798316,0.38424384634405667,1.0,1.0,1.0
SACM1L,9,1,0.1111111111111111,2,0.054228855721393035,2.0489296636085625,0.3842291482493895,0.394555225798316,0.38424384634405667,1.0,1.0,1.0
FAAP20,9,1,0.1111111111111111,2,0.054228855721393035,2.0489296636085625,0.3842291482493895,0.394555225798316,0.38424384634405667,1.0,1.0,1.0
N4BP1,9,1,0.1111111111111111,2,0.054228855721393035,2.0489296636085625,0.3842291482493895,0.394555225798316,0.38424384634405667,1.0,1.0,1.0
DHRS7,9,1,0.1111111111111111,2,0.054228855721393035,2.0489296636085625,0.3842291482493895,0.394555225798316,0.38424384634405667,1.0,1.0,1.0
SAMD4B,9,1,0.1111111111111111,2,0.054228855721393035,2.0489296636085625,0.3842291482493895,0.394555225798316,0.38424384634405667,1.0,1.0,1.0
FGL2,9,1,0.1111111111111111,2,0.054228855721393035,2.0489296636085625,0.3842291482493895,0.394555225798316,0.38424384634405667,1.0,1.0,1.0
CHCHD3,9,1,0.1111111111111111,2,0.054228855721393035,2.0489296636085625,0.3842291482493895,0.394555225798316,0.38424384634405667,1.0,1.0,1.0
ANKRD12,9,1,0.1111111111111111,2,0.054228855721393035,2.0489296636085625,0.3842291482493895,0.394555225798316,0.38424384634405667,1.0,1.0,1.0
CANT1,9,1,0.1111111111111111,2,0.054228855721393035,2.0489296636085625,0.3842291482493895,0.394555225798316,0.38424384634405667,1.0,1.0,1.0
CLN3,9,1,0.1111111111111111,2,0.054228855721393035,2.0489296636085625,0.3842291482493895,0.394555225798316,0.38424384634405667,1.0,1.0,1.0
C8orf33,9,1,0.1111111111111111,2,0.054228855721393035,2.0489296636085625,0.3842291482493895,0.394555225798316,0.38424384634405667,1.0,1.0,1.0
ZC3H12D,9,1,0.1111111111111111,2,0.054228855721393035,2.0489296636085625,0.3842291482493895,0.394555225798316,0.38424384634405667,1.0,1.0,1.0
ALKBH3,9,1,0.1111111111111111,2,0.054228855721393035,2.0489296636085625,0.3842291482493895,0.394555225798316,0.38424384634405667,1.0,1.0,1.0
ARL8B,9,1,0.1111111111111111,2,0.054228855721393035,2.0489296636085625,0.3842291482493895,0.394555225798316,0.38424384634405667,1.0,1.0,1.0
TSPAN2,9,1,0.1111111111111111,2,0.054228855721393035,2.0489296636085625,0.3842291482493895,0.394555225798316,0.38424384634405667,1.0,1.0,1.0
ZBED2,9,1,0.1111111111111111,2,0.054228855721393035,2.0489296636085625,0.3842291482493895,0.394555225798316,0.38424384634405667,1.0,1.0,1.0
CISD2,9,1,0.1111111111111111,2,0.054228855721393035,2.0489296636085625,0.3842291482493895,0.394555225798316,0.38424384634405667,1.0,1.0,1.0
USP15,9,1,0.1111111111111111,2,0.054228855721393035,2.0489296636085625,0.3842291482493895,0.394555225798316,0.38424384634405667,1.0,1.0,1.0
C11orf68,9,1,0.1111111111111111,2,0.054228855721393035,2.0489296636085625,0.3842291482493895,0.394555225798316,0.38424384634405667,1.0,1.0,1.0
C1QBP,9,1,0.1111111111111111,2,0.054228855721393035,2.0489296636085625,0.3842291482493895,0.394555225798316,0.38424384634405667,1.0,1.0,1.0
AGTPBP1,9,1,0.1111111111111111,2,0.054228855721393035,2.0489296636085625,0.3842291482493895,0.394555225798316,0.38424384634405667,1.0,1.0,1.0
AGTRAP,9,1,0.1111111111111111,2,0.054228855721393035,2.0489296636085625,0.3842291482493895,0.394555225798316,0.38424384634405667,1.0,1.0,1.0
XPO5,9,1,0.1111111111111111,2,0.054228855721393035,2.0489296636085625,0.3842291482493895,0.394555225798316,0.38424384634405667,1.0,1.0,1.0
CNOT11,9,1,0.1111111111111111,2,0.054228855721393035,2.0489296636085625,0.3842291482493895,0.394555225798316,0.38424384634405667,1.0,1.0,1.0
COQ8A,9,1,0.1111111111111111,2,0.054228855721393035,2.0489296636085625,0.3842291482493895,0.394555225798316,0.38424384634405667,1.0,1.0,1.0
CTDSP1,9,1,0.1111111111111111,2,0.054228855721393035,2.0489296636085625,0.3842291482493895,0.394555225798316,0.38424384634405667,1.0,1.0,1.0
UBE2A,9,1,0.1111111111111111,2,0.054228855721393035,2.0489296636085625,0.3842291482493895,0.394555225798316,0.38424384634405667,1.0,1.0,1.0
AP5Z1,9,1,0.1111111111111111,2,0.054228855721393035,2.0489296636085625,0.3842291482493895,0.394555225798316,0.38424384634405667,1.0,1.0,1.0
WDR59,9,1,0.1111111111111111,2,0.054228855721393035,2.0489296636085625,0.3842291482493895,0.394555225798316,0.38424384634405667,1.0,1.0,1.0
WBP4,9,1,0.1111111111111111,2,0.054228855721393035,2.0489296636085625,0.3842291482493895,0.394555225798316,0.38424384634405667,1.0,1.0,1.0
WSB1,9,1,0.1111111111111111,2,0.054228855721393035,2.0489296636085625,0.3842291482493895,0.394555225798316,0.38424384634405667,1.0,1.0,1.0
ACADM,9,1,0.1111111111111111,2,0.054228855721393035,2.0489296636085625,0.3842291482493895,0.394555225798316,0.38424384634405667,1.0,1.0,1.0
CRKL,9,1,0.1111111111111111,2,0.054228855721393035,2.0489296636085625,0.3842291482493895,0.394555225798316,0.38424384634405667,1.0,1.0,1.0
ACACA,9,1,0.1111111111111111,2,0.054228855721393035,2.0489296636085625,0.3842291482493895,0.394555225798316,0.38424384634405667,1.0,1.0,1.0
FLNA,31,2,0.06451612903225806,8,0.04455708139329286,1.4479433350401092,0.4888032922478084,0.40468387078493384,0.48883841955992907,1.0,1.0,1.0
DRAP1,31,2,0.06451612903225806,8,0.04455708139329286,1.4479433350401092,0.4888032922478084,0.40468387078493384,0.48883841955992907,1.0,1.0,1.0
GIMAP2,31,2,0.06451612903225806,8,0.04455708139329286,1.4479433350401092,0.4888032922478084,0.40468387078493384,0.48883841955992907,1.0,1.0,1.0
S100A6,31,2,0.06451612903225806,8,0.04455708139329286,1.4479433350401092,0.4888032922478084,0.40468387078493384,0.48883841955992907,1.0,1.0,1.0
JAK2,31,2,0.06451612903225806,8,0.04455708139329286,1.4479433350401092,0.4888032922478084,0.40468387078493384,0.48883841955992907,1.0,1.0,1.0
ANKLE2,10,1,0.1,3,0.05194805194805195,1.925,0.416526343805881,0.4134279711277535,0.4165437528708823,1.0,1.0,1.0
SPATA13,10,1,0.1,3,0.05194805194805195,1.925,0.416526343805881,0.4134279711277535,0.4165437528708823,1.0,1.0,1.0
DGLUCY,10,1,0.1,3,0.05194805194805195,1.925,0.416526343805881,0.4134279711277535,0.4165437528708823,1.0,1.0,1.0
ANKRD28,10,1,0.1,3,0.05194805194805195,1.925,0.416526343805881,0.4134279711277535,0.4165437528708823,1.0,1.0,1.0
HERC5,10,1,0.1,3,0.05194805194805195,1.925,0.416526343805881,0.4134279711277535,0.4165437528708823,1.0,1.0,1.0
ZDHHC20,10,1,0.1,3,0.05194805194805195,1.925,0.416526343805881,0.4134279711277535,0.4165437528708823,1.0,1.0,1.0
HS2ST1,10,1,0.1,3,0.05194805194805195,1.925,0.416526343805881,0.4134279711277535,0.4165437528708823,1.0,1.0,1.0
AKAP13,10,1,0.1,3,0.05194805194805195,1.925,0.416526343805881,0.4134279711277535,0.4165437528708823,1.0,1.0,1.0
TRIP13,10,1,0.1,3,0.05194805194805195,1.925,0.416526343805881,0.4134279711277535,0.4165437528708823,1.0,1.0,1.0
ZMPSTE24,10,1,0.1,3,0.05194805194805195,1.925,0.416526343805881,0.4134279711277535,0.4165437528708823,1.0,1.0,1.0
R3HDM4,10,1,0.1,3,0.05194805194805195,1.925,0.416526343805881,0.4134279711277535,0.4165437528708823,1.0,1.0,1.0
ZNF224,10,1,0.1,3,0.05194805194805195,1.925,0.416526343805881,0.4134279711277535,0.4165437528708823,1.0,1.0,1.0
FCHSD2,10,1,0.1,3,0.05194805194805195,1.925,0.416526343805881,0.4134279711277535,0.4165437528708823,1.0,1.0,1.0
PRELID1,10,1,0.1,3,0.05194805194805195,1.925,0.416526343805881,0.4134279711277535,0.4165437528708823,1.0,1.0,1.0
CSGALNACT1,10,1,0.1,3,0.05194805194805195,1.925,0.416526343805881,0.4134279711277535,0.4165437528708823,1.0,1.0,1.0
TTYH2,10,1,0.1,3,0.05194805194805195,1.925,0.416526343805881,0.4134279711277535,0.4165437528708823,1.0,1.0,1.0
NDUFA1,10,1,0.1,3,0.05194805194805195,1.925,0.416526343805881,0.4134279711277535,0.4165437528708823,1.0,1.0,1.0
UEVLD,10,1,0.1,3,0.05194805194805195,1.925,0.416526343805881,0.4134279711277535,0.4165437528708823,1.0,1.0,1.0
DHPS,10,1,0.1,3,0.05194805194805195,1.925,0.416526343805881,0.4134279711277535,0.4165437528708823,1.0,1.0,1.0
GPR155,10,1,0.1,3,0.05194805194805195,1.925,0.416526343805881,0.4134279711277535,0.4165437528708823,1.0,1.0,1.0
CREB3,10,1,0.1,3,0.05194805194805195,1.925,0.416526343805881,0.4134279711277535,0.4165437528708823,1.0,1.0,1.0
MAP3K13,10,1,0.1,3,0.05194805194805195,1.925,0.416526343805881,0.4134279711277535,0.4165437528708823,1.0,1.0,1.0
ANKH,10,1,0.1,3,0.05194805194805195,1.925,0.416526343805881,0.4134279711277535,0.4165437528708823,1.0,1.0,1.0
CREBZF,10,1,0.1,3,0.05194805194805195,1.925,0.416526343805881,0.4134279711277535,0.4165437528708823,1.0,1.0,1.0
NCAPD2,10,1,0.1,3,0.05194805194805195,1.925,0.416526343805881,0.4134279711277535,0.4165437528708823,1.0,1.0,1.0
PSMB6,10,1,0.1,3,0.05194805194805195,1.925,0.416526343805881,0.4134279711277535,0.4165437528708823,1.0,1.0,1.0
TBL1XR1,10,1,0.1,3,0.05194805194805195,1.925,0.416526343805881,0.4134279711277535,0.4165437528708823,1.0,1.0,1.0
ZFAND1,10,1,0.1,3,0.05194805194805195,1.925,0.416526343805881,0.4134279711277535,0.4165437528708823,1.0,1.0,1.0
PIK3R2,10,1,0.1,3,0.05194805194805195,1.925,0.416526343805881,0.4134279711277535,0.4165437528708823,1.0,1.0,1.0
SMARCE1,10,1,0.1,3,0.05194805194805195,1.925,0.416526343805881,0.4134279711277535,0.4165437528708823,1.0,1.0,1.0
GNPNAT1,10,1,0.1,3,0.05194805194805195,1.925,0.416526343805881,0.4134279711277535,0.4165437528708823,1.0,1.0,1.0
GART,10,1,0.1,3,0.05194805194805195,1.925,0.416526343805881,0.4134279711277535,0.4165437528708823,1.0,1.0,1.0
DLGAP5,10,1,0.1,3,0.05194805194805195,1.925,0.416526343805881,0.4134279711277535,0.4165437528708823,1.0,1.0,1.0
SMIM30,10,1,0.1,3,0.05194805194805195,1.925,0.416526343805881,0.4134279711277535,0.4165437528708823,1.0,1.0,1.0
UBR5,10,1,0.1,3,0.05194805194805195,1.925,0.416526343805881,0.4134279711277535,0.4165437528708823,1.0,1.0,1.0
DHRS12,10,1,0.1,3,0.05194805194805195,1.925,0.416526343805881,0.4134279711277535,0.4165437528708823,1.0,1.0,1.0
PSMA7,10,1,0.1,3,0.05194805194805195,1.925,0.416526343805881,0.4134279711277535,0.4165437528708823,1.0,1.0,1.0
RC3H2,10,1,0.1,3,0.05194805194805195,1.925,0.416526343805881,0.4134279711277535,0.4165437528708823,1.0,1.0,1.0
OLA1,10,1,0.1,3,0.05194805194805195,1.925,0.416526343805881,0.4134279711277535,0.4165437528708823,1.0,1.0,1.0
TMEM216,10,1,0.1,3,0.05194805194805195,1.925,0.416526343805881,0.4134279711277535,0.4165437528708823,1.0,1.0,1.0
ERO1A,10,1,0.1,3,0.05194805194805195,1.925,0.416526343805881,0.4134279711277535,0.4165437528708823,1.0,1.0,1.0
TAF10,10,1,0.1,3,0.05194805194805195,1.925,0.416526343805881,0.4134279711277535,0.4165437528708823,1.0,1.0,1.0
TMEM126B,10,1,0.1,3,0.05194805194805195,1.925,0.416526343805881,0.4134279711277535,0.4165437528708823,1.0,1.0,1.0
YIF1B,10,1,0.1,3,0.05194805194805195,1.925,0.416526343805881,0.4134279711277535,0.4165437528708823,1.0,1.0,1.0
POMP,10,1,0.1,3,0.05194805194805195,1.925,0.416526343805881,0.4134279711277535,0.4165437528708823,1.0,1.0,1.0
TPK1,10,1,0.1,3,0.05194805194805195,1.925,0.416526343805881,0.4134279711277535,0.4165437528708823,1.0,1.0,1.0
TMED3,10,1,0.1,3,0.05194805194805195,1.925,0.416526343805881,0.4134279711277535,0.4165437528708823,1.0,1.0,1.0
TADA2B,10,1,0.1,3,0.05194805194805195,1.925,0.416526343805881,0.4134279711277535,0.4165437528708823,1.0,1.0,1.0
CLN6,10,1,0.1,3,0.05194805194805195,1.925,0.416526343805881,0.4134279711277535,0.4165437528708823,1.0,1.0,1.0
KIAA2026,10,1,0.1,3,0.05194805194805195,1.925,0.416526343805881,0.4134279711277535,0.4165437528708823,1.0,1.0,1.0
CMPK2,10,1,0.1,3,0.05194805194805195,1.925,0.416526343805881,0.4134279711277535,0.4165437528708823,1.0,1.0,1.0
POLR2I,10,1,0.1,3,0.05194805194805195,1.925,0.416526343805881,0.4134279711277535,0.4165437528708823,1.0,1.0,1.0
PNPLA6,10,1,0.1,3,0.05194805194805195,1.925,0.416526343805881,0.4134279711277535,0.4165437528708823,1.0,1.0,1.0
LAP3,10,1,0.1,3,0.05194805194805195,1.925,0.416526343805881,0.4134279711277535,0.4165437528708823,1.0,1.0,1.0
ENY2,10,1,0.1,3,0.05194805194805195,1.925,0.416526343805881,0.4134279711277535,0.4165437528708823,1.0,1.0,1.0
KLF2,10,1,0.1,3,0.05194805194805195,1.925,0.416526343805881,0.4134279711277535,0.4165437528708823,1.0,1.0,1.0
KLHL21,10,1,0.1,3,0.05194805194805195,1.925,0.416526343805881,0.4134279711277535,0.4165437528708823,1.0,1.0,1.0
RRAGC,10,1,0.1,3,0.05194805194805195,1.925,0.416526343805881,0.4134279711277535,0.4165437528708823,1.0,1.0,1.0
KIFBP,10,1,0.1,3,0.05194805194805195,1.925,0.416526343805881,0.4134279711277535,0.4165437528708823,1.0,1.0,1.0
EHD1,10,1,0.1,3,0.05194805194805195,1.925,0.416526343805881,0.4134279711277535,0.4165437528708823,1.0,1.0,1.0
CNPY2,10,1,0.1,3,0.05194805194805195,1.925,0.416526343805881,0.4134279711277535,0.4165437528708823,1.0,1.0,1.0
TRABD,10,1,0.1,3,0.05194805194805195,1.925,0.416526343805881,0.4134279711277535,0.4165437528708823,1.0,1.0,1.0
TRAF5,10,1,0.1,3,0.05194805194805195,1.925,0.416526343805881,0.4134279711277535,0.4165437528708823,1.0,1.0,1.0
PGRMC2,10,1,0.1,3,0.05194805194805195,1.925,0.416526343805881,0.4134279711277535,0.4165437528708823,1.0,1.0,1.0
CLK4,10,1,0.1,3,0.05194805194805195,1.925,0.416526343805881,0.4134279711277535,0.4165437528708823,1.0,1.0,1.0
PPP1R35,10,1,0.1,3,0.05194805194805195,1.925,0.416526343805881,0.4134279711277535,0.4165437528708823,1.0,1.0,1.0
RNF166,10,1,0.1,3,0.05194805194805195,1.925,0.416526343805881,0.4134279711277535,0.4165437528708823,1.0,1.0,1.0
NQO2,10,1,0.1,3,0.05194805194805195,1.925,0.416526343805881,0.4134279711277535,0.4165437528708823,1.0,1.0,1.0
EXT1,10,1,0.1,3,0.05194805194805195,1.925,0.416526343805881,0.4134279711277535,0.4165437528708823,1.0,1.0,1.0
CHMP4B,10,1,0.1,3,0.05194805194805195,1.925,0.416526343805881,0.4134279711277535,0.4165437528708823,1.0,1.0,1.0
FBXO22,10,1,0.1,3,0.05194805194805195,1.925,0.416526343805881,0.4134279711277535,0.4165437528708823,1.0,1.0,1.0
TBC1D1,10,1,0.1,3,0.05194805194805195,1.925,0.416526343805881,0.4134279711277535,0.4165437528708823,1.0,1.0,1.0
TMEM140,10,1,0.1,3,0.05194805194805195,1.925,0.416526343805881,0.4134279711277535,0.4165437528708823,1.0,1.0,1.0
IRF2,10,1,0.1,3,0.05194805194805195,1.925,0.416526343805881,0.4134279711277535,0.4165437528708823,1.0,1.0,1.0
ATF6B,10,1,0.1,3,0.05194805194805195,1.925,0.416526343805881,0.4134279711277535,0.4165437528708823,1.0,1.0,1.0
ANP32E,32,2,0.0625,8,0.04455970765059531,1.4026124338624337,0.5057434255326256,0.4203931368777272,0.5057821768052804,1.0,1.0,1.0
SEC11C,32,2,0.0625,8,0.04455970765059531,1.4026124338624337,0.5057434255326256,0.4203931368777272,0.5057821768052804,1.0,1.0,1.0
EIF1,32,2,0.0625,8,0.04455970765059531,1.4026124338624337,0.5057434255326256,0.4203931368777272,0.5057821768052804,1.0,1.0,1.0
JUND,32,2,0.0625,8,0.04455970765059531,1.4026124338624337,0.5057434255326256,0.4203931368777272,0.5057821768052804,1.0,1.0,1.0
CD44,32,2,0.0625,8,0.04455970765059531,1.4026124338624337,0.5057434255326256,0.4203931368777272,0.5057821768052804,1.0,1.0,1.0
CORO1A,53,3,0.05660377358490566,8,0.04455591619946887,1.2703986005248031,0.5307712682523916,0.4223407050964288,0.5308282421967259,1.0,1.0,1.0
H1-10,33,2,0.06060606060606061,8,0.04456233421750663,1.36002886002886,0.5223128427180379,0.43588803451378977,0.5223552060433597,1.0,1.0,1.0
C12orf57,33,2,0.06060606060606061,8,0.04456233421750663,1.36002886002886,0.5223128427180379,0.43588803451378977,0.5223552060433597,1.0,1.0,1.0
EEF1G,55,3,0.05454545454545454,8,0.04456117570678156,1.2240577965081276,0.5560488231623569,0.4461730928395069,0.556114373937285,1.0,1.0,1.0
GIMAP4,34,2,0.058823529411764705,8,0.04456496109408158,1.3199502023031435,0.5385038295496687,0.4511564797705607,0.5385497775506874,1.0,1.0,1.0
PHPT1,34,2,0.058823529411764705,8,0.04456496109408158,1.3199502023031435,0.5385038295496687,0.4511564797705607,0.5385497775506874,1.0,1.0,1.0
RRM2,35,2,0.05714285714285714,8,0.04456758828037494,1.282161753590325,0.5543105008406106,0.46618788380856013,0.554359991755156,1.0,1.0,1.0
MTIF2,11,1,0.09090909090909091,4,0.05817103056881207,1.5627897601290064,0.44712955070108934,0.48275953783688413,0.44714971252754304,1.0,1.0,1.0
GUSB,11,1,0.09090909090909091,4,0.05817103056881207,1.5627897601290064,0.44712955070108934,0.48275953783688413,0.44714971252754304,1.0,1.0,1.0
GRIPAP1,11,1,0.09090909090909091,4,0.05817103056881207,1.5627897601290064,0.44712955070108934,0.48275953783688413,0.44714971252754304,1.0,1.0,1.0
ORC6,11,1,0.09090909090909091,4,0.05817103056881207,1.5627897601290064,0.44712955070108934,0.48275953783688413,0.44714971252754304,1.0,1.0,1.0
SLC9A7,11,1,0.09090909090909091,4,0.05817103056881207,1.5627897601290064,0.44712955070108934,0.48275953783688413,0.44714971252754304,1.0,1.0,1.0
ACBD6,11,1,0.09090909090909091,4,0.05817103056881207,1.5627897601290064,0.44712955070108934,0.48275953783688413,0.44714971252754304,1.0,1.0,1.0
MTA1,11,1,0.09090909090909091,4,0.05817103056881207,1.5627897601290064,0.44712955070108934,0.48275953783688413,0.44714971252754304,1.0,1.0,1.0
CD164,11,1,0.09090909090909091,4,0.05817103056881207,1.5627897601290064,0.44712955070108934,0.48275953783688413,0.44714971252754304,1.0,1.0,1.0
TOMM5,11,1,0.09090909090909091,4,0.05817103056881207,1.5627897601290064,0.44712955070108934,0.48275953783688413,0.44714971252754304,1.0,1.0,1.0
AP3S2,11,1,0.09090909090909091,4,0.05817103056881207,1.5627897601290064,0.44712955070108934,0.48275953783688413,0.44714971252754304,1.0,1.0,1.0
COMMD6,11,1,0.09090909090909091,4,0.05817103056881207,1.5627897601290064,0.44712955070108934,0.48275953783688413,0.44714971252754304,1.0,1.0,1.0
NUDT15,11,1,0.09090909090909091,4,0.05817103056881207,1.5627897601290064,0.44712955070108934,0.48275953783688413,0.44714971252754304,1.0,1.0,1.0
PTGER4,11,1,0.09090909090909091,4,0.05817103056881207,1.5627897601290064,0.44712955070108934,0.48275953783688413,0.44714971252754304,1.0,1.0,1.0
TRIR,11,1,0.09090909090909091,4,0.05817103056881207,1.5627897601290064,0.44712955070108934,0.48275953783688413,0.44714971252754304,1.0,1.0,1.0
PPM1G,11,1,0.09090909090909091,4,0.05817103056881207,1.5627897601290064,0.44712955070108934,0.48275953783688413,0.44714971252754304,1.0,1.0,1.0
CLINT1,11,1,0.09090909090909091,4,0.05817103056881207,1.5627897601290064,0.44712955070108934,0.48275953783688413,0.44714971252754304,1.0,1.0,1.0
F5,11,1,0.09090909090909091,4,0.05817103056881207,1.5627897601290064,0.44712955070108934,0.48275953783688413,0.44714971252754304,1.0,1.0,1.0
EZR,11,1,0.09090909090909091,4,0.05817103056881207,1.5627897601290064,0.44712955070108934,0.48275953783688413,0.44714971252754304,1.0,1.0,1.0
PABIR2,11,1,0.09090909090909091,4,0.05817103056881207,1.5627897601290064,0.44712955070108934,0.48275953783688413,0.44714971252754304,1.0,1.0,1.0
TNFRSF8,11,1,0.09090909090909091,4,0.05817103056881207,1.5627897601290064,0.44712955070108934,0.48275953783688413,0.44714971252754304,1.0,1.0,1.0
ETS2,11,1,0.09090909090909091,4,0.05817103056881207,1.5627897601290064,0.44712955070108934,0.48275953783688413,0.44714971252754304,1.0,1.0,1.0
GBE1,11,1,0.09090909090909091,4,0.05817103056881207,1.5627897601290064,0.44712955070108934,0.48275953783688413,0.44714971252754304,1.0,1.0,1.0
CDC20,11,1,0.09090909090909091,4,0.05817103056881207,1.5627897601290064,0.44712955070108934,0.48275953783688413,0.44714971252754304,1.0,1.0,1.0
PLEKHG2,11,1,0.09090909090909091,4,0.05817103056881207,1.5627897601290064,0.44712955070108934,0.48275953783688413,0.44714971252754304,1.0,1.0,1.0
ZNF264,11,1,0.09090909090909091,4,0.05817103056881207,1.5627897601290064,0.44712955070108934,0.48275953783688413,0.44714971252754304,1.0,1.0,1.0
ACP1,11,1,0.09090909090909091,4,0.05817103056881207,1.5627897601290064,0.44712955070108934,0.48275953783688413,0.44714971252754304,1.0,1.0,1.0
CDK4,11,1,0.09090909090909091,4,0.05817103056881207,1.5627897601290064,0.44712955070108934,0.48275953783688413,0.44714971252754304,1.0,1.0,1.0
GLRX3,11,1,0.09090909090909091,4,0.05817103056881207,1.5627897601290064,0.44712955070108934,0.48275953783688413,0.44714971252754304,1.0,1.0,1.0
COX8A,11,1,0.09090909090909091,4,0.05817103056881207,1.5627897601290064,0.44712955070108934,0.48275953783688413,0.44714971252754304,1.0,1.0,1.0
SUGT1,11,1,0.09090909090909091,4,0.05817103056881207,1.5627897601290064,0.44712955070108934,0.48275953783688413,0.44714971252754304,1.0,1.0,1.0
POLR2K,11,1,0.09090909090909091,4,0.05817103056881207,1.5627897601290064,0.44712955070108934,0.48275953783688413,0.44714971252754304,1.0,1.0,1.0
GMFG,11,1,0.09090909090909091,4,0.05817103056881207,1.5627897601290064,0.44712955070108934,0.48275953783688413,0.44714971252754304,1.0,1.0,1.0
PLCB2,11,1,0.09090909090909091,4,0.05817103056881207,1.5627897601290064,0.44712955070108934,0.48275953783688413,0.44714971252754304,1.0,1.0,1.0
PLEKHB1,11,1,0.09090909090909091,4,0.05817103056881207,1.5627897601290064,0.44712955070108934,0.48275953783688413,0.44714971252754304,1.0,1.0,1.0
PBXIP1,11,1,0.09090909090909091,4,0.05817103056881207,1.5627897601290064,0.44712955070108934,0.48275953783688413,0.44714971252754304,1.0,1.0,1.0
HBP1,11,1,0.09090909090909091,4,0.05817103056881207,1.5627897601290064,0.44712955070108934,0.48275953783688413,0.44714971252754304,1.0,1.0,1.0
CCNB1,11,1,0.09090909090909091,4,0.05817103056881207,1.5627897601290064,0.44712955070108934,0.48275953783688413,0.44714971252754304,1.0,1.0,1.0
SLA2,11,1,0.09090909090909091,4,0.05817103056881207,1.5627897601290064,0.44712955070108934,0.48275953783688413,0.44714971252754304,1.0,1.0,1.0
ARHGEF7,11,1,0.09090909090909091,4,0.05817103056881207,1.5627897601290064,0.44712955070108934,0.48275953783688413,0.44714971252754304,1.0,1.0,1.0
KAT6B,11,1,0.09090909090909091,4,0.05817103056881207,1.5627897601290064,0.44712955070108934,0.48275953783688413,0.44714971252754304,1.0,1.0,1.0
INTS6,11,1,0.09090909090909091,4,0.05817103056881207,1.5627897601290064,0.44712955070108934,0.48275953783688413,0.44714971252754304,1.0,1.0,1.0
ASB1,11,1,0.09090909090909091,4,0.05817103056881207,1.5627897601290064,0.44712955070108934,0.48275953783688413,0.44714971252754304,1.0,1.0,1.0
SEC22B,11,1,0.09090909090909091,4,0.05817103056881207,1.5627897601290064,0.44712955070108934,0.48275953783688413,0.44714971252754304,1.0,1.0,1.0
ATF5,11,1,0.09090909090909091,4,0.05817103056881207,1.5627897601290064,0.44712955070108934,0.48275953783688413,0.44714971252754304,1.0,1.0,1.0
ZFC3H1,11,1,0.09090909090909091,4,0.05817103056881207,1.5627897601290064,0.44712955070108934,0.48275953783688413,0.44714971252754304,1.0,1.0,1.0
MESD,11,1,0.09090909090909091,4,0.05817103056881207,1.5627897601290064,0.44712955070108934,0.48275953783688413,0.44714971252754304,1.0,1.0,1.0
BRMS1L,11,1,0.09090909090909091,4,0.05817103056881207,1.5627897601290064,0.44712955070108934,0.48275953783688413,0.44714971252754304,1.0,1.0,1.0
RCOR3,11,1,0.09090909090909091,4,0.05817103056881207,1.5627897601290064,0.44712955070108934,0.48275953783688413,0.44714971252754304,1.0,1.0,1.0
DDX60L,11,1,0.09090909090909091,4,0.05817103056881207,1.5627897601290064,0.44712955070108934,0.48275953783688413,0.44714971252754304,1.0,1.0,1.0
RALGDS,11,1,0.09090909090909091,4,0.05817103056881207,1.5627897601290064,0.44712955070108934,0.48275953783688413,0.44714971252754304,1.0,1.0,1.0
DLGAP4,11,1,0.09090909090909091,4,0.05817103056881207,1.5627897601290064,0.44712955070108934,0.48275953783688413,0.44714971252754304,1.0,1.0,1.0
ITGB2,11,1,0.09090909090909091,4,0.05817103056881207,1.5627897601290064,0.44712955070108934,0.48275953783688413,0.44714971252754304,1.0,1.0,1.0
PICALM,11,1,0.09090909090909091,4,0.05817103056881207,1.5627897601290064,0.44712955070108934,0.48275953783688413,0.44714971252754304,1.0,1.0,1.0
TIA1,11,1,0.09090909090909091,4,0.05817103056881207,1.5627897601290064,0.44712955070108934,0.48275953783688413,0.44714971252754304,1.0,1.0,1.0
RAB35,11,1,0.09090909090909091,4,0.05817103056881207,1.5627897601290064,0.44712955070108934,0.48275953783688413,0.44714971252754304,1.0,1.0,1.0
SEC62,11,1,0.09090909090909091,4,0.05817103056881207,1.5627897601290064,0.44712955070108934,0.48275953783688413,0.44714971252754304,1.0,1.0,1.0
CCDC47,11,1,0.09090909090909091,4,0.05817103056881207,1.5627897601290064,0.44712955070108934,0.48275953783688413,0.44714971252754304,1.0,1.0,1.0
BABAM1,11,1,0.09090909090909091,4,0.05817103056881207,1.5627897601290064,0.44712955070108934,0.48275953783688413,0.44714971252754304,1.0,1.0,1.0
MOCS2,11,1,0.09090909090909091,4,0.05817103056881207,1.5627897601290064,0.44712955070108934,0.48275953783688413,0.44714971252754304,1.0,1.0,1.0
DHRS3,11,1,0.09090909090909091,4,0.05817103056881207,1.5627897601290064,0.44712955070108934,0.48275953783688413,0.44714971252754304,1.0,1.0,1.0
MMADHC,11,1,0.09090909090909091,4,0.05817103056881207,1.5627897601290064,0.44712955070108934,0.48275953783688413,0.44714971252754304,1.0,1.0,1.0
C21orf58,11,1,0.09090909090909091,4,0.05817103056881207,1.5627897601290064,0.44712955070108934,0.48275953783688413,0.44714971252754304,1.0,1.0,1.0
BBLN,11,1,0.09090909090909091,4,0.05817103056881207,1.5627897601290064,0.44712955070108934,0.48275953783688413,0.44714971252754304,1.0,1.0,1.0
KMT2B,11,1,0.09090909090909091,4,0.05817103056881207,1.5627897601290064,0.44712955070108934,0.48275953783688413,0.44714971252754304,1.0,1.0,1.0
SGMS1,11,1,0.09090909090909091,4,0.05817103056881207,1.5627897601290064,0.44712955070108934,0.48275953783688413,0.44714971252754304,1.0,1.0,1.0
SLC25A45,11,1,0.09090909090909091,4,0.05817103056881207,1.5627897601290064,0.44712955070108934,0.48275953783688413,0.44714971252754304,1.0,1.0,1.0
MLH1,11,1,0.09090909090909091,4,0.05817103056881207,1.5627897601290064,0.44712955070108934,0.48275953783688413,0.44714971252754304,1.0,1.0,1.0
RANGRF,11,1,0.09090909090909091,4,0.05817103056881207,1.5627897601290064,0.44712955070108934,0.48275953783688413,0.44714971252754304,1.0,1.0,1.0
KLHDC2,11,1,0.09090909090909091,4,0.05817103056881207,1.5627897601290064,0.44712955070108934,0.48275953783688413,0.44714971252754304,1.0,1.0,1.0
CCDC34,11,1,0.09090909090909091,4,0.05817103056881207,1.5627897601290064,0.44712955070108934,0.48275953783688413,0.44714971252754304,1.0,1.0,1.0
CAB39L,11,1,0.09090909090909091,4,0.05817103056881207,1.5627897601290064,0.44712955070108934,0.48275953783688413,0.44714971252754304,1.0,1.0,1.0
APOL2,11,1,0.09090909090909091,4,0.05817103056881207,1.5627897601290064,0.44712955070108934,0.48275953783688413,0.44714971252754304,1.0,1.0,1.0
RBM23,11,1,0.09090909090909091,4,0.05817103056881207,1.5627897601290064,0.44712955070108934,0.48275953783688413,0.44714971252754304,1.0,1.0,1.0
SNHG32,37,2,0.05405405405405406,8,0.044572843582335944,1.2127127127127129,0.5847554903754113,0.4955040434033263,0.5848118897429534,1.0,1.0,1.0
PDE3B,38,2,0.05263157894736842,8,0.044575471698113205,1.1807296017822333,0.599389711222164,0.5097741523269322,0.599449452794002,1.0,1.0,1.0
SELPLG,12,1,0.08333333333333333,4,0.05817853457172343,1.432372505543237,0.47612761867986414,0.5128945230190282,0.4761505439902267,1.0,1.0,1.0
PICK1,12,1,0.08333333333333333,4,0.05817853457172343,1.432372505543237,0.47612761867986414,0.5128945230190282,0.4761505439902267,1.0,1.0,1.0
NME1,12,1,0.08333333333333333,4,0.05817853457172343,1.432372505543237,0.47612761867986414,0.5128945230190282,0.4761505439902267,1.0,1.0,1.0
PRMT1,12,1,0.08333333333333333,4,0.05817853457172343,1.432372505543237,0.47612761867986414,0.5128945230190282,0.4761505439902267,1.0,1.0,1.0
DAPP1,12,1,0.08333333333333333,4,0.05817853457172343,1.432372505543237,0.47612761867986414,0.5128945230190282,0.4761505439902267,1.0,1.0,1.0
RBX1,12,1,0.08333333333333333,4,0.05817853457172343,1.432372505543237,0.47612761867986414,0.5128945230190282,0.4761505439902267,1.0,1.0,1.0
TAX1BP1,12,1,0.08333333333333333,4,0.05817853457172343,1.432372505543237,0.47612761867986414,0.5128945230190282,0.4761505439902267,1.0,1.0,1.0
CHMP1A,12,1,0.08333333333333333,4,0.05817853457172343,1.432372505543237,0.47612761867986414,0.5128945230190282,0.4761505439902267,1.0,1.0,1.0
COX6C,12,1,0.08333333333333333,4,0.05817853457172343,1.432372505543237,0.47612761867986414,0.5128945230190282,0.4761505439902267,1.0,1.0,1.0
CGAS,12,1,0.08333333333333333,4,0.05817853457172343,1.432372505543237,0.47612761867986414,0.5128945230190282,0.4761505439902267,1.0,1.0,1.0
DESI1,12,1,0.08333333333333333,4,0.05817853457172343,1.432372505543237,0.47612761867986414,0.5128945230190282,0.4761505439902267,1.0,1.0,1.0
VAMP5,12,1,0.08333333333333333,4,0.05817853457172343,1.432372505543237,0.47612761867986414,0.5128945230190282,0.4761505439902267,1.0,1.0,1.0
COX17,12,1,0.08333333333333333,4,0.05817853457172343,1.432372505543237,0.47612761867986414,0.5128945230190282,0.4761505439902267,1.0,1.0,1.0
BANF1,12,1,0.08333333333333333,4,0.05817853457172343,1.432372505543237,0.47612761867986414,0.5128945230190282,0.4761505439902267,1.0,1.0,1.0
COMMD4,12,1,0.08333333333333333,4,0.05817853457172343,1.432372505543237,0.47612761867986414,0.5128945230190282,0.4761505439902267,1.0,1.0,1.0
WBP1,12,1,0.08333333333333333,4,0.05817853457172343,1.432372505543237,0.47612761867986414,0.5128945230190282,0.4761505439902267,1.0,1.0,1.0
TMEM147,12,1,0.08333333333333333,4,0.05817853457172343,1.432372505543237,0.47612761867986414,0.5128945230190282,0.4761505439902267,1.0,1.0,1.0
SUSD3,12,1,0.08333333333333333,4,0.05817853457172343,1.432372505543237,0.47612761867986414,0.5128945230190282,0.4761505439902267,1.0,1.0,1.0
LRBA,12,1,0.08333333333333333,4,0.05817853457172343,1.432372505543237,0.47612761867986414,0.5128945230190282,0.4761505439902267,1.0,1.0,1.0
KIAA2013,12,1,0.08333333333333333,4,0.05817853457172343,1.432372505543237,0.47612761867986414,0.5128945230190282,0.4761505439902267,1.0,1.0,1.0
KIAA1671,12,1,0.08333333333333333,4,0.05817853457172343,1.432372505543237,0.47612761867986414,0.5128945230190282,0.4761505439902267,1.0,1.0,1.0
ATP5IF1,12,1,0.08333333333333333,4,0.05817853457172343,1.432372505543237,0.47612761867986414,0.5128945230190282,0.4761505439902267,1.0,1.0,1.0
LRRFIP1,12,1,0.08333333333333333,4,0.05817853457172343,1.432372505543237,0.47612761867986414,0.5128945230190282,0.4761505439902267,1.0,1.0,1.0
RGS16,12,1,0.08333333333333333,4,0.05817853457172343,1.432372505543237,0.47612761867986414,0.5128945230190282,0.4761505439902267,1.0,1.0,1.0
ETFB,12,1,0.08333333333333333,4,0.05817853457172343,1.432372505543237,0.47612761867986414,0.5128945230190282,0.4761505439902267,1.0,1.0,1.0
LY75,12,1,0.08333333333333333,4,0.05817853457172343,1.432372505543237,0.47612761867986414,0.5128945230190282,0.4761505439902267,1.0,1.0,1.0
JUN,12,1,0.08333333333333333,4,0.05817853457172343,1.432372505543237,0.47612761867986414,0.5128945230190282,0.4761505439902267,1.0,1.0,1.0
JPT1,12,1,0.08333333333333333,4,0.05817853457172343,1.432372505543237,0.47612761867986414,0.5128945230190282,0.4761505439902267,1.0,1.0,1.0
NT5C,12,1,0.08333333333333333,4,0.05817853457172343,1.432372505543237,0.47612761867986414,0.5128945230190282,0.4761505439902267,1.0,1.0,1.0
VDAC1,12,1,0.08333333333333333,4,0.05817853457172343,1.432372505543237,0.47612761867986414,0.5128945230190282,0.4761505439902267,1.0,1.0,1.0
RETREG3,12,1,0.08333333333333333,4,0.05817853457172343,1.432372505543237,0.47612761867986414,0.5128945230190282,0.4761505439902267,1.0,1.0,1.0
TM9SF2,12,1,0.08333333333333333,4,0.05817853457172343,1.432372505543237,0.47612761867986414,0.5128945230190282,0.4761505439902267,1.0,1.0,1.0
FOXO1,12,1,0.08333333333333333,4,0.05817853457172343,1.432372505543237,0.47612761867986414,0.5128945230190282,0.4761505439902267,1.0,1.0,1.0
CYC1,12,1,0.08333333333333333,4,0.05817853457172343,1.432372505543237,0.47612761867986414,0.5128945230190282,0.4761505439902267,1.0,1.0,1.0
ASXL1,12,1,0.08333333333333333,4,0.05817853457172343,1.432372505543237,0.47612761867986414,0.5128945230190282,0.4761505439902267,1.0,1.0,1.0
ITGA2,12,1,0.08333333333333333,4,0.05817853457172343,1.432372505543237,0.47612761867986414,0.5128945230190282,0.4761505439902267,1.0,1.0,1.0
ZAP70,12,1,0.08333333333333333,4,0.05817853457172343,1.432372505543237,0.47612761867986414,0.5128945230190282,0.4761505439902267,1.0,1.0,1.0
NEK6,12,1,0.08333333333333333,4,0.05817853457172343,1.432372505543237,0.47612761867986414,0.5128945230190282,0.4761505439902267,1.0,1.0,1.0
DARS1,12,1,0.08333333333333333,4,0.05817853457172343,1.432372505543237,0.47612761867986414,0.5128945230190282,0.4761505439902267,1.0,1.0,1.0
IL18RAP,12,1,0.08333333333333333,4,0.05817853457172343,1.432372505543237,0.47612761867986414,0.5128945230190282,0.4761505439902267,1.0,1.0,1.0
ICAM1,12,1,0.08333333333333333,4,0.05817853457172343,1.432372505543237,0.47612761867986414,0.5128945230190282,0.4761505439902267,1.0,1.0,1.0
PDE1B,12,1,0.08333333333333333,4,0.05817853457172343,1.432372505543237,0.47612761867986414,0.5128945230190282,0.4761505439902267,1.0,1.0,1.0
CAMK2D,12,1,0.08333333333333333,4,0.05817853457172343,1.432372505543237,0.47612761867986414,0.5128945230190282,0.4761505439902267,1.0,1.0,1.0
MTHFD1,12,1,0.08333333333333333,4,0.05817853457172343,1.432372505543237,0.47612761867986414,0.5128945230190282,0.4761505439902267,1.0,1.0,1.0
ARHGEF2,12,1,0.08333333333333333,4,0.05817853457172343,1.432372505543237,0.47612761867986414,0.5128945230190282,0.4761505439902267,1.0,1.0,1.0
CAMTA1,12,1,0.08333333333333333,4,0.05817853457172343,1.432372505543237,0.47612761867986414,0.5128945230190282,0.4761505439902267,1.0,1.0,1.0
ZDHHC16,12,1,0.08333333333333333,4,0.05817853457172343,1.432372505543237,0.47612761867986414,0.5128945230190282,0.4761505439902267,1.0,1.0,1.0
GMFB,12,1,0.08333333333333333,4,0.05817853457172343,1.432372505543237,0.47612761867986414,0.5128945230190282,0.4761505439902267,1.0,1.0,1.0
HSH2D,12,1,0.08333333333333333,4,0.05817853457172343,1.432372505543237,0.47612761867986414,0.5128945230190282,0.4761505439902267,1.0,1.0,1.0
CD6,12,1,0.08333333333333333,4,0.05817853457172343,1.432372505543237,0.47612761867986414,0.5128945230190282,0.4761505439902267,1.0,1.0,1.0
MAPK6,12,1,0.08333333333333333,4,0.05817853457172343,1.432372505543237,0.47612761867986414,0.5128945230190282,0.4761505439902267,1.0,1.0,1.0
MINK1,12,1,0.08333333333333333,4,0.05817853457172343,1.432372505543237,0.47612761867986414,0.5128945230190282,0.4761505439902267,1.0,1.0,1.0
CASP4,12,1,0.08333333333333333,4,0.05817853457172343,1.432372505543237,0.47612761867986414,0.5128945230190282,0.4761505439902267,1.0,1.0,1.0
MFHAS1,12,1,0.08333333333333333,4,0.05817853457172343,1.432372505543237,0.47612761867986414,0.5128945230190282,0.4761505439902267,1.0,1.0,1.0
HNRNPL,12,1,0.08333333333333333,4,0.05817853457172343,1.432372505543237,0.47612761867986414,0.5128945230190282,0.4761505439902267,1.0,1.0,1.0
DNAJA1,12,1,0.08333333333333333,4,0.05817853457172343,1.432372505543237,0.47612761867986414,0.5128945230190282,0.4761505439902267,1.0,1.0,1.0
MTMR2,12,1,0.08333333333333333,4,0.05817853457172343,1.432372505543237,0.47612761867986414,0.5128945230190282,0.4761505439902267,1.0,1.0,1.0
HNRNPA0,12,1,0.08333333333333333,4,0.05817853457172343,1.432372505543237,0.47612761867986414,0.5128945230190282,0.4761505439902267,1.0,1.0,1.0
SMAP1,12,1,0.08333333333333333,4,0.05817853457172343,1.432372505543237,0.47612761867986414,0.5128945230190282,0.4761505439902267,1.0,1.0,1.0
GPBP1L1,12,1,0.08333333333333333,4,0.05817853457172343,1.432372505543237,0.47612761867986414,0.5128945230190282,0.4761505439902267,1.0,1.0,1.0
PTEN,12,1,0.08333333333333333,4,0.05817853457172343,1.432372505543237,0.47612761867986414,0.5128945230190282,0.4761505439902267,1.0,1.0,1.0
PTRHD1,12,1,0.08333333333333333,4,0.05817853457172343,1.432372505543237,0.47612761867986414,0.5128945230190282,0.4761505439902267,1.0,1.0,1.0
THG1L,12,1,0.08333333333333333,4,0.05817853457172343,1.432372505543237,0.47612761867986414,0.5128945230190282,0.4761505439902267,1.0,1.0,1.0
CDKAL1,12,1,0.08333333333333333,4,0.05817853457172343,1.432372505543237,0.47612761867986414,0.5128945230190282,0.4761505439902267,1.0,1.0,1.0
MCM2,12,1,0.08333333333333333,4,0.05817853457172343,1.432372505543237,0.47612761867986414,0.5128945230190282,0.4761505439902267,1.0,1.0,1.0
SLC26A4,12,1,0.08333333333333333,4,0.05817853457172343,1.432372505543237,0.47612761867986414,0.5128945230190282,0.4761505439902267,1.0,1.0,1.0
TBL1X,12,1,0.08333333333333333,4,0.05817853457172343,1.432372505543237,0.47612761867986414,0.5128945230190282,0.4761505439902267,1.0,1.0,1.0
MPHOSPH9,12,1,0.08333333333333333,4,0.05817853457172343,1.432372505543237,0.47612761867986414,0.5128945230190282,0.4761505439902267,1.0,1.0,1.0
RAPGEF1,12,1,0.08333333333333333,4,0.05817853457172343,1.432372505543237,0.47612761867986414,0.5128945230190282,0.4761505439902267,1.0,1.0,1.0
SH2B3,12,1,0.08333333333333333,4,0.05817853457172343,1.432372505543237,0.47612761867986414,0.5128945230190282,0.4761505439902267,1.0,1.0,1.0
CENPH,12,1,0.08333333333333333,4,0.05817853457172343,1.432372505543237,0.47612761867986414,0.5128945230190282,0.4761505439902267,1.0,1.0,1.0
GCLM,12,1,0.08333333333333333,4,0.05817853457172343,1.432372505543237,0.47612761867986414,0.5128945230190282,0.4761505439902267,1.0,1.0,1.0
NDRG3,12,1,0.08333333333333333,4,0.05817853457172343,1.432372505543237,0.47612761867986414,0.5128945230190282,0.4761505439902267,1.0,1.0,1.0
TBX21,12,1,0.08333333333333333,4,0.05817853457172343,1.432372505543237,0.47612761867986414,0.5128945230190282,0.4761505439902267,1.0,1.0,1.0
ZNF292,12,1,0.08333333333333333,4,0.05817853457172343,1.432372505543237,0.47612761867986414,0.5128945230190282,0.4761505439902267,1.0,1.0,1.0
MLLT6,12,1,0.08333333333333333,4,0.05817853457172343,1.432372505543237,0.47612761867986414,0.5128945230190282,0.4761505439902267,1.0,1.0,1.0
CCT4,12,1,0.08333333333333333,4,0.05817853457172343,1.432372505543237,0.47612761867986414,0.5128945230190282,0.4761505439902267,1.0,1.0,1.0
NBEAL2,12,1,0.08333333333333333,4,0.05817853457172343,1.432372505543237,0.47612761867986414,0.5128945230190282,0.4761505439902267,1.0,1.0,1.0
PKIA,12,1,0.08333333333333333,4,0.05817853457172343,1.432372505543237,0.47612761867986414,0.5128945230190282,0.4761505439902267,1.0,1.0,1.0
APEX1,12,1,0.08333333333333333,4,0.05817853457172343,1.432372505543237,0.47612761867986414,0.5128945230190282,0.4761505439902267,1.0,1.0,1.0
COMMD7,12,1,0.08333333333333333,4,0.05817853457172343,1.432372505543237,0.47612761867986414,0.5128945230190282,0.4761505439902267,1.0,1.0,1.0
BICDL1,15,1,0.06666666666666667,6,0.047800108636610536,1.3946969696969698,0.5543110377345696,0.5203527996894389,0.5543420670390118,1.0,1.0,1.0
MICU2,15,1,0.06666666666666667,6,0.047800108636610536,1.3946969696969698,0.5543110377345696,0.5203527996894389,0.5543420670390118,1.0,1.0,1.0
UBE2L3,15,1,0.06666666666666667,6,0.047800108636610536,1.3946969696969698,0.5543110377345696,0.5203527996894389,0.5543420670390118,1.0,1.0,1.0
SYNGAP1,15,1,0.06666666666666667,6,0.047800108636610536,1.3946969696969698,0.5543110377345696,0.5203527996894389,0.5543420670390118,1.0,1.0,1.0
KLF10,15,1,0.06666666666666667,6,0.047800108636610536,1.3946969696969698,0.5543110377345696,0.5203527996894389,0.5543420670390118,1.0,1.0,1.0
VRK1,15,1,0.06666666666666667,6,0.047800108636610536,1.3946969696969698,0.5543110377345696,0.5203527996894389,0.5543420670390118,1.0,1.0,1.0
RNF7,15,1,0.06666666666666667,6,0.047800108636610536,1.3946969696969698,0.5543110377345696,0.5203527996894389,0.5543420670390118,1.0,1.0,1.0
EPB41,15,1,0.06666666666666667,6,0.047800108636610536,1.3946969696969698,0.5543110377345696,0.5203527996894389,0.5543420670390118,1.0,1.0,1.0
GMNN,15,1,0.06666666666666667,6,0.047800108636610536,1.3946969696969698,0.5543110377345696,0.5203527996894389,0.5543420670390118,1.0,1.0,1.0
MVD,15,1,0.06666666666666667,6,0.047800108636610536,1.3946969696969698,0.5543110377345696,0.5203527996894389,0.5543420670390118,1.0,1.0,1.0
RASSF5,15,1,0.06666666666666667,6,0.047800108636610536,1.3946969696969698,0.5543110377345696,0.5203527996894389,0.5543420670390118,1.0,1.0,1.0
NEMP2,15,1,0.06666666666666667,6,0.047800108636610536,1.3946969696969698,0.5543110377345696,0.5203527996894389,0.5543420670390118,1.0,1.0,1.0
NFATC2,15,1,0.06666666666666667,6,0.047800108636610536,1.3946969696969698,0.5543110377345696,0.5203527996894389,0.5543420670390118,1.0,1.0,1.0
ALOX5AP,15,1,0.06666666666666667,6,0.047800108636610536,1.3946969696969698,0.5543110377345696,0.5203527996894389,0.5543420670390118,1.0,1.0,1.0
SGO2,15,1,0.06666666666666667,6,0.047800108636610536,1.3946969696969698,0.5543110377345696,0.5203527996894389,0.5543420670390118,1.0,1.0,1.0
ILRUN,15,1,0.06666666666666667,6,0.047800108636610536,1.3946969696969698,0.5543110377345696,0.5203527996894389,0.5543420670390118,1.0,1.0,1.0
MCTP2,15,1,0.06666666666666667,6,0.047800108636610536,1.3946969696969698,0.5543110377345696,0.5203527996894389,0.5543420670390118,1.0,1.0,1.0
IDH3B,15,1,0.06666666666666667,6,0.047800108636610536,1.3946969696969698,0.5543110377345696,0.5203527996894389,0.5543420670390118,1.0,1.0,1.0
RAP2A,15,1,0.06666666666666667,6,0.047800108636610536,1.3946969696969698,0.5543110377345696,0.5203527996894389,0.5543420670390118,1.0,1.0,1.0
AMPD3,15,1,0.06666666666666667,6,0.047800108636610536,1.3946969696969698,0.5543110377345696,0.5203527996894389,0.5543420670390118,1.0,1.0,1.0
ASF1A,15,1,0.06666666666666667,6,0.047800108636610536,1.3946969696969698,0.5543110377345696,0.5203527996894389,0.5543420670390118,1.0,1.0,1.0
PPP3CA,15,1,0.06666666666666667,6,0.047800108636610536,1.3946969696969698,0.5543110377345696,0.5203527996894389,0.5543420670390118,1.0,1.0,1.0
TRAPPC6A,15,1,0.06666666666666667,6,0.047800108636610536,1.3946969696969698,0.5543110377345696,0.5203527996894389,0.5543420670390118,1.0,1.0,1.0
IRF9,15,1,0.06666666666666667,6,0.047800108636610536,1.3946969696969698,0.5543110377345696,0.5203527996894389,0.5543420670390118,1.0,1.0,1.0
GLO1,15,1,0.06666666666666667,6,0.047800108636610536,1.3946969696969698,0.5543110377345696,0.5203527996894389,0.5543420670390118,1.0,1.0,1.0
CASD1,15,1,0.06666666666666667,6,0.047800108636610536,1.3946969696969698,0.5543110377345696,0.5203527996894389,0.5543420670390118,1.0,1.0,1.0
HNRNPF,15,1,0.06666666666666667,6,0.047800108636610536,1.3946969696969698,0.5543110377345696,0.5203527996894389,0.5543420670390118,1.0,1.0,1.0
SARAF,15,1,0.06666666666666667,6,0.047800108636610536,1.3946969696969698,0.5543110377345696,0.5203527996894389,0.5543420670390118,1.0,1.0,1.0
IL10RA,15,1,0.06666666666666667,6,0.047800108636610536,1.3946969696969698,0.5543110377345696,0.5203527996894389,0.5543420670390118,1.0,1.0,1.0
GLIPR1,15,1,0.06666666666666667,6,0.047800108636610536,1.3946969696969698,0.5543110377345696,0.5203527996894389,0.5543420670390118,1.0,1.0,1.0
PIGX,15,1,0.06666666666666667,6,0.047800108636610536,1.3946969696969698,0.5543110377345696,0.5203527996894389,0.5543420670390118,1.0,1.0,1.0
TMEM183A,15,1,0.06666666666666667,6,0.047800108636610536,1.3946969696969698,0.5543110377345696,0.5203527996894389,0.5543420670390118,1.0,1.0,1.0
TKFC,15,1,0.06666666666666667,6,0.047800108636610536,1.3946969696969698,0.5543110377345696,0.5203527996894389,0.5543420670390118,1.0,1.0,1.0
TENT5C,15,1,0.06666666666666667,6,0.047800108636610536,1.3946969696969698,0.5543110377345696,0.5203527996894389,0.5543420670390118,1.0,1.0,1.0
DPH5,15,1,0.06666666666666667,6,0.047800108636610536,1.3946969696969698,0.5543110377345696,0.5203527996894389,0.5543420670390118,1.0,1.0,1.0
PLSCR1,15,1,0.06666666666666667,6,0.047800108636610536,1.3946969696969698,0.5543110377345696,0.5203527996894389,0.5543420670390118,1.0,1.0,1.0
COX4I1,15,1,0.06666666666666667,6,0.047800108636610536,1.3946969696969698,0.5543110377345696,0.5203527996894389,0.5543420670390118,1.0,1.0,1.0
PHYH,15,1,0.06666666666666667,6,0.047800108636610536,1.3946969696969698,0.5543110377345696,0.5203527996894389,0.5543420670390118,1.0,1.0,1.0
DOCK9,15,1,0.06666666666666667,6,0.047800108636610536,1.3946969696969698,0.5543110377345696,0.5203527996894389,0.5543420670390118,1.0,1.0,1.0
EIF4E3,15,1,0.06666666666666667,6,0.047800108636610536,1.3946969696969698,0.5543110377345696,0.5203527996894389,0.5543420670390118,1.0,1.0,1.0
TMEM39A,15,1,0.06666666666666667,6,0.047800108636610536,1.3946969696969698,0.5543110377345696,0.5203527996894389,0.5543420670390118,1.0,1.0,1.0
PGAP1,15,1,0.06666666666666667,6,0.047800108636610536,1.3946969696969698,0.5543110377345696,0.5203527996894389,0.5543420670390118,1.0,1.0,1.0
PBX4,15,1,0.06666666666666667,6,0.047800108636610536,1.3946969696969698,0.5543110377345696,0.5203527996894389,0.5543420670390118,1.0,1.0,1.0
CD48,39,2,0.05128205128205128,8,0.044578100123828054,1.1503866503866504,0.6136311413199615,0.5237777414277129,0.6136941366322752,1.0,1.0,1.0
IMPDH2,13,1,0.07692307692307693,5,0.056559199555308505,1.3600453600453601,0.5036047373158626,0.5308729210525426,0.5036304099157726,1.0,1.0,1.0
C1orf43,13,1,0.07692307692307693,5,0.056559199555308505,1.3600453600453601,0.5036047373158626,0.5308729210525426,0.5036304099157726,1.0,1.0,1.0
SIN3A,13,1,0.07692307692307693,5,0.056559199555308505,1.3600453600453601,0.5036047373158626,0.5308729210525426,0.5036304099157726,1.0,1.0,1.0
ANTKMT,13,1,0.07692307692307693,5,0.056559199555308505,1.3600453600453601,0.5036047373158626,0.5308729210525426,0.5036304099157726,1.0,1.0,1.0
ZBTB7A,13,1,0.07692307692307693,5,0.056559199555308505,1.3600453600453601,0.5036047373158626,0.5308729210525426,0.5036304099157726,1.0,1.0,1.0
TXNL4A,13,1,0.07692307692307693,5,0.056559199555308505,1.3600453600453601,0.5036047373158626,0.5308729210525426,0.5036304099157726,1.0,1.0,1.0
RASGRP2,13,1,0.07692307692307693,5,0.056559199555308505,1.3600453600453601,0.5036047373158626,0.5308729210525426,0.5036304099157726,1.0,1.0,1.0
EIF3J,13,1,0.07692307692307693,5,0.056559199555308505,1.3600453600453601,0.5036047373158626,0.5308729210525426,0.5036304099157726,1.0,1.0,1.0
PYCARD,13,1,0.07692307692307693,5,0.056559199555308505,1.3600453600453601,0.5036047373158626,0.5308729210525426,0.5036304099157726,1.0,1.0,1.0
GPCPD1,13,1,0.07692307692307693,5,0.056559199555308505,1.3600453600453601,0.5036047373158626,0.5308729210525426,0.5036304099157726,1.0,1.0,1.0
STX2,13,1,0.07692307692307693,5,0.056559199555308505,1.3600453600453601,0.5036047373158626,0.5308729210525426,0.5036304099157726,1.0,1.0,1.0
NDUFA5,13,1,0.07692307692307693,5,0.056559199555308505,1.3600453600453601,0.5036047373158626,0.5308729210525426,0.5036304099157726,1.0,1.0,1.0
NCK2,13,1,0.07692307692307693,5,0.056559199555308505,1.3600453600453601,0.5036047373158626,0.5308729210525426,0.5036304099157726,1.0,1.0,1.0
XPOT,13,1,0.07692307692307693,5,0.056559199555308505,1.3600453600453601,0.5036047373158626,0.5308729210525426,0.5036304099157726,1.0,1.0,1.0
RWDD1,13,1,0.07692307692307693,5,0.056559199555308505,1.3600453600453601,0.5036047373158626,0.5308729210525426,0.5036304099157726,1.0,1.0,1.0
TAX1BP3,13,1,0.07692307692307693,5,0.056559199555308505,1.3600453600453601,0.5036047373158626,0.5308729210525426,0.5036304099157726,1.0,1.0,1.0
CHMP1B,13,1,0.07692307692307693,5,0.056559199555308505,1.3600453600453601,0.5036047373158626,0.5308729210525426,0.5036304099157726,1.0,1.0,1.0
FCMR,13,1,0.07692307692307693,5,0.056559199555308505,1.3600453600453601,0.5036047373158626,0.5308729210525426,0.5036304099157726,1.0,1.0,1.0
FH,13,1,0.07692307692307693,5,0.056559199555308505,1.3600453600453601,0.5036047373158626,0.5308729210525426,0.5036304099157726,1.0,1.0,1.0
BLVRB,13,1,0.07692307692307693,5,0.056559199555308505,1.3600453600453601,0.5036047373158626,0.5308729210525426,0.5036304099157726,1.0,1.0,1.0
TMEM168,13,1,0.07692307692307693,5,0.056559199555308505,1.3600453600453601,0.5036047373158626,0.5308729210525426,0.5036304099157726,1.0,1.0,1.0
FIS1,13,1,0.07692307692307693,5,0.056559199555308505,1.3600453600453601,0.5036047373158626,0.5308729210525426,0.5036304099157726,1.0,1.0,1.0
P2RX5,13,1,0.07692307692307693,5,0.056559199555308505,1.3600453600453601,0.5036047373158626,0.5308729210525426,0.5036304099157726,1.0,1.0,1.0
ATIC,13,1,0.07692307692307693,5,0.056559199555308505,1.3600453600453601,0.5036047373158626,0.5308729210525426,0.5036304099157726,1.0,1.0,1.0
JOSD1,13,1,0.07692307692307693,5,0.056559199555308505,1.3600453600453601,0.5036047373158626,0.5308729210525426,0.5036304099157726,1.0,1.0,1.0
YWHAE,13,1,0.07692307692307693,5,0.056559199555308505,1.3600453600453601,0.5036047373158626,0.5308729210525426,0.5036304099157726,1.0,1.0,1.0
ITPKB,13,1,0.07692307692307693,5,0.056559199555308505,1.3600453600453601,0.5036047373158626,0.5308729210525426,0.5036304099157726,1.0,1.0,1.0
ISG15,13,1,0.07692307692307693,5,0.056559199555308505,1.3600453600453601,0.5036047373158626,0.5308729210525426,0.5036304099157726,1.0,1.0,1.0
GGH,13,1,0.07692307692307693,5,0.056559199555308505,1.3600453600453601,0.5036047373158626,0.5308729210525426,0.5036304099157726,1.0,1.0,1.0
GZMH,13,1,0.07692307692307693,5,0.056559199555308505,1.3600453600453601,0.5036047373158626,0.5308729210525426,0.5036304099157726,1.0,1.0,1.0
STIM1,13,1,0.07692307692307693,5,0.056559199555308505,1.3600453600453601,0.5036047373158626,0.5308729210525426,0.5036304099157726,1.0,1.0,1.0
H2AC25,13,1,0.07692307692307693,5,0.056559199555308505,1.3600453600453601,0.5036047373158626,0.5308729210525426,0.5036304099157726,1.0,1.0,1.0
RAB1B,13,1,0.07692307692307693,5,0.056559199555308505,1.3600453600453601,0.5036047373158626,0.5308729210525426,0.5036304099157726,1.0,1.0,1.0
CCDC69,13,1,0.07692307692307693,5,0.056559199555308505,1.3600453600453601,0.5036047373158626,0.5308729210525426,0.5036304099157726,1.0,1.0,1.0
IDE,13,1,0.07692307692307693,5,0.056559199555308505,1.3600453600453601,0.5036047373158626,0.5308729210525426,0.5036304099157726,1.0,1.0,1.0
CALHM2,13,1,0.07692307692307693,5,0.056559199555308505,1.3600453600453601,0.5036047373158626,0.5308729210525426,0.5036304099157726,1.0,1.0,1.0
ARHGEF39,13,1,0.07692307692307693,5,0.056559199555308505,1.3600453600453601,0.5036047373158626,0.5308729210525426,0.5036304099157726,1.0,1.0,1.0
HBEGF,13,1,0.07692307692307693,5,0.056559199555308505,1.3600453600453601,0.5036047373158626,0.5308729210525426,0.5036304099157726,1.0,1.0,1.0
HDAC6,13,1,0.07692307692307693,5,0.056559199555308505,1.3600453600453601,0.5036047373158626,0.5308729210525426,0.5036304099157726,1.0,1.0,1.0
UGGT1,13,1,0.07692307692307693,5,0.056559199555308505,1.3600453600453601,0.5036047373158626,0.5308729210525426,0.5036304099157726,1.0,1.0,1.0
ARGLU1,13,1,0.07692307692307693,5,0.056559199555308505,1.3600453600453601,0.5036047373158626,0.5308729210525426,0.5036304099157726,1.0,1.0,1.0
SYNRG,13,1,0.07692307692307693,5,0.056559199555308505,1.3600453600453601,0.5036047373158626,0.5308729210525426,0.5036304099157726,1.0,1.0,1.0
CARNMT1,13,1,0.07692307692307693,5,0.056559199555308505,1.3600453600453601,0.5036047373158626,0.5308729210525426,0.5036304099157726,1.0,1.0,1.0
HTATSF1,13,1,0.07692307692307693,5,0.056559199555308505,1.3600453600453601,0.5036047373158626,0.5308729210525426,0.5036304099157726,1.0,1.0,1.0
UPP1,40,2,0.05,8,0.044580728859535325,1.1215608465608466,0.627480725622726,0.5375101962063649,0.6275468771704509,1.0,1.0,1.0
PSMG1,16,1,0.0625,6,0.047805302042590175,1.3073863636363636,0.5776874342150679,0.5433198423834374,0.5777210363999645,1.0,1.0,1.0
PSTPIP1,16,1,0.0625,6,0.047805302042590175,1.3073863636363636,0.5776874342150679,0.5433198423834374,0.5777210363999645,1.0,1.0,1.0
N4BP2L1,16,1,0.0625,6,0.047805302042590175,1.3073863636363636,0.5776874342150679,0.5433198423834374,0.5777210363999645,1.0,1.0,1.0
EID1,16,1,0.0625,6,0.047805302042590175,1.3073863636363636,0.5776874342150679,0.5433198423834374,0.5777210363999645,1.0,1.0,1.0
DUT,16,1,0.0625,6,0.047805302042590175,1.3073863636363636,0.5776874342150679,0.5433198423834374,0.5777210363999645,1.0,1.0,1.0
ERP44,16,1,0.0625,6,0.047805302042590175,1.3073863636363636,0.5776874342150679,0.5433198423834374,0.5777210363999645,1.0,1.0,1.0
RCC1,16,1,0.0625,6,0.047805302042590175,1.3073863636363636,0.5776874342150679,0.5433198423834374,0.5777210363999645,1.0,1.0,1.0
GIMAP5,16,1,0.0625,6,0.047805302042590175,1.3073863636363636,0.5776874342150679,0.5433198423834374,0.5777210363999645,1.0,1.0,1.0
FLT3LG,16,1,0.0625,6,0.047805302042590175,1.3073863636363636,0.5776874342150679,0.5433198423834374,0.5777210363999645,1.0,1.0,1.0
CTSB,16,1,0.0625,6,0.047805302042590175,1.3073863636363636,0.5776874342150679,0.5433198423834374,0.5777210363999645,1.0,1.0,1.0
CDKN2D,16,1,0.0625,6,0.047805302042590175,1.3073863636363636,0.5776874342150679,0.5433198423834374,0.5777210363999645,1.0,1.0,1.0
MICU1,16,1,0.0625,6,0.047805302042590175,1.3073863636363636,0.5776874342150679,0.5433198423834374,0.5777210363999645,1.0,1.0,1.0
MAN2B1,16,1,0.0625,6,0.047805302042590175,1.3073863636363636,0.5776874342150679,0.5433198423834374,0.5777210363999645,1.0,1.0,1.0
DYNLL2,16,1,0.0625,6,0.047805302042590175,1.3073863636363636,0.5776874342150679,0.5433198423834374,0.5777210363999645,1.0,1.0,1.0
TMEM106C,16,1,0.0625,6,0.047805302042590175,1.3073863636363636,0.5776874342150679,0.5433198423834374,0.5777210363999645,1.0,1.0,1.0
THEM4,16,1,0.0625,6,0.047805302042590175,1.3073863636363636,0.5776874342150679,0.5433198423834374,0.5777210363999645,1.0,1.0,1.0
DENND10,16,1,0.0625,6,0.047805302042590175,1.3073863636363636,0.5776874342150679,0.5433198423834374,0.5777210363999645,1.0,1.0,1.0
SPG11,16,1,0.0625,6,0.047805302042590175,1.3073863636363636,0.5776874342150679,0.5433198423834374,0.5777210363999645,1.0,1.0,1.0
PA2G4,16,1,0.0625,6,0.047805302042590175,1.3073863636363636,0.5776874342150679,0.5433198423834374,0.5777210363999645,1.0,1.0,1.0
SOAT1,16,1,0.0625,6,0.047805302042590175,1.3073863636363636,0.5776874342150679,0.5433198423834374,0.5777210363999645,1.0,1.0,1.0
TBCB,16,1,0.0625,6,0.047805302042590175,1.3073863636363636,0.5776874342150679,0.5433198423834374,0.5777210363999645,1.0,1.0,1.0
CYB5A,16,1,0.0625,6,0.047805302042590175,1.3073863636363636,0.5776874342150679,0.5433198423834374,0.5777210363999645,1.0,1.0,1.0
MZT1,16,1,0.0625,6,0.047805302042590175,1.3073863636363636,0.5776874342150679,0.5433198423834374,0.5777210363999645,1.0,1.0,1.0
SRP68,16,1,0.0625,6,0.047805302042590175,1.3073863636363636,0.5776874342150679,0.5433198423834374,0.5777210363999645,1.0,1.0,1.0
ATF2,16,1,0.0625,6,0.047805302042590175,1.3073863636363636,0.5776874342150679,0.5433198423834374,0.5777210363999645,1.0,1.0,1.0
RASSF1,16,1,0.0625,6,0.047805302042590175,1.3073863636363636,0.5776874342150679,0.5433198423834374,0.5777210363999645,1.0,1.0,1.0
BCL3,16,1,0.0625,6,0.047805302042590175,1.3073863636363636,0.5776874342150679,0.5433198423834374,0.5777210363999645,1.0,1.0,1.0
SERPINE2,16,1,0.0625,6,0.047805302042590175,1.3073863636363636,0.5776874342150679,0.5433198423834374,0.5777210363999645,1.0,1.0,1.0
AGBL5,16,1,0.0625,6,0.047805302042590175,1.3073863636363636,0.5776874342150679,0.5433198423834374,0.5777210363999645,1.0,1.0,1.0
SGSH,16,1,0.0625,6,0.047805302042590175,1.3073863636363636,0.5776874342150679,0.5433198423834374,0.5777210363999645,1.0,1.0,1.0
DBI,16,1,0.0625,6,0.047805302042590175,1.3073863636363636,0.5776874342150679,0.5433198423834374,0.5777210363999645,1.0,1.0,1.0
GPSM3,16,1,0.0625,6,0.047805302042590175,1.3073863636363636,0.5776874342150679,0.5433198423834374,0.5777210363999645,1.0,1.0,1.0
KIAA0319L,16,1,0.0625,6,0.047805302042590175,1.3073863636363636,0.5776874342150679,0.5433198423834374,0.5777210363999645,1.0,1.0,1.0
KDM7A,16,1,0.0625,6,0.047805302042590175,1.3073863636363636,0.5776874342150679,0.5433198423834374,0.5777210363999645,1.0,1.0,1.0
TIMM13,16,1,0.0625,6,0.047805302042590175,1.3073863636363636,0.5776874342150679,0.5433198423834374,0.5777210363999645,1.0,1.0,1.0
EPSTI1,16,1,0.0625,6,0.047805302042590175,1.3073863636363636,0.5776874342150679,0.5433198423834374,0.5777210363999645,1.0,1.0,1.0
PARP4,16,1,0.0625,6,0.047805302042590175,1.3073863636363636,0.5776874342150679,0.5433198423834374,0.5777210363999645,1.0,1.0,1.0
ZC3H7B,16,1,0.0625,6,0.047805302042590175,1.3073863636363636,0.5776874342150679,0.5433198423834374,0.5777210363999645,1.0,1.0,1.0
IDS,16,1,0.0625,6,0.047805302042590175,1.3073863636363636,0.5776874342150679,0.5433198423834374,0.5777210363999645,1.0,1.0,1.0
CHMP5,16,1,0.0625,6,0.047805302042590175,1.3073863636363636,0.5776874342150679,0.5433198423834374,0.5777210363999645,1.0,1.0,1.0
MOB3A,16,1,0.0625,6,0.047805302042590175,1.3073863636363636,0.5776874342150679,0.5433198423834374,0.5777210363999645,1.0,1.0,1.0
CTBS,16,1,0.0625,6,0.047805302042590175,1.3073863636363636,0.5776874342150679,0.5433198423834374,0.5777210363999645,1.0,1.0,1.0
MFSD6,16,1,0.0625,6,0.047805302042590175,1.3073863636363636,0.5776874342150679,0.5433198423834374,0.5777210363999645,1.0,1.0,1.0
COX7A2,16,1,0.0625,6,0.047805302042590175,1.3073863636363636,0.5776874342150679,0.5433198423834374,0.5777210363999645,1.0,1.0,1.0
HDDC3,16,1,0.0625,6,0.047805302042590175,1.3073863636363636,0.5776874342150679,0.5433198423834374,0.5777210363999645,1.0,1.0,1.0
BCL9L,14,1,0.07142857142857142,5,0.05656706045865184,1.2627237627237626,0.5296406804376371,0.55745799900819,0.5296690609649225,1.0,1.0,1.0
RAMP1,14,1,0.07142857142857142,5,0.05656706045865184,1.2627237627237626,0.5296406804376371,0.55745799900819,0.5296690609649225,1.0,1.0,1.0
SIK3,14,1,0.07142857142857142,5,0.05656706045865184,1.2627237627237626,0.5296406804376371,0.55745799900819,0.5296690609649225,1.0,1.0,1.0
MEA1,14,1,0.07142857142857142,5,0.05656706045865184,1.2627237627237626,0.5296406804376371,0.55745799900819,0.5296690609649225,1.0,1.0,1.0
PPP2R5A,14,1,0.07142857142857142,5,0.05656706045865184,1.2627237627237626,0.5296406804376371,0.55745799900819,0.5296690609649225,1.0,1.0,1.0
PCNX2,14,1,0.07142857142857142,5,0.05656706045865184,1.2627237627237626,0.5296406804376371,0.55745799900819,0.5296690609649225,1.0,1.0,1.0
ARHGAP15,14,1,0.07142857142857142,5,0.05656706045865184,1.2627237627237626,0.5296406804376371,0.55745799900819,0.5296690609649225,1.0,1.0,1.0
S100A4,14,1,0.07142857142857142,5,0.05656706045865184,1.2627237627237626,0.5296406804376371,0.55745799900819,0.5296690609649225,1.0,1.0,1.0
UBL3,14,1,0.07142857142857142,5,0.05656706045865184,1.2627237627237626,0.5296406804376371,0.55745799900819,0.5296690609649225,1.0,1.0,1.0
TNFRSF1A,14,1,0.07142857142857142,5,0.05656706045865184,1.2627237627237626,0.5296406804376371,0.55745799900819,0.5296690609649225,1.0,1.0,1.0
HNRNPH2,14,1,0.07142857142857142,5,0.05656706045865184,1.2627237627237626,0.5296406804376371,0.55745799900819,0.5296690609649225,1.0,1.0,1.0
RAB3GAP1,14,1,0.07142857142857142,5,0.05656706045865184,1.2627237627237626,0.5296406804376371,0.55745799900819,0.5296690609649225,1.0,1.0,1.0
LY96,14,1,0.07142857142857142,5,0.05656706045865184,1.2627237627237626,0.5296406804376371,0.55745799900819,0.5296690609649225,1.0,1.0,1.0
DENND4A,14,1,0.07142857142857142,5,0.05656706045865184,1.2627237627237626,0.5296406804376371,0.55745799900819,0.5296690609649225,1.0,1.0,1.0
PCIF1,14,1,0.07142857142857142,5,0.05656706045865184,1.2627237627237626,0.5296406804376371,0.55745799900819,0.5296690609649225,1.0,1.0,1.0
TET2,14,1,0.07142857142857142,5,0.05656706045865184,1.2627237627237626,0.5296406804376371,0.55745799900819,0.5296690609649225,1.0,1.0,1.0
IFT22,14,1,0.07142857142857142,5,0.05656706045865184,1.2627237627237626,0.5296406804376371,0.55745799900819,0.5296690609649225,1.0,1.0,1.0
IFT25,14,1,0.07142857142857142,5,0.05656706045865184,1.2627237627237626,0.5296406804376371,0.55745799900819,0.5296690609649225,1.0,1.0,1.0
ANXA4,14,1,0.07142857142857142,5,0.05656706045865184,1.2627237627237626,0.5296406804376371,0.55745799900819,0.5296690609649225,1.0,1.0,1.0
MBD2,14,1,0.07142857142857142,5,0.05656706045865184,1.2627237627237626,0.5296406804376371,0.55745799900819,0.5296690609649225,1.0,1.0,1.0
RAP2B,14,1,0.07142857142857142,5,0.05656706045865184,1.2627237627237626,0.5296406804376371,0.55745799900819,0.5296690609649225,1.0,1.0,1.0
HDAC5,14,1,0.07142857142857142,5,0.05656706045865184,1.2627237627237626,0.5296406804376371,0.55745799900819,0.5296690609649225,1.0,1.0,1.0
MARCHF8,14,1,0.07142857142857142,5,0.05656706045865184,1.2627237627237626,0.5296406804376371,0.55745799900819,0.5296690609649225,1.0,1.0,1.0
HDAC7,14,1,0.07142857142857142,5,0.05656706045865184,1.2627237627237626,0.5296406804376371,0.55745799900819,0.5296690609649225,1.0,1.0,1.0
MXD4,14,1,0.07142857142857142,5,0.05656706045865184,1.2627237627237626,0.5296406804376371,0.55745799900819,0.5296690609649225,1.0,1.0,1.0
HDHD2,14,1,0.07142857142857142,5,0.05656706045865184,1.2627237627237626,0.5296406804376371,0.55745799900819,0.5296690609649225,1.0,1.0,1.0
MAPK11,14,1,0.07142857142857142,5,0.05656706045865184,1.2627237627237626,0.5296406804376371,0.55745799900819,0.5296690609649225,1.0,1.0,1.0
CISD3,14,1,0.07142857142857142,5,0.05656706045865184,1.2627237627237626,0.5296406804376371,0.55745799900819,0.5296690609649225,1.0,1.0,1.0
SMCHD1,14,1,0.07142857142857142,5,0.05656706045865184,1.2627237627237626,0.5296406804376371,0.55745799900819,0.5296690609649225,1.0,1.0,1.0
FYN,14,1,0.07142857142857142,5,0.05656706045865184,1.2627237627237626,0.5296406804376371,0.55745799900819,0.5296690609649225,1.0,1.0,1.0
GNG8,14,1,0.07142857142857142,5,0.05656706045865184,1.2627237627237626,0.5296406804376371,0.55745799900819,0.5296690609649225,1.0,1.0,1.0
GNAI3,14,1,0.07142857142857142,5,0.05656706045865184,1.2627237627237626,0.5296406804376371,0.55745799900819,0.5296690609649225,1.0,1.0,1.0
CALM1,14,1,0.07142857142857142,5,0.05656706045865184,1.2627237627237626,0.5296406804376371,0.55745799900819,0.5296690609649225,1.0,1.0,1.0
MYO1E,14,1,0.07142857142857142,5,0.05656706045865184,1.2627237627237626,0.5296406804376371,0.55745799900819,0.5296690609649225,1.0,1.0,1.0
HECA,14,1,0.07142857142857142,5,0.05656706045865184,1.2627237627237626,0.5296406804376371,0.55745799900819,0.5296690609649225,1.0,1.0,1.0
NAA38,14,1,0.07142857142857142,5,0.05656706045865184,1.2627237627237626,0.5296406804376371,0.55745799900819,0.5296690609649225,1.0,1.0,1.0
PSME4,14,1,0.07142857142857142,5,0.05656706045865184,1.2627237627237626,0.5296406804376371,0.55745799900819,0.5296690609649225,1.0,1.0,1.0
MKNK1,14,1,0.07142857142857142,5,0.05656706045865184,1.2627237627237626,0.5296406804376371,0.55745799900819,0.5296690609649225,1.0,1.0,1.0
PBRM1,14,1,0.07142857142857142,5,0.05656706045865184,1.2627237627237626,0.5296406804376371,0.55745799900819,0.5296690609649225,1.0,1.0,1.0
PAFAH1B3,14,1,0.07142857142857142,5,0.05656706045865184,1.2627237627237626,0.5296406804376371,0.55745799900819,0.5296690609649225,1.0,1.0,1.0
ABHD3,14,1,0.07142857142857142,5,0.05656706045865184,1.2627237627237626,0.5296406804376371,0.55745799900819,0.5296690609649225,1.0,1.0,1.0
PSMB1,14,1,0.07142857142857142,5,0.05656706045865184,1.2627237627237626,0.5296406804376371,0.55745799900819,0.5296690609649225,1.0,1.0,1.0
CENPS,14,1,0.07142857142857142,5,0.05656706045865184,1.2627237627237626,0.5296406804376371,0.55745799900819,0.5296690609649225,1.0,1.0,1.0
ACSL1,14,1,0.07142857142857142,5,0.05656706045865184,1.2627237627237626,0.5296406804376371,0.55745799900819,0.5296690609649225,1.0,1.0,1.0
PSAP,14,1,0.07142857142857142,5,0.05656706045865184,1.2627237627237626,0.5296406804376371,0.55745799900819,0.5296690609649225,1.0,1.0,1.0
GNG10,14,1,0.07142857142857142,5,0.05656706045865184,1.2627237627237626,0.5296406804376371,0.55745799900819,0.5296690609649225,1.0,1.0,1.0
ILF2,14,1,0.07142857142857142,5,0.05656706045865184,1.2627237627237626,0.5296406804376371,0.55745799900819,0.5296690609649225,1.0,1.0,1.0
OPTN,14,1,0.07142857142857142,5,0.05656706045865184,1.2627237627237626,0.5296406804376371,0.55745799900819,0.5296690609649225,1.0,1.0,1.0
BTG3,14,1,0.07142857142857142,5,0.05656706045865184,1.2627237627237626,0.5296406804376371,0.55745799900819,0.5296690609649225,1.0,1.0,1.0
TRA2A,14,1,0.07142857142857142,5,0.05656706045865184,1.2627237627237626,0.5296406804376371,0.55745799900819,0.5296690609649225,1.0,1.0,1.0
RINL,14,1,0.07142857142857142,5,0.05656706045865184,1.2627237627237626,0.5296406804376371,0.55745799900819,0.5296690609649225,1.0,1.0,1.0
OST4,14,1,0.07142857142857142,5,0.05656706045865184,1.2627237627237626,0.5296406804376371,0.55745799900819,0.5296690609649225,1.0,1.0,1.0
POLR2L,14,1,0.07142857142857142,5,0.05656706045865184,1.2627237627237626,0.5296406804376371,0.55745799900819,0.5296690609649225,1.0,1.0,1.0
LPIN2,14,1,0.07142857142857142,5,0.05656706045865184,1.2627237627237626,0.5296406804376371,0.55745799900819,0.5296690609649225,1.0,1.0,1.0
STX16,14,1,0.07142857142857142,5,0.05656706045865184,1.2627237627237626,0.5296406804376371,0.55745799900819,0.5296690609649225,1.0,1.0,1.0
RPA1,14,1,0.07142857142857142,5,0.05656706045865184,1.2627237627237626,0.5296406804376371,0.55745799900819,0.5296690609649225,1.0,1.0,1.0
ENTPD1,14,1,0.07142857142857142,5,0.05656706045865184,1.2627237627237626,0.5296406804376371,0.55745799900819,0.5296690609649225,1.0,1.0,1.0
TNIK,14,1,0.07142857142857142,5,0.05656706045865184,1.2627237627237626,0.5296406804376371,0.55745799900819,0.5296690609649225,1.0,1.0,1.0
TAGLN2,14,1,0.07142857142857142,5,0.05656706045865184,1.2627237627237626,0.5296406804376371,0.55745799900819,0.5296690609649225,1.0,1.0,1.0
COX14,14,1,0.07142857142857142,5,0.05656706045865184,1.2627237627237626,0.5296406804376371,0.55745799900819,0.5296690609649225,1.0,1.0,1.0
OSTF1,14,1,0.07142857142857142,5,0.05656706045865184,1.2627237627237626,0.5296406804376371,0.55745799900819,0.5296690609649225,1.0,1.0,1.0
OAS2,14,1,0.07142857142857142,5,0.05656706045865184,1.2627237627237626,0.5296406804376371,0.55745799900819,0.5296690609649225,1.0,1.0,1.0
EMC3,14,1,0.07142857142857142,5,0.05656706045865184,1.2627237627237626,0.5296406804376371,0.55745799900819,0.5296690609649225,1.0,1.0,1.0
CLSTN1,14,1,0.07142857142857142,5,0.05656706045865184,1.2627237627237626,0.5296406804376371,0.55745799900819,0.5296690609649225,1.0,1.0,1.0
RNF145,14,1,0.07142857142857142,5,0.05656706045865184,1.2627237627237626,0.5296406804376371,0.55745799900819,0.5296690609649225,1.0,1.0,1.0
LCK,14,1,0.07142857142857142,5,0.05656706045865184,1.2627237627237626,0.5296406804376371,0.55745799900819,0.5296690609649225,1.0,1.0,1.0
TPP2,14,1,0.07142857142857142,5,0.05656706045865184,1.2627237627237626,0.5296406804376371,0.55745799900819,0.5296690609649225,1.0,1.0,1.0
CNOT6L,14,1,0.07142857142857142,5,0.05656706045865184,1.2627237627237626,0.5296406804376371,0.55745799900819,0.5296690609649225,1.0,1.0,1.0
GADD45A,18,1,0.05555555555555555,7,0.045213022896338516,1.2287511870845205,0.6208262581343276,0.5651727408383516,0.6208647247811023,1.0,1.0,1.0
METRNL,18,1,0.05555555555555555,7,0.045213022896338516,1.2287511870845205,0.6208262581343276,0.5651727408383516,0.6208647247811023,1.0,1.0,1.0
PRKD2,18,1,0.05555555555555555,7,0.045213022896338516,1.2287511870845205,0.6208262581343276,0.5651727408383516,0.6208647247811023,1.0,1.0,1.0
GABARAP,18,1,0.05555555555555555,7,0.045213022896338516,1.2287511870845205,0.6208262581343276,0.5651727408383516,0.6208647247811023,1.0,1.0,1.0
ADD3,18,1,0.05555555555555555,7,0.045213022896338516,1.2287511870845205,0.6208262581343276,0.5651727408383516,0.6208647247811023,1.0,1.0,1.0
ADGRE5,18,1,0.05555555555555555,7,0.045213022896338516,1.2287511870845205,0.6208262581343276,0.5651727408383516,0.6208647247811023,1.0,1.0,1.0
FGD3,18,1,0.05555555555555555,7,0.045213022896338516,1.2287511870845205,0.6208262581343276,0.5651727408383516,0.6208647247811023,1.0,1.0,1.0
RGS10,18,1,0.05555555555555555,7,0.045213022896338516,1.2287511870845205,0.6208262581343276,0.5651727408383516,0.6208647247811023,1.0,1.0,1.0
TM6SF1,18,1,0.05555555555555555,7,0.045213022896338516,1.2287511870845205,0.6208262581343276,0.5651727408383516,0.6208647247811023,1.0,1.0,1.0
EHD4,18,1,0.05555555555555555,7,0.045213022896338516,1.2287511870845205,0.6208262581343276,0.5651727408383516,0.6208647247811023,1.0,1.0,1.0
DUSP10,18,1,0.05555555555555555,7,0.045213022896338516,1.2287511870845205,0.6208262581343276,0.5651727408383516,0.6208647247811023,1.0,1.0,1.0
NUCB1,18,1,0.05555555555555555,7,0.045213022896338516,1.2287511870845205,0.6208262581343276,0.5651727408383516,0.6208647247811023,1.0,1.0,1.0
C15orf39,18,1,0.05555555555555555,7,0.045213022896338516,1.2287511870845205,0.6208262581343276,0.5651727408383516,0.6208647247811023,1.0,1.0,1.0
CDC42SE2,18,1,0.05555555555555555,7,0.045213022896338516,1.2287511870845205,0.6208262581343276,0.5651727408383516,0.6208647247811023,1.0,1.0,1.0
TUBB4B,18,1,0.05555555555555555,7,0.045213022896338516,1.2287511870845205,0.6208262581343276,0.5651727408383516,0.6208647247811023,1.0,1.0,1.0
IL27RA,18,1,0.05555555555555555,7,0.045213022896338516,1.2287511870845205,0.6208262581343276,0.5651727408383516,0.6208647247811023,1.0,1.0,1.0
DHCR24,18,1,0.05555555555555555,7,0.045213022896338516,1.2287511870845205,0.6208262581343276,0.5651727408383516,0.6208647247811023,1.0,1.0,1.0
MARCKSL1,18,1,0.05555555555555555,7,0.045213022896338516,1.2287511870845205,0.6208262581343276,0.5651727408383516,0.6208647247811023,1.0,1.0,1.0
IKZF1,18,1,0.05555555555555555,7,0.045213022896338516,1.2287511870845205,0.6208262581343276,0.5651727408383516,0.6208647247811023,1.0,1.0,1.0
UQCRB,18,1,0.05555555555555555,7,0.045213022896338516,1.2287511870845205,0.6208262581343276,0.5651727408383516,0.6208647247811023,1.0,1.0,1.0
IFI44,18,1,0.05555555555555555,7,0.045213022896338516,1.2287511870845205,0.6208262581343276,0.5651727408383516,0.6208647247811023,1.0,1.0,1.0
CSGALNACT2,18,1,0.05555555555555555,7,0.045213022896338516,1.2287511870845205,0.6208262581343276,0.5651727408383516,0.6208647247811023,1.0,1.0,1.0
TMEM63A,18,1,0.05555555555555555,7,0.045213022896338516,1.2287511870845205,0.6208262581343276,0.5651727408383516,0.6208647247811023,1.0,1.0,1.0
SLC25A23,18,1,0.05555555555555555,7,0.045213022896338516,1.2287511870845205,0.6208262581343276,0.5651727408383516,0.6208647247811023,1.0,1.0,1.0
ABTB3,18,1,0.05555555555555555,7,0.045213022896338516,1.2287511870845205,0.6208262581343276,0.5651727408383516,0.6208647247811023,1.0,1.0,1.0
ABCA2,18,1,0.05555555555555555,7,0.045213022896338516,1.2287511870845205,0.6208262581343276,0.5651727408383516,0.6208647247811023,1.0,1.0,1.0
PRDX4,18,1,0.05555555555555555,7,0.045213022896338516,1.2287511870845205,0.6208262581343276,0.5651727408383516,0.6208647247811023,1.0,1.0,1.0
ZBTB25,18,1,0.05555555555555555,7,0.045213022896338516,1.2287511870845205,0.6208262581343276,0.5651727408383516,0.6208647247811023,1.0,1.0,1.0
ABCA7,18,1,0.05555555555555555,7,0.045213022896338516,1.2287511870845205,0.6208262581343276,0.5651727408383516,0.6208647247811023,1.0,1.0,1.0
CLEC2B,18,1,0.05555555555555555,7,0.045213022896338516,1.2287511870845205,0.6208262581343276,0.5651727408383516,0.6208647247811023,1.0,1.0,1.0
NR3C1,18,1,0.05555555555555555,7,0.045213022896338516,1.2287511870845205,0.6208262581343276,0.5651727408383516,0.6208647247811023,1.0,1.0,1.0
MYH9,17,1,0.058823529411764705,6,0.047810496577203085,1.2303475935828878,0.5998377381541762,0.565191901590237,0.5998738233083608,1.0,1.0,1.0
HEXIM1,17,1,0.058823529411764705,6,0.047810496577203085,1.2303475935828878,0.5998377381541762,0.565191901590237,0.5998738233083608,1.0,1.0,1.0
EZH2,17,1,0.058823529411764705,6,0.047810496577203085,1.2303475935828878,0.5998377381541762,0.565191901590237,0.5998738233083608,1.0,1.0,1.0
KCNAB2,17,1,0.058823529411764705,6,0.047810496577203085,1.2303475935828878,0.5998377381541762,0.565191901590237,0.5998738233083608,1.0,1.0,1.0
RMND5B,17,1,0.058823529411764705,6,0.047810496577203085,1.2303475935828878,0.5998377381541762,0.565191901590237,0.5998738233083608,1.0,1.0,1.0
ENPP4,17,1,0.058823529411764705,6,0.047810496577203085,1.2303475935828878,0.5998377381541762,0.565191901590237,0.5998738233083608,1.0,1.0,1.0
QARS1,17,1,0.058823529411764705,6,0.047810496577203085,1.2303475935828878,0.5998377381541762,0.565191901590237,0.5998738233083608,1.0,1.0,1.0
MYCBP,17,1,0.058823529411764705,6,0.047810496577203085,1.2303475935828878,0.5998377381541762,0.565191901590237,0.5998738233083608,1.0,1.0,1.0
CXCR6,17,1,0.058823529411764705,6,0.047810496577203085,1.2303475935828878,0.5998377381541762,0.565191901590237,0.5998738233083608,1.0,1.0,1.0
DNAJB11,17,1,0.058823529411764705,6,0.047810496577203085,1.2303475935828878,0.5998377381541762,0.565191901590237,0.5998738233083608,1.0,1.0,1.0
AIF1,17,1,0.058823529411764705,6,0.047810496577203085,1.2303475935828878,0.5998377381541762,0.565191901590237,0.5998738233083608,1.0,1.0,1.0
NHERF1,17,1,0.058823529411764705,6,0.047810496577203085,1.2303475935828878,0.5998377381541762,0.565191901590237,0.5998738233083608,1.0,1.0,1.0
FES,17,1,0.058823529411764705,6,0.047810496577203085,1.2303475935828878,0.5998377381541762,0.565191901590237,0.5998738233083608,1.0,1.0,1.0
RAPGEF2,17,1,0.058823529411764705,6,0.047810496577203085,1.2303475935828878,0.5998377381541762,0.565191901590237,0.5998738233083608,1.0,1.0,1.0
TNFRSF18,17,1,0.058823529411764705,6,0.047810496577203085,1.2303475935828878,0.5998377381541762,0.565191901590237,0.5998738233083608,1.0,1.0,1.0
SLC33A1,17,1,0.058823529411764705,6,0.047810496577203085,1.2303475935828878,0.5998377381541762,0.565191901590237,0.5998738233083608,1.0,1.0,1.0
APMAP,17,1,0.058823529411764705,6,0.047810496577203085,1.2303475935828878,0.5998377381541762,0.565191901590237,0.5998738233083608,1.0,1.0,1.0
ITFG1,17,1,0.058823529411764705,6,0.047810496577203085,1.2303475935828878,0.5998377381541762,0.565191901590237,0.5998738233083608,1.0,1.0,1.0
CAMK1,17,1,0.058823529411764705,6,0.047810496577203085,1.2303475935828878,0.5998377381541762,0.565191901590237,0.5998738233083608,1.0,1.0,1.0
TGOLN2,17,1,0.058823529411764705,6,0.047810496577203085,1.2303475935828878,0.5998377381541762,0.565191901590237,0.5998738233083608,1.0,1.0,1.0
GAMT,17,1,0.058823529411764705,6,0.047810496577203085,1.2303475935828878,0.5998377381541762,0.565191901590237,0.5998738233083608,1.0,1.0,1.0
M6PR,17,1,0.058823529411764705,6,0.047810496577203085,1.2303475935828878,0.5998377381541762,0.565191901590237,0.5998738233083608,1.0,1.0,1.0
REXO2,17,1,0.058823529411764705,6,0.047810496577203085,1.2303475935828878,0.5998377381541762,0.565191901590237,0.5998738233083608,1.0,1.0,1.0
DGUOK,17,1,0.058823529411764705,6,0.047810496577203085,1.2303475935828878,0.5998377381541762,0.565191901590237,0.5998738233083608,1.0,1.0,1.0
WDTC1,17,1,0.058823529411764705,6,0.047810496577203085,1.2303475935828878,0.5998377381541762,0.565191901590237,0.5998738233083608,1.0,1.0,1.0
MICAL1,17,1,0.058823529411764705,6,0.047810496577203085,1.2303475935828878,0.5998377381541762,0.565191901590237,0.5998738233083608,1.0,1.0,1.0
RNPEPL1,17,1,0.058823529411764705,6,0.047810496577203085,1.2303475935828878,0.5998377381541762,0.565191901590237,0.5998738233083608,1.0,1.0,1.0
TNFRSF1B,17,1,0.058823529411764705,6,0.047810496577203085,1.2303475935828878,0.5998377381541762,0.565191901590237,0.5998738233083608,1.0,1.0,1.0
STXBP1,17,1,0.058823529411764705,6,0.047810496577203085,1.2303475935828878,0.5998377381541762,0.565191901590237,0.5998738233083608,1.0,1.0,1.0
GLCCI1,17,1,0.058823529411764705,6,0.047810496577203085,1.2303475935828878,0.5998377381541762,0.565191901590237,0.5998738233083608,1.0,1.0,1.0
CARD19,17,1,0.058823529411764705,6,0.047810496577203085,1.2303475935828878,0.5998377381541762,0.565191901590237,0.5998738233083608,1.0,1.0,1.0
APOBEC3G,17,1,0.058823529411764705,6,0.047810496577203085,1.2303475935828878,0.5998377381541762,0.565191901590237,0.5998738233083608,1.0,1.0,1.0
NUP210,17,1,0.058823529411764705,6,0.047810496577203085,1.2303475935828878,0.5998377381541762,0.565191901590237,0.5998738233083608,1.0,1.0,1.0
H3-3A,17,1,0.058823529411764705,6,0.047810496577203085,1.2303475935828878,0.5998377381541762,0.565191901590237,0.5998738233083608,1.0,1.0,1.0
BLOC1S1,17,1,0.058823529411764705,6,0.047810496577203085,1.2303475935828878,0.5998377381541762,0.565191901590237,0.5998738233083608,1.0,1.0,1.0
ARL6IP6,17,1,0.058823529411764705,6,0.047810496577203085,1.2303475935828878,0.5998377381541762,0.565191901590237,0.5998738233083608,1.0,1.0,1.0
SUPT4H1,17,1,0.058823529411764705,6,0.047810496577203085,1.2303475935828878,0.5998377381541762,0.565191901590237,0.5998738233083608,1.0,1.0,1.0
PTTG1IP,17,1,0.058823529411764705,6,0.047810496577203085,1.2303475935828878,0.5998377381541762,0.565191901590237,0.5998738233083608,1.0,1.0,1.0
PHF11,17,1,0.058823529411764705,6,0.047810496577203085,1.2303475935828878,0.5998377381541762,0.565191901590237,0.5998738233083608,1.0,1.0,1.0
COX20,17,1,0.058823529411764705,6,0.047810496577203085,1.2303475935828878,0.5998377381541762,0.565191901590237,0.5998738233083608,1.0,1.0,1.0
AUH,17,1,0.058823529411764705,6,0.047810496577203085,1.2303475935828878,0.5998377381541762,0.565191901590237,0.5998738233083608,1.0,1.0,1.0
SLC41A2,17,1,0.058823529411764705,6,0.047810496577203085,1.2303475935828878,0.5998377381541762,0.565191901590237,0.5998738233083608,1.0,1.0,1.0
FAM107B,17,1,0.058823529411764705,6,0.047810496577203085,1.2303475935828878,0.5998377381541762,0.565191901590237,0.5998738233083608,1.0,1.0,1.0
UQCC2,17,1,0.058823529411764705,6,0.047810496577203085,1.2303475935828878,0.5998377381541762,0.565191901590237,0.5998738233083608,1.0,1.0,1.0
SMAD3,17,1,0.058823529411764705,6,0.047810496577203085,1.2303475935828878,0.5998377381541762,0.565191901590237,0.5998738233083608,1.0,1.0,1.0
BCL2L11,17,1,0.058823529411764705,6,0.047810496577203085,1.2303475935828878,0.5998377381541762,0.565191901590237,0.5998738233083608,1.0,1.0,1.0
MACROD1,19,1,0.05263157894736842,7,0.04521739130434783,1.1639676113360322,0.6407139297513045,0.5848686847314518,0.6407546670386954,1.0,1.0,1.0
RAB27A,19,1,0.05263157894736842,7,0.04521739130434783,1.1639676113360322,0.6407139297513045,0.5848686847314518,0.6407546670386954,1.0,1.0,1.0
AHCY,19,1,0.05263157894736842,7,0.04521739130434783,1.1639676113360322,0.6407139297513045,0.5848686847314518,0.6407546670386954,1.0,1.0,1.0
GLRX,19,1,0.05263157894736842,7,0.04521739130434783,1.1639676113360322,0.6407139297513045,0.5848686847314518,0.6407546670386954,1.0,1.0,1.0
PRKCH,19,1,0.05263157894736842,7,0.04521739130434783,1.1639676113360322,0.6407139297513045,0.5848686847314518,0.6407546670386954,1.0,1.0,1.0
SLC39A10,19,1,0.05263157894736842,7,0.04521739130434783,1.1639676113360322,0.6407139297513045,0.5848686847314518,0.6407546670386954,1.0,1.0,1.0
CCM2,19,1,0.05263157894736842,7,0.04521739130434783,1.1639676113360322,0.6407139297513045,0.5848686847314518,0.6407546670386954,1.0,1.0,1.0
SSRP1,19,1,0.05263157894736842,7,0.04521739130434783,1.1639676113360322,0.6407139297513045,0.5848686847314518,0.6407546670386954,1.0,1.0,1.0
STRBP,19,1,0.05263157894736842,7,0.04521739130434783,1.1639676113360322,0.6407139297513045,0.5848686847314518,0.6407546670386954,1.0,1.0,1.0
SEC31B,19,1,0.05263157894736842,7,0.04521739130434783,1.1639676113360322,0.6407139297513045,0.5848686847314518,0.6407546670386954,1.0,1.0,1.0
IDH2,19,1,0.05263157894736842,7,0.04521739130434783,1.1639676113360322,0.6407139297513045,0.5848686847314518,0.6407546670386954,1.0,1.0,1.0
TMEM9,19,1,0.05263157894736842,7,0.04521739130434783,1.1639676113360322,0.6407139297513045,0.5848686847314518,0.6407546670386954,1.0,1.0,1.0
TP53INP1,19,1,0.05263157894736842,7,0.04521739130434783,1.1639676113360322,0.6407139297513045,0.5848686847314518,0.6407546670386954,1.0,1.0,1.0
ARSB,19,1,0.05263157894736842,7,0.04521739130434783,1.1639676113360322,0.6407139297513045,0.5848686847314518,0.6407546670386954,1.0,1.0,1.0
HDAC1,19,1,0.05263157894736842,7,0.04521739130434783,1.1639676113360322,0.6407139297513045,0.5848686847314518,0.6407546670386954,1.0,1.0,1.0
PLXNC1,19,1,0.05263157894736842,7,0.04521739130434783,1.1639676113360322,0.6407139297513045,0.5848686847314518,0.6407546670386954,1.0,1.0,1.0
SLC1A4,19,1,0.05263157894736842,7,0.04521739130434783,1.1639676113360322,0.6407139297513045,0.5848686847314518,0.6407546670386954,1.0,1.0,1.0
MAP1LC3A,19,1,0.05263157894736842,7,0.04521739130434783,1.1639676113360322,0.6407139297513045,0.5848686847314518,0.6407546670386954,1.0,1.0,1.0
JMJD1C,19,1,0.05263157894736842,7,0.04521739130434783,1.1639676113360322,0.6407139297513045,0.5848686847314518,0.6407546670386954,1.0,1.0,1.0
NENF,19,1,0.05263157894736842,7,0.04521739130434783,1.1639676113360322,0.6407139297513045,0.5848686847314518,0.6407546670386954,1.0,1.0,1.0
PTMS,19,1,0.05263157894736842,7,0.04521739130434783,1.1639676113360322,0.6407139297513045,0.5848686847314518,0.6407546670386954,1.0,1.0,1.0
SAT1,19,1,0.05263157894736842,7,0.04521739130434783,1.1639676113360322,0.6407139297513045,0.5848686847314518,0.6407546670386954,1.0,1.0,1.0
CCR4,19,1,0.05263157894736842,7,0.04521739130434783,1.1639676113360322,0.6407139297513045,0.5848686847314518,0.6407546670386954,1.0,1.0,1.0
RNF187,19,1,0.05263157894736842,7,0.04521739130434783,1.1639676113360322,0.6407139297513045,0.5848686847314518,0.6407546670386954,1.0,1.0,1.0
CST7,44,2,0.045454545454545456,8,0.04459124690338563,1.0193602693602695,0.6790116958933479,0.5896676343066289,0.679089350770266,1.0,1.0,1.0
ZBTB38,20,1,0.05,7,0.045221760556575515,1.1056623931623932,0.659558492527467,0.6036761145480998,0.6596013821823103,1.0,1.0,1.0
GFUS,20,1,0.05,7,0.045221760556575515,1.1056623931623932,0.659558492527467,0.6036761145480998,0.6596013821823103,1.0,1.0,1.0
BCAT1,20,1,0.05,7,0.045221760556575515,1.1056623931623932,0.659558492527467,0.6036761145480998,0.6596013821823103,1.0,1.0,1.0
CYLD,20,1,0.05,7,0.045221760556575515,1.1056623931623932,0.659558492527467,0.6036761145480998,0.6596013821823103,1.0,1.0,1.0
BRI3,20,1,0.05,7,0.045221760556575515,1.1056623931623932,0.659558492527467,0.6036761145480998,0.6596013821823103,1.0,1.0,1.0
TNFRSF10B,20,1,0.05,7,0.045221760556575515,1.1056623931623932,0.659558492527467,0.6036761145480998,0.6596013821823103,1.0,1.0,1.0
AHNAK,20,1,0.05,7,0.045221760556575515,1.1056623931623932,0.659558492527467,0.6036761145480998,0.6596013821823103,1.0,1.0,1.0
LAT,20,1,0.05,7,0.045221760556575515,1.1056623931623932,0.659558492527467,0.6036761145480998,0.6596013821823103,1.0,1.0,1.0
VAMP2,20,1,0.05,7,0.045221760556575515,1.1056623931623932,0.659558492527467,0.6036761145480998,0.6596013821823103,1.0,1.0,1.0
TUBA1B,20,1,0.05,7,0.045221760556575515,1.1056623931623932,0.659558492527467,0.6036761145480998,0.6596013821823103,1.0,1.0,1.0
RBL2,20,1,0.05,7,0.045221760556575515,1.1056623931623932,0.659558492527467,0.6036761145480998,0.6596013821823103,1.0,1.0,1.0
AKNA,20,1,0.05,7,0.045221760556575515,1.1056623931623932,0.659558492527467,0.6036761145480998,0.6596013821823103,1.0,1.0,1.0
PRDX5,20,1,0.05,7,0.045221760556575515,1.1056623931623932,0.659558492527467,0.6036761145480998,0.6596013821823103,1.0,1.0,1.0
ZNRF2,20,1,0.05,7,0.045221760556575515,1.1056623931623932,0.659558492527467,0.6036761145480998,0.6596013821823103,1.0,1.0,1.0
HNRNPD,20,1,0.05,7,0.045221760556575515,1.1056623931623932,0.659558492527467,0.6036761145480998,0.6596013821823103,1.0,1.0,1.0
PLAAT4,20,1,0.05,7,0.045221760556575515,1.1056623931623932,0.659558492527467,0.6036761145480998,0.6596013821823103,1.0,1.0,1.0
BCL6,20,1,0.05,7,0.045221760556575515,1.1056623931623932,0.659558492527467,0.6036761145480998,0.6596013821823103,1.0,1.0,1.0
ST8SIA4,20,1,0.05,7,0.045221760556575515,1.1056623931623932,0.659558492527467,0.6036761145480998,0.6596013821823103,1.0,1.0,1.0
MKNK2,20,1,0.05,7,0.045221760556575515,1.1056623931623932,0.659558492527467,0.6036761145480998,0.6596013821823103,1.0,1.0,1.0
CYTH4,20,1,0.05,7,0.045221760556575515,1.1056623931623932,0.659558492527467,0.6036761145480998,0.6596013821823103,1.0,1.0,1.0
SASH3,20,1,0.05,7,0.045221760556575515,1.1056623931623932,0.659558492527467,0.6036761145480998,0.6596013821823103,1.0,1.0,1.0
FLNB,20,1,0.05,7,0.045221760556575515,1.1056623931623932,0.659558492527467,0.6036761145480998,0.6596013821823103,1.0,1.0,1.0
FAM234A,20,1,0.05,7,0.045221760556575515,1.1056623931623932,0.659558492527467,0.6036761145480998,0.6596013821823103,1.0,1.0,1.0
GDF11,21,1,0.047619047619047616,7,0.04522613065326633,1.0529100529100528,0.6774146575458793,0.6216349481818616,0.6774595756124902,1.0,1.0,1.0
ACSS2,21,1,0.047619047619047616,7,0.04522613065326633,1.0529100529100528,0.6774146575458793,0.6216349481818616,0.6774595756124902,1.0,1.0,1.0
VAMP1,21,1,0.047619047619047616,7,0.04522613065326633,1.0529100529100528,0.6774146575458793,0.6216349481818616,0.6774595756124902,1.0,1.0,1.0
NCR3,21,1,0.047619047619047616,7,0.04522613065326633,1.0529100529100528,0.6774146575458793,0.6216349481818616,0.6774595756124902,1.0,1.0,1.0
SEPTIN1,21,1,0.047619047619047616,7,0.04522613065326633,1.0529100529100528,0.6774146575458793,0.6216349481818616,0.6774595756124902,1.0,1.0,1.0
SORL1,21,1,0.047619047619047616,7,0.04522613065326633,1.0529100529100528,0.6774146575458793,0.6216349481818616,0.6774595756124902,1.0,1.0,1.0
ARID5B,21,1,0.047619047619047616,7,0.04522613065326633,1.0529100529100528,0.6774146575458793,0.6216349481818616,0.6774595756124902,1.0,1.0,1.0
PPP1R9B,21,1,0.047619047619047616,7,0.04522613065326633,1.0529100529100528,0.6774146575458793,0.6216349481818616,0.6774595756124902,1.0,1.0,1.0
KXD1,21,1,0.047619047619047616,7,0.04522613065326633,1.0529100529100528,0.6774146575458793,0.6216349481818616,0.6774595756124902,1.0,1.0,1.0
TBC1D2B,21,1,0.047619047619047616,7,0.04522613065326633,1.0529100529100528,0.6774146575458793,0.6216349481818616,0.6774595756124902,1.0,1.0,1.0
ATP2B4,21,1,0.047619047619047616,7,0.04522613065326633,1.0529100529100528,0.6774146575458793,0.6216349481818616,0.6774595756124902,1.0,1.0,1.0
ADGRG1,21,1,0.047619047619047616,7,0.04522613065326633,1.0529100529100528,0.6774146575458793,0.6216349481818616,0.6774595756124902,1.0,1.0,1.0
ZMYM3,21,1,0.047619047619047616,7,0.04522613065326633,1.0529100529100528,0.6774146575458793,0.6216349481818616,0.6774595756124902,1.0,1.0,1.0
UBE2R2,21,1,0.047619047619047616,7,0.04522613065326633,1.0529100529100528,0.6774146575458793,0.6216349481818616,0.6774595756124902,1.0,1.0,1.0
DOK2,21,1,0.047619047619047616,7,0.04522613065326633,1.0529100529100528,0.6774146575458793,0.6216349481818616,0.6774595756124902,1.0,1.0,1.0
ETS1,47,2,0.0425531914893617,8,0.044599138693882365,0.9541258583811776,0.7137167027988816,0.6258369671463186,0.713801659095576,1.0,1.0,1.0
FYTTD1,22,1,0.045454545454545456,7,0.04523050159466512,1.0049533799533799,0.6943342662920207,0.6387833175534565,0.6943810846745607,1.0,1.0,1.0
KLF6,22,1,0.045454545454545456,7,0.04523050159466512,1.0049533799533799,0.6943342662920207,0.6387833175534565,0.6943810846745607,1.0,1.0,1.0
ANKRD10,22,1,0.045454545454545456,7,0.04523050159466512,1.0049533799533799,0.6943342662920207,0.6387833175534565,0.6943810846745607,1.0,1.0,1.0
CBX5,22,1,0.045454545454545456,7,0.04523050159466512,1.0049533799533799,0.6943342662920207,0.6387833175534565,0.6943810846745607,1.0,1.0,1.0
IL21R,22,1,0.045454545454545456,7,0.04523050159466512,1.0049533799533799,0.6943342662920207,0.6387833175534565,0.6943810846745607,1.0,1.0,1.0
CDKN1A,22,1,0.045454545454545456,7,0.04523050159466512,1.0049533799533799,0.6943342662920207,0.6387833175534565,0.6943810846745607,1.0,1.0,1.0
SLC50A1,22,1,0.045454545454545456,7,0.04523050159466512,1.0049533799533799,0.6943342662920207,0.6387833175534565,0.6943810846745607,1.0,1.0,1.0
EML2,22,1,0.045454545454545456,7,0.04523050159466512,1.0049533799533799,0.6943342662920207,0.6387833175534565,0.6943810846745607,1.0,1.0,1.0
TAPBP,22,1,0.045454545454545456,7,0.04523050159466512,1.0049533799533799,0.6943342662920207,0.6387833175534565,0.6943810846745607,1.0,1.0,1.0
PXN,22,1,0.045454545454545456,7,0.04523050159466512,1.0049533799533799,0.6943342662920207,0.6387833175534565,0.6943810846745607,1.0,1.0,1.0
YPEL5,22,1,0.045454545454545456,7,0.04523050159466512,1.0049533799533799,0.6943342662920207,0.6387833175534565,0.6943810846745607,1.0,1.0,1.0
BMF,22,1,0.045454545454545456,7,0.04523050159466512,1.0049533799533799,0.6943342662920207,0.6387833175534565,0.6943810846745607,1.0,1.0,1.0
CD99,23,1,0.043478260869565216,8,0.04459499263622975,0.9749583596576876,0.7103664411642463,0.649802693057301,0.7104150289903992,1.0,1.0,1.0
SUN2,23,1,0.043478260869565216,8,0.04459499263622975,0.9749583596576876,0.7103664411642463,0.649802693057301,0.7104150289903992,1.0,1.0,1.0
TMEM14A,23,1,0.043478260869565216,8,0.04459499263622975,0.9749583596576876,0.7103664411642463,0.649802693057301,0.7104150289903992,1.0,1.0,1.0
ANXA6,23,1,0.043478260869565216,8,0.04459499263622975,0.9749583596576876,0.7103664411642463,0.649802693057301,0.7104150289903992,1.0,1.0,1.0
GNS,23,1,0.043478260869565216,8,0.04459499263622975,0.9749583596576876,0.7103664411642463,0.649802693057301,0.7104150289903992,1.0,1.0,1.0
ATP8B4,23,1,0.043478260869565216,8,0.04459499263622975,0.9749583596576876,0.7103664411642463,0.649802693057301,0.7104150289903992,1.0,1.0,1.0
KMT2E,23,1,0.043478260869565216,8,0.04459499263622975,0.9749583596576876,0.7103664411642463,0.649802693057301,0.7104150289903992,1.0,1.0,1.0
GPR18,23,1,0.043478260869565216,8,0.04459499263622975,0.9749583596576876,0.7103664411642463,0.649802693057301,0.7104150289903992,1.0,1.0,1.0
IER2,23,1,0.043478260869565216,8,0.04459499263622975,0.9749583596576876,0.7103664411642463,0.649802693057301,0.7104150289903992,1.0,1.0,1.0
GBP1,23,1,0.043478260869565216,8,0.04459499263622975,0.9749583596576876,0.7103664411642463,0.649802693057301,0.7104150289903992,1.0,1.0,1.0
TGFBR1,23,1,0.043478260869565216,8,0.04459499263622975,0.9749583596576876,0.7103664411642463,0.649802693057301,0.7104150289903992,1.0,1.0,1.0
DYNLRB1,23,1,0.043478260869565216,8,0.04459499263622975,0.9749583596576876,0.7103664411642463,0.649802693057301,0.7104150289903992,1.0,1.0,1.0
WASHC3,23,1,0.043478260869565216,8,0.04459499263622975,0.9749583596576876,0.7103664411642463,0.649802693057301,0.7104150289903992,1.0,1.0,1.0
AGPAT1,23,1,0.043478260869565216,8,0.04459499263622975,0.9749583596576876,0.7103664411642463,0.649802693057301,0.7104150289903992,1.0,1.0,1.0
SIT1,23,1,0.043478260869565216,8,0.04459499263622975,0.9749583596576876,0.7103664411642463,0.649802693057301,0.7104150289903992,1.0,1.0,1.0
LEF1,23,1,0.043478260869565216,8,0.04459499263622975,0.9749583596576876,0.7103664411642463,0.649802693057301,0.7104150289903992,1.0,1.0,1.0
STN1,23,1,0.043478260869565216,8,0.04459499263622975,0.9749583596576876,0.7103664411642463,0.649802693057301,0.7104150289903992,1.0,1.0,1.0
UGDH,23,1,0.043478260869565216,8,0.04459499263622975,0.9749583596576876,0.7103664411642463,0.649802693057301,0.7104150289903992,1.0,1.0,1.0
RUSF1,23,1,0.043478260869565216,8,0.04459499263622975,0.9749583596576876,0.7103664411642463,0.649802693057301,0.7104150289903992,1.0,1.0,1.0
CTSA,23,1,0.043478260869565216,8,0.04459499263622975,0.9749583596576876,0.7103664411642463,0.649802693057301,0.7104150289903992,1.0,1.0,1.0
HNRNPA3,23,1,0.043478260869565216,8,0.04459499263622975,0.9749583596576876,0.7103664411642463,0.649802693057301,0.7104150289903992,1.0,1.0,1.0
SCD,23,1,0.043478260869565216,8,0.04459499263622975,0.9749583596576876,0.7103664411642463,0.649802693057301,0.7104150289903992,1.0,1.0,1.0
EIF4EBP2,23,1,0.043478260869565216,8,0.04459499263622975,0.9749583596576876,0.7103664411642463,0.649802693057301,0.7104150289903992,1.0,1.0,1.0
EFHD2,23,1,0.043478260869565216,8,0.04459499263622975,0.9749583596576876,0.7103664411642463,0.649802693057301,0.7104150289903992,1.0,1.0,1.0
EXOSC8,24,1,0.041666666666666664,8,0.04459761988924237,0.9342800528401585,0.7255577280899701,0.6654418200496707,0.7256079529121282,1.0,1.0,1.0
BZW2,24,1,0.041666666666666664,8,0.04459761988924237,0.9342800528401585,0.7255577280899701,0.6654418200496707,0.7256079529121282,1.0,1.0,1.0
ARPC5L,24,1,0.041666666666666664,8,0.04459761988924237,0.9342800528401585,0.7255577280899701,0.6654418200496707,0.7256079529121282,1.0,1.0,1.0
GTF3C6,24,1,0.041666666666666664,8,0.04459761988924237,0.9342800528401585,0.7255577280899701,0.6654418200496707,0.7256079529121282,1.0,1.0,1.0
HINT1,24,1,0.041666666666666664,8,0.04459761988924237,0.9342800528401585,0.7255577280899701,0.6654418200496707,0.7256079529121282,1.0,1.0,1.0
KRCC1,24,1,0.041666666666666664,8,0.04459761988924237,0.9342800528401585,0.7255577280899701,0.6654418200496707,0.7256079529121282,1.0,1.0,1.0
SH2D2A,24,1,0.041666666666666664,8,0.04459761988924237,0.9342800528401585,0.7255577280899701,0.6654418200496707,0.7256079529121282,1.0,1.0,1.0
CARD11,24,1,0.041666666666666664,8,0.04459761988924237,0.9342800528401585,0.7255577280899701,0.6654418200496707,0.7256079529121282,1.0,1.0,1.0
SYNE2,24,1,0.041666666666666664,8,0.04459761988924237,0.9342800528401585,0.7255577280899701,0.6654418200496707,0.7256079529121282,1.0,1.0,1.0
HSPD1,24,1,0.041666666666666664,8,0.04459761988924237,0.9342800528401585,0.7255577280899701,0.6654418200496707,0.7256079529121282,1.0,1.0,1.0
FUT7,24,1,0.041666666666666664,8,0.04459761988924237,0.9342800528401585,0.7255577280899701,0.6654418200496707,0.7256079529121282,1.0,1.0,1.0
ARF6,24,1,0.041666666666666664,8,0.04459761988924237,0.9342800528401585,0.7255577280899701,0.6654418200496707,0.7256079529121282,1.0,1.0,1.0
GNA15,24,1,0.041666666666666664,8,0.04459761988924237,0.9342800528401585,0.7255577280899701,0.6654418200496707,0.7256079529121282,1.0,1.0,1.0
GOLGA7B,24,1,0.041666666666666664,8,0.04459761988924237,0.9342800528401585,0.7255577280899701,0.6654418200496707,0.7256079529121282,1.0,1.0,1.0
GSTK1,24,1,0.041666666666666664,8,0.04459761988924237,0.9342800528401585,0.7255577280899701,0.6654418200496707,0.7256079529121282,1.0,1.0,1.0
ARL2,24,1,0.041666666666666664,8,0.04459761988924237,0.9342800528401585,0.7255577280899701,0.6654418200496707,0.7256079529121282,1.0,1.0,1.0
DOCK2,24,1,0.041666666666666664,8,0.04459761988924237,0.9342800528401585,0.7255577280899701,0.6654418200496707,0.7256079529121282,1.0,1.0,1.0
CCNC,24,1,0.041666666666666664,8,0.04459761988924237,0.9342800528401585,0.7255577280899701,0.6654418200496707,0.7256079529121282,1.0,1.0,1.0
SH3BGRL3,24,1,0.041666666666666664,8,0.04459761988924237,0.9342800528401585,0.7255577280899701,0.6654418200496707,0.7256079529121282,1.0,1.0,1.0
CPOX,24,1,0.041666666666666664,8,0.04459761988924237,0.9342800528401585,0.7255577280899701,0.6654418200496707,0.7256079529121282,1.0,1.0,1.0
CANX,25,1,0.04,8,0.044600247451835266,0.8968560105680318,0.7399522316616266,0.6803842946786254,0.7400039605104962,1.0,1.0,1.0
MAN2A2,25,1,0.04,8,0.044600247451835266,0.8968560105680318,0.7399522316616266,0.6803842946786254,0.7400039605104962,1.0,1.0,1.0
MARCHF9,25,1,0.04,8,0.044600247451835266,0.8968560105680318,0.7399522316616266,0.6803842946786254,0.7400039605104962,1.0,1.0,1.0
ISCU,25,1,0.04,8,0.044600247451835266,0.8968560105680318,0.7399522316616266,0.6803842946786254,0.7400039605104962,1.0,1.0,1.0
GBP2,25,1,0.04,8,0.044600247451835266,0.8968560105680318,0.7399522316616266,0.6803842946786254,0.7400039605104962,1.0,1.0,1.0
SEC31A,25,1,0.04,8,0.044600247451835266,0.8968560105680318,0.7399522316616266,0.6803842946786254,0.7400039605104962,1.0,1.0,1.0
OXA1L,25,1,0.04,8,0.044600247451835266,0.8968560105680318,0.7399522316616266,0.6803842946786254,0.7400039605104962,1.0,1.0,1.0
RAP1A,25,1,0.04,8,0.044600247451835266,0.8968560105680318,0.7399522316616266,0.6803842946786254,0.7400039605104962,1.0,1.0,1.0
FXYD5,25,1,0.04,8,0.044600247451835266,0.8968560105680318,0.7399522316616266,0.6803842946786254,0.7400039605104962,1.0,1.0,1.0
ACADVL,25,1,0.04,8,0.044600247451835266,0.8968560105680318,0.7399522316616266,0.6803842946786254,0.7400039605104962,1.0,1.0,1.0
VEGFB,25,1,0.04,8,0.044600247451835266,0.8968560105680318,0.7399522316616266,0.6803842946786254,0.7400039605104962,1.0,1.0,1.0
WSB2,25,1,0.04,8,0.044600247451835266,0.8968560105680318,0.7399522316616266,0.6803842946786254,0.7400039605104962,1.0,1.0,1.0
SSR3,53,2,0.03773584905660377,8,0.04461493065801121,0.845812119397025,0.7736832722630291,0.6906754497495925,0.7737791177773525,1.0,1.0,1.0
GMPPB,26,1,0.038461538461538464,8,0.044602875324063165,0.8623107407783762,0.7535917431847462,0.6946610711147758,0.7536448434890805,1.0,1.0,1.0
APOL1,26,1,0.038461538461538464,8,0.044602875324063165,0.8623107407783762,0.7535917431847462,0.6946610711147758,0.7536448434890805,1.0,1.0,1.0
CISH,26,1,0.038461538461538464,8,0.044602875324063165,0.8623107407783762,0.7535917431847462,0.6946610711147758,0.7536448434890805,1.0,1.0,1.0
GTF2H5,26,1,0.038461538461538464,8,0.044602875324063165,0.8623107407783762,0.7535917431847462,0.6946610711147758,0.7536448434890805,1.0,1.0,1.0
PIK3CD,26,1,0.038461538461538464,8,0.044602875324063165,0.8623107407783762,0.7535917431847462,0.6946610711147758,0.7536448434890805,1.0,1.0,1.0
CELF2,26,1,0.038461538461538464,8,0.044602875324063165,0.8623107407783762,0.7535917431847462,0.6946610711147758,0.7536448434890805,1.0,1.0,1.0
CYCS,26,1,0.038461538461538464,8,0.044602875324063165,0.8623107407783762,0.7535917431847462,0.6946610711147758,0.7536448434890805,1.0,1.0,1.0
FNBP1,27,1,0.037037037037037035,8,0.04460550350598079,0.8303243798620284,0.7665158620099087,0.7083017316453911,0.7665702023949588,1.0,1.0,1.0
IMMT,27,1,0.037037037037037035,8,0.04460550350598079,0.8303243798620284,0.7665158620099087,0.7083017316453911,0.7665702023949588,1.0,1.0,1.0
CAPN2,27,1,0.037037037037037035,8,0.04460550350598079,0.8303243798620284,0.7665158620099087,0.7083017316453911,0.7665702023949588,1.0,1.0,1.0
CHSY1,27,1,0.037037037037037035,8,0.04460550350598079,0.8303243798620284,0.7665158620099087,0.7083017316453911,0.7665702023949588,1.0,1.0,1.0
COPG1,27,1,0.037037037037037035,8,0.04460550350598079,0.8303243798620284,0.7665158620099087,0.7083017316453911,0.7665702023949588,1.0,1.0,1.0
SRPRB,27,1,0.037037037037037035,8,0.04460550350598079,0.8303243798620284,0.7665158620099087,0.7083017316453911,0.7665702023949588,1.0,1.0,1.0
BCOR,27,1,0.037037037037037035,8,0.04460550350598079,0.8303243798620284,0.7665158620099087,0.7083017316453911,0.7665702023949588,1.0,1.0,1.0
TANK,27,1,0.037037037037037035,8,0.04460550350598079,0.8303243798620284,0.7665158620099087,0.7083017316453911,0.7665702023949588,1.0,1.0,1.0
CD4,27,1,0.037037037037037035,8,0.04460550350598079,0.8303243798620284,0.7665158620099087,0.7083017316453911,0.7665702023949588,1.0,1.0,1.0
STT3B,28,1,0.03571428571428571,8,0.0446081319976429,0.8006227590111341,0.778762110500831,0.7213345473208812,0.7788175614770857,1.0,1.0,1.0
TXNDC17,28,1,0.03571428571428571,8,0.0446081319976429,0.8006227590111341,0.778762110500831,0.7213345473208812,0.7788175614770857,1.0,1.0,1.0
TPP1,28,1,0.03571428571428571,8,0.0446081319976429,0.8006227590111341,0.778762110500831,0.7213345473208812,0.7788175614770857,1.0,1.0,1.0
TSPOAP1,28,1,0.03571428571428571,8,0.0446081319976429,0.8006227590111341,0.778762110500831,0.7213345473208812,0.7788175614770857,1.0,1.0,1.0
ISG20,28,1,0.03571428571428571,8,0.0446081319976429,0.8006227590111341,0.778762110500831,0.7213345473208812,0.7788175614770857,1.0,1.0,1.0
TNFSF8,28,1,0.03571428571428571,8,0.0446081319976429,0.8006227590111341,0.778762110500831,0.7213345473208812,0.7788175614770857,1.0,1.0,1.0
PIM1,28,1,0.03571428571428571,8,0.0446081319976429,0.8006227590111341,0.778762110500831,0.7213345473208812,0.7788175614770857,1.0,1.0,1.0
FLOT1,28,1,0.03571428571428571,8,0.0446081319976429,0.8006227590111341,0.778762110500831,0.7213345473208812,0.7788175614770857,1.0,1.0,1.0
MYL12A,28,1,0.03571428571428571,8,0.0446081319976429,0.8006227590111341,0.778762110500831,0.7213345473208812,0.7788175614770857,1.0,1.0,1.0
BCL2,28,1,0.03571428571428571,8,0.0446081319976429,0.8006227590111341,0.778762110500831,0.7213345473208812,0.7788175614770857,1.0,1.0,1.0
CRIP1,28,1,0.03571428571428571,8,0.0446081319976429,0.8006227590111341,0.778762110500831,0.7213345473208812,0.7788175614770857,1.0,1.0,1.0
IFI6,28,1,0.03571428571428571,8,0.0446081319976429,0.8006227590111341,0.778762110500831,0.7213345473208812,0.7788175614770857,1.0,1.0,1.0
NFATC3,28,1,0.03571428571428571,8,0.0446081319976429,0.8006227590111341,0.778762110500831,0.7213345473208812,0.7788175614770857,1.0,1.0,1.0
CHCHD2,29,1,0.034482758620689655,8,0.04461076079910425,0.7729695258051291,0.7903660429723766,0.7337865359271645,0.7904224775252019,1.0,1.0,1.0
TAF1D,29,1,0.034482758620689655,8,0.04461076079910425,0.7729695258051291,0.7903660429723766,0.7337865359271645,0.7904224775252019,1.0,1.0,1.0
LAMP2,29,1,0.034482758620689655,8,0.04461076079910425,0.7729695258051291,0.7903660429723766,0.7337865359271645,0.7904224775252019,1.0,1.0,1.0
GPR15,29,1,0.034482758620689655,8,0.04461076079910425,0.7729695258051291,0.7903660429723766,0.7337865359271645,0.7904224775252019,1.0,1.0,1.0
ZIM3,29,1,0.034482758620689655,8,0.04461076079910425,0.7729695258051291,0.7903660429723766,0.7337865359271645,0.7904224775252019,1.0,1.0,1.0
NSMF,29,1,0.034482758620689655,8,0.04461076079910425,0.7729695258051291,0.7903660429723766,0.7337865359271645,0.7904224775252019,1.0,1.0,1.0
RSRP1,29,1,0.034482758620689655,8,0.04461076079910425,0.7729695258051291,0.7903660429723766,0.7337865359271645,0.7904224775252019,1.0,1.0,1.0
SUMF2,29,1,0.034482758620689655,8,0.04461076079910425,0.7729695258051291,0.7903660429723766,0.7337865359271645,0.7904224775252019,1.0,1.0,1.0
SELENOH,30,1,0.03333333333333333,8,0.04461338991041961,0.7471598414795245,0.8013613489147637,0.7456835174015292,0.8014186430046788,1.0,1.0,1.0
UCP2,30,1,0.03333333333333333,8,0.04461338991041961,0.7471598414795245,0.8013613489147637,0.7456835174015292,0.8014186430046788,1.0,1.0,1.0
TMEM273,30,1,0.03333333333333333,8,0.04461338991041961,0.7471598414795245,0.8013613489147637,0.7456835174015292,0.8014186430046788,1.0,1.0,1.0
ARFGAP3,30,1,0.03333333333333333,8,0.04461338991041961,0.7471598414795245,0.8013613489147637,0.7456835174015292,0.8014186430046788,1.0,1.0,1.0
TRIM44,30,1,0.03333333333333333,8,0.04461338991041961,0.7471598414795245,0.8013613489147637,0.7456835174015292,0.8014186430046788,1.0,1.0,1.0
ETHE1,31,1,0.03225806451612903,8,0.04461601933164378,0.7230152980781522,0.8117799508036623,0.7570501668044382,0.8118379837861706,1.0,1.0,1.0
SSR2,31,1,0.03225806451612903,8,0.04461601933164378,0.7230152980781522,0.8117799508036623,0.7570501668044382,0.8118379837861706,1.0,1.0,1.0
CTSW,31,1,0.03225806451612903,8,0.04461601933164378,0.7230152980781522,0.8117799508036623,0.7570501668044382,0.8118379837861706,1.0,1.0,1.0
BHLHE40,31,1,0.03225806451612903,8,0.04461601933164378,0.7230152980781522,0.8117799508036623,0.7570501668044382,0.8118379837861706,1.0,1.0,1.0
SRI,31,1,0.03225806451612903,8,0.04461601933164378,0.7230152980781522,0.8117799508036623,0.7570501668044382,0.8118379837861706,1.0,1.0,1.0
RNF19B,31,1,0.03225806451612903,8,0.04461601933164378,0.7230152980781522,0.8117799508036623,0.7570501668044382,0.8118379837861706,1.0,1.0,1.0
ITGAL,31,1,0.03225806451612903,8,0.04461601933164378,0.7230152980781522,0.8117799508036623,0.7570501668044382,0.8118379837861706,1.0,1.0,1.0
PSMB8,31,1,0.03225806451612903,8,0.04461601933164378,0.7230152980781522,0.8117799508036623,0.7570501668044382,0.8118379837861706,1.0,1.0,1.0
CMTM3,31,1,0.03225806451612903,8,0.04461601933164378,0.7230152980781522,0.8117799508036623,0.7570501668044382,0.8118379837861706,1.0,1.0,1.0
CD28,31,1,0.03225806451612903,8,0.04461601933164378,0.7230152980781522,0.8117799508036623,0.7570501668044382,0.8118379837861706,1.0,1.0,1.0
CD3D,31,1,0.03225806451612903,8,0.04461601933164378,0.7230152980781522,0.8117799508036623,0.7570501668044382,0.8118379837861706,1.0,1.0,1.0
MANF,31,1,0.03225806451612903,8,0.04461601933164378,0.7230152980781522,0.8117799508036623,0.7570501668044382,0.8118379837861706,1.0,1.0,1.0
LCP1,32,1,0.03125,8,0.04461864906283155,0.7003797886393659,0.8216520967801473,0.7679100649547902,0.821710751753296,1.0,1.0,1.0
PDIA6,32,1,0.03125,8,0.04461864906283155,0.7003797886393659,0.8216520967801473,0.7679100649547902,0.821710751753296,1.0,1.0,1.0
SELENOW,32,1,0.03125,8,0.04461864906283155,0.7003797886393659,0.8216520967801473,0.7679100649547902,0.821710751753296,1.0,1.0,1.0
CMTM6,32,1,0.03125,8,0.04461864906283155,0.7003797886393659,0.8216520967801473,0.7679100649547902,0.821710751753296,1.0,1.0,1.0
CHD3,32,1,0.03125,8,0.04461864906283155,0.7003797886393659,0.8216520967801473,0.7679100649547902,0.821710751753296,1.0,1.0,1.0
LAMP1,32,1,0.03125,8,0.04461864906283155,0.7003797886393659,0.8216520967801473,0.7679100649547902,0.821710751753296,1.0,1.0,1.0
ITM2A,33,1,0.030303030303030304,8,0.04462127910403772,0.6791161282574757,0.8310064484695883,0.7782857468314376,0.8310656125567315,1.0,1.0,1.0
OSTC,33,1,0.030303030303030304,8,0.04462127910403772,0.6791161282574757,0.8310064484695883,0.7782857468314376,0.8310656125567315,1.0,1.0,1.0
PRDX2,34,1,0.029411764705882353,8,0.04462390945531714,0.6591032714274614,0.8398701641944343,0.7881987478392457,0.8399297287690358,1.0,1.0,1.0
GRN,34,1,0.029411764705882353,8,0.04462390945531714,0.6591032714274614,0.8398701641944343,0.7881987478392457,0.8399297287690358,1.0,1.0,1.0
LSP1,34,1,0.029411764705882353,8,0.04462390945531714,0.6591032714274614,0.8398701641944343,0.7881987478392457,0.8399297287690358,1.0,1.0,1.0
SQSTM1,35,1,0.02857142857142857,8,0.044626540116724636,0.6402340064163049,0.848268977822488,0.7976696480336684,0.8483288386812087,1.0,1.0,1.0
EIF3L,35,1,0.02857142857142857,8,0.044626540116724636,0.6402340064163049,0.848268977822488,0.7976696480336684,0.8483288386812087,1.0,1.0,1.0
BST2,35,1,0.02857142857142857,8,0.044626540116724636,0.6402340064163049,0.848268977822488,0.7976696480336684,0.8483288386812087,1.0,1.0,1.0
ADAM8,36,1,0.027777777777777776,8,0.04462917108831506,0.6224130339057683,0.8562272734795845,0.8067181143936876,0.8562873309693554,1.0,1.0,1.0
CD52,36,1,0.027777777777777776,8,0.04462917108831506,0.6224130339057683,0.8562272734795845,0.8067181143936876,0.8562873309693554,1.0,1.0,1.0
BBC3,36,1,0.027777777777777776,8,0.04462917108831506,0.6224130339057683,0.8562272734795845,0.8067181143936876,0.8562873309693554,1.0,1.0,1.0
IRAG2,36,1,0.027777777777777776,8,0.04462917108831506,0.6224130339057683,0.8562272734795845,0.8067181143936876,0.8562873309693554,1.0,1.0,1.0
PLEKHG3,36,1,0.027777777777777776,8,0.04462917108831506,0.6224130339057683,0.8562272734795845,0.8067181143936876,0.8562873309693554,1.0,1.0,1.0
GPR171,37,1,0.02702702702702703,8,0.04463180237014327,0.6055553572066122,0.8637681563435893,0.8153629412290215,0.8638283154478665,1.0,1.0,1.0
NOP53,37,1,0.02702702702702703,8,0.04463180237014327,0.6055553572066122,0.8637681563435893,0.8153629412290215,0.8638283154478665,1.0,1.0,1.0
FKBP11,37,1,0.02702702702702703,8,0.04463180237014327,0.6055553572066122,0.8637681563435893,0.8153629412290215,0.8638283154478665,1.0,1.0,1.0
LDHB,37,1,0.02702702702702703,8,0.04463180237014327,0.6055553572066122,0.8637681563435893,0.8153629412290215,0.8638283154478665,1.0,1.0,1.0
CREG1,37,1,0.02702702702702703,8,0.04463180237014327,0.6055553572066122,0.8637681563435893,0.8153629412290215,0.8638283154478665,1.0,1.0,1.0
LSM4,39,1,0.02564102564102564,8,0.04463706586473259,0.5744334925312469,0.8776841086306517,0.8315127202547773,0.8777442046795007,1.0,1.0,1.0
CUTA,40,1,0.025,8,0.04463969807760349,0.5600396301188904,0.8840995799898292,0.8390512368805276,0.8841595207694762,1.0,1.0,1.0
C12orf75,40,1,0.025,8,0.04463969807760349,0.5600396301188904,0.8840995799898292,0.8390512368805276,0.8841595207694762,1.0,1.0,1.0
SERP1,41,1,0.024390243902439025,8,0.04464233060093177,0.5463479073364049,0.8901785597263758,0.8462533118711276,0.8902382689695802,1.0,1.0,1.0
PATJ,42,1,0.023809523809523808,8,0.04464496343477235,0.5333081713530855,0.8959386968337577,0.8531339225492292,0.8959981028803055,1.0,1.0,1.0
TXNIP,42,1,0.023809523809523808,8,0.04464496343477235,0.5333081713530855,0.8959386968337577,0.8531339225492292,0.8959981028803055,1.0,1.0,1.0
NQO1,43,1,0.023255813953488372,8,0.04464759657918018,0.5208749347178274,0.9013967146153213,0.859707381186772,0.9014557503390176,1.0,1.0,1.0
ZMAT3,44,1,0.022727272727272728,8,0.04465023003421022,0.5090068452023538,0.9065684592367627,0.8659873644605206,0.9066270619568955,1.0,1.0,1.0
ITGA4,44,1,0.022727272727272728,8,0.04465023003421022,0.5090068452023538,0.9065684592367627,0.8659873644605206,0.9066270619568955,1.0,1.0,1.0
PHGDH,46,1,0.021739130434782608,8,0.044655497876356774,0.48681867784733784,0.9161124015961359,0.8777186013295092,0.9161699675295378,1.0,1.0,1.0
OAZ1,48,1,0.020833333333333332,8,0.044660766961651915,0.4664795244385733,0.9246814393888613,0.8884253738670282,0.9247377684207503,1.0,1.0,1.0
TPM4,48,1,0.020833333333333332,8,0.044660766961651915,0.4664795244385733,0.9246814393888613,0.8884253738670282,0.9247377684207503,1.0,1.0,1.0
CD7,49,1,0.02040816326530612,8,0.04466340197061774,0.45693257487935723,0.9286318996520837,0.8934227872968695,0.928687545054366,1.0,1.0,1.0
RAD51D,5,0,0.0,0,0.05546240165097382,0.0,1.0,1.0,1.0,1.0,1.0,1.0
PHF20,9,0,0.0,2,0.05435323383084577,0.0,1.0,1.0,1.0,1.0,1.0,1.0
ZC3HAV1,11,0,0.0,4,0.058300012898232945,0.0,1.0,1.0,1.0,1.0,1.0,1.0
WDR83OS,16,0,0.0,6,0.04791395045632334,0.0,1.0,1.0,1.0,1.0,1.0,1.0
RAD51B,6,0,0.0,0,0.05546955624355005,0.0,1.0,1.0,1.0,1.0,1.0,1.0
PINK1,10,0,0.0,3,0.05220779220779221,0.0,1.0,1.0,1.0,1.0,1.0,1.0
RAP1GDS1,9,0,0.0,2,0.05435323383084577,0.0,1.0,1.0,1.0,1.0,1.0,1.0
RASA3,23,0,0.0,8,0.0446539027982327,0.0,1.0,1.0,1.0,1.0,1.0,1.0
RIMOC1,10,0,0.0,3,0.05220779220779221,0.0,1.0,1.0,1.0,1.0,1.0,1.0
ZYG11A,11,0,0.0,4,0.058300012898232945,0.0,1.0,1.0,1.0,1.0,1.0,1.0
ZNF829,6,0,0.0,0,0.05546955624355005,0.0,1.0,1.0,1.0,1.0,1.0,1.0
WDR82,13,0,0.0,5,0.05669816564758199,0.0,1.0,1.0,1.0,1.0,1.0,1.0
RIGI,6,0,0.0,0,0.05546955624355005,0.0,1.0,1.0,1.0,1.0,1.0,1.0
WIPF2,11,0,0.0,4,0.058300012898232945,0.0,1.0,1.0,1.0,1.0,1.0,1.0
PIN1,7,0,0.0,1,0.06280566280566281,0.0,1.0,1.0,1.0,1.0,1.0,1.0
RAD51C,6,0,0.0,0,0.05546955624355005,0.0,1.0,1.0,1.0,1.0,1.0,1.0
PIP4K2B,13,0,0.0,5,0.05669816564758199,0.0,1.0,1.0,1.0,1.0,1.0,1.0
RANBP6,6,0,0.0,0,0.05546955624355005,0.0,1.0,1.0,1.0,1.0,1.0,1.0
RANBP10,5,0,0.0,0,0.05546240165097382,0.0,1.0,1.0,1.0,1.0,1.0,1.0
ZNF85,9,0,0.0,2,0.05435323383084577,0.0,1.0,1.0,1.0,1.0,1.0,1.0
ZDHHC4,18,0,0.0,7,0.04530963191962129,0.0,1.0,1.0,1.0,1.0,1.0,1.0
ZNF839,5,0,0.0,0,0.05546240165097382,0.0,1.0,1.0,1.0,1.0,1.0,1.0
XKR6,10,0,0.0,3,0.05220779220779221,0.0,1.0,1.0,1.0,1.0,1.0,1.0
ZNF83,15,0,0.0,6,0.04790874524714829,0.0,1.0,1.0,1.0,1.0,1.0,1.0
RASGRF2,15,0,0.0,6,0.04790874524714829,0.0,1.0,1.0,1.0,1.0,1.0,1.0
PHF2,6,0,0.0,0,0.05546955624355005,0.0,1.0,1.0,1.0,1.0,1.0,1.0
RASA1,15,0,0.0,6,0.04790874524714829,0.0,1.0,1.0,1.0,1.0,1.0,1.0
RNF115,7,0,0.0,1,0.06280566280566281,0.0,1.0,1.0,1.0,1.0,1.0,1.0
ZDHHC13,9,0,0.0,2,0.05435323383084577,0.0,1.0,1.0,1.0,1.0,1.0,1.0
ZDHHC14,20,0,0.0,7,0.04531838825007247,0.0,1.0,1.0,1.0,1.0,1.0,1.0
RNF144A,38,0,0.0,8,0.04469339622641509,0.0,1.0,1.0,1.0,1.0,1.0,1.0
RIDA,6,0,0.0,0,0.05546955624355005,0.0,1.0,1.0,1.0,1.0,1.0,1.0
ZC3H7A,9,0,0.0,2,0.05435323383084577,0.0,1.0,1.0,1.0,1.0,1.0,1.0
RASGEF1A,18,0,0.0,7,0.04530963191962129,0.0,1.0,1.0,1.0,1.0,1.0,1.0
ZDHHC2,15,0,0.0,6,0.04790874524714829,0.0,1.0,1.0,1.0,1.0,1.0,1.0
RAI1,6,0,0.0,0,0.05546955624355005,0.0,1.0,1.0,1.0,1.0,1.0,1.0
WHRN,8,0,0.0,2,0.05434647431911454,0.0,1.0,1.0,1.0,1.0,1.0,1.0
ZCCHC3,5,0,0.0,0,0.05546240165097382,0.0,1.0,1.0,1.0,1.0,1.0,1.0
RARG,9,0,0.0,2,0.05435323383084577,0.0,1.0,1.0,1.0,1.0,1.0,1.0
RALGAPB,8,0,0.0,2,0.05434647431911454,0.0,1.0,1.0,1.0,1.0,1.0,1.0
RALGAPA2,12,0,0.0,4,0.058307533539731685,0.0,1.0,1.0,1.0,1.0,1.0,1.0
PIK3R6,11,0,0.0,4,0.058300012898232945,0.0,1.0,1.0,1.0,1.0,1.0,1.0
RALGAPA1,5,0,0.0,0,0.05546240165097382,0.0,1.0,1.0,1.0,1.0,1.0,1.0
PHF13,10,0,0.0,3,0.05220779220779221,0.0,1.0,1.0,1.0,1.0,1.0,1.0
ZC4H2,7,0,0.0,1,0.06280566280566281,0.0,1.0,1.0,1.0,1.0,1.0,1.0
PIK3R1,14,0,0.0,5,0.05670604586518416,0.0,1.0,1.0,1.0,1.0,1.0,1.0
RNF13,9,0,0.0,2,0.05435323383084577,0.0,1.0,1.0,1.0,1.0,1.0,1.0
RARA,18,0,0.0,7,0.04530963191962129,0.0,1.0,1.0,1.0,1.0,1.0,1.0
RNF157,33,0,0.0,8,0.04468022399056882,0.0,1.0,1.0,1.0,1.0,1.0,1.0
PIK3R5,7,0,0.0,1,0.06280566280566281,0.0,1.0,1.0,1.0,1.0,1.0,1.0
RAPGEF6,11,0,0.0,4,0.058300012898232945,0.0,1.0,1.0,1.0,1.0,1.0,1.0
RAPH1,7,0,0.0,1,0.06280566280566281,0.0,1.0,1.0,1.0,1.0,1.0,1.0
PIP4K2A,8,0,0.0,2,0.05434647431911454,0.0,1.0,1.0,1.0,1.0,1.0,1.0
ZCCHC24,11,0,0.0,4,0.058300012898232945,0.0,1.0,1.0,1.0,1.0,1.0,1.0
RALBP1,12,0,0.0,4,0.058307533539731685,0.0,1.0,1.0,1.0,1.0,1.0,1.0
PILRB,9,0,0.0,2,0.05435323383084577,0.0,1.0,1.0,1.0,1.0,1.0,1.0
ZCCHC9,5,0,0.0,0,0.05546240165097382,0.0,1.0,1.0,1.0,1.0,1.0,1.0
RALB,19,0,0.0,7,0.04531400966183575,0.0,1.0,1.0,1.0,1.0,1.0,1.0
ZSCAN9,11,0,0.0,4,0.058300012898232945,0.0,1.0,1.0,1.0,1.0,1.0,1.0
PHF21A,19,0,0.0,7,0.04531400966183575,0.0,1.0,1.0,1.0,1.0,1.0,1.0
ZDHHC23,6,0,0.0,0,0.05546955624355005,0.0,1.0,1.0,1.0,1.0,1.0,1.0
RARS2,6,0,0.0,0,0.05546955624355005,0.0,1.0,1.0,1.0,1.0,1.0,1.0
ZNF827,6,0,0.0,0,0.05546955624355005,0.0,1.0,1.0,1.0,1.0,1.0,1.0
PHF14,5,0,0.0,0,0.05546240165097382,0.0,1.0,1.0,1.0,1.0,1.0,1.0
ZDHHC18,8,0,0.0,2,0.05434647431911454,0.0,1.0,1.0,1.0,1.0,1.0,1.0
RICTOR,8,0,0.0,2,0.05434647431911454,0.0,1.0,1.0,1.0,1.0,1.0,1.0
RNF146,6,0,0.0,0,0.05546955624355005,0.0,1.0,1.0,1.0,1.0,1.0,1.0
WDR77,8,0,0.0,2,0.05434647431911454,0.0,1.0,1.0,1.0,1.0,1.0,1.0
ZDBF2,5,0,0.0,0,0.05546240165097382,0.0,1.0,1.0,1.0,1.0,1.0,1.0
ZNF84,5,0,0.0,0,0.05546240165097382,0.0,1.0,1.0,1.0,1.0,1.0,1.0
RNF130,13,0,0.0,5,0.05669816564758199,0.0,1.0,1.0,1.0,1.0,1.0,1.0
ZNF841,14,0,0.0,5,0.05670604586518416,0.0,1.0,1.0,1.0,1.0,1.0,1.0
RALA,5,0,0.0,0,0.05546240165097382,0.0,1.0,1.0,1.0,1.0,1.0,1.0
WEE1,6,0,0.0,0,0.05546955624355005,0.0,1.0,1.0,1.0,1.0,1.0,1.0
ZCRB1,16,0,0.0,6,0.04791395045632334,0.0,1.0,1.0,1.0,1.0,1.0,1.0
ZDHHC21,12,0,0.0,4,0.058307533539731685,0.0,1.0,1.0,1.0,1.0,1.0,1.0
PINLYP,5,0,0.0,0,0.05546240165097382,0.0,1.0,1.0,1.0,1.0,1.0,1.0
XPA,7,0,0.0,1,0.06280566280566281,0.0,1.0,1.0,1.0,1.0,1.0,1.0
WDSUB1,8,0,0.0,2,0.05434647431911454,0.0,1.0,1.0,1.0,1.0,1.0,1.0
YEATS2,5,0,0.0,0,0.05546240165097382,0.0,1.0,1.0,1.0,1.0,1.0,1.0
ZC3H4,7,0,0.0,1,0.06280566280566281,0.0,1.0,1.0,1.0,1.0,1.0,1.0
YY1,8,0,0.0,2,0.05434647431911454,0.0,1.0,1.0,1.0,1.0,1.0,1.0
RESF1,23,0,0.0,8,0.0446539027982327,0.0,1.0,1.0,1.0,1.0,1.0,1.0
PI4KB,5,0,0.0,0,0.05546240165097382,0.0,1.0,1.0,1.0,1.0,1.0,1.0
REST,5,0,0.0,0,0.05546240165097382,0.0,1.0,1.0,1.0,1.0,1.0,1.0
RETREG1,30,0,0.0,8,0.04467232437529467,0.0,1.0,1.0,1.0,1.0,1.0,1.0
PI4KA,8,0,0.0,2,0.05434647431911454,0.0,1.0,1.0,1.0,1.0,1.0,1.0
WWOX,6,0,0.0,0,0.05546955624355005,0.0,1.0,1.0,1.0,1.0,1.0,1.0
ZNF90,12,0,0.0,4,0.058307533539731685,0.0,1.0,1.0,1.0,1.0,1.0,1.0
RETREG2,9,0,0.0,2,0.05435323383084577,0.0,1.0,1.0,1.0,1.0,1.0,1.0
ZNFX1,5,0,0.0,0,0.05546240165097382,0.0,1.0,1.0,1.0,1.0,1.0,1.0
PI4K2B,6,0,0.0,0,0.05546955624355005,0.0,1.0,1.0,1.0,1.0,1.0,1.0
YWHAG,10,0,0.0,3,0.05220779220779221,0.0,1.0,1.0,1.0,1.0,1.0,1.0
RETSAT,6,0,0.0,0,0.05546955624355005,0.0,1.0,1.0,1.0,1.0,1.0,1.0
REXO4,6,0,0.0,0,0.05546955624355005,0.0,1.0,1.0,1.0,1.0,1.0,1.0
YWHAB,9,0,0.0,2,0.05435323383084577,0.0,1.0,1.0,1.0,1.0,1.0,1.0
REXO5,14,0,0.0,5,0.05670604586518416,0.0,1.0,1.0,1.0,1.0,1.0,1.0
YTHDF3,7,0,0.0,1,0.06280566280566281,0.0,1.0,1.0,1.0,1.0,1.0,1.0
YY1AP1,5,0,0.0,0,0.05546240165097382,0.0,1.0,1.0,1.0,1.0,1.0,1.0
YTHDC2,7,0,0.0,1,0.06280566280566281,0.0,1.0,1.0,1.0,1.0,1.0,1.0
PHIP,11,0,0.0,4,0.058300012898232945,0.0,1.0,1.0,1.0,1.0,1.0,1.0
PHKB,6,0,0.0,0,0.05546955624355005,0.0,1.0,1.0,1.0,1.0,1.0,1.0
WWC3,8,0,0.0,2,0.05434647431911454,0.0,1.0,1.0,1.0,1.0,1.0,1.0
REC8,5,0,0.0,0,0.05546240165097382,0.0,1.0,1.0,1.0,1.0,1.0,1.0
RECQL,8,0,0.0,2,0.05434647431911454,0.0,1.0,1.0,1.0,1.0,1.0,1.0
RIT1,5,0,0.0,0,0.05546240165097382,0.0,1.0,1.0,1.0,1.0,1.0,1.0
RIPOR1,22,0,0.0,7,0.045327147965593895,0.0,1.0,1.0,1.0,1.0,1.0,1.0
REEP3,32,0,0.0,8,0.04467759047506778,0.0,1.0,1.0,1.0,1.0,1.0,1.0
ZBTB1,19,0,0.0,7,0.04531400966183575,0.0,1.0,1.0,1.0,1.0,1.0,1.0
ZNF888,12,0,0.0,4,0.058307533539731685,0.0,1.0,1.0,1.0,1.0,1.0,1.0
ZBED1,7,0,0.0,1,0.06280566280566281,0.0,1.0,1.0,1.0,1.0,1.0,1.0
ZNF891,6,0,0.0,0,0.05546955624355005,0.0,1.0,1.0,1.0,1.0,1.0,1.0
RELL2,7,0,0.0,1,0.06280566280566281,0.0,1.0,1.0,1.0,1.0,1.0,1.0
ZSCAN30,12,0,0.0,4,0.058307533539731685,0.0,1.0,1.0,1.0,1.0,1.0,1.0
RHOH,8,0,0.0,2,0.05434647431911454,0.0,1.0,1.0,1.0,1.0,1.0,1.0
RIPK2,20,0,0.0,7,0.04531838825007247,0.0,1.0,1.0,1.0,1.0,1.0,1.0
RENBP,5,0,0.0,0,0.05546240165097382,0.0,1.0,1.0,1.0,1.0,1.0,1.0
RIOX2,12,0,0.0,4,0.058307533539731685,0.0,1.0,1.0,1.0,1.0,1.0,1.0
REPIN1,8,0,0.0,2,0.05434647431911454,0.0,1.0,1.0,1.0,1.0,1.0,1.0
PIAS3,10,0,0.0,3,0.05220779220779221,0.0,1.0,1.0,1.0,1.0,1.0,1.0
RING1,5,0,0.0,0,0.05546240165097382,0.0,1.0,1.0,1.0,1.0,1.0,1.0
XPR1,6,0,0.0,0,0.05546955624355005,0.0,1.0,1.0,1.0,1.0,1.0,1.0
PI4K2A,5,0,0.0,0,0.05546240165097382,0.0,1.0,1.0,1.0,1.0,1.0,1.0
YIPF3,8,0,0.0,2,0.05434647431911454,0.0,1.0,1.0,1.0,1.0,1.0,1.0
RHOC,55,0,0.0,8,0.04473823998111314,0.0,1.0,1.0,1.0,1.0,1.0,1.0
PHLDA3,31,0,0.0,8,0.044674957269994695,0.0,1.0,1.0,1.0,1.0,1.0,1.0
YIPF2,6,0,0.0,0,0.05546955624355005,0.0,1.0,1.0,1.0,1.0,1.0,1.0
YIPF1,7,0,0.0,1,0.06280566280566281,0.0,1.0,1.0,1.0,1.0,1.0,1.0
ZNRF1,26,0,0.0,8,0.04466179589912798,0.0,1.0,1.0,1.0,1.0,1.0,1.0
RGS3,10,0,0.0,3,0.05220779220779221,0.0,1.0,1.0,1.0,1.0,1.0,1.0
YIF1A,11,0,0.0,4,0.058300012898232945,0.0,1.0,1.0,1.0,1.0,1.0,1.0
RHNO1,7,0,0.0,1,0.06280566280566281,0.0,1.0,1.0,1.0,1.0,1.0,1.0
PHLPP1,23,0,0.0,8,0.0446539027982327,0.0,1.0,1.0,1.0,1.0,1.0,1.0
YEATS4,10,0,0.0,3,0.05220779220779221,0.0,1.0,1.0,1.0,1.0,1.0,1.0
ZSCAN18,7,0,0.0,1,0.06280566280566281,0.0,1.0,1.0,1.0,1.0,1.0,1.0
RIN3,28,0,0.0,8,0.044667059516794345,0.0,1.0,1.0,1.0,1.0,1.0,1.0
ZSWIM6,7,0,0.0,1,0.06280566280566281,0.0,1.0,1.0,1.0,1.0,1.0,1.0
RHOBTB3,12,0,0.0,4,0.058307533539731685,0.0,1.0,1.0,1.0,1.0,1.0,1.0
RIMS3,17,0,0.0,6,0.04791915679669673,0.0,1.0,1.0,1.0,1.0,1.0,1.0
PHLDB2,8,0,0.0,2,0.05434647431911454,0.0,1.0,1.0,1.0,1.0,1.0,1.0
RGS1,15,0,0.0,6,0.04790874524714829,0.0,1.0,1.0,1.0,1.0,1.0,1.0
RGMB,6,0,0.0,0,0.05546955624355005,0.0,1.0,1.0,1.0,1.0,1.0,1.0
YIPF5,8,0,0.0,2,0.05434647431911454,0.0,1.0,1.0,1.0,1.0,1.0,1.0
RGL4,11,0,0.0,4,0.058300012898232945,0.0,1.0,1.0,1.0,1.0,1.0,1.0
RFFL,22,0,0.0,7,0.045327147965593895,0.0,1.0,1.0,1.0,1.0,1.0,1.0
XYLT1,6,0,0.0,0,0.05546955624355005,0.0,1.0,1.0,1.0,1.0,1.0,1.0
RFT1,5,0,0.0,0,0.05546240165097382,0.0,1.0,1.0,1.0,1.0,1.0,1.0
RFTN1,24,0,0.0,8,0.04465653352185696,0.0,1.0,1.0,1.0,1.0,1.0,1.0
ZNHIT1,5,0,0.0,0,0.05546240165097382,0.0,1.0,1.0,1.0,1.0,1.0,1.0
PHKA1,7,0,0.0,1,0.06280566280566281,0.0,1.0,1.0,1.0,1.0,1.0,1.0
RFX3,15,0,0.0,6,0.04790874524714829,0.0,1.0,1.0,1.0,1.0,1.0,1.0
RFX5,20,0,0.0,7,0.04531838825007247,0.0,1.0,1.0,1.0,1.0,1.0,1.0
RDX,11,0,0.0,4,0.058300012898232945,0.0,1.0,1.0,1.0,1.0,1.0,1.0
YARS1,6,0,0.0,0,0.05546955624355005,0.0,1.0,1.0,1.0,1.0,1.0,1.0
PHLPP2,9,0,0.0,2,0.05435323383084577,0.0,1.0,1.0,1.0,1.0,1.0,1.0
YPEL3,30,0,0.0,8,0.04467232437529467,0.0,1.0,1.0,1.0,1.0,1.0,1.0
RFX7,10,0,0.0,3,0.05220779220779221,0.0,1.0,1.0,1.0,1.0,1.0,1.0
RFXANK,5,0,0.0,0,0.05546240165097382,0.0,1.0,1.0,1.0,1.0,1.0,1.0
YPEL2,12,0,0.0,4,0.058307533539731685,0.0,1.0,1.0,1.0,1.0,1.0,1.0
YPEL1,5,0,0.0,0,0.05546240165097382,0.0,1.0,1.0,1.0,1.0,1.0,1.0
RGL1,13,0,0.0,5,0.05669816564758199,0.0,1.0,1.0,1.0,1.0,1.0,1.0
YKT6,6,0,0.0,0,0.05546955624355005,0.0,1.0,1.0,1.0,1.0,1.0,1.0
PHTF1,17,0,0.0,6,0.04791915679669673,0.0,1.0,1.0,1.0,1.0,1.0,1.0
ZBTB10,5,0,0.0,0,0.05546240165097382,0.0,1.0,1.0,1.0,1.0,1.0,1.0
RDM1,7,0,0.0,1,0.06280566280566281,0.0,1.0,1.0,1.0,1.0,1.0,1.0
RDH11,7,0,0.0,1,0.06280566280566281,0.0,1.0,1.0,1.0,1.0,1.0,1.0
RIC3,10,0,0.0,3,0.05220779220779221,0.0,1.0,1.0,1.0,1.0,1.0,1.0
RBM15B,6,0,0.0,0,0.05546955624355005,0.0,1.0,1.0,1.0,1.0,1.0,1.0
ZBTB44,16,0,0.0,6,0.04791395045632334,0.0,1.0,1.0,1.0,1.0,1.0,1.0
RIBC2,6,0,0.0,0,0.05546955624355005,0.0,1.0,1.0,1.0,1.0,1.0,1.0
PIH1D1,9,0,0.0,2,0.05435323383084577,0.0,1.0,1.0,1.0,1.0,1.0,1.0
RNASEH2C,13,0,0.0,5,0.05669816564758199,0.0,1.0,1.0,1.0,1.0,1.0,1.0
RBM26,5,0,0.0,0,0.05546240165097382,0.0,1.0,1.0,1.0,1.0,1.0,1.0
RBM3,34,0,0.0,8,0.0446828578165527,0.0,1.0,1.0,1.0,1.0,1.0,1.0
XPNPEP1,6,0,0.0,0,0.05546955624355005,0.0,1.0,1.0,1.0,1.0,1.0,1.0
RNASEH2B,6,0,0.0,0,0.05546955624355005,0.0,1.0,1.0,1.0,1.0,1.0,1.0
ZBTB41,5,0,0.0,0,0.05546240165097382,0.0,1.0,1.0,1.0,1.0,1.0,1.0
RNASE6,8,0,0.0,2,0.05434647431911454,0.0,1.0,1.0,1.0,1.0,1.0,1.0
RBM33,8,0,0.0,2,0.05434647431911454,0.0,1.0,1.0,1.0,1.0,1.0,1.0
RNASE4,8,0,0.0,2,0.05434647431911454,0.0,1.0,1.0,1.0,1.0,1.0,1.0
RHPN1,6,0,0.0,0,0.05546955624355005,0.0,1.0,1.0,1.0,1.0,1.0,1.0
YBEY,7,0,0.0,1,0.06280566280566281,0.0,1.0,1.0,1.0,1.0,1.0,1.0
PIGW,6,0,0.0,0,0.05546955624355005,0.0,1.0,1.0,1.0,1.0,1.0,1.0
ZBTB46,6,0,0.0,0,0.05546955624355005,0.0,1.0,1.0,1.0,1.0,1.0,1.0
ZBTB47,9,0,0.0,2,0.05435323383084577,0.0,1.0,1.0,1.0,1.0,1.0,1.0
ZBTB7B,20,0,0.0,7,0.04531838825007247,0.0,1.0,1.0,1.0,1.0,1.0,1.0
ZBTB8OS,15,0,0.0,6,0.04790874524714829,0.0,1.0,1.0,1.0,1.0,1.0,1.0
ZC3H15,8,0,0.0,2,0.05434647431911454,0.0,1.0,1.0,1.0,1.0,1.0,1.0
WIZ,6,0,0.0,0,0.05546955624355005,0.0,1.0,1.0,1.0,1.0,1.0,1.0
ZC3H13,8,0,0.0,2,0.05434647431911454,0.0,1.0,1.0,1.0,1.0,1.0,1.0
RNF11,23,0,0.0,8,0.0446539027982327,0.0,1.0,1.0,1.0,1.0,1.0,1.0
RNF103,5,0,0.0,0,0.05546240165097382,0.0,1.0,1.0,1.0,1.0,1.0,1.0
RASSF4,6,0,0.0,0,0.05546955624355005,0.0,1.0,1.0,1.0,1.0,1.0,1.0
PIK3CB,11,0,0.0,4,0.058300012898232945,0.0,1.0,1.0,1.0,1.0,1.0,1.0
ZC3H12C,11,0,0.0,4,0.058300012898232945,0.0,1.0,1.0,1.0,1.0,1.0,1.0
ZBTB33,6,0,0.0,0,0.05546955624355005,0.0,1.0,1.0,1.0,1.0,1.0,1.0
RNF10,8,0,0.0,2,0.05434647431911454,0.0,1.0,1.0,1.0,1.0,1.0,1.0
RAVER2,6,0,0.0,0,0.05546955624355005,0.0,1.0,1.0,1.0,1.0,1.0,1.0
PIK3CA,6,0,0.0,0,0.05546955624355005,0.0,1.0,1.0,1.0,1.0,1.0,1.0
ZC3H10,6,0,0.0,0,0.05546955624355005,0.0,1.0,1.0,1.0,1.0,1.0,1.0
RIC8B,10,0,0.0,3,0.05220779220779221,0.0,1.0,1.0,1.0,1.0,1.0,1.0
PIK3AP1,5,0,0.0,0,0.05546240165097382,0.0,1.0,1.0,1.0,1.0,1.0,1.0
RBBP7,5,0,0.0,0,0.05546240165097382,0.0,1.0,1.0,1.0,1.0,1.0,1.0
ZC2HC1A,21,0,0.0,7,0.04532276768457673,0.0,1.0,1.0,1.0,1.0,1.0,1.0
RBBP9,15,0,0.0,6,0.04790874524714829,0.0,1.0,1.0,1.0,1.0,1.0,1.0
RNASEK,18,0,0.0,7,0.04530963191962129,0.0,1.0,1.0,1.0,1.0,1.0,1.0
RASGRP3,6,0,0.0,0,0.05546955624355005,0.0,1.0,1.0,1.0,1.0,1.0,1.0
RBM4,6,0,0.0,0,0.05546955624355005,0.0,1.0,1.0,1.0,1.0,1.0,1.0
RMI2,12,0,0.0,4,0.058307533539731685,0.0,1.0,1.0,1.0,1.0,1.0,1.0
RCC1L,5,0,0.0,0,0.05546240165097382,0.0,1.0,1.0,1.0,1.0,1.0,1.0
RCCD1,8,0,0.0,2,0.05434647431911454,0.0,1.0,1.0,1.0,1.0,1.0,1.0
ZSCAN32,5,0,0.0,0,0.05546240165097382,0.0,1.0,1.0,1.0,1.0,1.0,1.0
ZBTB22,11,0,0.0,4,0.058300012898232945,0.0,1.0,1.0,1.0,1.0,1.0,1.0
PIGN,5,0,0.0,0,0.05546240165097382,0.0,1.0,1.0,1.0,1.0,1.0,1.0
RMC1,5,0,0.0,0,0.05546240165097382,0.0,1.0,1.0,1.0,1.0,1.0,1.0
ZSWIM7,10,0,0.0,3,0.05220779220779221,0.0,1.0,1.0,1.0,1.0,1.0,1.0
ZBTB18,9,0,0.0,2,0.05435323383084577,0.0,1.0,1.0,1.0,1.0,1.0,1.0
PIGL,7,0,0.0,1,0.06280566280566281,0.0,1.0,1.0,1.0,1.0,1.0,1.0
PIGK,13,0,0.0,5,0.05669816564758199,0.0,1.0,1.0,1.0,1.0,1.0,1.0
PHLDA2,12,0,0.0,4,0.058307533539731685,0.0,1.0,1.0,1.0,1.0,1.0,1.0
PIGG,6,0,0.0,0,0.05546955624355005,0.0,1.0,1.0,1.0,1.0,1.0,1.0
PIGF,14,0,0.0,5,0.05670604586518416,0.0,1.0,1.0,1.0,1.0,1.0,1.0
ZBTB16,11,0,0.0,4,0.058300012898232945,0.0,1.0,1.0,1.0,1.0,1.0,1.0
RLF,5,0,0.0,0,0.05546240165097382,0.0,1.0,1.0,1.0,1.0,1.0,1.0
ZNF880,11,0,0.0,4,0.058300012898232945,0.0,1.0,1.0,1.0,1.0,1.0,1.0
RDH10,12,0,0.0,4,0.058307533539731685,0.0,1.0,1.0,1.0,1.0,1.0,1.0
RHOQ,12,0,0.0,4,0.058307533539731685,0.0,1.0,1.0,1.0,1.0,1.0,1.0
WNT5B,9,0,0.0,2,0.05435323383084577,0.0,1.0,1.0,1.0,1.0,1.0,1.0
PIGP,9,0,0.0,2,0.05435323383084577,0.0,1.0,1.0,1.0,1.0,1.0,1.0
RCBTB2,26,0,0.0,8,0.04466179589912798,0.0,1.0,1.0,1.0,1.0,1.0,1.0
RMDN2,5,0,0.0,0,0.05546240165097382,0.0,1.0,1.0,1.0,1.0,1.0,1.0
RBM5,12,0,0.0,4,0.058307533539731685,0.0,1.0,1.0,1.0,1.0,1.0,1.0
RBM6,7,0,0.0,1,0.06280566280566281,0.0,1.0,1.0,1.0,1.0,1.0,1.0
ZNF850,7,0,0.0,1,0.06280566280566281,0.0,1.0,1.0,1.0,1.0,1.0,1.0
RBMS1,16,0,0.0,6,0.04791395045632334,0.0,1.0,1.0,1.0,1.0,1.0,1.0
RBMS2,7,0,0.0,1,0.06280566280566281,0.0,1.0,1.0,1.0,1.0,1.0,1.0
RBMS3,7,0,0.0,1,0.06280566280566281,0.0,1.0,1.0,1.0,1.0,1.0,1.0
RBPJ,14,0,0.0,5,0.05670604586518416,0.0,1.0,1.0,1.0,1.0,1.0,1.0
ZBTB26,5,0,0.0,0,0.05546240165097382,0.0,1.0,1.0,1.0,1.0,1.0,1.0
PIGT,15,0,0.0,6,0.04790874524714829,0.0,1.0,1.0,1.0,1.0,1.0,1.0
RMDN1,17,0,0.0,6,0.04791915679669673,0.0,1.0,1.0,1.0,1.0,1.0,1.0
PIGS,7,0,0.0,1,0.06280566280566281,0.0,1.0,1.0,1.0,1.0,1.0,1.0
WNT10B,5,0,0.0,0,0.05546240165097382,0.0,1.0,1.0,1.0,1.0,1.0,1.0
ZNF862,7,0,0.0,1,0.06280566280566281,0.0,1.0,1.0,1.0,1.0,1.0,1.0
RCAN2,10,0,0.0,3,0.05220779220779221,0.0,1.0,1.0,1.0,1.0,1.0,1.0
RCAN3,22,0,0.0,7,0.045327147965593895,0.0,1.0,1.0,1.0,1.0,1.0,1.0
RHOU,11,0,0.0,4,0.058300012898232945,0.0,1.0,1.0,1.0,1.0,1.0,1.0
RCBTB1,5,0,0.0,0,0.05546240165097382,0.0,1.0,1.0,1.0,1.0,1.0,1.0
RBPMS,6,0,0.0,0,0.05546955624355005,0.0,1.0,1.0,1.0,1.0,1.0,1.0
WWTR1,11,0,0.0,4,0.058300012898232945,0.0,1.0,1.0,1.0,1.0,1.0,1.0
ZNF790,10,0,0.0,3,0.05220779220779221,0.0,1.0,1.0,1.0,1.0,1.0,1.0
PIP4K2C,5,0,0.0,0,0.05546240165097382,0.0,1.0,1.0,1.0,1.0,1.0,1.0
PREPL,9,0,0.0,2,0.05435323383084577,0.0,1.0,1.0,1.0,1.0,1.0,1.0
PREX1,20,0,0.0,7,0.04531838825007247,0.0,1.0,1.0,1.0,1.0,1.0,1.0
PRF1,27,0,0.0,8,0.044664427552884335,0.0,1.0,1.0,1.0,1.0,1.0,1.0
ZNF540,5,0,0.0,0,0.05546240165097382,0.0,1.0,1.0,1.0,1.0,1.0,1.0
PRIM1,9,0,0.0,2,0.05435323383084577,0.0,1.0,1.0,1.0,1.0,1.0,1.0
ZNF529,5,0,0.0,0,0.05546240165097382,0.0,1.0,1.0,1.0,1.0,1.0,1.0
ZNF700,8,0,0.0,2,0.05434647431911454,0.0,1.0,1.0,1.0,1.0,1.0,1.0
ZNF527,5,0,0.0,0,0.05546240165097382,0.0,1.0,1.0,1.0,1.0,1.0,1.0
PRKAA1,9,0,0.0,2,0.05435323383084577,0.0,1.0,1.0,1.0,1.0,1.0,1.0
PRKAB1,9,0,0.0,2,0.05435323383084577,0.0,1.0,1.0,1.0,1.0,1.0,1.0
ZNF524,5,0,0.0,0,0.05546240165097382,0.0,1.0,1.0,1.0,1.0,1.0,1.0
PRKACB,14,0,0.0,5,0.05670604586518416,0.0,1.0,1.0,1.0,1.0,1.0,1.0
PRKAG1,5,0,0.0,0,0.05546240165097382,0.0,1.0,1.0,1.0,1.0,1.0,1.0
ZNF518B,8,0,0.0,2,0.05434647431911454,0.0,1.0,1.0,1.0,1.0,1.0,1.0
PRKAG2,5,0,0.0,0,0.05546240165097382,0.0,1.0,1.0,1.0,1.0,1.0,1.0
ZNF518A,9,0,0.0,2,0.05435323383084577,0.0,1.0,1.0,1.0,1.0,1.0,1.0
PLOD1,18,0,0.0,7,0.04530963191962129,0.0,1.0,1.0,1.0,1.0,1.0,1.0
ZNF514,8,0,0.0,2,0.05434647431911454,0.0,1.0,1.0,1.0,1.0,1.0,1.0
PLK3,6,0,0.0,0,0.05546955624355005,0.0,1.0,1.0,1.0,1.0,1.0,1.0
ZNF512B,7,0,0.0,1,0.06280566280566281,0.0,1.0,1.0,1.0,1.0,1.0,1.0
PRKAR1B,14,0,0.0,5,0.05670604586518416,0.0,1.0,1.0,1.0,1.0,1.0,1.0
ZNF706,9,0,0.0,2,0.05435323383084577,0.0,1.0,1.0,1.0,1.0,1.0,1.0
PRKAR2A,7,0,0.0,1,0.06280566280566281,0.0,1.0,1.0,1.0,1.0,1.0,1.0
PREP,9,0,0.0,2,0.05435323383084577,0.0,1.0,1.0,1.0,1.0,1.0,1.0
ZNF512,11,0,0.0,4,0.058300012898232945,0.0,1.0,1.0,1.0,1.0,1.0,1.0
PLOD3,17,0,0.0,6,0.04791915679669673,0.0,1.0,1.0,1.0,1.0,1.0,1.0
PRELID2,8,0,0.0,2,0.05434647431911454,0.0,1.0,1.0,1.0,1.0,1.0,1.0
PPP3CC,8,0,0.0,2,0.05434647431911454,0.0,1.0,1.0,1.0,1.0,1.0,1.0
PPP3R1,5,0,0.0,0,0.05546240165097382,0.0,1.0,1.0,1.0,1.0,1.0,1.0
PPP4R1,9,0,0.0,2,0.05435323383084577,0.0,1.0,1.0,1.0,1.0,1.0,1.0
ZNF562,20,0,0.0,7,0.04531838825007247,0.0,1.0,1.0,1.0,1.0,1.0,1.0
PPP4R3A,13,0,0.0,5,0.05669816564758199,0.0,1.0,1.0,1.0,1.0,1.0,1.0
PPP4R3B,11,0,0.0,4,0.058300012898232945,0.0,1.0,1.0,1.0,1.0,1.0,1.0
ZNF561,7,0,0.0,1,0.06280566280566281,0.0,1.0,1.0,1.0,1.0,1.0,1.0
PPP6R2,6,0,0.0,0,0.05546955624355005,0.0,1.0,1.0,1.0,1.0,1.0,1.0
ZNF559,11,0,0.0,4,0.058300012898232945,0.0,1.0,1.0,1.0,1.0,1.0,1.0
PQBP1,7,0,0.0,1,0.06280566280566281,0.0,1.0,1.0,1.0,1.0,1.0,1.0
ZNF558,11,0,0.0,4,0.058300012898232945,0.0,1.0,1.0,1.0,1.0,1.0,1.0
ZNF555,7,0,0.0,1,0.06280566280566281,0.0,1.0,1.0,1.0,1.0,1.0,1.0
PRAG1,6,0,0.0,0,0.05546955624355005,0.0,1.0,1.0,1.0,1.0,1.0,1.0
ZNF550,6,0,0.0,0,0.05546955624355005,0.0,1.0,1.0,1.0,1.0,1.0,1.0
PRCP,11,0,0.0,4,0.058300012898232945,0.0,1.0,1.0,1.0,1.0,1.0,1.0
ZNF549,5,0,0.0,0,0.05546240165097382,0.0,1.0,1.0,1.0,1.0,1.0,1.0
PRDM8,32,0,0.0,8,0.04467759047506778,0.0,1.0,1.0,1.0,1.0,1.0,1.0
PRDX1,24,0,0.0,8,0.04465653352185696,0.0,1.0,1.0,1.0,1.0,1.0,1.0
PRDX3,11,0,0.0,4,0.058300012898232945,0.0,1.0,1.0,1.0,1.0,1.0,1.0
ZNF544,26,0,0.0,8,0.04466179589912798,0.0,1.0,1.0,1.0,1.0,1.0,1.0
PREB,18,0,0.0,7,0.04530963191962129,0.0,1.0,1.0,1.0,1.0,1.0,1.0
ZNF543,5,0,0.0,0,0.05546240165097382,0.0,1.0,1.0,1.0,1.0,1.0,1.0
ZNF70,5,0,0.0,0,0.05546240165097382,0.0,1.0,1.0,1.0,1.0,1.0,1.0
PRELID3B,6,0,0.0,0,0.05546955624355005,0.0,1.0,1.0,1.0,1.0,1.0,1.0
ZNF511,8,0,0.0,2,0.05434647431911454,0.0,1.0,1.0,1.0,1.0,1.0,1.0
PRKCA,20,0,0.0,7,0.04531838825007247,0.0,1.0,1.0,1.0,1.0,1.0,1.0
PLK2,6,0,0.0,0,0.05546955624355005,0.0,1.0,1.0,1.0,1.0,1.0,1.0
ZNF440,6,0,0.0,0,0.05546955624355005,0.0,1.0,1.0,1.0,1.0,1.0,1.0
ZNF44,15,0,0.0,6,0.04790874524714829,0.0,1.0,1.0,1.0,1.0,1.0,1.0
PRR11,6,0,0.0,0,0.05546955624355005,0.0,1.0,1.0,1.0,1.0,1.0,1.0
PRR12,8,0,0.0,2,0.05434647431911454,0.0,1.0,1.0,1.0,1.0,1.0,1.0
ZNF438,8,0,0.0,2,0.05434647431911454,0.0,1.0,1.0,1.0,1.0,1.0,1.0
ZNF43,6,0,0.0,0,0.05546955624355005,0.0,1.0,1.0,1.0,1.0,1.0,1.0
PRR5,9,0,0.0,2,0.05435323383084577,0.0,1.0,1.0,1.0,1.0,1.0,1.0
ZNF428,5,0,0.0,0,0.05546240165097382,0.0,1.0,1.0,1.0,1.0,1.0,1.0
PRR5L,10,0,0.0,3,0.05220779220779221,0.0,1.0,1.0,1.0,1.0,1.0,1.0
ZNF426,6,0,0.0,0,0.05546955624355005,0.0,1.0,1.0,1.0,1.0,1.0,1.0
PRRC1,5,0,0.0,0,0.05546240165097382,0.0,1.0,1.0,1.0,1.0,1.0,1.0
PRRC2C,5,0,0.0,0,0.05546240165097382,0.0,1.0,1.0,1.0,1.0,1.0,1.0
PRSS16,6,0,0.0,0,0.05546955624355005,0.0,1.0,1.0,1.0,1.0,1.0,1.0
ZNF414,11,0,0.0,4,0.058300012898232945,0.0,1.0,1.0,1.0,1.0,1.0,1.0
PRXL2A,10,0,0.0,3,0.05220779220779221,0.0,1.0,1.0,1.0,1.0,1.0,1.0
PRXL2C,17,0,0.0,6,0.04791915679669673,0.0,1.0,1.0,1.0,1.0,1.0,1.0
ZNF397,6,0,0.0,0,0.05546955624355005,0.0,1.0,1.0,1.0,1.0,1.0,1.0
ZNF382,10,0,0.0,3,0.05220779220779221,0.0,1.0,1.0,1.0,1.0,1.0,1.0
ZNF362,28,0,0.0,8,0.044667059516794345,0.0,1.0,1.0,1.0,1.0,1.0,1.0
ZNF358,29,0,0.0,8,0.04466969179091284,0.0,1.0,1.0,1.0,1.0,1.0,1.0
PLGRKT,11,0,0.0,4,0.058300012898232945,0.0,1.0,1.0,1.0,1.0,1.0,1.0
ZNF354C,20,0,0.0,7,0.04531838825007247,0.0,1.0,1.0,1.0,1.0,1.0,1.0
ZNF354A,7,0,0.0,1,0.06280566280566281,0.0,1.0,1.0,1.0,1.0,1.0,1.0
PRPS2,5,0,0.0,0,0.05546240165097382,0.0,1.0,1.0,1.0,1.0,1.0,1.0
ZNF441,11,0,0.0,4,0.058300012898232945,0.0,1.0,1.0,1.0,1.0,1.0,1.0
PLIN3,17,0,0.0,6,0.04791915679669673,0.0,1.0,1.0,1.0,1.0,1.0,1.0
PRPF40A,6,0,0.0,0,0.05546955624355005,0.0,1.0,1.0,1.0,1.0,1.0,1.0
PRKCB,18,0,0.0,7,0.04530963191962129,0.0,1.0,1.0,1.0,1.0,1.0,1.0
ZNF496,6,0,0.0,0,0.05546955624355005,0.0,1.0,1.0,1.0,1.0,1.0,1.0
ZNF493,13,0,0.0,5,0.05669816564758199,0.0,1.0,1.0,1.0,1.0,1.0,1.0
PRKCSH,8,0,0.0,2,0.05434647431911454,0.0,1.0,1.0,1.0,1.0,1.0,1.0
PRKCZ,10,0,0.0,3,0.05220779220779221,0.0,1.0,1.0,1.0,1.0,1.0,1.0
PRKD3,14,0,0.0,5,0.05670604586518416,0.0,1.0,1.0,1.0,1.0,1.0,1.0
ZNF492,5,0,0.0,0,0.05546240165097382,0.0,1.0,1.0,1.0,1.0,1.0,1.0
PRKRA,9,0,0.0,2,0.05435323383084577,0.0,1.0,1.0,1.0,1.0,1.0,1.0
PRKX,9,0,0.0,2,0.05435323383084577,0.0,1.0,1.0,1.0,1.0,1.0,1.0
PLK1,12,0,0.0,4,0.058307533539731685,0.0,1.0,1.0,1.0,1.0,1.0,1.0
PRMT2,15,0,0.0,6,0.04790874524714829,0.0,1.0,1.0,1.0,1.0,1.0,1.0
PPP3CB,7,0,0.0,1,0.06280566280566281,0.0,1.0,1.0,1.0,1.0,1.0,1.0
ZNF708,5,0,0.0,0,0.05546240165097382,0.0,1.0,1.0,1.0,1.0,1.0,1.0
PROCA1,9,0,0.0,2,0.05435323383084577,0.0,1.0,1.0,1.0,1.0,1.0,1.0
PROK2,10,0,0.0,3,0.05220779220779221,0.0,1.0,1.0,1.0,1.0,1.0,1.0
ZNF486,8,0,0.0,2,0.05434647431911454,0.0,1.0,1.0,1.0,1.0,1.0,1.0
ZNF483,6,0,0.0,0,0.05546955624355005,0.0,1.0,1.0,1.0,1.0,1.0,1.0
PROS1,6,0,0.0,0,0.05546955624355005,0.0,1.0,1.0,1.0,1.0,1.0,1.0
PROSER1,5,0,0.0,0,0.05546240165097382,0.0,1.0,1.0,1.0,1.0,1.0,1.0
PRPF31,5,0,0.0,0,0.05546240165097382,0.0,1.0,1.0,1.0,1.0,1.0,1.0
PRPF38A,7,0,0.0,1,0.06280566280566281,0.0,1.0,1.0,1.0,1.0,1.0,1.0
PRPF38B,5,0,0.0,0,0.05546240165097382,0.0,1.0,1.0,1.0,1.0,1.0,1.0
ZNF480,9,0,0.0,2,0.05435323383084577,0.0,1.0,1.0,1.0,1.0,1.0,1.0
ZNF470,12,0,0.0,4,0.058307533539731685,0.0,1.0,1.0,1.0,1.0,1.0,1.0
PRNP,24,0,0.0,8,0.04465653352185696,0.0,1.0,1.0,1.0,1.0,1.0,1.0
ZNF350,8,0,0.0,2,0.05434647431911454,0.0,1.0,1.0,1.0,1.0,1.0,1.0
ZNF563,12,0,0.0,4,0.058307533539731685,0.0,1.0,1.0,1.0,1.0,1.0,1.0
ZNF566,6,0,0.0,0,0.05546955624355005,0.0,1.0,1.0,1.0,1.0,1.0,1.0
ZNF622,6,0,0.0,0,0.05546955624355005,0.0,1.0,1.0,1.0,1.0,1.0,1.0
ZNF621,8,0,0.0,2,0.05434647431911454,0.0,1.0,1.0,1.0,1.0,1.0,1.0
POLE2,6,0,0.0,0,0.05546955624355005,0.0,1.0,1.0,1.0,1.0,1.0,1.0
POLE3,10,0,0.0,3,0.05220779220779221,0.0,1.0,1.0,1.0,1.0,1.0,1.0
ZNF620,6,0,0.0,0,0.05546955624355005,0.0,1.0,1.0,1.0,1.0,1.0,1.0
POLE4,8,0,0.0,2,0.05434647431911454,0.0,1.0,1.0,1.0,1.0,1.0,1.0
POLH,21,0,0.0,7,0.04532276768457673,0.0,1.0,1.0,1.0,1.0,1.0,1.0
POLI,18,0,0.0,7,0.04530963191962129,0.0,1.0,1.0,1.0,1.0,1.0,1.0
POLR1D,14,0,0.0,5,0.05670604586518416,0.0,1.0,1.0,1.0,1.0,1.0,1.0
PLXNB2,23,0,0.0,8,0.0446539027982327,0.0,1.0,1.0,1.0,1.0,1.0,1.0
POLR1H,6,0,0.0,0,0.05546955624355005,0.0,1.0,1.0,1.0,1.0,1.0,1.0
POLR2B,5,0,0.0,0,0.05546240165097382,0.0,1.0,1.0,1.0,1.0,1.0,1.0
ZNF619,9,0,0.0,2,0.05435323383084577,0.0,1.0,1.0,1.0,1.0,1.0,1.0
ZNF610,5,0,0.0,0,0.05546240165097382,0.0,1.0,1.0,1.0,1.0,1.0,1.0
POLR2G,19,0,0.0,7,0.04531400966183575,0.0,1.0,1.0,1.0,1.0,1.0,1.0
PLXNA3,10,0,0.0,3,0.05220779220779221,0.0,1.0,1.0,1.0,1.0,1.0,1.0
ZNF678,12,0,0.0,4,0.058307533539731685,0.0,1.0,1.0,1.0,1.0,1.0,1.0
POLR3G,7,0,0.0,1,0.06280566280566281,0.0,1.0,1.0,1.0,1.0,1.0,1.0
POLR3GL,8,0,0.0,2,0.05434647431911454,0.0,1.0,1.0,1.0,1.0,1.0,1.0
PLS1,5,0,0.0,0,0.05546240165097382,0.0,1.0,1.0,1.0,1.0,1.0,1.0
POMGNT1,13,0,0.0,5,0.05669816564758199,0.0,1.0,1.0,1.0,1.0,1.0,1.0
POMGNT2,13,0,0.0,5,0.05669816564758199,0.0,1.0,1.0,1.0,1.0,1.0,1.0
PON2,21,0,0.0,7,0.04532276768457673,0.0,1.0,1.0,1.0,1.0,1.0,1.0
ZNF677,17,0,0.0,6,0.04791915679669673,0.0,1.0,1.0,1.0,1.0,1.0,1.0
POU2AF1,10,0,0.0,3,0.05220779220779221,0.0,1.0,1.0,1.0,1.0,1.0,1.0
ZNF623,8,0,0.0,2,0.05434647431911454,0.0,1.0,1.0,1.0,1.0,1.0,1.0
POLB,8,0,0.0,2,0.05434647431911454,0.0,1.0,1.0,1.0,1.0,1.0,1.0
PM20D2,12,0,0.0,4,0.058307533539731685,0.0,1.0,1.0,1.0,1.0,1.0,1.0
ZNF664,9,0,0.0,2,0.05435323383084577,0.0,1.0,1.0,1.0,1.0,1.0,1.0
PLXND1,7,0,0.0,1,0.06280566280566281,0.0,1.0,1.0,1.0,1.0,1.0,1.0
PML,7,0,0.0,1,0.06280566280566281,0.0,1.0,1.0,1.0,1.0,1.0,1.0
PMM1,5,0,0.0,0,0.05546240165097382,0.0,1.0,1.0,1.0,1.0,1.0,1.0
PMM2,8,0,0.0,2,0.05434647431911454,0.0,1.0,1.0,1.0,1.0,1.0,1.0
ZNF652,6,0,0.0,0,0.05546955624355005,0.0,1.0,1.0,1.0,1.0,1.0,1.0
PMPCB,5,0,0.0,0,0.05546240165097382,0.0,1.0,1.0,1.0,1.0,1.0,1.0
PMVK,18,0,0.0,7,0.04530963191962129,0.0,1.0,1.0,1.0,1.0,1.0,1.0
PNKD,13,0,0.0,5,0.05669816564758199,0.0,1.0,1.0,1.0,1.0,1.0,1.0
PNMA1,8,0,0.0,2,0.05434647431911454,0.0,1.0,1.0,1.0,1.0,1.0,1.0
ZNF649,5,0,0.0,0,0.05546240165097382,0.0,1.0,1.0,1.0,1.0,1.0,1.0
ZNF644,6,0,0.0,0,0.05546955624355005,0.0,1.0,1.0,1.0,1.0,1.0,1.0
PNPLA2,12,0,0.0,4,0.058307533539731685,0.0,1.0,1.0,1.0,1.0,1.0,1.0
PNPLA4,6,0,0.0,0,0.05546955624355005,0.0,1.0,1.0,1.0,1.0,1.0,1.0
PNRC1,35,0,0.0,8,0.044685491953074336,0.0,1.0,1.0,1.0,1.0,1.0,1.0
PNRC2,12,0,0.0,4,0.058307533539731685,0.0,1.0,1.0,1.0,1.0,1.0,1.0
ZNF630,10,0,0.0,3,0.05220779220779221,0.0,1.0,1.0,1.0,1.0,1.0,1.0
ZNF626,21,0,0.0,7,0.04532276768457673,0.0,1.0,1.0,1.0,1.0,1.0,1.0
ZNF671,11,0,0.0,4,0.058300012898232945,0.0,1.0,1.0,1.0,1.0,1.0,1.0
ZNF625,16,0,0.0,6,0.04791395045632334,0.0,1.0,1.0,1.0,1.0,1.0,1.0
POFUT1,6,0,0.0,0,0.05546955624355005,0.0,1.0,1.0,1.0,1.0,1.0,1.0
POGLUT3,18,0,0.0,7,0.04530963191962129,0.0,1.0,1.0,1.0,1.0,1.0,1.0
POLD4,9,0,0.0,2,0.05435323383084577,0.0,1.0,1.0,1.0,1.0,1.0,1.0
ZNF607,10,0,0.0,3,0.05220779220779221,0.0,1.0,1.0,1.0,1.0,1.0,1.0
ZNF606,17,0,0.0,6,0.04791915679669673,0.0,1.0,1.0,1.0,1.0,1.0,1.0
ZNF600,13,0,0.0,5,0.05669816564758199,0.0,1.0,1.0,1.0,1.0,1.0,1.0
ZNF581,6,0,0.0,0,0.05546955624355005,0.0,1.0,1.0,1.0,1.0,1.0,1.0
PPP1R13L,6,0,0.0,0,0.05546955624355005,0.0,1.0,1.0,1.0,1.0,1.0,1.0
ZNF580,13,0,0.0,5,0.05669816564758199,0.0,1.0,1.0,1.0,1.0,1.0,1.0
ZNF573,16,0,0.0,6,0.04791395045632334,0.0,1.0,1.0,1.0,1.0,1.0,1.0
ZNF571,5,0,0.0,0,0.05546240165097382,0.0,1.0,1.0,1.0,1.0,1.0,1.0
ZNF57,6,0,0.0,0,0.05546955624355005,0.0,1.0,1.0,1.0,1.0,1.0,1.0
ZNF695,5,0,0.0,0,0.05546240165097382,0.0,1.0,1.0,1.0,1.0,1.0,1.0
PPP1R21,8,0,0.0,2,0.05434647431911454,0.0,1.0,1.0,1.0,1.0,1.0,1.0
ZNF699,6,0,0.0,0,0.05546955624355005,0.0,1.0,1.0,1.0,1.0,1.0,1.0
PPP1R3E,7,0,0.0,1,0.06280566280566281,0.0,1.0,1.0,1.0,1.0,1.0,1.0
PPP1R3F,17,0,0.0,6,0.04791915679669673,0.0,1.0,1.0,1.0,1.0,1.0,1.0
PPP1R7,17,0,0.0,6,0.04791915679669673,0.0,1.0,1.0,1.0,1.0,1.0,1.0
PLPBP,12,0,0.0,4,0.058307533539731685,0.0,1.0,1.0,1.0,1.0,1.0,1.0
PLP2,8,0,0.0,2,0.05434647431911454,0.0,1.0,1.0,1.0,1.0,1.0,1.0
ZNF569,6,0,0.0,0,0.05546955624355005,0.0,1.0,1.0,1.0,1.0,1.0,1.0
PPP2R2A,7,0,0.0,1,0.06280566280566281,0.0,1.0,1.0,1.0,1.0,1.0,1.0
PPP2R2B,10,0,0.0,3,0.05220779220779221,0.0,1.0,1.0,1.0,1.0,1.0,1.0
PPP2R2D,6,0,0.0,0,0.05546955624355005,0.0,1.0,1.0,1.0,1.0,1.0,1.0
ZNF568,18,0,0.0,7,0.04530963191962129,0.0,1.0,1.0,1.0,1.0,1.0,1.0
PPP2R3B,12,0,0.0,4,0.058307533539731685,0.0,1.0,1.0,1.0,1.0,1.0,1.0
PPP2R5B,6,0,0.0,0,0.05546955624355005,0.0,1.0,1.0,1.0,1.0,1.0,1.0
ZNF567,7,0,0.0,1,0.06280566280566281,0.0,1.0,1.0,1.0,1.0,1.0,1.0
PPP2R5C,19,0,0.0,7,0.04531400966183575,0.0,1.0,1.0,1.0,1.0,1.0,1.0
PPP1R10,10,0,0.0,3,0.05220779220779221,0.0,1.0,1.0,1.0,1.0,1.0,1.0
PPP1CB,10,0,0.0,3,0.05220779220779221,0.0,1.0,1.0,1.0,1.0,1.0,1.0
PPME1,8,0,0.0,2,0.05434647431911454,0.0,1.0,1.0,1.0,1.0,1.0,1.0
ZNF582,6,0,0.0,0,0.05546955624355005,0.0,1.0,1.0,1.0,1.0,1.0,1.0
PPARA,6,0,0.0,0,0.05546955624355005,0.0,1.0,1.0,1.0,1.0,1.0,1.0
PPCDC,14,0,0.0,5,0.05670604586518416,0.0,1.0,1.0,1.0,1.0,1.0,1.0
PPCS,8,0,0.0,2,0.05434647431911454,0.0,1.0,1.0,1.0,1.0,1.0,1.0
PPDPF,27,0,0.0,8,0.044664427552884335,0.0,1.0,1.0,1.0,1.0,1.0,1.0
ZNF680,28,0,0.0,8,0.044667059516794345,0.0,1.0,1.0,1.0,1.0,1.0,1.0
PPFIBP1,13,0,0.0,5,0.05669816564758199,0.0,1.0,1.0,1.0,1.0,1.0,1.0
PPHLN1,6,0,0.0,0,0.05546955624355005,0.0,1.0,1.0,1.0,1.0,1.0,1.0
PPIB,38,0,0.0,8,0.04469339622641509,0.0,1.0,1.0,1.0,1.0,1.0,1.0
PPID,14,0,0.0,5,0.05670604586518416,0.0,1.0,1.0,1.0,1.0,1.0,1.0
PPIE,5,0,0.0,0,0.05546240165097382,0.0,1.0,1.0,1.0,1.0,1.0,1.0
PPIF,12,0,0.0,4,0.058307533539731685,0.0,1.0,1.0,1.0,1.0,1.0,1.0
PPP2R5E,8,0,0.0,2,0.05434647431911454,0.0,1.0,1.0,1.0,1.0,1.0,1.0
PPIG,6,0,0.0,0,0.05546955624355005,0.0,1.0,1.0,1.0,1.0,1.0,1.0
ZNF595,13,0,0.0,5,0.05669816564758199,0.0,1.0,1.0,1.0,1.0,1.0,1.0
ZNF593,7,0,0.0,1,0.06280566280566281,0.0,1.0,1.0,1.0,1.0,1.0,1.0
ZNF681,11,0,0.0,4,0.058300012898232945,0.0,1.0,1.0,1.0,1.0,1.0,1.0
ZNF592,5,0,0.0,0,0.05546240165097382,0.0,1.0,1.0,1.0,1.0,1.0,1.0
ZNF586,5,0,0.0,0,0.05546240165097382,0.0,1.0,1.0,1.0,1.0,1.0,1.0
ZNF585B,18,0,0.0,7,0.04530963191962129,0.0,1.0,1.0,1.0,1.0,1.0,1.0
ZNF682,18,0,0.0,7,0.04530963191962129,0.0,1.0,1.0,1.0,1.0,1.0,1.0
PPM1F,6,0,0.0,0,0.05546955624355005,0.0,1.0,1.0,1.0,1.0,1.0,1.0
PLPP5,20,0,0.0,7,0.04531838825007247,0.0,1.0,1.0,1.0,1.0,1.0,1.0
ZNF585A,20,0,0.0,7,0.04531838825007247,0.0,1.0,1.0,1.0,1.0,1.0,1.0
PPM1N,5,0,0.0,0,0.05546240165097382,0.0,1.0,1.0,1.0,1.0,1.0,1.0
PPIL1,8,0,0.0,2,0.05434647431911454,0.0,1.0,1.0,1.0,1.0,1.0,1.0
ZNF345,7,0,0.0,1,0.06280566280566281,0.0,1.0,1.0,1.0,1.0,1.0,1.0
PSEN1,9,0,0.0,2,0.05435323383084577,0.0,1.0,1.0,1.0,1.0,1.0,1.0
PSEN2,7,0,0.0,1,0.06280566280566281,0.0,1.0,1.0,1.0,1.0,1.0,1.0
R3HCC1L,5,0,0.0,0,0.05546240165097382,0.0,1.0,1.0,1.0,1.0,1.0,1.0
ZHX3,6,0,0.0,0,0.05546955624355005,0.0,1.0,1.0,1.0,1.0,1.0,1.0
ZNF792,7,0,0.0,1,0.06280566280566281,0.0,1.0,1.0,1.0,1.0,1.0,1.0
ZNF793,5,0,0.0,0,0.05546240165097382,0.0,1.0,1.0,1.0,1.0,1.0,1.0
ZHX2,12,0,0.0,4,0.058307533539731685,0.0,1.0,1.0,1.0,1.0,1.0,1.0
R3HDM1,6,0,0.0,0,0.05546955624355005,0.0,1.0,1.0,1.0,1.0,1.0,1.0
R3HDM2,12,0,0.0,4,0.058307533539731685,0.0,1.0,1.0,1.0,1.0,1.0,1.0
ZFYVE9,5,0,0.0,0,0.05546240165097382,0.0,1.0,1.0,1.0,1.0,1.0,1.0
ZFYVE28,25,0,0.0,8,0.044659164555470456,0.0,1.0,1.0,1.0,1.0,1.0,1.0
RAB11A,13,0,0.0,5,0.05669816564758199,0.0,1.0,1.0,1.0,1.0,1.0,1.0
ZFYVE21,11,0,0.0,4,0.058300012898232945,0.0,1.0,1.0,1.0,1.0,1.0,1.0
PITRM1,5,0,0.0,0,0.05546240165097382,0.0,1.0,1.0,1.0,1.0,1.0,1.0
RAB11B,14,0,0.0,5,0.05670604586518416,0.0,1.0,1.0,1.0,1.0,1.0,1.0
ZFYVE16,8,0,0.0,2,0.05434647431911454,0.0,1.0,1.0,1.0,1.0,1.0,1.0
RAB11FIP2,7,0,0.0,1,0.06280566280566281,0.0,1.0,1.0,1.0,1.0,1.0,1.0
RAB11FIP3,9,0,0.0,2,0.05435323383084577,0.0,1.0,1.0,1.0,1.0,1.0,1.0
RAB11FIP4,19,0,0.0,7,0.04531400966183575,0.0,1.0,1.0,1.0,1.0,1.0,1.0
PITPNM2,19,0,0.0,7,0.04531400966183575,0.0,1.0,1.0,1.0,1.0,1.0,1.0
RAB11FIP5,15,0,0.0,6,0.04790874524714829,0.0,1.0,1.0,1.0,1.0,1.0,1.0
PITPNM1,16,0,0.0,6,0.04791395045632334,0.0,1.0,1.0,1.0,1.0,1.0,1.0
ZFYVE1,11,0,0.0,4,0.058300012898232945,0.0,1.0,1.0,1.0,1.0,1.0,1.0
RAB12,5,0,0.0,0,0.05546240165097382,0.0,1.0,1.0,1.0,1.0,1.0,1.0
PITPNC1,22,0,0.0,7,0.045327147965593895,0.0,1.0,1.0,1.0,1.0,1.0,1.0
ZIK1,17,0,0.0,6,0.04791915679669673,0.0,1.0,1.0,1.0,1.0,1.0,1.0
RAB13,15,0,0.0,6,0.04790874524714829,0.0,1.0,1.0,1.0,1.0,1.0,1.0
QSER1,14,0,0.0,5,0.05670604586518416,0.0,1.0,1.0,1.0,1.0,1.0,1.0
PYURF,13,0,0.0,5,0.05669816564758199,0.0,1.0,1.0,1.0,1.0,1.0,1.0
ZNF12,7,0,0.0,1,0.06280566280566281,0.0,1.0,1.0,1.0,1.0,1.0,1.0
ZNF117,12,0,0.0,4,0.058307533539731685,0.0,1.0,1.0,1.0,1.0,1.0,1.0
PTPRM,6,0,0.0,0,0.05546955624355005,0.0,1.0,1.0,1.0,1.0,1.0,1.0
PTRH1,5,0,0.0,0,0.05546240165097382,0.0,1.0,1.0,1.0,1.0,1.0,1.0
PKIG,5,0,0.0,0,0.05546240165097382,0.0,1.0,1.0,1.0,1.0,1.0,1.0
PTS,9,0,0.0,2,0.05435323383084577,0.0,1.0,1.0,1.0,1.0,1.0,1.0
ZNF101,16,0,0.0,6,0.04791395045632334,0.0,1.0,1.0,1.0,1.0,1.0,1.0
ZNF100,5,0,0.0,0,0.05546240165097382,0.0,1.0,1.0,1.0,1.0,1.0,1.0
ZMYND8,10,0,0.0,3,0.05220779220779221,0.0,1.0,1.0,1.0,1.0,1.0,1.0
ZNF776,6,0,0.0,0,0.05546955624355005,0.0,1.0,1.0,1.0,1.0,1.0,1.0
ZMYND11,11,0,0.0,4,0.058300012898232945,0.0,1.0,1.0,1.0,1.0,1.0,1.0
ZMYM4,11,0,0.0,4,0.058300012898232945,0.0,1.0,1.0,1.0,1.0,1.0,1.0
PUF60,10,0,0.0,3,0.05220779220779221,0.0,1.0,1.0,1.0,1.0,1.0,1.0
ZMYM2,19,0,0.0,7,0.04531400966183575,0.0,1.0,1.0,1.0,1.0,1.0,1.0
PUM2,15,0,0.0,6,0.04790874524714829,0.0,1.0,1.0,1.0,1.0,1.0,1.0
ZMIZ2,23,0,0.0,8,0.0446539027982327,0.0,1.0,1.0,1.0,1.0,1.0,1.0
PKD2,10,0,0.0,3,0.05220779220779221,0.0,1.0,1.0,1.0,1.0,1.0,1.0
ZMIZ1,8,0,0.0,2,0.05434647431911454,0.0,1.0,1.0,1.0,1.0,1.0,1.0
ZMAT1,8,0,0.0,2,0.05434647431911454,0.0,1.0,1.0,1.0,1.0,1.0,1.0
PVR,10,0,0.0,3,0.05220779220779221,0.0,1.0,1.0,1.0,1.0,1.0,1.0
ZKSCAN7,5,0,0.0,0,0.05546240165097382,0.0,1.0,1.0,1.0,1.0,1.0,1.0
PXYLP1,7,0,0.0,1,0.06280566280566281,0.0,1.0,1.0,1.0,1.0,1.0,1.0
ZNF655,12,0,0.0,4,0.058307533539731685,0.0,1.0,1.0,1.0,1.0,1.0,1.0
QPRT,5,0,0.0,0,0.05546240165097382,0.0,1.0,1.0,1.0,1.0,1.0,1.0
RAB14,10,0,0.0,3,0.05220779220779221,0.0,1.0,1.0,1.0,1.0,1.0,1.0
RAB15,7,0,0.0,1,0.06280566280566281,0.0,1.0,1.0,1.0,1.0,1.0,1.0
ZFP91,11,0,0.0,4,0.058300012898232945,0.0,1.0,1.0,1.0,1.0,1.0,1.0
RAB8A,13,0,0.0,5,0.05669816564758199,0.0,1.0,1.0,1.0,1.0,1.0,1.0
ZFAND2B,8,0,0.0,2,0.05434647431911454,0.0,1.0,1.0,1.0,1.0,1.0,1.0
RAB9A,6,0,0.0,0,0.05546955624355005,0.0,1.0,1.0,1.0,1.0,1.0,1.0
RABAC1,31,0,0.0,8,0.044674957269994695,0.0,1.0,1.0,1.0,1.0,1.0,1.0
PIP4P2,6,0,0.0,0,0.05546955624355005,0.0,1.0,1.0,1.0,1.0,1.0,1.0
ZNF808,10,0,0.0,3,0.05220779220779221,0.0,1.0,1.0,1.0,1.0,1.0,1.0
ZFAND2A,11,0,0.0,4,0.058300012898232945,0.0,1.0,1.0,1.0,1.0,1.0,1.0
RABEP2,5,0,0.0,0,0.05546240165097382,0.0,1.0,1.0,1.0,1.0,1.0,1.0
RABGAP1,5,0,0.0,0,0.05546240165097382,0.0,1.0,1.0,1.0,1.0,1.0,1.0
RABGAP1L,10,0,0.0,3,0.05220779220779221,0.0,1.0,1.0,1.0,1.0,1.0,1.0
RABGGTB,19,0,0.0,7,0.04531400966183575,0.0,1.0,1.0,1.0,1.0,1.0,1.0
RABL3,12,0,0.0,4,0.058307533539731685,0.0,1.0,1.0,1.0,1.0,1.0,1.0
ZNF813,9,0,0.0,2,0.05435323383084577,0.0,1.0,1.0,1.0,1.0,1.0,1.0
ZNF823,12,0,0.0,4,0.058307533539731685,0.0,1.0,1.0,1.0,1.0,1.0,1.0
RAC1,8,0,0.0,2,0.05434647431911454,0.0,1.0,1.0,1.0,1.0,1.0,1.0
ZER1,15,0,0.0,6,0.04790874524714829,0.0,1.0,1.0,1.0,1.0,1.0,1.0
RAC2,17,0,0.0,6,0.04791915679669673,0.0,1.0,1.0,1.0,1.0,1.0,1.0
ZEB2,11,0,0.0,4,0.058300012898232945,0.0,1.0,1.0,1.0,1.0,1.0,1.0
ZEB1,8,0,0.0,2,0.05434647431911454,0.0,1.0,1.0,1.0,1.0,1.0,1.0
ZDHHC8,6,0,0.0,0,0.05546955624355005,0.0,1.0,1.0,1.0,1.0,1.0,1.0
RAD23A,14,0,0.0,5,0.05670604586518416,0.0,1.0,1.0,1.0,1.0,1.0,1.0
RAD23B,5,0,0.0,0,0.05546240165097382,0.0,1.0,1.0,1.0,1.0,1.0,1.0
ZDHHC6,6,0,0.0,0,0.05546955624355005,0.0,1.0,1.0,1.0,1.0,1.0,1.0
ZNF800,6,0,0.0,0,0.05546955624355005,0.0,1.0,1.0,1.0,1.0,1.0,1.0
ZFP14,5,0,0.0,0,0.05546240165097382,0.0,1.0,1.0,1.0,1.0,1.0,1.0
RAB5A,5,0,0.0,0,0.05546240165097382,0.0,1.0,1.0,1.0,1.0,1.0,1.0
RAB4B,13,0,0.0,5,0.05669816564758199,0.0,1.0,1.0,1.0,1.0,1.0,1.0
PITHD1,6,0,0.0,0,0.05546955624355005,0.0,1.0,1.0,1.0,1.0,1.0,1.0
PISD,5,0,0.0,0,0.05546240165097382,0.0,1.0,1.0,1.0,1.0,1.0,1.0
RAB18,8,0,0.0,2,0.05434647431911454,0.0,1.0,1.0,1.0,1.0,1.0,1.0
RAB1A,6,0,0.0,0,0.05546955624355005,0.0,1.0,1.0,1.0,1.0,1.0,1.0
RAB20,6,0,0.0,0,0.05546955624355005,0.0,1.0,1.0,1.0,1.0,1.0,1.0
RAB21,7,0,0.0,1,0.06280566280566281,0.0,1.0,1.0,1.0,1.0,1.0,1.0
ZFP90,17,0,0.0,6,0.04791915679669673,0.0,1.0,1.0,1.0,1.0,1.0,1.0
RAB23,9,0,0.0,2,0.05435323383084577,0.0,1.0,1.0,1.0,1.0,1.0,1.0
ZFP82,20,0,0.0,7,0.04531838825007247,0.0,1.0,1.0,1.0,1.0,1.0,1.0
PIR,29,0,0.0,8,0.04466969179091284,0.0,1.0,1.0,1.0,1.0,1.0,1.0
ZFP69,9,0,0.0,2,0.05435323383084577,0.0,1.0,1.0,1.0,1.0,1.0,1.0
PTPRK,20,0,0.0,7,0.04531838825007247,0.0,1.0,1.0,1.0,1.0,1.0,1.0
RAB2A,5,0,0.0,0,0.05546240165097382,0.0,1.0,1.0,1.0,1.0,1.0,1.0
ZFP62,7,0,0.0,1,0.06280566280566281,0.0,1.0,1.0,1.0,1.0,1.0,1.0
ZFP36L2,44,0,0.0,8,0.0447092131650348,0.0,1.0,1.0,1.0,1.0,1.0,1.0
PIP5K1C,5,0,0.0,0,0.05546240165097382,0.0,1.0,1.0,1.0,1.0,1.0,1.0
RAB37,18,0,0.0,7,0.04530963191962129,0.0,1.0,1.0,1.0,1.0,1.0,1.0
ZFP36L1,11,0,0.0,4,0.058300012898232945,0.0,1.0,1.0,1.0,1.0,1.0,1.0
RAB39A,5,0,0.0,0,0.05546240165097382,0.0,1.0,1.0,1.0,1.0,1.0,1.0
ZFP36,9,0,0.0,2,0.05435323383084577,0.0,1.0,1.0,1.0,1.0,1.0,1.0
ZFP30,17,0,0.0,6,0.04791915679669673,0.0,1.0,1.0,1.0,1.0,1.0,1.0
ZFP3,7,0,0.0,1,0.06280566280566281,0.0,1.0,1.0,1.0,1.0,1.0,1.0
RAB3IP,8,0,0.0,2,0.05434647431911454,0.0,1.0,1.0,1.0,1.0,1.0,1.0
ZFP28,10,0,0.0,3,0.05220779220779221,0.0,1.0,1.0,1.0,1.0,1.0,1.0
RAB2B,22,0,0.0,7,0.045327147965593895,0.0,1.0,1.0,1.0,1.0,1.0,1.0
ZNF772,9,0,0.0,2,0.05435323383084577,0.0,1.0,1.0,1.0,1.0,1.0,1.0
ZNF121,15,0,0.0,6,0.04790874524714829,0.0,1.0,1.0,1.0,1.0,1.0,1.0
ZNF138,6,0,0.0,0,0.05546955624355005,0.0,1.0,1.0,1.0,1.0,1.0,1.0
PSMD9,6,0,0.0,0,0.05546955624355005,0.0,1.0,1.0,1.0,1.0,1.0,1.0
ZNF280D,8,0,0.0,2,0.05434647431911454,0.0,1.0,1.0,1.0,1.0,1.0,1.0
ZNF280C,5,0,0.0,0,0.05546240165097382,0.0,1.0,1.0,1.0,1.0,1.0,1.0
ZNF717,7,0,0.0,1,0.06280566280566281,0.0,1.0,1.0,1.0,1.0,1.0,1.0
PSMF1,5,0,0.0,0,0.05546240165097382,0.0,1.0,1.0,1.0,1.0,1.0,1.0
PLEKHA5,9,0,0.0,2,0.05435323383084577,0.0,1.0,1.0,1.0,1.0,1.0,1.0
PLEKHA2,11,0,0.0,4,0.058300012898232945,0.0,1.0,1.0,1.0,1.0,1.0,1.0
PSMG3,6,0,0.0,0,0.05546955624355005,0.0,1.0,1.0,1.0,1.0,1.0,1.0
ZNF274,15,0,0.0,6,0.04790874524714829,0.0,1.0,1.0,1.0,1.0,1.0,1.0
PSPC1,6,0,0.0,0,0.05546955624355005,0.0,1.0,1.0,1.0,1.0,1.0,1.0
ZNF268,5,0,0.0,0,0.05546240165097382,0.0,1.0,1.0,1.0,1.0,1.0,1.0
ZNF267,15,0,0.0,6,0.04790874524714829,0.0,1.0,1.0,1.0,1.0,1.0,1.0
PSRC1,5,0,0.0,0,0.05546240165097382,0.0,1.0,1.0,1.0,1.0,1.0,1.0
PLEKHA1,8,0,0.0,2,0.05434647431911454,0.0,1.0,1.0,1.0,1.0,1.0,1.0
PLEK,7,0,0.0,1,0.06280566280566281,0.0,1.0,1.0,1.0,1.0,1.0,1.0
PSTPIP2,11,0,0.0,4,0.058300012898232945,0.0,1.0,1.0,1.0,1.0,1.0,1.0
PTAR1,8,0,0.0,2,0.05434647431911454,0.0,1.0,1.0,1.0,1.0,1.0,1.0
ZNF718,7,0,0.0,1,0.06280566280566281,0.0,1.0,1.0,1.0,1.0,1.0,1.0
ZNF736,7,0,0.0,1,0.06280566280566281,0.0,1.0,1.0,1.0,1.0,1.0,1.0
PLD6,7,0,0.0,1,0.06280566280566281,0.0,1.0,1.0,1.0,1.0,1.0,1.0
PTBP2,6,0,0.0,0,0.05546955624355005,0.0,1.0,1.0,1.0,1.0,1.0,1.0
ZNF260,19,0,0.0,7,0.04531400966183575,0.0,1.0,1.0,1.0,1.0,1.0,1.0
PTCH1,9,0,0.0,2,0.05435323383084577,0.0,1.0,1.0,1.0,1.0,1.0,1.0
PSMD7,6,0,0.0,0,0.05546955624355005,0.0,1.0,1.0,1.0,1.0,1.0,1.0
ZNF281,7,0,0.0,1,0.06280566280566281,0.0,1.0,1.0,1.0,1.0,1.0,1.0
PSMD4,12,0,0.0,4,0.058307533539731685,0.0,1.0,1.0,1.0,1.0,1.0,1.0
PLEKHA8,6,0,0.0,0,0.05546955624355005,0.0,1.0,1.0,1.0,1.0,1.0,1.0
PSENEN,5,0,0.0,0,0.05546240165097382,0.0,1.0,1.0,1.0,1.0,1.0,1.0
PSIP1,10,0,0.0,3,0.05220779220779221,0.0,1.0,1.0,1.0,1.0,1.0,1.0
PSKH1,10,0,0.0,3,0.05220779220779221,0.0,1.0,1.0,1.0,1.0,1.0,1.0
PSMA2,7,0,0.0,1,0.06280566280566281,0.0,1.0,1.0,1.0,1.0,1.0,1.0
ZNF331,7,0,0.0,1,0.06280566280566281,0.0,1.0,1.0,1.0,1.0,1.0,1.0
PSMA4,24,0,0.0,8,0.04465653352185696,0.0,1.0,1.0,1.0,1.0,1.0,1.0
PLEKHO1,26,0,0.0,8,0.04466179589912798,0.0,1.0,1.0,1.0,1.0,1.0,1.0
ZNF330,7,0,0.0,1,0.06280566280566281,0.0,1.0,1.0,1.0,1.0,1.0,1.0
PLEKHM2,7,0,0.0,1,0.06280566280566281,0.0,1.0,1.0,1.0,1.0,1.0,1.0
ZNF329,23,0,0.0,8,0.0446539027982327,0.0,1.0,1.0,1.0,1.0,1.0,1.0
PSMB5,5,0,0.0,0,0.05546240165097382,0.0,1.0,1.0,1.0,1.0,1.0,1.0
PLD3,15,0,0.0,6,0.04790874524714829,0.0,1.0,1.0,1.0,1.0,1.0,1.0
PLEKHG4,7,0,0.0,1,0.06280566280566281,0.0,1.0,1.0,1.0,1.0,1.0,1.0
ZNF32,18,0,0.0,7,0.04530963191962129,0.0,1.0,1.0,1.0,1.0,1.0,1.0
ZNF30,6,0,0.0,0,0.05546955624355005,0.0,1.0,1.0,1.0,1.0,1.0,1.0
PLEKHF1,14,0,0.0,5,0.05670604586518416,0.0,1.0,1.0,1.0,1.0,1.0,1.0
ZNF287,6,0,0.0,0,0.05546955624355005,0.0,1.0,1.0,1.0,1.0,1.0,1.0
ZNF284,9,0,0.0,2,0.05435323383084577,0.0,1.0,1.0,1.0,1.0,1.0,1.0
ZNF71,8,0,0.0,2,0.05434647431911454,0.0,1.0,1.0,1.0,1.0,1.0,1.0
PSMC3IP,5,0,0.0,0,0.05546240165097382,0.0,1.0,1.0,1.0,1.0,1.0,1.0
PSMC5,11,0,0.0,4,0.058300012898232945,0.0,1.0,1.0,1.0,1.0,1.0,1.0
ZNF283,6,0,0.0,0,0.05546955624355005,0.0,1.0,1.0,1.0,1.0,1.0,1.0
PSMD10,12,0,0.0,4,0.058307533539731685,0.0,1.0,1.0,1.0,1.0,1.0,1.0
ZNF282,7,0,0.0,1,0.06280566280566281,0.0,1.0,1.0,1.0,1.0,1.0,1.0
ZNF320,7,0,0.0,1,0.06280566280566281,0.0,1.0,1.0,1.0,1.0,1.0,1.0
RAD50,11,0,0.0,4,0.058300012898232945,0.0,1.0,1.0,1.0,1.0,1.0,1.0
ZNF256,11,0,0.0,4,0.058300012898232945,0.0,1.0,1.0,1.0,1.0,1.0,1.0
ZNF253,21,0,0.0,7,0.04532276768457673,0.0,1.0,1.0,1.0,1.0,1.0,1.0
ZNF200,6,0,0.0,0,0.05546955624355005,0.0,1.0,1.0,1.0,1.0,1.0,1.0
PLAAT3,19,0,0.0,7,0.04531400966183575,0.0,1.0,1.0,1.0,1.0,1.0,1.0
PTPN12,19,0,0.0,7,0.04531400966183575,0.0,1.0,1.0,1.0,1.0,1.0,1.0
PLA2G12A,13,0,0.0,5,0.05669816564758199,0.0,1.0,1.0,1.0,1.0,1.0,1.0
PTPN13,9,0,0.0,2,0.05435323383084577,0.0,1.0,1.0,1.0,1.0,1.0,1.0
ZNF197,9,0,0.0,2,0.05435323383084577,0.0,1.0,1.0,1.0,1.0,1.0,1.0
ZNF175,20,0,0.0,7,0.04531838825007247,0.0,1.0,1.0,1.0,1.0,1.0,1.0
PKP4,9,0,0.0,2,0.05435323383084577,0.0,1.0,1.0,1.0,1.0,1.0,1.0
ZNF160,13,0,0.0,5,0.05669816564758199,0.0,1.0,1.0,1.0,1.0,1.0,1.0
PTPN14,6,0,0.0,0,0.05546955624355005,0.0,1.0,1.0,1.0,1.0,1.0,1.0
PTPN18,6,0,0.0,0,0.05546955624355005,0.0,1.0,1.0,1.0,1.0,1.0,1.0
ZNF768,17,0,0.0,6,0.04791915679669673,0.0,1.0,1.0,1.0,1.0,1.0,1.0
ZNF154,7,0,0.0,1,0.06280566280566281,0.0,1.0,1.0,1.0,1.0,1.0,1.0
ZNF148,5,0,0.0,0,0.05546240165097382,0.0,1.0,1.0,1.0,1.0,1.0,1.0
PTPN23,8,0,0.0,2,0.05434647431911454,0.0,1.0,1.0,1.0,1.0,1.0,1.0
PTPN4,10,0,0.0,3,0.05220779220779221,0.0,1.0,1.0,1.0,1.0,1.0,1.0
PTPN6,13,0,0.0,5,0.05669816564758199,0.0,1.0,1.0,1.0,1.0,1.0,1.0
PKN3,5,0,0.0,0,0.05546240165097382,0.0,1.0,1.0,1.0,1.0,1.0,1.0
PKN1,13,0,0.0,5,0.05669816564758199,0.0,1.0,1.0,1.0,1.0,1.0,1.0
PTPN9,11,0,0.0,4,0.058300012898232945,0.0,1.0,1.0,1.0,1.0,1.0,1.0
ZNF146,6,0,0.0,0,0.05546955624355005,0.0,1.0,1.0,1.0,1.0,1.0,1.0
PTPRA,8,0,0.0,2,0.05434647431911454,0.0,1.0,1.0,1.0,1.0,1.0,1.0
ZNF141,6,0,0.0,0,0.05546955624355005,0.0,1.0,1.0,1.0,1.0,1.0,1.0
PTPA,11,0,0.0,4,0.058300012898232945,0.0,1.0,1.0,1.0,1.0,1.0,1.0
PTP4A3,23,0,0.0,8,0.0446539027982327,0.0,1.0,1.0,1.0,1.0,1.0,1.0
ZNF211,7,0,0.0,1,0.06280566280566281,0.0,1.0,1.0,1.0,1.0,1.0,1.0
PTOV1,11,0,0.0,4,0.058300012898232945,0.0,1.0,1.0,1.0,1.0,1.0,1.0
PLD1,5,0,0.0,0,0.05546240165097382,0.0,1.0,1.0,1.0,1.0,1.0,1.0
ZNF75A,21,0,0.0,7,0.04532276768457673,0.0,1.0,1.0,1.0,1.0,1.0,1.0
PLCG2,9,0,0.0,2,0.05435323383084577,0.0,1.0,1.0,1.0,1.0,1.0,1.0
PTDSS2,5,0,0.0,0,0.05546240165097382,0.0,1.0,1.0,1.0,1.0,1.0,1.0
PLCG1,30,0,0.0,8,0.04467232437529467,0.0,1.0,1.0,1.0,1.0,1.0,1.0
ZNF251,10,0,0.0,3,0.05220779220779221,0.0,1.0,1.0,1.0,1.0,1.0,1.0
ZNF25,6,0,0.0,0,0.05546955624355005,0.0,1.0,1.0,1.0,1.0,1.0,1.0
PTER,10,0,0.0,3,0.05220779220779221,0.0,1.0,1.0,1.0,1.0,1.0,1.0
ZNF226,6,0,0.0,0,0.05546955624355005,0.0,1.0,1.0,1.0,1.0,1.0,1.0
PLBD2,10,0,0.0,3,0.05220779220779221,0.0,1.0,1.0,1.0,1.0,1.0,1.0
PLAUR,10,0,0.0,3,0.05220779220779221,0.0,1.0,1.0,1.0,1.0,1.0,1.0
ZNF254,9,0,0.0,2,0.05435323383084577,0.0,1.0,1.0,1.0,1.0,1.0,1.0
PLAGL1,8,0,0.0,2,0.05434647431911454,0.0,1.0,1.0,1.0,1.0,1.0,1.0
PTGIR,16,0,0.0,6,0.04791395045632334,0.0,1.0,1.0,1.0,1.0,1.0,1.0
PLAG1,6,0,0.0,0,0.05546955624355005,0.0,1.0,1.0,1.0,1.0,1.0,1.0
ZNF75D,11,0,0.0,4,0.058300012898232945,0.0,1.0,1.0,1.0,1.0,1.0,1.0
PTGIS,24,0,0.0,8,0.04465653352185696,0.0,1.0,1.0,1.0,1.0,1.0,1.0
ZNF223,6,0,0.0,0,0.05546955624355005,0.0,1.0,1.0,1.0,1.0,1.0,1.0
ZNF76,6,0,0.0,0,0.05546955624355005,0.0,1.0,1.0,1.0,1.0,1.0,1.0
ZNF22,35,0,0.0,8,0.044685491953074336,0.0,1.0,1.0,1.0,1.0,1.0,1.0
ZNF219,9,0,0.0,2,0.05435323383084577,0.0,1.0,1.0,1.0,1.0,1.0,1.0
PTGR3,14,0,0.0,5,0.05670604586518416,0.0,1.0,1.0,1.0,1.0,1.0,1.0
PTK2B,20,0,0.0,7,0.04531838825007247,0.0,1.0,1.0,1.0,1.0,1.0,1.0
ZNF217,19,0,0.0,7,0.04531400966183575,0.0,1.0,1.0,1.0,1.0,1.0,1.0
PTGFRN,12,0,0.0,4,0.058307533539731685,0.0,1.0,1.0,1.0,1.0,1.0,1.0
WDR54,14,0,0.0,5,0.05670604586518416,0.0,1.0,1.0,1.0,1.0,1.0,1.0
SEC22C,5,0,0.0,0,0.05546240165097382,0.0,1.0,1.0,1.0,1.0,1.0,1.0
WDR41,16,0,0.0,6,0.04791395045632334,0.0,1.0,1.0,1.0,1.0,1.0,1.0
ST3GAL2,10,0,0.0,3,0.05220779220779221,0.0,1.0,1.0,1.0,1.0,1.0,1.0
ST3GAL3,15,0,0.0,6,0.04790874524714829,0.0,1.0,1.0,1.0,1.0,1.0,1.0
ST3GAL4,6,0,0.0,0,0.05546955624355005,0.0,1.0,1.0,1.0,1.0,1.0,1.0
ST3GAL5,12,0,0.0,4,0.058307533539731685,0.0,1.0,1.0,1.0,1.0,1.0,1.0
TRIM13,8,0,0.0,2,0.05434647431911454,0.0,1.0,1.0,1.0,1.0,1.0,1.0
TRIB2,24,0,0.0,8,0.04465653352185696,0.0,1.0,1.0,1.0,1.0,1.0,1.0
ST6GAL1,7,0,0.0,1,0.06280566280566281,0.0,1.0,1.0,1.0,1.0,1.0,1.0
ST6GALNAC4,7,0,0.0,1,0.06280566280566281,0.0,1.0,1.0,1.0,1.0,1.0,1.0
TRGC2,7,0,0.0,1,0.06280566280566281,0.0,1.0,1.0,1.0,1.0,1.0,1.0
ST6GALNAC6,9,0,0.0,2,0.05435323383084577,0.0,1.0,1.0,1.0,1.0,1.0,1.0
TRERF1,20,0,0.0,7,0.04531838825007247,0.0,1.0,1.0,1.0,1.0,1.0,1.0
ST7,9,0,0.0,2,0.05435323383084577,0.0,1.0,1.0,1.0,1.0,1.0,1.0
TRIM14,25,0,0.0,8,0.044659164555470456,0.0,1.0,1.0,1.0,1.0,1.0,1.0
ST7L,6,0,0.0,0,0.05546955624355005,0.0,1.0,1.0,1.0,1.0,1.0,1.0
STAC3,6,0,0.0,0,0.05546955624355005,0.0,1.0,1.0,1.0,1.0,1.0,1.0
STAG1,10,0,0.0,3,0.05220779220779221,0.0,1.0,1.0,1.0,1.0,1.0,1.0
STAG3,6,0,0.0,0,0.05546955624355005,0.0,1.0,1.0,1.0,1.0,1.0,1.0
STAM,9,0,0.0,2,0.05435323383084577,0.0,1.0,1.0,1.0,1.0,1.0,1.0
STAMBP,6,0,0.0,0,0.05546955624355005,0.0,1.0,1.0,1.0,1.0,1.0,1.0
STAMBPL1,14,0,0.0,5,0.05670604586518416,0.0,1.0,1.0,1.0,1.0,1.0,1.0
TRBC2,5,0,0.0,0,0.05546240165097382,0.0,1.0,1.0,1.0,1.0,1.0,1.0
TRAT1,31,0,0.0,8,0.044674957269994695,0.0,1.0,1.0,1.0,1.0,1.0,1.0
TRAPPC9,9,0,0.0,2,0.05435323383084577,0.0,1.0,1.0,1.0,1.0,1.0,1.0
STARD10,16,0,0.0,6,0.04791395045632334,0.0,1.0,1.0,1.0,1.0,1.0,1.0
STARD3NL,13,0,0.0,5,0.05669816564758199,0.0,1.0,1.0,1.0,1.0,1.0,1.0
STARD4,20,0,0.0,7,0.04531838825007247,0.0,1.0,1.0,1.0,1.0,1.0,1.0
TRDC,6,0,0.0,0,0.05546955624355005,0.0,1.0,1.0,1.0,1.0,1.0,1.0
STARD9,7,0,0.0,1,0.06280566280566281,0.0,1.0,1.0,1.0,1.0,1.0,1.0
ST20,10,0,0.0,3,0.05220779220779221,0.0,1.0,1.0,1.0,1.0,1.0,1.0
TRIM16,18,0,0.0,7,0.04530963191962129,0.0,1.0,1.0,1.0,1.0,1.0,1.0
SRD5A1,11,0,0.0,4,0.058300012898232945,0.0,1.0,1.0,1.0,1.0,1.0,1.0
SRD5A3,19,0,0.0,7,0.04531400966183575,0.0,1.0,1.0,1.0,1.0,1.0,1.0
SREBF1,14,0,0.0,5,0.05670604586518416,0.0,1.0,1.0,1.0,1.0,1.0,1.0
TRIM66,5,0,0.0,0,0.05546240165097382,0.0,1.0,1.0,1.0,1.0,1.0,1.0
TRIM58,6,0,0.0,0,0.05546955624355005,0.0,1.0,1.0,1.0,1.0,1.0,1.0
SRF,5,0,0.0,0,0.05546240165097382,0.0,1.0,1.0,1.0,1.0,1.0,1.0
TRIM52,5,0,0.0,0,0.05546240165097382,0.0,1.0,1.0,1.0,1.0,1.0,1.0
TRIM46,9,0,0.0,2,0.05435323383084577,0.0,1.0,1.0,1.0,1.0,1.0,1.0
TRIM38,9,0,0.0,2,0.05435323383084577,0.0,1.0,1.0,1.0,1.0,1.0,1.0
SRP9,6,0,0.0,0,0.05546955624355005,0.0,1.0,1.0,1.0,1.0,1.0,1.0
SRPK1,11,0,0.0,4,0.058300012898232945,0.0,1.0,1.0,1.0,1.0,1.0,1.0
TRIM37,6,0,0.0,0,0.05546955624355005,0.0,1.0,1.0,1.0,1.0,1.0,1.0
SSU72,10,0,0.0,3,0.05220779220779221,0.0,1.0,1.0,1.0,1.0,1.0,1.0
SRPRA,17,0,0.0,6,0.04791915679669673,0.0,1.0,1.0,1.0,1.0,1.0,1.0
TRIM23,5,0,0.0,0,0.05546240165097382,0.0,1.0,1.0,1.0,1.0,1.0,1.0
SRSF4,5,0,0.0,0,0.05546240165097382,0.0,1.0,1.0,1.0,1.0,1.0,1.0
SRSF5,5,0,0.0,0,0.05546240165097382,0.0,1.0,1.0,1.0,1.0,1.0,1.0
SRSF8,8,0,0.0,2,0.05434647431911454,0.0,1.0,1.0,1.0,1.0,1.0,1.0
SRSF9,7,0,0.0,1,0.06280566280566281,0.0,1.0,1.0,1.0,1.0,1.0,1.0
SRXN1,12,0,0.0,4,0.058307533539731685,0.0,1.0,1.0,1.0,1.0,1.0,1.0
SS18,14,0,0.0,5,0.05670604586518416,0.0,1.0,1.0,1.0,1.0,1.0,1.0
SSBP2,22,0,0.0,7,0.045327147965593895,0.0,1.0,1.0,1.0,1.0,1.0,1.0
SSH1,22,0,0.0,7,0.045327147965593895,0.0,1.0,1.0,1.0,1.0,1.0,1.0
SSH3,6,0,0.0,0,0.05546955624355005,0.0,1.0,1.0,1.0,1.0,1.0,1.0
SSR1,19,0,0.0,7,0.04531400966183575,0.0,1.0,1.0,1.0,1.0,1.0,1.0
SSR4,25,0,0.0,8,0.044659164555470456,0.0,1.0,1.0,1.0,1.0,1.0,1.0
SRR,9,0,0.0,2,0.05435323383084577,0.0,1.0,1.0,1.0,1.0,1.0,1.0
TRIM69,8,0,0.0,2,0.05434647431911454,0.0,1.0,1.0,1.0,1.0,1.0,1.0
STAT1,18,0,0.0,7,0.04530963191962129,0.0,1.0,1.0,1.0,1.0,1.0,1.0
STAT3,26,0,0.0,8,0.04466179589912798,0.0,1.0,1.0,1.0,1.0,1.0,1.0
STRIP2,5,0,0.0,0,0.05546240165097382,0.0,1.0,1.0,1.0,1.0,1.0,1.0
STRN3,6,0,0.0,0,0.05546955624355005,0.0,1.0,1.0,1.0,1.0,1.0,1.0
STRN4,7,0,0.0,1,0.06280566280566281,0.0,1.0,1.0,1.0,1.0,1.0,1.0
STT3A,32,0,0.0,8,0.04467759047506778,0.0,1.0,1.0,1.0,1.0,1.0,1.0
TPRKB,15,0,0.0,6,0.04790874524714829,0.0,1.0,1.0,1.0,1.0,1.0,1.0
TPRG1L,5,0,0.0,0,0.05546240165097382,0.0,1.0,1.0,1.0,1.0,1.0,1.0
STUB1,6,0,0.0,0,0.05546955624355005,0.0,1.0,1.0,1.0,1.0,1.0,1.0
STX10,12,0,0.0,4,0.058307533539731685,0.0,1.0,1.0,1.0,1.0,1.0,1.0
STX11,16,0,0.0,6,0.04791395045632334,0.0,1.0,1.0,1.0,1.0,1.0,1.0
STX12,13,0,0.0,5,0.05669816564758199,0.0,1.0,1.0,1.0,1.0,1.0,1.0
STX17,13,0,0.0,5,0.05669816564758199,0.0,1.0,1.0,1.0,1.0,1.0,1.0
TPRA1,11,0,0.0,4,0.058300012898232945,0.0,1.0,1.0,1.0,1.0,1.0,1.0
STRAP,6,0,0.0,0,0.05546955624355005,0.0,1.0,1.0,1.0,1.0,1.0,1.0
STX3,25,0,0.0,8,0.044659164555470456,0.0,1.0,1.0,1.0,1.0,1.0,1.0
STX7,6,0,0.0,0,0.05546955624355005,0.0,1.0,1.0,1.0,1.0,1.0,1.0
STX8,6,0,0.0,0,0.05546955624355005,0.0,1.0,1.0,1.0,1.0,1.0,1.0
STXBP2,10,0,0.0,3,0.05220779220779221,0.0,1.0,1.0,1.0,1.0,1.0,1.0
TPMT,14,0,0.0,5,0.05670604586518416,0.0,1.0,1.0,1.0,1.0,1.0,1.0
TPM1,5,0,0.0,0,0.05546240165097382,0.0,1.0,1.0,1.0,1.0,1.0,1.0
STYXL1,12,0,0.0,4,0.058307533539731685,0.0,1.0,1.0,1.0,1.0,1.0,1.0
SUB1,12,0,0.0,4,0.058307533539731685,0.0,1.0,1.0,1.0,1.0,1.0,1.0
SUCLG1,8,0,0.0,2,0.05434647431911454,0.0,1.0,1.0,1.0,1.0,1.0,1.0
SUCLG2,13,0,0.0,5,0.05669816564758199,0.0,1.0,1.0,1.0,1.0,1.0,1.0
SUDS3,8,0,0.0,2,0.05434647431911454,0.0,1.0,1.0,1.0,1.0,1.0,1.0
TPGS2,7,0,0.0,1,0.06280566280566281,0.0,1.0,1.0,1.0,1.0,1.0,1.0
SULT1B1,11,0,0.0,4,0.058300012898232945,0.0,1.0,1.0,1.0,1.0,1.0,1.0
STX5,8,0,0.0,2,0.05434647431911454,0.0,1.0,1.0,1.0,1.0,1.0,1.0
TRAPPC6B,6,0,0.0,0,0.05546955624355005,0.0,1.0,1.0,1.0,1.0,1.0,1.0
STRADB,8,0,0.0,2,0.05434647431911454,0.0,1.0,1.0,1.0,1.0,1.0,1.0
TPST1,8,0,0.0,2,0.05434647431911454,0.0,1.0,1.0,1.0,1.0,1.0,1.0
TRAPPC3,8,0,0.0,2,0.05434647431911454,0.0,1.0,1.0,1.0,1.0,1.0,1.0
TRAPPC2L,6,0,0.0,0,0.05546955624355005,0.0,1.0,1.0,1.0,1.0,1.0,1.0
STAU1,24,0,0.0,8,0.04465653352185696,0.0,1.0,1.0,1.0,1.0,1.0,1.0
STBD1,11,0,0.0,4,0.058300012898232945,0.0,1.0,1.0,1.0,1.0,1.0,1.0
STC1,5,0,0.0,0,0.05546240165097382,0.0,1.0,1.0,1.0,1.0,1.0,1.0
STC2,8,0,0.0,2,0.05434647431911454,0.0,1.0,1.0,1.0,1.0,1.0,1.0
STIM2,6,0,0.0,0,0.05546955624355005,0.0,1.0,1.0,1.0,1.0,1.0,1.0
TRAM2,11,0,0.0,4,0.058300012898232945,0.0,1.0,1.0,1.0,1.0,1.0,1.0
STK10,13,0,0.0,5,0.05669816564758199,0.0,1.0,1.0,1.0,1.0,1.0,1.0
TRAF2,11,0,0.0,4,0.058300012898232945,0.0,1.0,1.0,1.0,1.0,1.0,1.0
STK11,8,0,0.0,2,0.05434647431911454,0.0,1.0,1.0,1.0,1.0,1.0,1.0
STK16,8,0,0.0,2,0.05434647431911454,0.0,1.0,1.0,1.0,1.0,1.0,1.0
STON1,8,0,0.0,2,0.05434647431911454,0.0,1.0,1.0,1.0,1.0,1.0,1.0
STK17A,17,0,0.0,6,0.04791915679669673,0.0,1.0,1.0,1.0,1.0,1.0,1.0
STK25,7,0,0.0,1,0.06280566280566281,0.0,1.0,1.0,1.0,1.0,1.0,1.0
STK3,18,0,0.0,7,0.04530963191962129,0.0,1.0,1.0,1.0,1.0,1.0,1.0
TRAC,7,0,0.0,1,0.06280566280566281,0.0,1.0,1.0,1.0,1.0,1.0,1.0
STK32C,9,0,0.0,2,0.05435323383084577,0.0,1.0,1.0,1.0,1.0,1.0,1.0
STK33,8,0,0.0,2,0.05434647431911454,0.0,1.0,1.0,1.0,1.0,1.0,1.0
TRABD2A,19,0,0.0,7,0.04531400966183575,0.0,1.0,1.0,1.0,1.0,1.0,1.0
STK38L,18,0,0.0,7,0.04530963191962129,0.0,1.0,1.0,1.0,1.0,1.0,1.0
STK39,15,0,0.0,6,0.04790874524714829,0.0,1.0,1.0,1.0,1.0,1.0,1.0
TPST2,10,0,0.0,3,0.05220779220779221,0.0,1.0,1.0,1.0,1.0,1.0,1.0
STMN3,11,0,0.0,4,0.058300012898232945,0.0,1.0,1.0,1.0,1.0,1.0,1.0
STMP1,6,0,0.0,0,0.05546955624355005,0.0,1.0,1.0,1.0,1.0,1.0,1.0
STOM,20,0,0.0,7,0.04531838825007247,0.0,1.0,1.0,1.0,1.0,1.0,1.0
STK24,15,0,0.0,6,0.04790874524714829,0.0,1.0,1.0,1.0,1.0,1.0,1.0
PHF10,7,0,0.0,1,0.06280566280566281,0.0,1.0,1.0,1.0,1.0,1.0,1.0
SRC,13,0,0.0,5,0.05669816564758199,0.0,1.0,1.0,1.0,1.0,1.0,1.0
SRA1,12,0,0.0,4,0.058307533539731685,0.0,1.0,1.0,1.0,1.0,1.0,1.0
TSPYL2,9,0,0.0,2,0.05435323383084577,0.0,1.0,1.0,1.0,1.0,1.0,1.0
SNX20,20,0,0.0,7,0.04531838825007247,0.0,1.0,1.0,1.0,1.0,1.0,1.0
SNX24,10,0,0.0,3,0.05220779220779221,0.0,1.0,1.0,1.0,1.0,1.0,1.0
SNX3,10,0,0.0,3,0.05220779220779221,0.0,1.0,1.0,1.0,1.0,1.0,1.0
SNX30,5,0,0.0,0,0.05546240165097382,0.0,1.0,1.0,1.0,1.0,1.0,1.0
TSPO,15,0,0.0,6,0.04790874524714829,0.0,1.0,1.0,1.0,1.0,1.0,1.0
TSPAN31,12,0,0.0,4,0.058307533539731685,0.0,1.0,1.0,1.0,1.0,1.0,1.0
TSPAN3,28,0,0.0,8,0.044667059516794345,0.0,1.0,1.0,1.0,1.0,1.0,1.0
SNX5,16,0,0.0,6,0.04791395045632334,0.0,1.0,1.0,1.0,1.0,1.0,1.0
SNX6,11,0,0.0,4,0.058300012898232945,0.0,1.0,1.0,1.0,1.0,1.0,1.0
SNX8,6,0,0.0,0,0.05546955624355005,0.0,1.0,1.0,1.0,1.0,1.0,1.0
TSPAN18,6,0,0.0,0,0.05546955624355005,0.0,1.0,1.0,1.0,1.0,1.0,1.0
SNX19,11,0,0.0,4,0.058300012898232945,0.0,1.0,1.0,1.0,1.0,1.0,1.0
TSPAN15,12,0,0.0,4,0.058307533539731685,0.0,1.0,1.0,1.0,1.0,1.0,1.0
TSKU,5,0,0.0,0,0.05546240165097382,0.0,1.0,1.0,1.0,1.0,1.0,1.0
SOCS3,11,0,0.0,4,0.058300012898232945,0.0,1.0,1.0,1.0,1.0,1.0,1.0
SOCS6,7,0,0.0,1,0.06280566280566281,0.0,1.0,1.0,1.0,1.0,1.0,1.0
SOD2,6,0,0.0,0,0.05546955624355005,0.0,1.0,1.0,1.0,1.0,1.0,1.0
SOGA3,25,0,0.0,8,0.044659164555470456,0.0,1.0,1.0,1.0,1.0,1.0,1.0
SORBS3,20,0,0.0,7,0.04531838825007247,0.0,1.0,1.0,1.0,1.0,1.0,1.0
TSHZ2,9,0,0.0,2,0.05435323383084577,0.0,1.0,1.0,1.0,1.0,1.0,1.0
SORT1,21,0,0.0,7,0.04532276768457673,0.0,1.0,1.0,1.0,1.0,1.0,1.0
SOS1,27,0,0.0,8,0.044664427552884335,0.0,1.0,1.0,1.0,1.0,1.0,1.0
TSHZ1,7,0,0.0,1,0.06280566280566281,0.0,1.0,1.0,1.0,1.0,1.0,1.0
SP1,5,0,0.0,0,0.05546240165097382,0.0,1.0,1.0,1.0,1.0,1.0,1.0
SP100,8,0,0.0,2,0.05434647431911454,0.0,1.0,1.0,1.0,1.0,1.0,1.0
TSPAN13,6,0,0.0,0,0.05546955624355005,0.0,1.0,1.0,1.0,1.0,1.0,1.0
SP110,10,0,0.0,3,0.05220779220779221,0.0,1.0,1.0,1.0,1.0,1.0,1.0
SNX18,8,0,0.0,2,0.05434647431911454,0.0,1.0,1.0,1.0,1.0,1.0,1.0
SNX12,8,0,0.0,2,0.05434647431911454,0.0,1.0,1.0,1.0,1.0,1.0,1.0
TTC31,5,0,0.0,0,0.05546240165097382,0.0,1.0,1.0,1.0,1.0,1.0,1.0
SNF8,5,0,0.0,0,0.05546240165097382,0.0,1.0,1.0,1.0,1.0,1.0,1.0
TTC28,9,0,0.0,2,0.05435323383084577,0.0,1.0,1.0,1.0,1.0,1.0,1.0
TTC26,6,0,0.0,0,0.05546955624355005,0.0,1.0,1.0,1.0,1.0,1.0,1.0
TTC21B,5,0,0.0,0,0.05546240165097382,0.0,1.0,1.0,1.0,1.0,1.0,1.0
SNRNP25,12,0,0.0,4,0.058307533539731685,0.0,1.0,1.0,1.0,1.0,1.0,1.0
TTC19,10,0,0.0,3,0.05220779220779221,0.0,1.0,1.0,1.0,1.0,1.0,1.0
SNRNP35,6,0,0.0,0,0.05546955624355005,0.0,1.0,1.0,1.0,1.0,1.0,1.0
SNRNP40,18,0,0.0,7,0.04530963191962129,0.0,1.0,1.0,1.0,1.0,1.0,1.0
TTC17,9,0,0.0,2,0.05435323383084577,0.0,1.0,1.0,1.0,1.0,1.0,1.0
SNRPA,7,0,0.0,1,0.06280566280566281,0.0,1.0,1.0,1.0,1.0,1.0,1.0
TTC14,17,0,0.0,6,0.04791915679669673,0.0,1.0,1.0,1.0,1.0,1.0,1.0
SNX14,10,0,0.0,3,0.05220779220779221,0.0,1.0,1.0,1.0,1.0,1.0,1.0
TSTD1,21,0,0.0,7,0.04532276768457673,0.0,1.0,1.0,1.0,1.0,1.0,1.0
SNRPD2,16,0,0.0,6,0.04791395045632334,0.0,1.0,1.0,1.0,1.0,1.0,1.0
SNRPE,15,0,0.0,6,0.04790874524714829,0.0,1.0,1.0,1.0,1.0,1.0,1.0
SNRPG,9,0,0.0,2,0.05435323383084577,0.0,1.0,1.0,1.0,1.0,1.0,1.0
SNRPN,5,0,0.0,0,0.05546240165097382,0.0,1.0,1.0,1.0,1.0,1.0,1.0
SNTA1,7,0,0.0,1,0.06280566280566281,0.0,1.0,1.0,1.0,1.0,1.0,1.0
SNTB1,14,0,0.0,5,0.05670604586518416,0.0,1.0,1.0,1.0,1.0,1.0,1.0
SNTB2,8,0,0.0,2,0.05434647431911454,0.0,1.0,1.0,1.0,1.0,1.0,1.0
SNU13,19,0,0.0,7,0.04531400966183575,0.0,1.0,1.0,1.0,1.0,1.0,1.0
TSR3,6,0,0.0,0,0.05546955624355005,0.0,1.0,1.0,1.0,1.0,1.0,1.0
TSR2,10,0,0.0,3,0.05220779220779221,0.0,1.0,1.0,1.0,1.0,1.0,1.0
TSPYL5,8,0,0.0,2,0.05434647431911454,0.0,1.0,1.0,1.0,1.0,1.0,1.0
TSPYL4,8,0,0.0,2,0.05434647431911454,0.0,1.0,1.0,1.0,1.0,1.0,1.0
TST,6,0,0.0,0,0.05546955624355005,0.0,1.0,1.0,1.0,1.0,1.0,1.0
SP140L,9,0,0.0,2,0.05435323383084577,0.0,1.0,1.0,1.0,1.0,1.0,1.0
SP2,7,0,0.0,1,0.06280566280566281,0.0,1.0,1.0,1.0,1.0,1.0,1.0
SP3,6,0,0.0,0,0.05546955624355005,0.0,1.0,1.0,1.0,1.0,1.0,1.0
SPIN3,5,0,0.0,0,0.05546240165097382,0.0,1.0,1.0,1.0,1.0,1.0,1.0
TRPC1,7,0,0.0,1,0.06280566280566281,0.0,1.0,1.0,1.0,1.0,1.0,1.0
TRMU,6,0,0.0,0,0.05546955624355005,0.0,1.0,1.0,1.0,1.0,1.0,1.0
SPIN4,6,0,0.0,0,0.05546955624355005,0.0,1.0,1.0,1.0,1.0,1.0,1.0
SPINDOC,10,0,0.0,3,0.05220779220779221,0.0,1.0,1.0,1.0,1.0,1.0,1.0
SPINT1,14,0,0.0,5,0.05670604586518416,0.0,1.0,1.0,1.0,1.0,1.0,1.0
SPINT2,20,0,0.0,7,0.04531838825007247,0.0,1.0,1.0,1.0,1.0,1.0,1.0
SPIRE1,14,0,0.0,5,0.05670604586518416,0.0,1.0,1.0,1.0,1.0,1.0,1.0
TRMT1L,14,0,0.0,5,0.05670604586518416,0.0,1.0,1.0,1.0,1.0,1.0,1.0
SPNS1,6,0,0.0,0,0.05546955624355005,0.0,1.0,1.0,1.0,1.0,1.0,1.0
TRMO,5,0,0.0,0,0.05546240165097382,0.0,1.0,1.0,1.0,1.0,1.0,1.0
SPOCK2,19,0,0.0,7,0.04531400966183575,0.0,1.0,1.0,1.0,1.0,1.0,1.0
TRPS1,14,0,0.0,5,0.05670604586518416,0.0,1.0,1.0,1.0,1.0,1.0,1.0
SPOPL,5,0,0.0,0,0.05546240165097382,0.0,1.0,1.0,1.0,1.0,1.0,1.0
SPRED2,19,0,0.0,7,0.04531400966183575,0.0,1.0,1.0,1.0,1.0,1.0,1.0
TRIT1,6,0,0.0,0,0.05546955624355005,0.0,1.0,1.0,1.0,1.0,1.0,1.0
TRIQK,6,0,0.0,0,0.05546955624355005,0.0,1.0,1.0,1.0,1.0,1.0,1.0
SPRYD7,9,0,0.0,2,0.05435323383084577,0.0,1.0,1.0,1.0,1.0,1.0,1.0
TRIP6,5,0,0.0,0,0.05546240165097382,0.0,1.0,1.0,1.0,1.0,1.0,1.0
TRIP12,23,0,0.0,8,0.0446539027982327,0.0,1.0,1.0,1.0,1.0,1.0,1.0
TRIP10,21,0,0.0,7,0.04532276768457673,0.0,1.0,1.0,1.0,1.0,1.0,1.0
SPTLC2,7,0,0.0,1,0.06280566280566281,0.0,1.0,1.0,1.0,1.0,1.0,1.0
SPTSSA,10,0,0.0,3,0.05220779220779221,0.0,1.0,1.0,1.0,1.0,1.0,1.0
TRIOBP,6,0,0.0,0,0.05546955624355005,0.0,1.0,1.0,1.0,1.0,1.0,1.0
TRIM8,11,0,0.0,4,0.058300012898232945,0.0,1.0,1.0,1.0,1.0,1.0,1.0
SQOR,6,0,0.0,0,0.05546955624355005,0.0,1.0,1.0,1.0,1.0,1.0,1.0
SPPL2A,13,0,0.0,5,0.05669816564758199,0.0,1.0,1.0,1.0,1.0,1.0,1.0
SPIDR,5,0,0.0,0,0.05546240165097382,0.0,1.0,1.0,1.0,1.0,1.0,1.0
SPHK1,8,0,0.0,2,0.05434647431911454,0.0,1.0,1.0,1.0,1.0,1.0,1.0
SPG7,14,0,0.0,5,0.05670604586518416,0.0,1.0,1.0,1.0,1.0,1.0,1.0
SP4,14,0,0.0,5,0.05670604586518416,0.0,1.0,1.0,1.0,1.0,1.0,1.0
SPACA6,6,0,0.0,0,0.05546955624355005,0.0,1.0,1.0,1.0,1.0,1.0,1.0
TSHR,6,0,0.0,0,0.05546955624355005,0.0,1.0,1.0,1.0,1.0,1.0,1.0
SPAG1,9,0,0.0,2,0.05435323383084577,0.0,1.0,1.0,1.0,1.0,1.0,1.0
TSG101,10,0,0.0,3,0.05220779220779221,0.0,1.0,1.0,1.0,1.0,1.0,1.0
SPAG16,8,0,0.0,2,0.05434647431911454,0.0,1.0,1.0,1.0,1.0,1.0,1.0
TSEN54,6,0,0.0,0,0.05546955624355005,0.0,1.0,1.0,1.0,1.0,1.0,1.0
TSC22D4,8,0,0.0,2,0.05434647431911454,0.0,1.0,1.0,1.0,1.0,1.0,1.0
SPAG7,17,0,0.0,6,0.04791915679669673,0.0,1.0,1.0,1.0,1.0,1.0,1.0
SPART,24,0,0.0,8,0.04465653352185696,0.0,1.0,1.0,1.0,1.0,1.0,1.0
TSC22D3,17,0,0.0,6,0.04791915679669673,0.0,1.0,1.0,1.0,1.0,1.0,1.0
SPATA20,18,0,0.0,7,0.04530963191962129,0.0,1.0,1.0,1.0,1.0,1.0,1.0
SPATA24,6,0,0.0,0,0.05546955624355005,0.0,1.0,1.0,1.0,1.0,1.0,1.0
SPATA33,8,0,0.0,2,0.05434647431911454,0.0,1.0,1.0,1.0,1.0,1.0,1.0
SPATA5,5,0,0.0,0,0.05546240165097382,0.0,1.0,1.0,1.0,1.0,1.0,1.0
SPATC1L,17,0,0.0,6,0.04791915679669673,0.0,1.0,1.0,1.0,1.0,1.0,1.0
SPATS2,13,0,0.0,5,0.05669816564758199,0.0,1.0,1.0,1.0,1.0,1.0,1.0
SPATS2L,24,0,0.0,8,0.04465653352185696,0.0,1.0,1.0,1.0,1.0,1.0,1.0
TRRAP,5,0,0.0,0,0.05546240165097382,0.0,1.0,1.0,1.0,1.0,1.0,1.0
TRPT1,6,0,0.0,0,0.05546955624355005,0.0,1.0,1.0,1.0,1.0,1.0,1.0
SPCS1,15,0,0.0,6,0.04790874524714829,0.0,1.0,1.0,1.0,1.0,1.0,1.0
SPCS2,22,0,0.0,7,0.045327147965593895,0.0,1.0,1.0,1.0,1.0,1.0,1.0
SPCS3,39,0,0.0,8,0.04469603160563713,0.0,1.0,1.0,1.0,1.0,1.0,1.0
SPECC1,6,0,0.0,0,0.05546955624355005,0.0,1.0,1.0,1.0,1.0,1.0,1.0
SPECC1L,6,0,0.0,0,0.05546955624355005,0.0,1.0,1.0,1.0,1.0,1.0,1.0
SPEF2,22,0,0.0,7,0.045327147965593895,0.0,1.0,1.0,1.0,1.0,1.0,1.0
SPG21,13,0,0.0,5,0.05669816564758199,0.0,1.0,1.0,1.0,1.0,1.0,1.0
TPGS1,17,0,0.0,6,0.04791915679669673,0.0,1.0,1.0,1.0,1.0,1.0,1.0
TPD52L2,8,0,0.0,2,0.05434647431911454,0.0,1.0,1.0,1.0,1.0,1.0,1.0
TPD52,5,0,0.0,0,0.05546240165097382,0.0,1.0,1.0,1.0,1.0,1.0,1.0
SUOX,8,0,0.0,2,0.05434647431911454,0.0,1.0,1.0,1.0,1.0,1.0,1.0
THRA,8,0,0.0,2,0.05434647431911454,0.0,1.0,1.0,1.0,1.0,1.0,1.0
TMEM41B,9,0,0.0,2,0.05435323383084577,0.0,1.0,1.0,1.0,1.0,1.0,1.0
TMEM39B,7,0,0.0,1,0.06280566280566281,0.0,1.0,1.0,1.0,1.0,1.0,1.0
THUMPD2,5,0,0.0,0,0.05546240165097382,0.0,1.0,1.0,1.0,1.0,1.0,1.0
TMEM33,14,0,0.0,5,0.05670604586518416,0.0,1.0,1.0,1.0,1.0,1.0,1.0
TIAL1,6,0,0.0,0,0.05546955624355005,0.0,1.0,1.0,1.0,1.0,1.0,1.0
TICAM1,5,0,0.0,0,0.05546240165097382,0.0,1.0,1.0,1.0,1.0,1.0,1.0
TMEM30B,5,0,0.0,0,0.05546240165097382,0.0,1.0,1.0,1.0,1.0,1.0,1.0
TIGAR,6,0,0.0,0,0.05546955624355005,0.0,1.0,1.0,1.0,1.0,1.0,1.0
TMEM30A,19,0,0.0,7,0.04531400966183575,0.0,1.0,1.0,1.0,1.0,1.0,1.0
TMEM268,11,0,0.0,4,0.058300012898232945,0.0,1.0,1.0,1.0,1.0,1.0,1.0
TMEM263,14,0,0.0,5,0.05670604586518416,0.0,1.0,1.0,1.0,1.0,1.0,1.0
THOC7,15,0,0.0,6,0.04790874524714829,0.0,1.0,1.0,1.0,1.0,1.0,1.0
TIGD2,8,0,0.0,2,0.05434647431911454,0.0,1.0,1.0,1.0,1.0,1.0,1.0
TMEM260,6,0,0.0,0,0.05546955624355005,0.0,1.0,1.0,1.0,1.0,1.0,1.0
TIMD4,14,0,0.0,5,0.05670604586518416,0.0,1.0,1.0,1.0,1.0,1.0,1.0
TMEM258,16,0,0.0,6,0.04791395045632334,0.0,1.0,1.0,1.0,1.0,1.0,1.0
TMEM256,6,0,0.0,0,0.05546955624355005,0.0,1.0,1.0,1.0,1.0,1.0,1.0
TMEM254,8,0,0.0,2,0.05434647431911454,0.0,1.0,1.0,1.0,1.0,1.0,1.0
TIMM17A,6,0,0.0,0,0.05546955624355005,0.0,1.0,1.0,1.0,1.0,1.0,1.0
TIMM23,8,0,0.0,2,0.05434647431911454,0.0,1.0,1.0,1.0,1.0,1.0,1.0
TIMM8B,14,0,0.0,5,0.05670604586518416,0.0,1.0,1.0,1.0,1.0,1.0,1.0
TIMM9,6,0,0.0,0,0.05546955624355005,0.0,1.0,1.0,1.0,1.0,1.0,1.0
TMEM250,6,0,0.0,0,0.05546955624355005,0.0,1.0,1.0,1.0,1.0,1.0,1.0
TIMP1,28,0,0.0,8,0.044667059516794345,0.0,1.0,1.0,1.0,1.0,1.0,1.0
TMEM245,16,0,0.0,6,0.04791395045632334,0.0,1.0,1.0,1.0,1.0,1.0,1.0
TIGD7,12,0,0.0,4,0.058307533539731685,0.0,1.0,1.0,1.0,1.0,1.0,1.0
TIMP2,10,0,0.0,3,0.05220779220779221,0.0,1.0,1.0,1.0,1.0,1.0,1.0
THOC6,18,0,0.0,7,0.04530963191962129,0.0,1.0,1.0,1.0,1.0,1.0,1.0
THEMIS2,6,0,0.0,0,0.05546955624355005,0.0,1.0,1.0,1.0,1.0,1.0,1.0
TENT2,5,0,0.0,0,0.05546240165097382,0.0,1.0,1.0,1.0,1.0,1.0,1.0
TENT4B,8,0,0.0,2,0.05434647431911454,0.0,1.0,1.0,1.0,1.0,1.0,1.0
TENT5A,7,0,0.0,1,0.06280566280566281,0.0,1.0,1.0,1.0,1.0,1.0,1.0
TEP1,9,0,0.0,2,0.05435323383084577,0.0,1.0,1.0,1.0,1.0,1.0,1.0
TERF2IP,8,0,0.0,2,0.05434647431911454,0.0,1.0,1.0,1.0,1.0,1.0,1.0
TMEM94,7,0,0.0,1,0.06280566280566281,0.0,1.0,1.0,1.0,1.0,1.0,1.0
TESC,13,0,0.0,5,0.05669816564758199,0.0,1.0,1.0,1.0,1.0,1.0,1.0
TEX261,10,0,0.0,3,0.05220779220779221,0.0,1.0,1.0,1.0,1.0,1.0,1.0
TMEM87B,6,0,0.0,0,0.05546955624355005,0.0,1.0,1.0,1.0,1.0,1.0,1.0
TMEM87A,8,0,0.0,2,0.05434647431911454,0.0,1.0,1.0,1.0,1.0,1.0,1.0
TMEM80,6,0,0.0,0,0.05546955624355005,0.0,1.0,1.0,1.0,1.0,1.0,1.0
TMEM69,6,0,0.0,0,0.05546955624355005,0.0,1.0,1.0,1.0,1.0,1.0,1.0
TMEM44,14,0,0.0,5,0.05670604586518416,0.0,1.0,1.0,1.0,1.0,1.0,1.0
TMEM68,15,0,0.0,6,0.04790874524714829,0.0,1.0,1.0,1.0,1.0,1.0,1.0
TFDP2,11,0,0.0,4,0.058300012898232945,0.0,1.0,1.0,1.0,1.0,1.0,1.0
TFE3,10,0,0.0,3,0.05220779220779221,0.0,1.0,1.0,1.0,1.0,1.0,1.0
TFEB,6,0,0.0,0,0.05546955624355005,0.0,1.0,1.0,1.0,1.0,1.0,1.0
TFPT,7,0,0.0,1,0.06280566280566281,0.0,1.0,1.0,1.0,1.0,1.0,1.0
TGFB1I1,14,0,0.0,5,0.05670604586518416,0.0,1.0,1.0,1.0,1.0,1.0,1.0
TMEM60,13,0,0.0,5,0.05669816564758199,0.0,1.0,1.0,1.0,1.0,1.0,1.0
TGIF1,5,0,0.0,0,0.05546240165097382,0.0,1.0,1.0,1.0,1.0,1.0,1.0
THADA,6,0,0.0,0,0.05546955624355005,0.0,1.0,1.0,1.0,1.0,1.0,1.0
TMEM50A,17,0,0.0,6,0.04791915679669673,0.0,1.0,1.0,1.0,1.0,1.0,1.0
THAP12,5,0,0.0,0,0.05546240165097382,0.0,1.0,1.0,1.0,1.0,1.0,1.0
THAP6,7,0,0.0,1,0.06280566280566281,0.0,1.0,1.0,1.0,1.0,1.0,1.0
THEMIS,18,0,0.0,7,0.04530963191962129,0.0,1.0,1.0,1.0,1.0,1.0,1.0
TMEM67,5,0,0.0,0,0.05546240165097382,0.0,1.0,1.0,1.0,1.0,1.0,1.0
TMEM243,12,0,0.0,4,0.058307533539731685,0.0,1.0,1.0,1.0,1.0,1.0,1.0
TIPARP,14,0,0.0,5,0.05670604586518416,0.0,1.0,1.0,1.0,1.0,1.0,1.0
TMEM242,10,0,0.0,3,0.05220779220779221,0.0,1.0,1.0,1.0,1.0,1.0,1.0
TMEM164,9,0,0.0,2,0.05435323383084577,0.0,1.0,1.0,1.0,1.0,1.0,1.0
TMCO3,5,0,0.0,0,0.05546240165097382,0.0,1.0,1.0,1.0,1.0,1.0,1.0
TMEM161B,5,0,0.0,0,0.05546240165097382,0.0,1.0,1.0,1.0,1.0,1.0,1.0
TMCO4,7,0,0.0,1,0.06280566280566281,0.0,1.0,1.0,1.0,1.0,1.0,1.0
TMED1,9,0,0.0,2,0.05435323383084577,0.0,1.0,1.0,1.0,1.0,1.0,1.0
TMED10,18,0,0.0,7,0.04530963191962129,0.0,1.0,1.0,1.0,1.0,1.0,1.0
TMED2,14,0,0.0,5,0.05670604586518416,0.0,1.0,1.0,1.0,1.0,1.0,1.0
TMEM160,6,0,0.0,0,0.05546955624355005,0.0,1.0,1.0,1.0,1.0,1.0,1.0
TMED4,18,0,0.0,7,0.04530963191962129,0.0,1.0,1.0,1.0,1.0,1.0,1.0
TMED7,16,0,0.0,6,0.04791395045632334,0.0,1.0,1.0,1.0,1.0,1.0,1.0
TMED8,11,0,0.0,4,0.058300012898232945,0.0,1.0,1.0,1.0,1.0,1.0,1.0
TMED9,18,0,0.0,7,0.04530963191962129,0.0,1.0,1.0,1.0,1.0,1.0,1.0
TMEM167A,14,0,0.0,5,0.05670604586518416,0.0,1.0,1.0,1.0,1.0,1.0,1.0
TMEM101,9,0,0.0,2,0.05435323383084577,0.0,1.0,1.0,1.0,1.0,1.0,1.0
TMEM154,14,0,0.0,5,0.05670604586518416,0.0,1.0,1.0,1.0,1.0,1.0,1.0
TMEM14C,14,0,0.0,5,0.05670604586518416,0.0,1.0,1.0,1.0,1.0,1.0,1.0
TMEM107,11,0,0.0,4,0.058300012898232945,0.0,1.0,1.0,1.0,1.0,1.0,1.0
TMEM109,7,0,0.0,1,0.06280566280566281,0.0,1.0,1.0,1.0,1.0,1.0,1.0
TMEM116,7,0,0.0,1,0.06280566280566281,0.0,1.0,1.0,1.0,1.0,1.0,1.0
TMEM141,11,0,0.0,4,0.058300012898232945,0.0,1.0,1.0,1.0,1.0,1.0,1.0
TMEM126A,14,0,0.0,5,0.05670604586518416,0.0,1.0,1.0,1.0,1.0,1.0,1.0
TMEM128,6,0,0.0,0,0.05546955624355005,0.0,1.0,1.0,1.0,1.0,1.0,1.0
TMEM131,12,0,0.0,4,0.058307533539731685,0.0,1.0,1.0,1.0,1.0,1.0,1.0
TMEM131L,12,0,0.0,4,0.058307533539731685,0.0,1.0,1.0,1.0,1.0,1.0,1.0
TMEM134,15,0,0.0,6,0.04790874524714829,0.0,1.0,1.0,1.0,1.0,1.0,1.0
TMEM135,5,0,0.0,0,0.05546240165097382,0.0,1.0,1.0,1.0,1.0,1.0,1.0
TMEM106A,8,0,0.0,2,0.05434647431911454,0.0,1.0,1.0,1.0,1.0,1.0,1.0
TMEM169,10,0,0.0,3,0.05220779220779221,0.0,1.0,1.0,1.0,1.0,1.0,1.0
TMC6,10,0,0.0,3,0.05220779220779221,0.0,1.0,1.0,1.0,1.0,1.0,1.0
TMEM175,9,0,0.0,2,0.05435323383084577,0.0,1.0,1.0,1.0,1.0,1.0,1.0
TIPRL,7,0,0.0,1,0.06280566280566281,0.0,1.0,1.0,1.0,1.0,1.0,1.0
TMEM237,6,0,0.0,0,0.05546955624355005,0.0,1.0,1.0,1.0,1.0,1.0,1.0
TMEM230,9,0,0.0,2,0.05435323383084577,0.0,1.0,1.0,1.0,1.0,1.0,1.0
TK2,17,0,0.0,6,0.04791915679669673,0.0,1.0,1.0,1.0,1.0,1.0,1.0
TMEM220,10,0,0.0,3,0.05220779220779221,0.0,1.0,1.0,1.0,1.0,1.0,1.0
TMEM219,19,0,0.0,7,0.04531400966183575,0.0,1.0,1.0,1.0,1.0,1.0,1.0
TLCD5,11,0,0.0,4,0.058300012898232945,0.0,1.0,1.0,1.0,1.0,1.0,1.0
TLE4,6,0,0.0,0,0.05546955624355005,0.0,1.0,1.0,1.0,1.0,1.0,1.0
TMEM214,15,0,0.0,6,0.04790874524714829,0.0,1.0,1.0,1.0,1.0,1.0,1.0
TLN1,9,0,0.0,2,0.05435323383084577,0.0,1.0,1.0,1.0,1.0,1.0,1.0
TLNRD1,10,0,0.0,3,0.05220779220779221,0.0,1.0,1.0,1.0,1.0,1.0,1.0
TLR1,6,0,0.0,0,0.05546955624355005,0.0,1.0,1.0,1.0,1.0,1.0,1.0
TMEM208,12,0,0.0,4,0.058307533539731685,0.0,1.0,1.0,1.0,1.0,1.0,1.0
TLX2,5,0,0.0,0,0.05546240165097382,0.0,1.0,1.0,1.0,1.0,1.0,1.0
TM2D1,11,0,0.0,4,0.058300012898232945,0.0,1.0,1.0,1.0,1.0,1.0,1.0
TMEM205,16,0,0.0,6,0.04791395045632334,0.0,1.0,1.0,1.0,1.0,1.0,1.0
TMEM204,7,0,0.0,1,0.06280566280566281,0.0,1.0,1.0,1.0,1.0,1.0,1.0
TMEM200A,21,0,0.0,7,0.04532276768457673,0.0,1.0,1.0,1.0,1.0,1.0,1.0
TMEM19,11,0,0.0,4,0.058300012898232945,0.0,1.0,1.0,1.0,1.0,1.0,1.0
TMEM185B,8,0,0.0,2,0.05434647431911454,0.0,1.0,1.0,1.0,1.0,1.0,1.0
TM7SF3,20,0,0.0,7,0.04531838825007247,0.0,1.0,1.0,1.0,1.0,1.0,1.0
TMEM185A,5,0,0.0,0,0.05546240165097382,0.0,1.0,1.0,1.0,1.0,1.0,1.0
TMEM184B,14,0,0.0,5,0.05670604586518416,0.0,1.0,1.0,1.0,1.0,1.0,1.0
TMA7,14,0,0.0,5,0.05670604586518416,0.0,1.0,1.0,1.0,1.0,1.0,1.0
TMEM179B,13,0,0.0,5,0.05669816564758199,0.0,1.0,1.0,1.0,1.0,1.0,1.0
TMEM178B,5,0,0.0,0,0.05546240165097382,0.0,1.0,1.0,1.0,1.0,1.0,1.0
TMBIM4,12,0,0.0,4,0.058307533539731685,0.0,1.0,1.0,1.0,1.0,1.0,1.0
TEN1,7,0,0.0,1,0.06280566280566281,0.0,1.0,1.0,1.0,1.0,1.0,1.0
TTC39B,19,0,0.0,7,0.04531400966183575,0.0,1.0,1.0,1.0,1.0,1.0,1.0
TEF,5,0,0.0,0,0.05546240165097382,0.0,1.0,1.0,1.0,1.0,1.0,1.0
TDRKH,7,0,0.0,1,0.06280566280566281,0.0,1.0,1.0,1.0,1.0,1.0,1.0
SYTL2,36,0,0.0,8,0.044688126400188655,0.0,1.0,1.0,1.0,1.0,1.0,1.0
TOPBP1,5,0,0.0,0,0.05546240165097382,0.0,1.0,1.0,1.0,1.0,1.0,1.0
SYVN1,9,0,0.0,2,0.05435323383084577,0.0,1.0,1.0,1.0,1.0,1.0,1.0
SZRD1,18,0,0.0,7,0.04530963191962129,0.0,1.0,1.0,1.0,1.0,1.0,1.0
TOP1MT,9,0,0.0,2,0.05435323383084577,0.0,1.0,1.0,1.0,1.0,1.0,1.0
TAB3,10,0,0.0,3,0.05220779220779221,0.0,1.0,1.0,1.0,1.0,1.0,1.0
TACC1,10,0,0.0,3,0.05220779220779221,0.0,1.0,1.0,1.0,1.0,1.0,1.0
TOMM70,9,0,0.0,2,0.05435323383084577,0.0,1.0,1.0,1.0,1.0,1.0,1.0
TACO1,5,0,0.0,0,0.05546240165097382,0.0,1.0,1.0,1.0,1.0,1.0,1.0
TOMM7,19,0,0.0,7,0.04531400966183575,0.0,1.0,1.0,1.0,1.0,1.0,1.0
TOMM34,10,0,0.0,3,0.05220779220779221,0.0,1.0,1.0,1.0,1.0,1.0,1.0
TOMM20,5,0,0.0,0,0.05546240165097382,0.0,1.0,1.0,1.0,1.0,1.0,1.0
TOPORS,8,0,0.0,2,0.05434647431911454,0.0,1.0,1.0,1.0,1.0,1.0,1.0
TOM1L2,7,0,0.0,1,0.06280566280566281,0.0,1.0,1.0,1.0,1.0,1.0,1.0
TNRC6B,11,0,0.0,4,0.058300012898232945,0.0,1.0,1.0,1.0,1.0,1.0,1.0
TNPO3,8,0,0.0,2,0.05434647431911454,0.0,1.0,1.0,1.0,1.0,1.0,1.0
TNKS2,5,0,0.0,0,0.05546240165097382,0.0,1.0,1.0,1.0,1.0,1.0,1.0
TAF2,5,0,0.0,0,0.05546240165097382,0.0,1.0,1.0,1.0,1.0,1.0,1.0
TAF4,5,0,0.0,0,0.05546240165097382,0.0,1.0,1.0,1.0,1.0,1.0,1.0
TNK2,8,0,0.0,2,0.05434647431911454,0.0,1.0,1.0,1.0,1.0,1.0,1.0
TAF6,7,0,0.0,1,0.06280566280566281,0.0,1.0,1.0,1.0,1.0,1.0,1.0
TNIP2,8,0,0.0,2,0.05434647431911454,0.0,1.0,1.0,1.0,1.0,1.0,1.0
TAF9,5,0,0.0,0,0.05546240165097382,0.0,1.0,1.0,1.0,1.0,1.0,1.0
TNIP1,22,0,0.0,7,0.045327147965593895,0.0,1.0,1.0,1.0,1.0,1.0,1.0
TNFSF9,7,0,0.0,1,0.06280566280566281,0.0,1.0,1.0,1.0,1.0,1.0,1.0
TAMALIN,14,0,0.0,5,0.05670604586518416,0.0,1.0,1.0,1.0,1.0,1.0,1.0
TOB1,39,0,0.0,8,0.04469603160563713,0.0,1.0,1.0,1.0,1.0,1.0,1.0
TAOK1,19,0,0.0,7,0.04531400966183575,0.0,1.0,1.0,1.0,1.0,1.0,1.0
SYT11,21,0,0.0,7,0.04532276768457673,0.0,1.0,1.0,1.0,1.0,1.0,1.0
SYP,6,0,0.0,0,0.05546955624355005,0.0,1.0,1.0,1.0,1.0,1.0,1.0
SUPT3H,5,0,0.0,0,0.05546240165097382,0.0,1.0,1.0,1.0,1.0,1.0,1.0
SURF1,14,0,0.0,5,0.05670604586518416,0.0,1.0,1.0,1.0,1.0,1.0,1.0
TPCN1,8,0,0.0,2,0.05434647431911454,0.0,1.0,1.0,1.0,1.0,1.0,1.0
SUSD1,23,0,0.0,8,0.0446539027982327,0.0,1.0,1.0,1.0,1.0,1.0,1.0
TP73,8,0,0.0,2,0.05434647431911454,0.0,1.0,1.0,1.0,1.0,1.0,1.0
SUZ12,7,0,0.0,1,0.06280566280566281,0.0,1.0,1.0,1.0,1.0,1.0,1.0
TP53I3,5,0,0.0,0,0.05546240165097382,0.0,1.0,1.0,1.0,1.0,1.0,1.0
SV2A,12,0,0.0,4,0.058307533539731685,0.0,1.0,1.0,1.0,1.0,1.0,1.0
SVBP,16,0,0.0,6,0.04791395045632334,0.0,1.0,1.0,1.0,1.0,1.0,1.0
TP53BP2,15,0,0.0,6,0.04790874524714829,0.0,1.0,1.0,1.0,1.0,1.0,1.0
SVIP,8,0,0.0,2,0.05434647431911454,0.0,1.0,1.0,1.0,1.0,1.0,1.0
SWAP70,6,0,0.0,0,0.05546955624355005,0.0,1.0,1.0,1.0,1.0,1.0,1.0
SYPL1,8,0,0.0,2,0.05434647431911454,0.0,1.0,1.0,1.0,1.0,1.0,1.0
SWT1,7,0,0.0,1,0.06280566280566281,0.0,1.0,1.0,1.0,1.0,1.0,1.0
SYAP1,7,0,0.0,1,0.06280566280566281,0.0,1.0,1.0,1.0,1.0,1.0,1.0
SYCE2,9,0,0.0,2,0.05435323383084577,0.0,1.0,1.0,1.0,1.0,1.0,1.0
SYF2,13,0,0.0,5,0.05669816564758199,0.0,1.0,1.0,1.0,1.0,1.0,1.0
TOX2,7,0,0.0,1,0.06280566280566281,0.0,1.0,1.0,1.0,1.0,1.0,1.0
TOX,7,0,0.0,1,0.06280566280566281,0.0,1.0,1.0,1.0,1.0,1.0,1.0
TOR4A,6,0,0.0,0,0.05546955624355005,0.0,1.0,1.0,1.0,1.0,1.0,1.0
TOR3A,6,0,0.0,0,0.05546955624355005,0.0,1.0,1.0,1.0,1.0,1.0,1.0
SYNGR2,29,0,0.0,8,0.04466969179091284,0.0,1.0,1.0,1.0,1.0,1.0,1.0
SYNGR3,16,0,0.0,6,0.04791395045632334,0.0,1.0,1.0,1.0,1.0,1.0,1.0
SYNJ2,8,0,0.0,2,0.05434647431911454,0.0,1.0,1.0,1.0,1.0,1.0,1.0
SYNJ2BP,10,0,0.0,3,0.05220779220779221,0.0,1.0,1.0,1.0,1.0,1.0,1.0
TOR1AIP2,10,0,0.0,3,0.05220779220779221,0.0,1.0,1.0,1.0,1.0,1.0,1.0
TP53BP1,18,0,0.0,7,0.04530963191962129,0.0,1.0,1.0,1.0,1.0,1.0,1.0
TAOK2,8,0,0.0,2,0.05434647431911454,0.0,1.0,1.0,1.0,1.0,1.0,1.0
TNFRSF4,15,0,0.0,6,0.04790874524714829,0.0,1.0,1.0,1.0,1.0,1.0,1.0
TAPBPL,7,0,0.0,1,0.06280566280566281,0.0,1.0,1.0,1.0,1.0,1.0,1.0
TCEAL1,20,0,0.0,7,0.04531838825007247,0.0,1.0,1.0,1.0,1.0,1.0,1.0
TCEAL4,20,0,0.0,7,0.04531838825007247,0.0,1.0,1.0,1.0,1.0,1.0,1.0
TCEAL8,9,0,0.0,2,0.05435323383084577,0.0,1.0,1.0,1.0,1.0,1.0,1.0
TMUB1,5,0,0.0,0,0.05546240165097382,0.0,1.0,1.0,1.0,1.0,1.0,1.0
TMTC2,5,0,0.0,0,0.05546240165097382,0.0,1.0,1.0,1.0,1.0,1.0,1.0
TMTC1,6,0,0.0,0,0.05546955624355005,0.0,1.0,1.0,1.0,1.0,1.0,1.0
TMPRSS13,7,0,0.0,1,0.06280566280566281,0.0,1.0,1.0,1.0,1.0,1.0,1.0
TCEAL9,5,0,0.0,0,0.05546240165097382,0.0,1.0,1.0,1.0,1.0,1.0,1.0
TCF25,17,0,0.0,6,0.04791915679669673,0.0,1.0,1.0,1.0,1.0,1.0,1.0
TMPO,9,0,0.0,2,0.05435323383084577,0.0,1.0,1.0,1.0,1.0,1.0,1.0
TCF4,7,0,0.0,1,0.06280566280566281,0.0,1.0,1.0,1.0,1.0,1.0,1.0
TMOD2,15,0,0.0,6,0.04790874524714829,0.0,1.0,1.0,1.0,1.0,1.0,1.0
TCEA2,14,0,0.0,5,0.05670604586518416,0.0,1.0,1.0,1.0,1.0,1.0,1.0
TMLHE,5,0,0.0,0,0.05546240165097382,0.0,1.0,1.0,1.0,1.0,1.0,1.0
TCIRG1,7,0,0.0,1,0.06280566280566281,0.0,1.0,1.0,1.0,1.0,1.0,1.0
TCN2,35,0,0.0,8,0.044685491953074336,0.0,1.0,1.0,1.0,1.0,1.0,1.0
TMIGD2,10,0,0.0,3,0.05220779220779221,0.0,1.0,1.0,1.0,1.0,1.0,1.0
TCP11L1,10,0,0.0,3,0.05220779220779221,0.0,1.0,1.0,1.0,1.0,1.0,1.0
TMF1,8,0,0.0,2,0.05434647431911454,0.0,1.0,1.0,1.0,1.0,1.0,1.0
TCTA,9,0,0.0,2,0.05435323383084577,0.0,1.0,1.0,1.0,1.0,1.0,1.0
TCTN1,9,0,0.0,2,0.05435323383084577,0.0,1.0,1.0,1.0,1.0,1.0,1.0
TCTN2,10,0,0.0,3,0.05220779220779221,0.0,1.0,1.0,1.0,1.0,1.0,1.0
TDP1,7,0,0.0,1,0.06280566280566281,0.0,1.0,1.0,1.0,1.0,1.0,1.0
TDP2,7,0,0.0,1,0.06280566280566281,0.0,1.0,1.0,1.0,1.0,1.0,1.0
TDRD7,21,0,0.0,7,0.04532276768457673,0.0,1.0,1.0,1.0,1.0,1.0,1.0
TMEM98,7,0,0.0,1,0.06280566280566281,0.0,1.0,1.0,1.0,1.0,1.0,1.0
TCFL5,9,0,0.0,2,0.05435323383084577,0.0,1.0,1.0,1.0,1.0,1.0,1.0
TCAF1,19,0,0.0,7,0.04531400966183575,0.0,1.0,1.0,1.0,1.0,1.0,1.0
TC2N,13,0,0.0,5,0.05669816564758199,0.0,1.0,1.0,1.0,1.0,1.0,1.0
TMX1,8,0,0.0,2,0.05434647431911454,0.0,1.0,1.0,1.0,1.0,1.0,1.0
TNFRSF25,7,0,0.0,1,0.06280566280566281,0.0,1.0,1.0,1.0,1.0,1.0,1.0
TARBP1,10,0,0.0,3,0.05220779220779221,0.0,1.0,1.0,1.0,1.0,1.0,1.0
TARS3,5,0,0.0,0,0.05546240165097382,0.0,1.0,1.0,1.0,1.0,1.0,1.0
TAS2R14,6,0,0.0,0,0.05546955624355005,0.0,1.0,1.0,1.0,1.0,1.0,1.0
TASL,5,0,0.0,0,0.05546240165097382,0.0,1.0,1.0,1.0,1.0,1.0,1.0
TASOR,25,0,0.0,8,0.044659164555470456,0.0,1.0,1.0,1.0,1.0,1.0,1.0
TASP1,5,0,0.0,0,0.05546240165097382,0.0,1.0,1.0,1.0,1.0,1.0,1.0
TATDN1,6,0,0.0,0,0.05546955624355005,0.0,1.0,1.0,1.0,1.0,1.0,1.0
TBC1D10A,6,0,0.0,0,0.05546955624355005,0.0,1.0,1.0,1.0,1.0,1.0,1.0
TBC1D10C,16,0,0.0,6,0.04791395045632334,0.0,1.0,1.0,1.0,1.0,1.0,1.0
TBC1D14,9,0,0.0,2,0.05435323383084577,0.0,1.0,1.0,1.0,1.0,1.0,1.0
TBC1D15,6,0,0.0,0,0.05546955624355005,0.0,1.0,1.0,1.0,1.0,1.0,1.0
TBC1D17,8,0,0.0,2,0.05434647431911454,0.0,1.0,1.0,1.0,1.0,1.0,1.0
TBC1D19,9,0,0.0,2,0.05435323383084577,0.0,1.0,1.0,1.0,1.0,1.0,1.0
TBC1D20,6,0,0.0,0,0.05546955624355005,0.0,1.0,1.0,1.0,1.0,1.0,1.0
TBC1D22B,6,0,0.0,0,0.05546955624355005,0.0,1.0,1.0,1.0,1.0,1.0,1.0
TNFRSF11A,27,0,0.0,8,0.044664427552884335,0.0,1.0,1.0,1.0,1.0,1.0,1.0
TBC1D5,21,0,0.0,7,0.04532276768457673,0.0,1.0,1.0,1.0,1.0,1.0,1.0
TBC1D9B,15,0,0.0,6,0.04790874524714829,0.0,1.0,1.0,1.0,1.0,1.0,1.0
TNFRSF10A,10,0,0.0,3,0.05220779220779221,0.0,1.0,1.0,1.0,1.0,1.0,1.0
TBCD,13,0,0.0,5,0.05669816564758199,0.0,1.0,1.0,1.0,1.0,1.0,1.0
TNFAIP8L2,5,0,0.0,0,0.05546240165097382,0.0,1.0,1.0,1.0,1.0,1.0,1.0
TBCEL,14,0,0.0,5,0.05670604586518416,0.0,1.0,1.0,1.0,1.0,1.0,1.0
TBK1,14,0,0.0,5,0.05670604586518416,0.0,1.0,1.0,1.0,1.0,1.0,1.0
TBKBP1,9,0,0.0,2,0.05435323383084577,0.0,1.0,1.0,1.0,1.0,1.0,1.0
TBL2,12,0,0.0,4,0.058307533539731685,0.0,1.0,1.0,1.0,1.0,1.0,1.0
TNF,10,0,0.0,3,0.05220779220779221,0.0,1.0,1.0,1.0,1.0,1.0,1.0
TEC,15,0,0.0,6,0.04790874524714829,0.0,1.0,1.0,1.0,1.0,1.0,1.0
SND1,23,0,0.0,8,0.0446539027982327,0.0,1.0,1.0,1.0,1.0,1.0,1.0
SNCA,5,0,0.0,0,0.05546240165097382,0.0,1.0,1.0,1.0,1.0,1.0,1.0
SNAPIN,10,0,0.0,3,0.05220779220779221,0.0,1.0,1.0,1.0,1.0,1.0,1.0
SEC13,26,0,0.0,8,0.04466179589912798,0.0,1.0,1.0,1.0,1.0,1.0,1.0
SEC14L1,10,0,0.0,3,0.05220779220779221,0.0,1.0,1.0,1.0,1.0,1.0,1.0
SEC14L2,5,0,0.0,0,0.05546240165097382,0.0,1.0,1.0,1.0,1.0,1.0,1.0
SEC16A,5,0,0.0,0,0.05546240165097382,0.0,1.0,1.0,1.0,1.0,1.0,1.0
SEC23A,5,0,0.0,0,0.05546240165097382,0.0,1.0,1.0,1.0,1.0,1.0,1.0
SEC23B,12,0,0.0,4,0.058307533539731685,0.0,1.0,1.0,1.0,1.0,1.0,1.0
SEC24C,7,0,0.0,1,0.06280566280566281,0.0,1.0,1.0,1.0,1.0,1.0,1.0
SEC24D,24,0,0.0,8,0.04465653352185696,0.0,1.0,1.0,1.0,1.0,1.0,1.0
USP40,10,0,0.0,3,0.05220779220779221,0.0,1.0,1.0,1.0,1.0,1.0,1.0
USP38,8,0,0.0,2,0.05434647431911454,0.0,1.0,1.0,1.0,1.0,1.0,1.0
SEC61A1,37,0,0.0,8,0.04469076115795059,0.0,1.0,1.0,1.0,1.0,1.0,1.0
USP34,6,0,0.0,0,0.05546955624355005,0.0,1.0,1.0,1.0,1.0,1.0,1.0
USP44,6,0,0.0,0,0.05546955624355005,0.0,1.0,1.0,1.0,1.0,1.0,1.0
SEC61A2,8,0,0.0,2,0.05434647431911454,0.0,1.0,1.0,1.0,1.0,1.0,1.0
USP33,11,0,0.0,4,0.058300012898232945,0.0,1.0,1.0,1.0,1.0,1.0,1.0
SEC61G,15,0,0.0,6,0.04790874524714829,0.0,1.0,1.0,1.0,1.0,1.0,1.0
USP3,17,0,0.0,6,0.04791915679669673,0.0,1.0,1.0,1.0,1.0,1.0,1.0
SEC63,17,0,0.0,6,0.04791915679669673,0.0,1.0,1.0,1.0,1.0,1.0,1.0
SECISBP2,7,0,0.0,1,0.06280566280566281,0.0,1.0,1.0,1.0,1.0,1.0,1.0
SECISBP2L,11,0,0.0,4,0.058300012898232945,0.0,1.0,1.0,1.0,1.0,1.0,1.0
SECTM1,32,0,0.0,8,0.04467759047506778,0.0,1.0,1.0,1.0,1.0,1.0,1.0
USP25,18,0,0.0,7,0.04530963191962129,0.0,1.0,1.0,1.0,1.0,1.0,1.0
USP24,10,0,0.0,3,0.05220779220779221,0.0,1.0,1.0,1.0,1.0,1.0,1.0
USP20,18,0,0.0,7,0.04530963191962129,0.0,1.0,1.0,1.0,1.0,1.0,1.0
SELENOF,16,0,0.0,6,0.04791395045632334,0.0,1.0,1.0,1.0,1.0,1.0,1.0
USP19,6,0,0.0,0,0.05546955624355005,0.0,1.0,1.0,1.0,1.0,1.0,1.0
SEC61B,25,0,0.0,8,0.044659164555470456,0.0,1.0,1.0,1.0,1.0,1.0,1.0
SELENOK,13,0,0.0,5,0.05669816564758199,0.0,1.0,1.0,1.0,1.0,1.0,1.0
SDSL,12,0,0.0,4,0.058307533539731685,0.0,1.0,1.0,1.0,1.0,1.0,1.0
SDR39U1,11,0,0.0,4,0.058300012898232945,0.0,1.0,1.0,1.0,1.0,1.0,1.0
VARS1,19,0,0.0,7,0.04531400966183575,0.0,1.0,1.0,1.0,1.0,1.0,1.0
SCCPDH,33,0,0.0,8,0.04468022399056882,0.0,1.0,1.0,1.0,1.0,1.0,1.0
SCD5,10,0,0.0,3,0.05220779220779221,0.0,1.0,1.0,1.0,1.0,1.0,1.0
VANGL1,10,0,0.0,3,0.05220779220779221,0.0,1.0,1.0,1.0,1.0,1.0,1.0
SCFD1,10,0,0.0,3,0.05220779220779221,0.0,1.0,1.0,1.0,1.0,1.0,1.0
SCLT1,7,0,0.0,1,0.06280566280566281,0.0,1.0,1.0,1.0,1.0,1.0,1.0
VAMP3,5,0,0.0,0,0.05546240165097382,0.0,1.0,1.0,1.0,1.0,1.0,1.0
SCMH1,7,0,0.0,1,0.06280566280566281,0.0,1.0,1.0,1.0,1.0,1.0,1.0
SCNM1,10,0,0.0,3,0.05220779220779221,0.0,1.0,1.0,1.0,1.0,1.0,1.0
SCOC,14,0,0.0,5,0.05670604586518416,0.0,1.0,1.0,1.0,1.0,1.0,1.0
SCP2,9,0,0.0,2,0.05435323383084577,0.0,1.0,1.0,1.0,1.0,1.0,1.0
VAC14,5,0,0.0,0,0.05546240165097382,0.0,1.0,1.0,1.0,1.0,1.0,1.0
SDR42E1,6,0,0.0,0,0.05546955624355005,0.0,1.0,1.0,1.0,1.0,1.0,1.0
UXS1,13,0,0.0,5,0.05669816564758199,0.0,1.0,1.0,1.0,1.0,1.0,1.0
SCRN1,7,0,0.0,1,0.06280566280566281,0.0,1.0,1.0,1.0,1.0,1.0,1.0
SCRN2,6,0,0.0,0,0.05546955624355005,0.0,1.0,1.0,1.0,1.0,1.0,1.0
SDC4,12,0,0.0,4,0.058307533539731685,0.0,1.0,1.0,1.0,1.0,1.0,1.0
USP9X,15,0,0.0,6,0.04790874524714829,0.0,1.0,1.0,1.0,1.0,1.0,1.0
SDCCAG8,5,0,0.0,0,0.05546240165097382,0.0,1.0,1.0,1.0,1.0,1.0,1.0
SDF4,27,0,0.0,8,0.044664427552884335,0.0,1.0,1.0,1.0,1.0,1.0,1.0
SDHAF2,6,0,0.0,0,0.05546955624355005,0.0,1.0,1.0,1.0,1.0,1.0,1.0
USP6NL,9,0,0.0,2,0.05435323383084577,0.0,1.0,1.0,1.0,1.0,1.0,1.0
USP53,7,0,0.0,1,0.06280566280566281,0.0,1.0,1.0,1.0,1.0,1.0,1.0
USP51,6,0,0.0,0,0.05546955624355005,0.0,1.0,1.0,1.0,1.0,1.0,1.0
SDHB,9,0,0.0,2,0.05435323383084577,0.0,1.0,1.0,1.0,1.0,1.0,1.0
USP5,10,0,0.0,3,0.05220779220779221,0.0,1.0,1.0,1.0,1.0,1.0,1.0
UTS2,8,0,0.0,2,0.05434647431911454,0.0,1.0,1.0,1.0,1.0,1.0,1.0
SELENOM,5,0,0.0,0,0.05546240165097382,0.0,1.0,1.0,1.0,1.0,1.0,1.0
SELENON,27,0,0.0,8,0.044664427552884335,0.0,1.0,1.0,1.0,1.0,1.0,1.0
USP18,18,0,0.0,7,0.04530963191962129,0.0,1.0,1.0,1.0,1.0,1.0,1.0
SERTAD2,32,0,0.0,8,0.04467759047506778,0.0,1.0,1.0,1.0,1.0,1.0,1.0
UQCRC1,7,0,0.0,1,0.06280566280566281,0.0,1.0,1.0,1.0,1.0,1.0,1.0
SESN1,30,0,0.0,8,0.04467232437529467,0.0,1.0,1.0,1.0,1.0,1.0,1.0
SESN3,12,0,0.0,4,0.058307533539731685,0.0,1.0,1.0,1.0,1.0,1.0,1.0
SESTD1,8,0,0.0,2,0.05434647431911454,0.0,1.0,1.0,1.0,1.0,1.0,1.0
SETBP1,15,0,0.0,6,0.04790874524714829,0.0,1.0,1.0,1.0,1.0,1.0,1.0
UQCR10,9,0,0.0,2,0.05435323383084577,0.0,1.0,1.0,1.0,1.0,1.0,1.0
SETD3,14,0,0.0,5,0.05670604586518416,0.0,1.0,1.0,1.0,1.0,1.0,1.0
SETDB2,5,0,0.0,0,0.05546240165097382,0.0,1.0,1.0,1.0,1.0,1.0,1.0
UQCC3,8,0,0.0,2,0.05434647431911454,0.0,1.0,1.0,1.0,1.0,1.0,1.0
UQCC1,6,0,0.0,0,0.05546955624355005,0.0,1.0,1.0,1.0,1.0,1.0,1.0
SF3B5,16,0,0.0,6,0.04791395045632334,0.0,1.0,1.0,1.0,1.0,1.0,1.0
SERTAD1,8,0,0.0,2,0.05434647431911454,0.0,1.0,1.0,1.0,1.0,1.0,1.0
SFI1,10,0,0.0,3,0.05220779220779221,0.0,1.0,1.0,1.0,1.0,1.0,1.0
SFT2D1,15,0,0.0,6,0.04790874524714829,0.0,1.0,1.0,1.0,1.0,1.0,1.0
UPF3A,14,0,0.0,5,0.05670604586518416,0.0,1.0,1.0,1.0,1.0,1.0,1.0
SFT2D2,11,0,0.0,4,0.058300012898232945,0.0,1.0,1.0,1.0,1.0,1.0,1.0
UPF2,12,0,0.0,4,0.058307533539731685,0.0,1.0,1.0,1.0,1.0,1.0,1.0
SGCB,31,0,0.0,8,0.044674957269994695,0.0,1.0,1.0,1.0,1.0,1.0,1.0
SGK1,8,0,0.0,2,0.05434647431911454,0.0,1.0,1.0,1.0,1.0,1.0,1.0
SGK3,5,0,0.0,0,0.05546240165097382,0.0,1.0,1.0,1.0,1.0,1.0,1.0
UNK,12,0,0.0,4,0.058307533539731685,0.0,1.0,1.0,1.0,1.0,1.0,1.0
UNC13D,11,0,0.0,4,0.058300012898232945,0.0,1.0,1.0,1.0,1.0,1.0,1.0
SGPP1,7,0,0.0,1,0.06280566280566281,0.0,1.0,1.0,1.0,1.0,1.0,1.0
UNC119B,10,0,0.0,3,0.05220779220779221,0.0,1.0,1.0,1.0,1.0,1.0,1.0
UNC119,7,0,0.0,1,0.06280566280566281,0.0,1.0,1.0,1.0,1.0,1.0,1.0
SFMBT2,35,0,0.0,8,0.044685491953074336,0.0,1.0,1.0,1.0,1.0,1.0,1.0
SERPINH1,18,0,0.0,7,0.04530963191962129,0.0,1.0,1.0,1.0,1.0,1.0,1.0
UQCRFS1,5,0,0.0,0,0.05546240165097382,0.0,1.0,1.0,1.0,1.0,1.0,1.0
URI1,7,0,0.0,1,0.06280566280566281,0.0,1.0,1.0,1.0,1.0,1.0,1.0
SELENOS,21,0,0.0,7,0.04532276768457673,0.0,1.0,1.0,1.0,1.0,1.0,1.0
SELL,33,0,0.0,8,0.04468022399056882,0.0,1.0,1.0,1.0,1.0,1.0,1.0
SEM1,10,0,0.0,3,0.05220779220779221,0.0,1.0,1.0,1.0,1.0,1.0,1.0
SEMA4C,12,0,0.0,4,0.058307533539731685,0.0,1.0,1.0,1.0,1.0,1.0,1.0
SEMA7A,5,0,0.0,0,0.05546240165097382,0.0,1.0,1.0,1.0,1.0,1.0,1.0
USP13,14,0,0.0,5,0.05670604586518416,0.0,1.0,1.0,1.0,1.0,1.0,1.0
USP11,27,0,0.0,8,0.044664427552884335,0.0,1.0,1.0,1.0,1.0,1.0,1.0
SENP7,5,0,0.0,0,0.05546240165097382,0.0,1.0,1.0,1.0,1.0,1.0,1.0
USO1,11,0,0.0,4,0.058300012898232945,0.0,1.0,1.0,1.0,1.0,1.0,1.0
SEPHS1,5,0,0.0,0,0.05546240165097382,0.0,1.0,1.0,1.0,1.0,1.0,1.0
SEPHS2,8,0,0.0,2,0.05434647431911454,0.0,1.0,1.0,1.0,1.0,1.0,1.0
SEPTIN11,14,0,0.0,5,0.05670604586518416,0.0,1.0,1.0,1.0,1.0,1.0,1.0
SEPTIN2,6,0,0.0,0,0.05546955624355005,0.0,1.0,1.0,1.0,1.0,1.0,1.0
USF2,6,0,0.0,0,0.05546955624355005,0.0,1.0,1.0,1.0,1.0,1.0,1.0
SEPTIN6,14,0,0.0,5,0.05670604586518416,0.0,1.0,1.0,1.0,1.0,1.0,1.0
SEPTIN8,23,0,0.0,8,0.0446539027982327,0.0,1.0,1.0,1.0,1.0,1.0,1.0
SEPTIN9,22,0,0.0,7,0.045327147965593895,0.0,1.0,1.0,1.0,1.0,1.0,1.0
USF1,5,0,0.0,0,0.05546240165097382,0.0,1.0,1.0,1.0,1.0,1.0,1.0
SERINC1,7,0,0.0,1,0.06280566280566281,0.0,1.0,1.0,1.0,1.0,1.0,1.0
SERINC3,10,0,0.0,3,0.05220779220779221,0.0,1.0,1.0,1.0,1.0,1.0,1.0
SERINC5,8,0,0.0,2,0.05434647431911454,0.0,1.0,1.0,1.0,1.0,1.0,1.0
SERPINB1,13,0,0.0,5,0.05669816564758199,0.0,1.0,1.0,1.0,1.0,1.0,1.0
UROS,17,0,0.0,6,0.04791915679669673,0.0,1.0,1.0,1.0,1.0,1.0,1.0
SERPINB6,14,0,0.0,5,0.05670604586518416,0.0,1.0,1.0,1.0,1.0,1.0,1.0
SERPINB8,15,0,0.0,6,0.04790874524714829,0.0,1.0,1.0,1.0,1.0,1.0,1.0
SERPINB9,34,0,0.0,8,0.0446828578165527,0.0,1.0,1.0,1.0,1.0,1.0,1.0
UROD,5,0,0.0,0,0.05546240165097382,0.0,1.0,1.0,1.0,1.0,1.0,1.0
SCART1,6,0,0.0,0,0.05546955624355005,0.0,1.0,1.0,1.0,1.0,1.0,1.0
ULK4,9,0,0.0,2,0.05435323383084577,0.0,1.0,1.0,1.0,1.0,1.0,1.0
SCARF1,7,0,0.0,1,0.06280566280566281,0.0,1.0,1.0,1.0,1.0,1.0,1.0
VASH1,8,0,0.0,2,0.05434647431911454,0.0,1.0,1.0,1.0,1.0,1.0,1.0
VWA5A,9,0,0.0,2,0.05435323383084577,0.0,1.0,1.0,1.0,1.0,1.0,1.0
RPRD1A,6,0,0.0,0,0.05546955624355005,0.0,1.0,1.0,1.0,1.0,1.0,1.0
VTI1B,7,0,0.0,1,0.06280566280566281,0.0,1.0,1.0,1.0,1.0,1.0,1.0
RPTOR,7,0,0.0,1,0.06280566280566281,0.0,1.0,1.0,1.0,1.0,1.0,1.0
RRAGA,8,0,0.0,2,0.05434647431911454,0.0,1.0,1.0,1.0,1.0,1.0,1.0
RRAGD,19,0,0.0,7,0.04531400966183575,0.0,1.0,1.0,1.0,1.0,1.0,1.0
RRAS,12,0,0.0,4,0.058307533539731685,0.0,1.0,1.0,1.0,1.0,1.0,1.0
RRAS2,21,0,0.0,7,0.04532276768457673,0.0,1.0,1.0,1.0,1.0,1.0,1.0
RRBP1,10,0,0.0,3,0.05220779220779221,0.0,1.0,1.0,1.0,1.0,1.0,1.0
VSTM2L,6,0,0.0,0,0.05546955624355005,0.0,1.0,1.0,1.0,1.0,1.0,1.0
VSIR,8,0,0.0,2,0.05434647431911454,0.0,1.0,1.0,1.0,1.0,1.0,1.0
RRM2B,8,0,0.0,2,0.05434647431911454,0.0,1.0,1.0,1.0,1.0,1.0,1.0
RPP25,6,0,0.0,0,0.05546955624355005,0.0,1.0,1.0,1.0,1.0,1.0,1.0
RRP1B,8,0,0.0,2,0.05434647431911454,0.0,1.0,1.0,1.0,1.0,1.0,1.0
RSPH3,10,0,0.0,3,0.05220779220779221,0.0,1.0,1.0,1.0,1.0,1.0,1.0
RSRC1,5,0,0.0,0,0.05546240165097382,0.0,1.0,1.0,1.0,1.0,1.0,1.0
VRK3,6,0,0.0,0,0.05546955624355005,0.0,1.0,1.0,1.0,1.0,1.0,1.0
RSU1,23,0,0.0,8,0.0446539027982327,0.0,1.0,1.0,1.0,1.0,1.0,1.0
VRK2,8,0,0.0,2,0.05434647431911454,0.0,1.0,1.0,1.0,1.0,1.0,1.0
RTF1,13,0,0.0,5,0.05669816564758199,0.0,1.0,1.0,1.0,1.0,1.0,1.0
VPS8,6,0,0.0,0,0.05546955624355005,0.0,1.0,1.0,1.0,1.0,1.0,1.0
VPS54,13,0,0.0,5,0.05669816564758199,0.0,1.0,1.0,1.0,1.0,1.0,1.0
RTKN2,10,0,0.0,3,0.05220779220779221,0.0,1.0,1.0,1.0,1.0,1.0,1.0
RTL6,7,0,0.0,1,0.06280566280566281,0.0,1.0,1.0,1.0,1.0,1.0,1.0
RTL8C,17,0,0.0,6,0.04791915679669673,0.0,1.0,1.0,1.0,1.0,1.0,1.0
RTN3,18,0,0.0,7,0.04530963191962129,0.0,1.0,1.0,1.0,1.0,1.0,1.0
VSIG10,11,0,0.0,4,0.058300012898232945,0.0,1.0,1.0,1.0,1.0,1.0,1.0
RTN4,9,0,0.0,2,0.05435323383084577,0.0,1.0,1.0,1.0,1.0,1.0,1.0
RPN2,8,0,0.0,2,0.05434647431911454,0.0,1.0,1.0,1.0,1.0,1.0,1.0
VWDE,7,0,0.0,1,0.06280566280566281,0.0,1.0,1.0,1.0,1.0,1.0,1.0
RNF169,6,0,0.0,0,0.05546955624355005,0.0,1.0,1.0,1.0,1.0,1.0,1.0
WDR37,9,0,0.0,2,0.05435323383084577,0.0,1.0,1.0,1.0,1.0,1.0,1.0
WDR19,5,0,0.0,0,0.05546240165097382,0.0,1.0,1.0,1.0,1.0,1.0,1.0
WDFY2,13,0,0.0,5,0.05669816564758199,0.0,1.0,1.0,1.0,1.0,1.0,1.0
WDFY1,37,0,0.0,8,0.04469076115795059,0.0,1.0,1.0,1.0,1.0,1.0,1.0
RNF215,8,0,0.0,2,0.05434647431911454,0.0,1.0,1.0,1.0,1.0,1.0,1.0
RNF31,8,0,0.0,2,0.05434647431911454,0.0,1.0,1.0,1.0,1.0,1.0,1.0
RNF38,9,0,0.0,2,0.05435323383084577,0.0,1.0,1.0,1.0,1.0,1.0,1.0
WBP2,19,0,0.0,7,0.04531400966183575,0.0,1.0,1.0,1.0,1.0,1.0,1.0
RNF5,15,0,0.0,6,0.04790874524714829,0.0,1.0,1.0,1.0,1.0,1.0,1.0
RNFT2,6,0,0.0,0,0.05546955624355005,0.0,1.0,1.0,1.0,1.0,1.0,1.0
RNH1,15,0,0.0,6,0.04790874524714829,0.0,1.0,1.0,1.0,1.0,1.0,1.0
VWCE,5,0,0.0,0,0.05546240165097382,0.0,1.0,1.0,1.0,1.0,1.0,1.0
RNLS,6,0,0.0,0,0.05546955624355005,0.0,1.0,1.0,1.0,1.0,1.0,1.0
WASL,14,0,0.0,5,0.05670604586518416,0.0,1.0,1.0,1.0,1.0,1.0,1.0
ROCK2,9,0,0.0,2,0.05435323383084577,0.0,1.0,1.0,1.0,1.0,1.0,1.0
ROR2,5,0,0.0,0,0.05546240165097382,0.0,1.0,1.0,1.0,1.0,1.0,1.0
RORC,11,0,0.0,4,0.058300012898232945,0.0,1.0,1.0,1.0,1.0,1.0,1.0
RPA2,7,0,0.0,1,0.06280566280566281,0.0,1.0,1.0,1.0,1.0,1.0,1.0
RPA3,12,0,0.0,4,0.058307533539731685,0.0,1.0,1.0,1.0,1.0,1.0,1.0
RPAIN,7,0,0.0,1,0.06280566280566281,0.0,1.0,1.0,1.0,1.0,1.0,1.0
RPF1,5,0,0.0,0,0.05546240165097382,0.0,1.0,1.0,1.0,1.0,1.0,1.0
WASF2,9,0,0.0,2,0.05435323383084577,0.0,1.0,1.0,1.0,1.0,1.0,1.0
WAS,6,0,0.0,0,0.05546955624355005,0.0,1.0,1.0,1.0,1.0,1.0,1.0
RPN1,15,0,0.0,6,0.04790874524714829,0.0,1.0,1.0,1.0,1.0,1.0,1.0
WARS2,5,0,0.0,0,0.05546240165097382,0.0,1.0,1.0,1.0,1.0,1.0,1.0
RNPEP,10,0,0.0,3,0.05220779220779221,0.0,1.0,1.0,1.0,1.0,1.0,1.0
VPS52,6,0,0.0,0,0.05546955624355005,0.0,1.0,1.0,1.0,1.0,1.0,1.0
VPS45,10,0,0.0,3,0.05220779220779221,0.0,1.0,1.0,1.0,1.0,1.0,1.0
VPS41,7,0,0.0,1,0.06280566280566281,0.0,1.0,1.0,1.0,1.0,1.0,1.0
SAMD9,8,0,0.0,2,0.05434647431911454,0.0,1.0,1.0,1.0,1.0,1.0,1.0
VNN2,16,0,0.0,6,0.04791395045632334,0.0,1.0,1.0,1.0,1.0,1.0,1.0
SAMHD1,18,0,0.0,7,0.04530963191962129,0.0,1.0,1.0,1.0,1.0,1.0,1.0
VLDLR,5,0,0.0,0,0.05546240165097382,0.0,1.0,1.0,1.0,1.0,1.0,1.0
SANBR,6,0,0.0,0,0.05546955624355005,0.0,1.0,1.0,1.0,1.0,1.0,1.0
VKORC1,17,0,0.0,6,0.04791915679669673,0.0,1.0,1.0,1.0,1.0,1.0,1.0
SAP30BP,6,0,0.0,0,0.05546955624355005,0.0,1.0,1.0,1.0,1.0,1.0,1.0
SARS2,5,0,0.0,0,0.05546240165097382,0.0,1.0,1.0,1.0,1.0,1.0,1.0
SASH1,6,0,0.0,0,0.05546955624355005,0.0,1.0,1.0,1.0,1.0,1.0,1.0
SAT2,14,0,0.0,5,0.05670604586518416,0.0,1.0,1.0,1.0,1.0,1.0,1.0
VHL,6,0,0.0,0,0.05546955624355005,0.0,1.0,1.0,1.0,1.0,1.0,1.0
SATB1,43,0,0.0,8,0.04470657623120024,0.0,1.0,1.0,1.0,1.0,1.0,1.0
VOPP1,24,0,0.0,8,0.04465653352185696,0.0,1.0,1.0,1.0,1.0,1.0,1.0
SAV1,16,0,0.0,6,0.04791395045632334,0.0,1.0,1.0,1.0,1.0,1.0,1.0
SBNO1,7,0,0.0,1,0.06280566280566281,0.0,1.0,1.0,1.0,1.0,1.0,1.0
VEZF1,12,0,0.0,4,0.058307533539731685,0.0,1.0,1.0,1.0,1.0,1.0,1.0
SCAF8,7,0,0.0,1,0.06280566280566281,0.0,1.0,1.0,1.0,1.0,1.0,1.0
VEGFA,15,0,0.0,6,0.04790874524714829,0.0,1.0,1.0,1.0,1.0,1.0,1.0
SCAMP2,10,0,0.0,3,0.05220779220779221,0.0,1.0,1.0,1.0,1.0,1.0,1.0
SCAMP3,10,0,0.0,3,0.05220779220779221,0.0,1.0,1.0,1.0,1.0,1.0,1.0
VCPIP1,7,0,0.0,1,0.06280566280566281,0.0,1.0,1.0,1.0,1.0,1.0,1.0
SCAP,8,0,0.0,2,0.05434647431911454,0.0,1.0,1.0,1.0,1.0,1.0,1.0
VBP1,16,0,0.0,6,0.04791395045632334,0.0,1.0,1.0,1.0,1.0,1.0,1.0
VAV3,5,0,0.0,0,0.05546240165097382,0.0,1.0,1.0,1.0,1.0,1.0,1.0
VAT1,16,0,0.0,6,0.04791395045632334,0.0,1.0,1.0,1.0,1.0,1.0,1.0
SCAPER,10,0,0.0,3,0.05220779220779221,0.0,1.0,1.0,1.0,1.0,1.0,1.0
VEZT,6,0,0.0,0,0.05546955624355005,0.0,1.0,1.0,1.0,1.0,1.0,1.0
SAMD3,28,0,0.0,8,0.044667059516794345,0.0,1.0,1.0,1.0,1.0,1.0,1.0
SAMD10,5,0,0.0,0,0.05546240165097382,0.0,1.0,1.0,1.0,1.0,1.0,1.0
VPS11,6,0,0.0,0,0.05546955624355005,0.0,1.0,1.0,1.0,1.0,1.0,1.0
VPS39,7,0,0.0,1,0.06280566280566281,0.0,1.0,1.0,1.0,1.0,1.0,1.0
VPS37B,7,0,0.0,1,0.06280566280566281,0.0,1.0,1.0,1.0,1.0,1.0,1.0
VPS36,12,0,0.0,4,0.058307533539731685,0.0,1.0,1.0,1.0,1.0,1.0,1.0
RUFY1,7,0,0.0,1,0.06280566280566281,0.0,1.0,1.0,1.0,1.0,1.0,1.0
RUFY3,11,0,0.0,4,0.058300012898232945,0.0,1.0,1.0,1.0,1.0,1.0,1.0
RUNX1,16,0,0.0,6,0.04791395045632334,0.0,1.0,1.0,1.0,1.0,1.0,1.0
RUNX2,13,0,0.0,5,0.05669816564758199,0.0,1.0,1.0,1.0,1.0,1.0,1.0
VPS35L,21,0,0.0,7,0.04532276768457673,0.0,1.0,1.0,1.0,1.0,1.0,1.0
RUVBL1,12,0,0.0,4,0.058307533539731685,0.0,1.0,1.0,1.0,1.0,1.0,1.0
RWDD2B,9,0,0.0,2,0.05435323383084577,0.0,1.0,1.0,1.0,1.0,1.0,1.0
VPS33A,6,0,0.0,0,0.05546955624355005,0.0,1.0,1.0,1.0,1.0,1.0,1.0
VPS26C,9,0,0.0,2,0.05435323383084577,0.0,1.0,1.0,1.0,1.0,1.0,1.0
RYBP,11,0,0.0,4,0.058300012898232945,0.0,1.0,1.0,1.0,1.0,1.0,1.0
VPS26B,6,0,0.0,0,0.05546955624355005,0.0,1.0,1.0,1.0,1.0,1.0,1.0
VPS26A,7,0,0.0,1,0.06280566280566281,0.0,1.0,1.0,1.0,1.0,1.0,1.0
S100A5,8,0,0.0,2,0.05434647431911454,0.0,1.0,1.0,1.0,1.0,1.0,1.0
S100P,12,0,0.0,4,0.058307533539731685,0.0,1.0,1.0,1.0,1.0,1.0,1.0
S100PBP,14,0,0.0,5,0.05670604586518416,0.0,1.0,1.0,1.0,1.0,1.0,1.0
VPS25,5,0,0.0,0,0.05546240165097382,0.0,1.0,1.0,1.0,1.0,1.0,1.0
S100Z,5,0,0.0,0,0.05546240165097382,0.0,1.0,1.0,1.0,1.0,1.0,1.0
VPS13C,10,0,0.0,3,0.05220779220779221,0.0,1.0,1.0,1.0,1.0,1.0,1.0
S1PR4,11,0,0.0,4,0.058300012898232945,0.0,1.0,1.0,1.0,1.0,1.0,1.0
VPS13B,9,0,0.0,2,0.05435323383084577,0.0,1.0,1.0,1.0,1.0,1.0,1.0
VPS13A,7,0,0.0,1,0.06280566280566281,0.0,1.0,1.0,1.0,1.0,1.0,1.0
SACS,5,0,0.0,0,0.05546240165097382,0.0,1.0,1.0,1.0,1.0,1.0,1.0
SAE1,9,0,0.0,2,0.05435323383084577,0.0,1.0,1.0,1.0,1.0,1.0,1.0
SAFB2,5,0,0.0,0,0.05546240165097382,0.0,1.0,1.0,1.0,1.0,1.0,1.0
SCARB2,26,0,0.0,8,0.04466179589912798,0.0,1.0,1.0,1.0,1.0,1.0,1.0
WDR48,7,0,0.0,1,0.06280566280566281,0.0,1.0,1.0,1.0,1.0,1.0,1.0
ULK2,7,0,0.0,1,0.06280566280566281,0.0,1.0,1.0,1.0,1.0,1.0,1.0
SGTB,10,0,0.0,3,0.05220779220779221,0.0,1.0,1.0,1.0,1.0,1.0,1.0
SLC39A7,12,0,0.0,4,0.058307533539731685,0.0,1.0,1.0,1.0,1.0,1.0,1.0
TYMP,24,0,0.0,8,0.04465653352185696,0.0,1.0,1.0,1.0,1.0,1.0,1.0
TYK2,6,0,0.0,0,0.05546955624355005,0.0,1.0,1.0,1.0,1.0,1.0,1.0
SLC40A1,7,0,0.0,1,0.06280566280566281,0.0,1.0,1.0,1.0,1.0,1.0,1.0
SLC41A1,5,0,0.0,0,0.05546240165097382,0.0,1.0,1.0,1.0,1.0,1.0,1.0
SLC41A3,5,0,0.0,0,0.05546240165097382,0.0,1.0,1.0,1.0,1.0,1.0,1.0
SLC43A1,12,0,0.0,4,0.058307533539731685,0.0,1.0,1.0,1.0,1.0,1.0,1.0
TXNRD2,17,0,0.0,6,0.04791915679669673,0.0,1.0,1.0,1.0,1.0,1.0,1.0
SLC44A1,7,0,0.0,1,0.06280566280566281,0.0,1.0,1.0,1.0,1.0,1.0,1.0
TXNL4B,10,0,0.0,3,0.05220779220779221,0.0,1.0,1.0,1.0,1.0,1.0,1.0
SLC44A2,15,0,0.0,6,0.04790874524714829,0.0,1.0,1.0,1.0,1.0,1.0,1.0
SLC48A1,10,0,0.0,3,0.05220779220779221,0.0,1.0,1.0,1.0,1.0,1.0,1.0
SLC39A6,14,0,0.0,5,0.05670604586518416,0.0,1.0,1.0,1.0,1.0,1.0,1.0
SLC49A4,6,0,0.0,0,0.05546955624355005,0.0,1.0,1.0,1.0,1.0,1.0,1.0
SLC4A8,6,0,0.0,0,0.05546955624355005,0.0,1.0,1.0,1.0,1.0,1.0,1.0
SLC5A3,25,0,0.0,8,0.044659164555470456,0.0,1.0,1.0,1.0,1.0,1.0,1.0
SLC5A6,6,0,0.0,0,0.05546955624355005,0.0,1.0,1.0,1.0,1.0,1.0,1.0
SLC66A3,10,0,0.0,3,0.05220779220779221,0.0,1.0,1.0,1.0,1.0,1.0,1.0
SLC6A6,10,0,0.0,3,0.05220779220779221,0.0,1.0,1.0,1.0,1.0,1.0,1.0
TXNDC5,16,0,0.0,6,0.04791395045632334,0.0,1.0,1.0,1.0,1.0,1.0,1.0
SLC7A6,34,0,0.0,8,0.0446828578165527,0.0,1.0,1.0,1.0,1.0,1.0,1.0
TXNDC16,7,0,0.0,1,0.06280566280566281,0.0,1.0,1.0,1.0,1.0,1.0,1.0
TXNDC15,23,0,0.0,8,0.0446539027982327,0.0,1.0,1.0,1.0,1.0,1.0,1.0
SLC9A6,5,0,0.0,0,0.05546240165097382,0.0,1.0,1.0,1.0,1.0,1.0,1.0
TXNDC11,11,0,0.0,4,0.058300012898232945,0.0,1.0,1.0,1.0,1.0,1.0,1.0
SLC9B2,8,0,0.0,2,0.05434647431911454,0.0,1.0,1.0,1.0,1.0,1.0,1.0
SLC4A7,22,0,0.0,7,0.045327147965593895,0.0,1.0,1.0,1.0,1.0,1.0,1.0
TXN2,8,0,0.0,2,0.05434647431911454,0.0,1.0,1.0,1.0,1.0,1.0,1.0
SLC39A14,7,0,0.0,1,0.06280566280566281,0.0,1.0,1.0,1.0,1.0,1.0,1.0
SLC38A5,26,0,0.0,8,0.04466179589912798,0.0,1.0,1.0,1.0,1.0,1.0,1.0
UBE2D2,8,0,0.0,2,0.05434647431911454,0.0,1.0,1.0,1.0,1.0,1.0,1.0
UBE2B,13,0,0.0,5,0.05669816564758199,0.0,1.0,1.0,1.0,1.0,1.0,1.0
SLC35B2,8,0,0.0,2,0.05434647431911454,0.0,1.0,1.0,1.0,1.0,1.0,1.0
SLC35B3,5,0,0.0,0,0.05546240165097382,0.0,1.0,1.0,1.0,1.0,1.0,1.0
UBB,7,0,0.0,1,0.06280566280566281,0.0,1.0,1.0,1.0,1.0,1.0,1.0
UBAC2,12,0,0.0,4,0.058307533539731685,0.0,1.0,1.0,1.0,1.0,1.0,1.0
UBAC1,8,0,0.0,2,0.05434647431911454,0.0,1.0,1.0,1.0,1.0,1.0,1.0
UBA5,8,0,0.0,2,0.05434647431911454,0.0,1.0,1.0,1.0,1.0,1.0,1.0
SLC35C2,8,0,0.0,2,0.05434647431911454,0.0,1.0,1.0,1.0,1.0,1.0,1.0
SLC35D1,7,0,0.0,1,0.06280566280566281,0.0,1.0,1.0,1.0,1.0,1.0,1.0
SLC35D2,30,0,0.0,8,0.04467232437529467,0.0,1.0,1.0,1.0,1.0,1.0,1.0
SLC35E3,5,0,0.0,0,0.05546240165097382,0.0,1.0,1.0,1.0,1.0,1.0,1.0
SLC39A1,11,0,0.0,4,0.058300012898232945,0.0,1.0,1.0,1.0,1.0,1.0,1.0
UBA3,23,0,0.0,8,0.0446539027982327,0.0,1.0,1.0,1.0,1.0,1.0,1.0
SLC35F3,25,0,0.0,8,0.044659164555470456,0.0,1.0,1.0,1.0,1.0,1.0,1.0
UBA1,6,0,0.0,0,0.05546955624355005,0.0,1.0,1.0,1.0,1.0,1.0,1.0
SLC35G2,5,0,0.0,0,0.05546240165097382,0.0,1.0,1.0,1.0,1.0,1.0,1.0
SLC36A4,10,0,0.0,3,0.05220779220779221,0.0,1.0,1.0,1.0,1.0,1.0,1.0
SLC37A1,14,0,0.0,5,0.05670604586518416,0.0,1.0,1.0,1.0,1.0,1.0,1.0
UAP1,16,0,0.0,6,0.04791395045632334,0.0,1.0,1.0,1.0,1.0,1.0,1.0
U2AF1L4,12,0,0.0,4,0.058307533539731685,0.0,1.0,1.0,1.0,1.0,1.0,1.0
SLC37A4,7,0,0.0,1,0.06280566280566281,0.0,1.0,1.0,1.0,1.0,1.0,1.0
TYW5,19,0,0.0,7,0.04531400966183575,0.0,1.0,1.0,1.0,1.0,1.0,1.0
TYW3,6,0,0.0,0,0.05546955624355005,0.0,1.0,1.0,1.0,1.0,1.0,1.0
SLC38A10,9,0,0.0,2,0.05435323383084577,0.0,1.0,1.0,1.0,1.0,1.0,1.0
TYMS,14,0,0.0,5,0.05670604586518416,0.0,1.0,1.0,1.0,1.0,1.0,1.0
UBA2,7,0,0.0,1,0.06280566280566281,0.0,1.0,1.0,1.0,1.0,1.0,1.0
SLCO4A1,13,0,0.0,5,0.05669816564758199,0.0,1.0,1.0,1.0,1.0,1.0,1.0
SLF1,5,0,0.0,0,0.05546240165097382,0.0,1.0,1.0,1.0,1.0,1.0,1.0
SLFN11,28,0,0.0,8,0.044667059516794345,0.0,1.0,1.0,1.0,1.0,1.0,1.0
SMIM10L1,8,0,0.0,2,0.05434647431911454,0.0,1.0,1.0,1.0,1.0,1.0,1.0
SMIM12,9,0,0.0,2,0.05435323383084577,0.0,1.0,1.0,1.0,1.0,1.0,1.0
SMIM14,24,0,0.0,8,0.04465653352185696,0.0,1.0,1.0,1.0,1.0,1.0,1.0
TTN,20,0,0.0,7,0.04531838825007247,0.0,1.0,1.0,1.0,1.0,1.0,1.0
SMIM19,32,0,0.0,8,0.04467759047506778,0.0,1.0,1.0,1.0,1.0,1.0,1.0
SMIM20,9,0,0.0,2,0.05435323383084577,0.0,1.0,1.0,1.0,1.0,1.0,1.0
SMIM29,9,0,0.0,2,0.05435323383084577,0.0,1.0,1.0,1.0,1.0,1.0,1.0
SMIM3,12,0,0.0,4,0.058307533539731685,0.0,1.0,1.0,1.0,1.0,1.0,1.0
TTLL3,18,0,0.0,7,0.04530963191962129,0.0,1.0,1.0,1.0,1.0,1.0,1.0
TTLL1,6,0,0.0,0,0.05546955624355005,0.0,1.0,1.0,1.0,1.0,1.0,1.0
SMIM7,13,0,0.0,5,0.05669816564758199,0.0,1.0,1.0,1.0,1.0,1.0,1.0
SMNDC1,5,0,0.0,0,0.05546240165097382,0.0,1.0,1.0,1.0,1.0,1.0,1.0
SMG9,6,0,0.0,0,0.05546955624355005,0.0,1.0,1.0,1.0,1.0,1.0,1.0
TTC9,29,0,0.0,8,0.04466969179091284,0.0,1.0,1.0,1.0,1.0,1.0,1.0
TTC8,7,0,0.0,1,0.06280566280566281,0.0,1.0,1.0,1.0,1.0,1.0,1.0
TTC7B,8,0,0.0,2,0.05434647431911454,0.0,1.0,1.0,1.0,1.0,1.0,1.0
SMS,16,0,0.0,6,0.04791395045632334,0.0,1.0,1.0,1.0,1.0,1.0,1.0
TTC39C,34,0,0.0,8,0.0446828578165527,0.0,1.0,1.0,1.0,1.0,1.0,1.0
SMTN,6,0,0.0,0,0.05546955624355005,0.0,1.0,1.0,1.0,1.0,1.0,1.0
SMURF1,9,0,0.0,2,0.05435323383084577,0.0,1.0,1.0,1.0,1.0,1.0,1.0
SMURF2,10,0,0.0,3,0.05220779220779221,0.0,1.0,1.0,1.0,1.0,1.0,1.0
SMYD2,9,0,0.0,2,0.05435323383084577,0.0,1.0,1.0,1.0,1.0,1.0,1.0
SNAI3,11,0,0.0,4,0.058300012898232945,0.0,1.0,1.0,1.0,1.0,1.0,1.0
SNAP29,9,0,0.0,2,0.05435323383084577,0.0,1.0,1.0,1.0,1.0,1.0,1.0
SNAP47,30,0,0.0,8,0.04467232437529467,0.0,1.0,1.0,1.0,1.0,1.0,1.0
SNAPC3,10,0,0.0,3,0.05220779220779221,0.0,1.0,1.0,1.0,1.0,1.0,1.0
SMPD1,16,0,0.0,6,0.04791395045632334,0.0,1.0,1.0,1.0,1.0,1.0,1.0
SMG6,16,0,0.0,6,0.04791395045632334,0.0,1.0,1.0,1.0,1.0,1.0,1.0
SMG1,7,0,0.0,1,0.06280566280566281,0.0,1.0,1.0,1.0,1.0,1.0,1.0
TTPAL,6,0,0.0,0,0.05546955624355005,0.0,1.0,1.0,1.0,1.0,1.0,1.0
TXLNB,5,0,0.0,0,0.05546240165097382,0.0,1.0,1.0,1.0,1.0,1.0,1.0
SLFN12,8,0,0.0,2,0.05434647431911454,0.0,1.0,1.0,1.0,1.0,1.0,1.0
SLFN12L,12,0,0.0,4,0.058307533539731685,0.0,1.0,1.0,1.0,1.0,1.0,1.0
TXK,21,0,0.0,7,0.04532276768457673,0.0,1.0,1.0,1.0,1.0,1.0,1.0
TWSG1,42,0,0.0,8,0.044703939608398205,0.0,1.0,1.0,1.0,1.0,1.0,1.0
TWF2,21,0,0.0,7,0.04532276768457673,0.0,1.0,1.0,1.0,1.0,1.0,1.0
SLX4IP,6,0,0.0,0,0.05546955624355005,0.0,1.0,1.0,1.0,1.0,1.0,1.0
SMAD1,14,0,0.0,5,0.05670604586518416,0.0,1.0,1.0,1.0,1.0,1.0,1.0
TUFT1,10,0,0.0,3,0.05220779220779221,0.0,1.0,1.0,1.0,1.0,1.0,1.0
SMAD2,10,0,0.0,3,0.05220779220779221,0.0,1.0,1.0,1.0,1.0,1.0,1.0
SMAD4,15,0,0.0,6,0.04790874524714829,0.0,1.0,1.0,1.0,1.0,1.0,1.0
TUBGCP3,7,0,0.0,1,0.06280566280566281,0.0,1.0,1.0,1.0,1.0,1.0,1.0
SMAD5,6,0,0.0,0,0.05546955624355005,0.0,1.0,1.0,1.0,1.0,1.0,1.0
SMAD7,9,0,0.0,2,0.05435323383084577,0.0,1.0,1.0,1.0,1.0,1.0,1.0
SMAP2,15,0,0.0,6,0.04790874524714829,0.0,1.0,1.0,1.0,1.0,1.0,1.0
TUBG2,11,0,0.0,4,0.058300012898232945,0.0,1.0,1.0,1.0,1.0,1.0,1.0
SMARCA5,5,0,0.0,0,0.05546240165097382,0.0,1.0,1.0,1.0,1.0,1.0,1.0
TUBB6,14,0,0.0,5,0.05670604586518416,0.0,1.0,1.0,1.0,1.0,1.0,1.0
SMARCC1,9,0,0.0,2,0.05435323383084577,0.0,1.0,1.0,1.0,1.0,1.0,1.0
SMARCD1,5,0,0.0,0,0.05546240165097382,0.0,1.0,1.0,1.0,1.0,1.0,1.0
SMARCD2,6,0,0.0,0,0.05546955624355005,0.0,1.0,1.0,1.0,1.0,1.0,1.0
SMC1A,14,0,0.0,5,0.05670604586518416,0.0,1.0,1.0,1.0,1.0,1.0,1.0
TUBB3,14,0,0.0,5,0.05670604586518416,0.0,1.0,1.0,1.0,1.0,1.0,1.0
TUBB2A,11,0,0.0,4,0.058300012898232945,0.0,1.0,1.0,1.0,1.0,1.0,1.0
TTYH3,24,0,0.0,8,0.04465653352185696,0.0,1.0,1.0,1.0,1.0,1.0,1.0
SMCO4,22,0,0.0,7,0.045327147965593895,0.0,1.0,1.0,1.0,1.0,1.0,1.0
SMDT1,19,0,0.0,7,0.04531400966183575,0.0,1.0,1.0,1.0,1.0,1.0,1.0
UBE2D3,15,0,0.0,6,0.04790874524714829,0.0,1.0,1.0,1.0,1.0,1.0,1.0
SGSM3,8,0,0.0,2,0.05434647431911454,0.0,1.0,1.0,1.0,1.0,1.0,1.0
SLC35B1,19,0,0.0,7,0.04531400966183575,0.0,1.0,1.0,1.0,1.0,1.0,1.0
SLC35A4,5,0,0.0,0,0.05546240165097382,0.0,1.0,1.0,1.0,1.0,1.0,1.0
UCK2,7,0,0.0,1,0.06280566280566281,0.0,1.0,1.0,1.0,1.0,1.0,1.0
SIL1,13,0,0.0,5,0.05669816564758199,0.0,1.0,1.0,1.0,1.0,1.0,1.0
SIMC1,7,0,0.0,1,0.06280566280566281,0.0,1.0,1.0,1.0,1.0,1.0,1.0
SIN3B,7,0,0.0,1,0.06280566280566281,0.0,1.0,1.0,1.0,1.0,1.0,1.0
SIPA1L3,5,0,0.0,0,0.05546240165097382,0.0,1.0,1.0,1.0,1.0,1.0,1.0
SIRPG,15,0,0.0,6,0.04790874524714829,0.0,1.0,1.0,1.0,1.0,1.0,1.0
UCHL3,6,0,0.0,0,0.05546955624355005,0.0,1.0,1.0,1.0,1.0,1.0,1.0
SIRT2,7,0,0.0,1,0.06280566280566281,0.0,1.0,1.0,1.0,1.0,1.0,1.0
SIRT5,6,0,0.0,0,0.05546955624355005,0.0,1.0,1.0,1.0,1.0,1.0,1.0
SIX1,7,0,0.0,1,0.06280566280566281,0.0,1.0,1.0,1.0,1.0,1.0,1.0
UCHL1,12,0,0.0,4,0.058307533539731685,0.0,1.0,1.0,1.0,1.0,1.0,1.0
UBXN8,6,0,0.0,0,0.05546955624355005,0.0,1.0,1.0,1.0,1.0,1.0,1.0
UCKL1,6,0,0.0,0,0.05546955624355005,0.0,1.0,1.0,1.0,1.0,1.0,1.0
UBXN6,11,0,0.0,4,0.058300012898232945,0.0,1.0,1.0,1.0,1.0,1.0,1.0
SKAP2,11,0,0.0,4,0.058300012898232945,0.0,1.0,1.0,1.0,1.0,1.0,1.0
SKI,8,0,0.0,2,0.05434647431911454,0.0,1.0,1.0,1.0,1.0,1.0,1.0
SKIC3,14,0,0.0,5,0.05670604586518416,0.0,1.0,1.0,1.0,1.0,1.0,1.0
UBXN4,11,0,0.0,4,0.058300012898232945,0.0,1.0,1.0,1.0,1.0,1.0,1.0
UBXN2B,14,0,0.0,5,0.05670604586518416,0.0,1.0,1.0,1.0,1.0,1.0,1.0
SKIL,10,0,0.0,3,0.05220779220779221,0.0,1.0,1.0,1.0,1.0,1.0,1.0
UBXN2A,13,0,0.0,5,0.05669816564758199,0.0,1.0,1.0,1.0,1.0,1.0,1.0
UBXN11,11,0,0.0,4,0.058300012898232945,0.0,1.0,1.0,1.0,1.0,1.0,1.0
UBTD2,11,0,0.0,4,0.058300012898232945,0.0,1.0,1.0,1.0,1.0,1.0,1.0
SLAIN1,14,0,0.0,5,0.05670604586518416,0.0,1.0,1.0,1.0,1.0,1.0,1.0
SLAIN2,8,0,0.0,2,0.05434647431911454,0.0,1.0,1.0,1.0,1.0,1.0,1.0
UBR4,6,0,0.0,0,0.05546955624355005,0.0,1.0,1.0,1.0,1.0,1.0,1.0
SKAP1,16,0,0.0,6,0.04791395045632334,0.0,1.0,1.0,1.0,1.0,1.0,1.0
UBQLN2,7,0,0.0,1,0.06280566280566281,0.0,1.0,1.0,1.0,1.0,1.0,1.0
SIGIRR,14,0,0.0,5,0.05670604586518416,0.0,1.0,1.0,1.0,1.0,1.0,1.0
SIAH2,8,0,0.0,2,0.05434647431911454,0.0,1.0,1.0,1.0,1.0,1.0,1.0
SH2B1,5,0,0.0,0,0.05546240165097382,0.0,1.0,1.0,1.0,1.0,1.0,1.0
ULK1,11,0,0.0,4,0.058300012898232945,0.0,1.0,1.0,1.0,1.0,1.0,1.0
SH2D1A,10,0,0.0,3,0.05220779220779221,0.0,1.0,1.0,1.0,1.0,1.0,1.0
ULBP2,5,0,0.0,0,0.05546240165097382,0.0,1.0,1.0,1.0,1.0,1.0,1.0
SH2D3A,5,0,0.0,0,0.05546240165097382,0.0,1.0,1.0,1.0,1.0,1.0,1.0
SH3BGRL,25,0,0.0,8,0.044659164555470456,0.0,1.0,1.0,1.0,1.0,1.0,1.0
SH3BP2,8,0,0.0,2,0.05434647431911454,0.0,1.0,1.0,1.0,1.0,1.0,1.0
UHRF2,5,0,0.0,0,0.05546240165097382,0.0,1.0,1.0,1.0,1.0,1.0,1.0
SH3BP5L,7,0,0.0,1,0.06280566280566281,0.0,1.0,1.0,1.0,1.0,1.0,1.0
SH3GLB1,13,0,0.0,5,0.05669816564758199,0.0,1.0,1.0,1.0,1.0,1.0,1.0
SH3GLB2,6,0,0.0,0,0.05546955624355005,0.0,1.0,1.0,1.0,1.0,1.0,1.0
UHMK1,13,0,0.0,5,0.05669816564758199,0.0,1.0,1.0,1.0,1.0,1.0,1.0
SIDT1,10,0,0.0,3,0.05220779220779221,0.0,1.0,1.0,1.0,1.0,1.0,1.0
SH3RF2,5,0,0.0,0,0.05546240165097382,0.0,1.0,1.0,1.0,1.0,1.0,1.0
UGP2,8,0,0.0,2,0.05434647431911454,0.0,1.0,1.0,1.0,1.0,1.0,1.0
UFSP2,6,0,0.0,0,0.05546955624355005,0.0,1.0,1.0,1.0,1.0,1.0,1.0
SHARPIN,8,0,0.0,2,0.05434647431911454,0.0,1.0,1.0,1.0,1.0,1.0,1.0
SHC1,7,0,0.0,1,0.06280566280566281,0.0,1.0,1.0,1.0,1.0,1.0,1.0
UFC1,14,0,0.0,5,0.05670604586518416,0.0,1.0,1.0,1.0,1.0,1.0,1.0
SHFL,5,0,0.0,0,0.05546240165097382,0.0,1.0,1.0,1.0,1.0,1.0,1.0
SHISA2,5,0,0.0,0,0.05546240165097382,0.0,1.0,1.0,1.0,1.0,1.0,1.0
SHISAL2A,7,0,0.0,1,0.06280566280566281,0.0,1.0,1.0,1.0,1.0,1.0,1.0
SHLD2,10,0,0.0,3,0.05220779220779221,0.0,1.0,1.0,1.0,1.0,1.0,1.0
SHMT2,12,0,0.0,4,0.058307533539731685,0.0,1.0,1.0,1.0,1.0,1.0,1.0
SHOC2,10,0,0.0,3,0.05220779220779221,0.0,1.0,1.0,1.0,1.0,1.0,1.0
SIAE,6,0,0.0,0,0.05546955624355005,0.0,1.0,1.0,1.0,1.0,1.0,1.0
SH3TC1,13,0,0.0,5,0.05669816564758199,0.0,1.0,1.0,1.0,1.0,1.0,1.0
UBLCP1,13,0,0.0,5,0.05669816564758199,0.0,1.0,1.0,1.0,1.0,1.0,1.0
SLAMF7,12,0,0.0,4,0.058307533539731685,0.0,1.0,1.0,1.0,1.0,1.0,1.0
SLC10A3,6,0,0.0,0,0.05546955624355005,0.0,1.0,1.0,1.0,1.0,1.0,1.0
SLC25A33,5,0,0.0,0,0.05546240165097382,0.0,1.0,1.0,1.0,1.0,1.0,1.0
SLC25A35,7,0,0.0,1,0.06280566280566281,0.0,1.0,1.0,1.0,1.0,1.0,1.0
SLC25A36,8,0,0.0,2,0.05434647431911454,0.0,1.0,1.0,1.0,1.0,1.0,1.0
SLC25A38,9,0,0.0,2,0.05435323383084577,0.0,1.0,1.0,1.0,1.0,1.0,1.0
SLC25A4,13,0,0.0,5,0.05669816564758199,0.0,1.0,1.0,1.0,1.0,1.0,1.0
SLC25A43,11,0,0.0,4,0.058300012898232945,0.0,1.0,1.0,1.0,1.0,1.0,1.0
SLC25A46,5,0,0.0,0,0.05546240165097382,0.0,1.0,1.0,1.0,1.0,1.0,1.0
SLC25A5,13,0,0.0,5,0.05669816564758199,0.0,1.0,1.0,1.0,1.0,1.0,1.0
UBE2Q1,7,0,0.0,1,0.06280566280566281,0.0,1.0,1.0,1.0,1.0,1.0,1.0
SLC25A53,6,0,0.0,0,0.05546955624355005,0.0,1.0,1.0,1.0,1.0,1.0,1.0
SLC26A11,14,0,0.0,5,0.05670604586518416,0.0,1.0,1.0,1.0,1.0,1.0,1.0
UBE2J1,18,0,0.0,7,0.04530963191962129,0.0,1.0,1.0,1.0,1.0,1.0,1.0
SLC25A30,5,0,0.0,0,0.05546240165097382,0.0,1.0,1.0,1.0,1.0,1.0,1.0
SLC27A2,14,0,0.0,5,0.05670604586518416,0.0,1.0,1.0,1.0,1.0,1.0,1.0
UBE2G2,6,0,0.0,0,0.05546955624355005,0.0,1.0,1.0,1.0,1.0,1.0,1.0
UBE2E3,15,0,0.0,6,0.04790874524714829,0.0,1.0,1.0,1.0,1.0,1.0,1.0
SLC27A3,7,0,0.0,1,0.06280566280566281,0.0,1.0,1.0,1.0,1.0,1.0,1.0
UBE2E2,9,0,0.0,2,0.05435323383084577,0.0,1.0,1.0,1.0,1.0,1.0,1.0
SLC2A1,15,0,0.0,6,0.04790874524714829,0.0,1.0,1.0,1.0,1.0,1.0,1.0
SLC2A4RG,12,0,0.0,4,0.058307533539731685,0.0,1.0,1.0,1.0,1.0,1.0,1.0
SLC2A8,9,0,0.0,2,0.05435323383084577,0.0,1.0,1.0,1.0,1.0,1.0,1.0
UBE2E1,25,0,0.0,8,0.044659164555470456,0.0,1.0,1.0,1.0,1.0,1.0,1.0
SLC30A1,8,0,0.0,2,0.05434647431911454,0.0,1.0,1.0,1.0,1.0,1.0,1.0
SLC30A4,8,0,0.0,2,0.05434647431911454,0.0,1.0,1.0,1.0,1.0,1.0,1.0
SLC30A7,5,0,0.0,0,0.05546240165097382,0.0,1.0,1.0,1.0,1.0,1.0,1.0
SLC30A9,9,0,0.0,2,0.05435323383084577,0.0,1.0,1.0,1.0,1.0,1.0,1.0
UBE2I,11,0,0.0,4,0.058300012898232945,0.0,1.0,1.0,1.0,1.0,1.0,1.0
SLC25A3,21,0,0.0,7,0.04532276768457673,0.0,1.0,1.0,1.0,1.0,1.0,1.0
SLC25A29,5,0,0.0,0,0.05546240165097382,0.0,1.0,1.0,1.0,1.0,1.0,1.0
UBE2Q2,20,0,0.0,7,0.04531838825007247,0.0,1.0,1.0,1.0,1.0,1.0,1.0
SLC10A7,5,0,0.0,0,0.05546240165097382,0.0,1.0,1.0,1.0,1.0,1.0,1.0
SLC12A2,6,0,0.0,0,0.05546955624355005,0.0,1.0,1.0,1.0,1.0,1.0,1.0
SLC12A6,19,0,0.0,7,0.04531400966183575,0.0,1.0,1.0,1.0,1.0,1.0,1.0
UBL7,9,0,0.0,2,0.05435323383084577,0.0,1.0,1.0,1.0,1.0,1.0,1.0
SLC12A7,19,0,0.0,7,0.04531400966183575,0.0,1.0,1.0,1.0,1.0,1.0,1.0
UBE4A,13,0,0.0,5,0.05669816564758199,0.0,1.0,1.0,1.0,1.0,1.0,1.0
SLC15A3,7,0,0.0,1,0.06280566280566281,0.0,1.0,1.0,1.0,1.0,1.0,1.0
UBE3C,6,0,0.0,0,0.05546955624355005,0.0,1.0,1.0,1.0,1.0,1.0,1.0
SLC16A10,5,0,0.0,0,0.05546240165097382,0.0,1.0,1.0,1.0,1.0,1.0,1.0
SLC16A13,5,0,0.0,0,0.05546240165097382,0.0,1.0,1.0,1.0,1.0,1.0,1.0
UBE3B,6,0,0.0,0,0.05546955624355005,0.0,1.0,1.0,1.0,1.0,1.0,1.0
SLC16A5,7,0,0.0,1,0.06280566280566281,0.0,1.0,1.0,1.0,1.0,1.0,1.0
SLC16A7,6,0,0.0,0,0.05546955624355005,0.0,1.0,1.0,1.0,1.0,1.0,1.0
SLC18B1,8,0,0.0,2,0.05434647431911454,0.0,1.0,1.0,1.0,1.0,1.0,1.0
UBE2Z,10,0,0.0,3,0.05220779220779221,0.0,1.0,1.0,1.0,1.0,1.0,1.0
UBE2W,6,0,0.0,0,0.05546955624355005,0.0,1.0,1.0,1.0,1.0,1.0,1.0
SLC20A1,16,0,0.0,6,0.04791395045632334,0.0,1.0,1.0,1.0,1.0,1.0,1.0
SLC22A18,7,0,0.0,1,0.06280566280566281,0.0,1.0,1.0,1.0,1.0,1.0,1.0
SLC23A2,7,0,0.0,1,0.06280566280566281,0.0,1.0,1.0,1.0,1.0,1.0,1.0
UBE2T,14,0,0.0,5,0.05670604586518416,0.0,1.0,1.0,1.0,1.0,1.0,1.0
SLC25A11,22,0,0.0,7,0.045327147965593895,0.0,1.0,1.0,1.0,1.0,1.0,1.0
SLC25A12,5,0,0.0,0,0.05546240165097382,0.0,1.0,1.0,1.0,1.0,1.0,1.0
UBE2S,18,0,0.0,7,0.04530963191962129,0.0,1.0,1.0,1.0,1.0,1.0,1.0
SLC25A24,19,0,0.0,7,0.04531400966183575,0.0,1.0,1.0,1.0,1.0,1.0,1.0
SLC25A25,6,0,0.0,0,0.05546955624355005,0.0,1.0,1.0,1.0,1.0,1.0,1.0
SLC25A26,5,0,0.0,0,0.05546240165097382,0.0,1.0,1.0,1.0,1.0,1.0,1.0
SLC25A28,6,0,0.0,0,0.05546955624355005,0.0,1.0,1.0,1.0,1.0,1.0,1.0
SLC35A5,15,0,0.0,6,0.04790874524714829,0.0,1.0,1.0,1.0,1.0,1.0,1.0
PHF1,14,0,0.0,5,0.05670604586518416,0.0,1.0,1.0,1.0,1.0,1.0,1.0
AAAS,6,0,0.0,0,0.05546955624355005,0.0,1.0,1.0,1.0,1.0,1.0,1.0
PHC1,12,0,0.0,4,0.058307533539731685,0.0,1.0,1.0,1.0,1.0,1.0,1.0
CRYZL1,5,0,0.0,0,0.05546240165097382,0.0,1.0,1.0,1.0,1.0,1.0,1.0
CRYZ,6,0,0.0,0,0.05546955624355005,0.0,1.0,1.0,1.0,1.0,1.0,1.0
CRYL1,8,0,0.0,2,0.05434647431911454,0.0,1.0,1.0,1.0,1.0,1.0,1.0
CRYBG3,5,0,0.0,0,0.05546240165097382,0.0,1.0,1.0,1.0,1.0,1.0,1.0
CRYBG1,23,0,0.0,8,0.0446539027982327,0.0,1.0,1.0,1.0,1.0,1.0,1.0
CRY1,5,0,0.0,0,0.05546240165097382,0.0,1.0,1.0,1.0,1.0,1.0,1.0
CRTAP,27,0,0.0,8,0.044664427552884335,0.0,1.0,1.0,1.0,1.0,1.0,1.0
CRLS1,12,0,0.0,4,0.058307533539731685,0.0,1.0,1.0,1.0,1.0,1.0,1.0
CRLF2,5,0,0.0,0,0.05546240165097382,0.0,1.0,1.0,1.0,1.0,1.0,1.0
CRK,8,0,0.0,2,0.05434647431911454,0.0,1.0,1.0,1.0,1.0,1.0,1.0
CRISPLD1,5,0,0.0,0,0.05546240165097382,0.0,1.0,1.0,1.0,1.0,1.0,1.0
CRIPT,8,0,0.0,2,0.05434647431911454,0.0,1.0,1.0,1.0,1.0,1.0,1.0
CRELD2,15,0,0.0,6,0.04790874524714829,0.0,1.0,1.0,1.0,1.0,1.0,1.0
CRELD1,7,0,0.0,1,0.06280566280566281,0.0,1.0,1.0,1.0,1.0,1.0,1.0
CREBL2,17,0,0.0,6,0.04791915679669673,0.0,1.0,1.0,1.0,1.0,1.0,1.0
CSF1,7,0,0.0,1,0.06280566280566281,0.0,1.0,1.0,1.0,1.0,1.0,1.0
CREBBP,5,0,0.0,0,0.05546240165097382,0.0,1.0,1.0,1.0,1.0,1.0,1.0
CSF2RB,7,0,0.0,1,0.06280566280566281,0.0,1.0,1.0,1.0,1.0,1.0,1.0
CSNK1G3,7,0,0.0,1,0.06280566280566281,0.0,1.0,1.0,1.0,1.0,1.0,1.0
CTSK,10,0,0.0,3,0.05220779220779221,0.0,1.0,1.0,1.0,1.0,1.0,1.0
CTSH,8,0,0.0,2,0.05434647431911454,0.0,1.0,1.0,1.0,1.0,1.0,1.0
CTSD,29,0,0.0,8,0.04466969179091284,0.0,1.0,1.0,1.0,1.0,1.0,1.0
CTNND1,13,0,0.0,5,0.05669816564758199,0.0,1.0,1.0,1.0,1.0,1.0,1.0
CTNNBIP1,5,0,0.0,0,0.05546240165097382,0.0,1.0,1.0,1.0,1.0,1.0,1.0
CTNNB1,6,0,0.0,0,0.05546955624355005,0.0,1.0,1.0,1.0,1.0,1.0,1.0
CTNNA1,23,0,0.0,8,0.0446539027982327,0.0,1.0,1.0,1.0,1.0,1.0,1.0
CTDSPL,8,0,0.0,2,0.05434647431911454,0.0,1.0,1.0,1.0,1.0,1.0,1.0
CTDSP2,6,0,0.0,0,0.05546955624355005,0.0,1.0,1.0,1.0,1.0,1.0,1.0
CTBP2,5,0,0.0,0,0.05546240165097382,0.0,1.0,1.0,1.0,1.0,1.0,1.0
CSTPP1,12,0,0.0,4,0.058307533539731685,0.0,1.0,1.0,1.0,1.0,1.0,1.0
CSTF2T,12,0,0.0,4,0.058307533539731685,0.0,1.0,1.0,1.0,1.0,1.0,1.0
CST3,11,0,0.0,4,0.058300012898232945,0.0,1.0,1.0,1.0,1.0,1.0,1.0
CSRP1,13,0,0.0,5,0.05669816564758199,0.0,1.0,1.0,1.0,1.0,1.0,1.0
CSNK2A2,6,0,0.0,0,0.05546955624355005,0.0,1.0,1.0,1.0,1.0,1.0,1.0
CSK,20,0,0.0,7,0.04531838825007247,0.0,1.0,1.0,1.0,1.0,1.0,1.0
CTSL,6,0,0.0,0,0.05546955624355005,0.0,1.0,1.0,1.0,1.0,1.0,1.0
CREB1,6,0,0.0,0,0.05546955624355005,0.0,1.0,1.0,1.0,1.0,1.0,1.0
CRAMP1,6,0,0.0,0,0.05546955624355005,0.0,1.0,1.0,1.0,1.0,1.0,1.0
CORO2A,14,0,0.0,5,0.05670604586518416,0.0,1.0,1.0,1.0,1.0,1.0,1.0
CORO1C,20,0,0.0,7,0.04531838825007247,0.0,1.0,1.0,1.0,1.0,1.0,1.0
CORO1B,27,0,0.0,8,0.044664427552884335,0.0,1.0,1.0,1.0,1.0,1.0,1.0
COQ7,5,0,0.0,0,0.05546240165097382,0.0,1.0,1.0,1.0,1.0,1.0,1.0
COQ5,9,0,0.0,2,0.05435323383084577,0.0,1.0,1.0,1.0,1.0,1.0,1.0
COQ3,7,0,0.0,1,0.06280566280566281,0.0,1.0,1.0,1.0,1.0,1.0,1.0
COQ10B,5,0,0.0,0,0.05546240165097382,0.0,1.0,1.0,1.0,1.0,1.0,1.0
COPZ1,16,0,0.0,6,0.04791395045632334,0.0,1.0,1.0,1.0,1.0,1.0,1.0
COPS7B,5,0,0.0,0,0.05546240165097382,0.0,1.0,1.0,1.0,1.0,1.0,1.0
COPS7A,7,0,0.0,1,0.06280566280566281,0.0,1.0,1.0,1.0,1.0,1.0,1.0
COPS3,7,0,0.0,1,0.06280566280566281,0.0,1.0,1.0,1.0,1.0,1.0,1.0
COPS2,8,0,0.0,2,0.05434647431911454,0.0,1.0,1.0,1.0,1.0,1.0,1.0
COPG2,15,0,0.0,6,0.04790874524714829,0.0,1.0,1.0,1.0,1.0,1.0,1.0
COPE,14,0,0.0,5,0.05670604586518416,0.0,1.0,1.0,1.0,1.0,1.0,1.0
COPB2,14,0,0.0,5,0.05670604586518416,0.0,1.0,1.0,1.0,1.0,1.0,1.0
CORO7,16,0,0.0,6,0.04791395045632334,0.0,1.0,1.0,1.0,1.0,1.0,1.0
CRBN,9,0,0.0,2,0.05435323383084577,0.0,1.0,1.0,1.0,1.0,1.0,1.0
COX10,7,0,0.0,1,0.06280566280566281,0.0,1.0,1.0,1.0,1.0,1.0,1.0
COX18,5,0,0.0,0,0.05546240165097382,0.0,1.0,1.0,1.0,1.0,1.0,1.0
CRADD,7,0,0.0,1,0.06280566280566281,0.0,1.0,1.0,1.0,1.0,1.0,1.0
CRACR2A,10,0,0.0,3,0.05220779220779221,0.0,1.0,1.0,1.0,1.0,1.0,1.0
CRACD,6,0,0.0,0,0.05546955624355005,0.0,1.0,1.0,1.0,1.0,1.0,1.0
CPT2,8,0,0.0,2,0.05434647431911454,0.0,1.0,1.0,1.0,1.0,1.0,1.0
CPT1A,5,0,0.0,0,0.05546240165097382,0.0,1.0,1.0,1.0,1.0,1.0,1.0
CPSF7,5,0,0.0,0,0.05546240165097382,0.0,1.0,1.0,1.0,1.0,1.0,1.0
CPSF3,8,0,0.0,2,0.05434647431911454,0.0,1.0,1.0,1.0,1.0,1.0,1.0
CPQ,14,0,0.0,5,0.05670604586518416,0.0,1.0,1.0,1.0,1.0,1.0,1.0
CPPED1,18,0,0.0,7,0.04530963191962129,0.0,1.0,1.0,1.0,1.0,1.0,1.0
CPNE3,13,0,0.0,5,0.05669816564758199,0.0,1.0,1.0,1.0,1.0,1.0,1.0
CPM,6,0,0.0,0,0.05546955624355005,0.0,1.0,1.0,1.0,1.0,1.0,1.0
CPLANE1,20,0,0.0,7,0.04531838825007247,0.0,1.0,1.0,1.0,1.0,1.0,1.0
CPEB4,13,0,0.0,5,0.05669816564758199,0.0,1.0,1.0,1.0,1.0,1.0,1.0
CPEB2,12,0,0.0,4,0.058307533539731685,0.0,1.0,1.0,1.0,1.0,1.0,1.0
COX19,6,0,0.0,0,0.05546955624355005,0.0,1.0,1.0,1.0,1.0,1.0,1.0
COX16,11,0,0.0,4,0.058300012898232945,0.0,1.0,1.0,1.0,1.0,1.0,1.0
COPA,15,0,0.0,6,0.04790874524714829,0.0,1.0,1.0,1.0,1.0,1.0,1.0
CTSO,11,0,0.0,4,0.058300012898232945,0.0,1.0,1.0,1.0,1.0,1.0,1.0
CTTNBP2NL,10,0,0.0,3,0.05220779220779221,0.0,1.0,1.0,1.0,1.0,1.0,1.0
DCP1B,10,0,0.0,3,0.05220779220779221,0.0,1.0,1.0,1.0,1.0,1.0,1.0
DCLRE1A,8,0,0.0,2,0.05434647431911454,0.0,1.0,1.0,1.0,1.0,1.0,1.0
DCBLD2,12,0,0.0,4,0.058307533539731685,0.0,1.0,1.0,1.0,1.0,1.0,1.0
DCBLD1,6,0,0.0,0,0.05546955624355005,0.0,1.0,1.0,1.0,1.0,1.0,1.0
DCAF6,7,0,0.0,1,0.06280566280566281,0.0,1.0,1.0,1.0,1.0,1.0,1.0
DCAF5,8,0,0.0,2,0.05434647431911454,0.0,1.0,1.0,1.0,1.0,1.0,1.0
DCAF16,8,0,0.0,2,0.05434647431911454,0.0,1.0,1.0,1.0,1.0,1.0,1.0
DCAF15,5,0,0.0,0,0.05546240165097382,0.0,1.0,1.0,1.0,1.0,1.0,1.0
DCAF10,8,0,0.0,2,0.05434647431911454,0.0,1.0,1.0,1.0,1.0,1.0,1.0
DBP,5,0,0.0,0,0.05546240165097382,0.0,1.0,1.0,1.0,1.0,1.0,1.0
DBNL,14,0,0.0,5,0.05670604586518416,0.0,1.0,1.0,1.0,1.0,1.0,1.0
DBNDD2,19,0,0.0,7,0.04531400966183575,0.0,1.0,1.0,1.0,1.0,1.0,1.0
DAZAP1,17,0,0.0,6,0.04791915679669673,0.0,1.0,1.0,1.0,1.0,1.0,1.0
DAXX,9,0,0.0,2,0.05435323383084577,0.0,1.0,1.0,1.0,1.0,1.0,1.0
DARS2,9,0,0.0,2,0.05435323383084577,0.0,1.0,1.0,1.0,1.0,1.0,1.0
DCP2,7,0,0.0,1,0.06280566280566281,0.0,1.0,1.0,1.0,1.0,1.0,1.0
DAP3,15,0,0.0,6,0.04790874524714829,0.0,1.0,1.0,1.0,1.0,1.0,1.0
DCPS,10,0,0.0,3,0.05220779220779221,0.0,1.0,1.0,1.0,1.0,1.0,1.0
DCTN2,16,0,0.0,6,0.04791395045632334,0.0,1.0,1.0,1.0,1.0,1.0,1.0
DDX39B,9,0,0.0,2,0.05435323383084577,0.0,1.0,1.0,1.0,1.0,1.0,1.0
DDX24,7,0,0.0,1,0.06280566280566281,0.0,1.0,1.0,1.0,1.0,1.0,1.0
DDT,17,0,0.0,6,0.04791915679669673,0.0,1.0,1.0,1.0,1.0,1.0,1.0
DDRGK1,15,0,0.0,6,0.04790874524714829,0.0,1.0,1.0,1.0,1.0,1.0,1.0
DDR1,6,0,0.0,0,0.05546955624355005,0.0,1.0,1.0,1.0,1.0,1.0,1.0
DDOST,13,0,0.0,5,0.05669816564758199,0.0,1.0,1.0,1.0,1.0,1.0,1.0
DDHD2,19,0,0.0,7,0.04531400966183575,0.0,1.0,1.0,1.0,1.0,1.0,1.0
DDHD1,13,0,0.0,5,0.05669816564758199,0.0,1.0,1.0,1.0,1.0,1.0,1.0
DDAH2,6,0,0.0,0,0.05546955624355005,0.0,1.0,1.0,1.0,1.0,1.0,1.0
DDA1,12,0,0.0,4,0.058307533539731685,0.0,1.0,1.0,1.0,1.0,1.0,1.0
DCXR,14,0,0.0,5,0.05670604586518416,0.0,1.0,1.0,1.0,1.0,1.0,1.0
DCUN1D5,14,0,0.0,5,0.05670604586518416,0.0,1.0,1.0,1.0,1.0,1.0,1.0
DCUN1D4,12,0,0.0,4,0.058307533539731685,0.0,1.0,1.0,1.0,1.0,1.0,1.0
DCTN6,6,0,0.0,0,0.05546955624355005,0.0,1.0,1.0,1.0,1.0,1.0,1.0
DCTN4,10,0,0.0,3,0.05220779220779221,0.0,1.0,1.0,1.0,1.0,1.0,1.0
DCTD,16,0,0.0,6,0.04791395045632334,0.0,1.0,1.0,1.0,1.0,1.0,1.0
CTSZ,24,0,0.0,8,0.04465653352185696,0.0,1.0,1.0,1.0,1.0,1.0,1.0
DAP,17,0,0.0,6,0.04791915679669673,0.0,1.0,1.0,1.0,1.0,1.0,1.0
DAG1,6,0,0.0,0,0.05546955624355005,0.0,1.0,1.0,1.0,1.0,1.0,1.0
CYB5R1,5,0,0.0,0,0.05546240165097382,0.0,1.0,1.0,1.0,1.0,1.0,1.0
CYB5D2,6,0,0.0,0,0.05546955624355005,0.0,1.0,1.0,1.0,1.0,1.0,1.0
CYB5B,15,0,0.0,6,0.04790874524714829,0.0,1.0,1.0,1.0,1.0,1.0,1.0
CYB561A3,5,0,0.0,0,0.05546240165097382,0.0,1.0,1.0,1.0,1.0,1.0,1.0
CYB561,7,0,0.0,1,0.06280566280566281,0.0,1.0,1.0,1.0,1.0,1.0,1.0
CXorf65,11,0,0.0,4,0.058300012898232945,0.0,1.0,1.0,1.0,1.0,1.0,1.0
CXorf38,5,0,0.0,0,0.05546240165097382,0.0,1.0,1.0,1.0,1.0,1.0,1.0
CXXC5,11,0,0.0,4,0.058300012898232945,0.0,1.0,1.0,1.0,1.0,1.0,1.0
CXCR3,21,0,0.0,7,0.04532276768457673,0.0,1.0,1.0,1.0,1.0,1.0,1.0
CWC27,5,0,0.0,0,0.05546240165097382,0.0,1.0,1.0,1.0,1.0,1.0,1.0
CWC15,7,0,0.0,1,0.06280566280566281,0.0,1.0,1.0,1.0,1.0,1.0,1.0
CUX1,24,0,0.0,8,0.04465653352185696,0.0,1.0,1.0,1.0,1.0,1.0,1.0
CUTC,12,0,0.0,4,0.058307533539731685,0.0,1.0,1.0,1.0,1.0,1.0,1.0
CUL7,8,0,0.0,2,0.05434647431911454,0.0,1.0,1.0,1.0,1.0,1.0,1.0
CUEDC2,7,0,0.0,1,0.06280566280566281,0.0,1.0,1.0,1.0,1.0,1.0,1.0
CYB5R3,30,0,0.0,8,0.04467232437529467,0.0,1.0,1.0,1.0,1.0,1.0,1.0
DALRD3,8,0,0.0,2,0.05434647431911454,0.0,1.0,1.0,1.0,1.0,1.0,1.0
CYB5R4,7,0,0.0,1,0.06280566280566281,0.0,1.0,1.0,1.0,1.0,1.0,1.0
CYBRD1,10,0,0.0,3,0.05220779220779221,0.0,1.0,1.0,1.0,1.0,1.0,1.0
DAAM1,8,0,0.0,2,0.05434647431911454,0.0,1.0,1.0,1.0,1.0,1.0,1.0
CZIB,5,0,0.0,0,0.05546240165097382,0.0,1.0,1.0,1.0,1.0,1.0,1.0
CYTH2,6,0,0.0,0,0.05546955624355005,0.0,1.0,1.0,1.0,1.0,1.0,1.0
CYTH1,19,0,0.0,7,0.04531400966183575,0.0,1.0,1.0,1.0,1.0,1.0,1.0
CYSTM1,10,0,0.0,3,0.05220779220779221,0.0,1.0,1.0,1.0,1.0,1.0,1.0
CYSLTR2,21,0,0.0,7,0.04532276768457673,0.0,1.0,1.0,1.0,1.0,1.0,1.0
CYSLTR1,9,0,0.0,2,0.05435323383084577,0.0,1.0,1.0,1.0,1.0,1.0,1.0
CYP51A1,11,0,0.0,4,0.058300012898232945,0.0,1.0,1.0,1.0,1.0,1.0,1.0
CYP4V2,12,0,0.0,4,0.058307533539731685,0.0,1.0,1.0,1.0,1.0,1.0,1.0
CYP2U1,6,0,0.0,0,0.05546955624355005,0.0,1.0,1.0,1.0,1.0,1.0,1.0
CYP20A1,7,0,0.0,1,0.06280566280566281,0.0,1.0,1.0,1.0,1.0,1.0,1.0
CYP1B1,17,0,0.0,6,0.04791915679669673,0.0,1.0,1.0,1.0,1.0,1.0,1.0
CYP1A1,6,0,0.0,0,0.05546955624355005,0.0,1.0,1.0,1.0,1.0,1.0,1.0
CYFIP2,24,0,0.0,8,0.04465653352185696,0.0,1.0,1.0,1.0,1.0,1.0,1.0
CYFIP1,29,0,0.0,8,0.04466969179091284,0.0,1.0,1.0,1.0,1.0,1.0,1.0
CYBA,17,0,0.0,6,0.04791915679669673,0.0,1.0,1.0,1.0,1.0,1.0,1.0
COMT,13,0,0.0,5,0.05669816564758199,0.0,1.0,1.0,1.0,1.0,1.0,1.0
COMMD9,5,0,0.0,0,0.05546240165097382,0.0,1.0,1.0,1.0,1.0,1.0,1.0
COMMD8,6,0,0.0,0,0.05546955624355005,0.0,1.0,1.0,1.0,1.0,1.0,1.0
CFD,9,0,0.0,2,0.05435323383084577,0.0,1.0,1.0,1.0,1.0,1.0,1.0
CFAP68,13,0,0.0,5,0.05669816564758199,0.0,1.0,1.0,1.0,1.0,1.0,1.0
CFAP36,13,0,0.0,5,0.05669816564758199,0.0,1.0,1.0,1.0,1.0,1.0,1.0
CFAP298,8,0,0.0,2,0.05434647431911454,0.0,1.0,1.0,1.0,1.0,1.0,1.0
CETN3,12,0,0.0,4,0.058307533539731685,0.0,1.0,1.0,1.0,1.0,1.0,1.0
CETN2,14,0,0.0,5,0.05670604586518416,0.0,1.0,1.0,1.0,1.0,1.0,1.0
CES4A,5,0,0.0,0,0.05546240165097382,0.0,1.0,1.0,1.0,1.0,1.0,1.0
CES2,9,0,0.0,2,0.05435323383084577,0.0,1.0,1.0,1.0,1.0,1.0,1.0
CERT1,7,0,0.0,1,0.06280566280566281,0.0,1.0,1.0,1.0,1.0,1.0,1.0
CERS6,10,0,0.0,3,0.05220779220779221,0.0,1.0,1.0,1.0,1.0,1.0,1.0
CERS2,17,0,0.0,6,0.04791915679669673,0.0,1.0,1.0,1.0,1.0,1.0,1.0
CERK,10,0,0.0,3,0.05220779220779221,0.0,1.0,1.0,1.0,1.0,1.0,1.0
CERCAM,17,0,0.0,6,0.04791915679669673,0.0,1.0,1.0,1.0,1.0,1.0,1.0
CEP89,5,0,0.0,0,0.05546240165097382,0.0,1.0,1.0,1.0,1.0,1.0,1.0
CEP85L,13,0,0.0,5,0.05669816564758199,0.0,1.0,1.0,1.0,1.0,1.0,1.0
CFDP1,28,0,0.0,8,0.044667059516794345,0.0,1.0,1.0,1.0,1.0,1.0,1.0
CEP70,14,0,0.0,5,0.05670604586518416,0.0,1.0,1.0,1.0,1.0,1.0,1.0
CFH,16,0,0.0,6,0.04791395045632334,0.0,1.0,1.0,1.0,1.0,1.0,1.0
CFP,9,0,0.0,2,0.05435323383084577,0.0,1.0,1.0,1.0,1.0,1.0,1.0
CHMP4A,13,0,0.0,5,0.05669816564758199,0.0,1.0,1.0,1.0,1.0,1.0,1.0
CHMP2A,14,0,0.0,5,0.05670604586518416,0.0,1.0,1.0,1.0,1.0,1.0,1.0
CHML,12,0,0.0,4,0.058307533539731685,0.0,1.0,1.0,1.0,1.0,1.0,1.0
CHKB,9,0,0.0,2,0.05435323383084577,0.0,1.0,1.0,1.0,1.0,1.0,1.0
CHI3L2,19,0,0.0,7,0.04531400966183575,0.0,1.0,1.0,1.0,1.0,1.0,1.0
CHEK2,5,0,0.0,0,0.05546240165097382,0.0,1.0,1.0,1.0,1.0,1.0,1.0
CHDH,5,0,0.0,0,0.05546240165097382,0.0,1.0,1.0,1.0,1.0,1.0,1.0
CHD7,18,0,0.0,7,0.04530963191962129,0.0,1.0,1.0,1.0,1.0,1.0,1.0
CHD6,9,0,0.0,2,0.05435323383084577,0.0,1.0,1.0,1.0,1.0,1.0,1.0
CHCHD7,20,0,0.0,7,0.04531838825007247,0.0,1.0,1.0,1.0,1.0,1.0,1.0
CHCHD6,5,0,0.0,0,0.05546240165097382,0.0,1.0,1.0,1.0,1.0,1.0,1.0
CHCHD5,8,0,0.0,2,0.05434647431911454,0.0,1.0,1.0,1.0,1.0,1.0,1.0
CHAMP1,8,0,0.0,2,0.05434647431911454,0.0,1.0,1.0,1.0,1.0,1.0,1.0
CGRRF1,6,0,0.0,0,0.05546955624355005,0.0,1.0,1.0,1.0,1.0,1.0,1.0
CGGBP1,13,0,0.0,5,0.05669816564758199,0.0,1.0,1.0,1.0,1.0,1.0,1.0
CFL2,14,0,0.0,5,0.05670604586518416,0.0,1.0,1.0,1.0,1.0,1.0,1.0
CHMP7,11,0,0.0,4,0.058300012898232945,0.0,1.0,1.0,1.0,1.0,1.0,1.0
CEP68,14,0,0.0,5,0.05670604586518416,0.0,1.0,1.0,1.0,1.0,1.0,1.0
CEP44,5,0,0.0,0,0.05546240165097382,0.0,1.0,1.0,1.0,1.0,1.0,1.0
CDRT4,11,0,0.0,4,0.058300012898232945,0.0,1.0,1.0,1.0,1.0,1.0,1.0
CDR2,7,0,0.0,1,0.06280566280566281,0.0,1.0,1.0,1.0,1.0,1.0,1.0
CDKN3,6,0,0.0,0,0.05546955624355005,0.0,1.0,1.0,1.0,1.0,1.0,1.0
CDKN2AIPNL,7,0,0.0,1,0.06280566280566281,0.0,1.0,1.0,1.0,1.0,1.0,1.0
CDKN2A,18,0,0.0,7,0.04530963191962129,0.0,1.0,1.0,1.0,1.0,1.0,1.0
CDKN1B,16,0,0.0,6,0.04791395045632334,0.0,1.0,1.0,1.0,1.0,1.0,1.0
CDKL1,8,0,0.0,2,0.05434647431911454,0.0,1.0,1.0,1.0,1.0,1.0,1.0
CDK9,15,0,0.0,6,0.04790874524714829,0.0,1.0,1.0,1.0,1.0,1.0,1.0
CDK8,5,0,0.0,0,0.05546240165097382,0.0,1.0,1.0,1.0,1.0,1.0,1.0
CDK6,10,0,0.0,3,0.05220779220779221,0.0,1.0,1.0,1.0,1.0,1.0,1.0
CDK5RAP2,7,0,0.0,1,0.06280566280566281,0.0,1.0,1.0,1.0,1.0,1.0,1.0
CDK5,6,0,0.0,0,0.05546955624355005,0.0,1.0,1.0,1.0,1.0,1.0,1.0
CDK2AP2,16,0,0.0,6,0.04791395045632334,0.0,1.0,1.0,1.0,1.0,1.0,1.0
CDK2AP1,22,0,0.0,7,0.045327147965593895,0.0,1.0,1.0,1.0,1.0,1.0,1.0
CDK19,7,0,0.0,1,0.06280566280566281,0.0,1.0,1.0,1.0,1.0,1.0,1.0
CDT1,9,0,0.0,2,0.05435323383084577,0.0,1.0,1.0,1.0,1.0,1.0,1.0
CEP57,9,0,0.0,2,0.05435323383084577,0.0,1.0,1.0,1.0,1.0,1.0,1.0
CDV3,9,0,0.0,2,0.05435323383084577,0.0,1.0,1.0,1.0,1.0,1.0,1.0
CEMIP2,13,0,0.0,5,0.05669816564758199,0.0,1.0,1.0,1.0,1.0,1.0,1.0
CEP43,5,0,0.0,0,0.05546240165097382,0.0,1.0,1.0,1.0,1.0,1.0,1.0
CEP350,8,0,0.0,2,0.05434647431911454,0.0,1.0,1.0,1.0,1.0,1.0,1.0
CEP295,6,0,0.0,0,0.05546955624355005,0.0,1.0,1.0,1.0,1.0,1.0,1.0
CEP250,8,0,0.0,2,0.05434647431911454,0.0,1.0,1.0,1.0,1.0,1.0,1.0
CEP20,8,0,0.0,2,0.05434647431911454,0.0,1.0,1.0,1.0,1.0,1.0,1.0
CEP192,8,0,0.0,2,0.05434647431911454,0.0,1.0,1.0,1.0,1.0,1.0,1.0
CEP170,17,0,0.0,6,0.04791915679669673,0.0,1.0,1.0,1.0,1.0,1.0,1.0
CEP135,5,0,0.0,0,0.05546240165097382,0.0,1.0,1.0,1.0,1.0,1.0,1.0
CEP128,16,0,0.0,6,0.04791395045632334,0.0,1.0,1.0,1.0,1.0,1.0,1.0
CENPW,7,0,0.0,1,0.06280566280566281,0.0,1.0,1.0,1.0,1.0,1.0,1.0
CENPV,22,0,0.0,7,0.045327147965593895,0.0,1.0,1.0,1.0,1.0,1.0,1.0
CENPU,6,0,0.0,0,0.05546955624355005,0.0,1.0,1.0,1.0,1.0,1.0,1.0
CENPP,5,0,0.0,0,0.05546240165097382,0.0,1.0,1.0,1.0,1.0,1.0,1.0
CENPN,11,0,0.0,4,0.058300012898232945,0.0,1.0,1.0,1.0,1.0,1.0,1.0
CENPB,8,0,0.0,2,0.05434647431911454,0.0,1.0,1.0,1.0,1.0,1.0,1.0
CDYL2,26,0,0.0,8,0.04466179589912798,0.0,1.0,1.0,1.0,1.0,1.0,1.0
CHN1,6,0,0.0,0,0.05546955624355005,0.0,1.0,1.0,1.0,1.0,1.0,1.0
CHP1,7,0,0.0,1,0.06280566280566281,0.0,1.0,1.0,1.0,1.0,1.0,1.0
CHPF,24,0,0.0,8,0.04465653352185696,0.0,1.0,1.0,1.0,1.0,1.0,1.0
CNKSR2,11,0,0.0,4,0.058300012898232945,0.0,1.0,1.0,1.0,1.0,1.0,1.0
CNDP2,11,0,0.0,4,0.058300012898232945,0.0,1.0,1.0,1.0,1.0,1.0,1.0
CNBP,12,0,0.0,4,0.058307533539731685,0.0,1.0,1.0,1.0,1.0,1.0,1.0
CMTM8,9,0,0.0,2,0.05435323383084577,0.0,1.0,1.0,1.0,1.0,1.0,1.0
CMTM2,5,0,0.0,0,0.05546240165097382,0.0,1.0,1.0,1.0,1.0,1.0,1.0
CMPK1,7,0,0.0,1,0.06280566280566281,0.0,1.0,1.0,1.0,1.0,1.0,1.0
CMIP,24,0,0.0,8,0.04465653352185696,0.0,1.0,1.0,1.0,1.0,1.0,1.0
CMC4,17,0,0.0,6,0.04791915679669673,0.0,1.0,1.0,1.0,1.0,1.0,1.0
CMC1,7,0,0.0,1,0.06280566280566281,0.0,1.0,1.0,1.0,1.0,1.0,1.0
CMAS,20,0,0.0,7,0.04531838825007247,0.0,1.0,1.0,1.0,1.0,1.0,1.0
CLYBL,5,0,0.0,0,0.05546240165097382,0.0,1.0,1.0,1.0,1.0,1.0,1.0
CLUAP1,15,0,0.0,6,0.04790874524714829,0.0,1.0,1.0,1.0,1.0,1.0,1.0
CLU,33,0,0.0,8,0.04468022399056882,0.0,1.0,1.0,1.0,1.0,1.0,1.0
CLPX,6,0,0.0,0,0.05546955624355005,0.0,1.0,1.0,1.0,1.0,1.0,1.0
CLPTM1,7,0,0.0,1,0.06280566280566281,0.0,1.0,1.0,1.0,1.0,1.0,1.0
CNN3,13,0,0.0,5,0.05669816564758199,0.0,1.0,1.0,1.0,1.0,1.0,1.0
CLPP,11,0,0.0,4,0.058300012898232945,0.0,1.0,1.0,1.0,1.0,1.0,1.0
CNNM4,10,0,0.0,3,0.05220779220779221,0.0,1.0,1.0,1.0,1.0,1.0,1.0
CNP,10,0,0.0,3,0.05220779220779221,0.0,1.0,1.0,1.0,1.0,1.0,1.0
COMMD3,7,0,0.0,1,0.06280566280566281,0.0,1.0,1.0,1.0,1.0,1.0,1.0
COMMD10,13,0,0.0,5,0.05669816564758199,0.0,1.0,1.0,1.0,1.0,1.0,1.0
COMMD1,20,0,0.0,7,0.04531838825007247,0.0,1.0,1.0,1.0,1.0,1.0,1.0
COL9A2,10,0,0.0,3,0.05220779220779221,0.0,1.0,1.0,1.0,1.0,1.0,1.0
COL6A3,5,0,0.0,0,0.05546240165097382,0.0,1.0,1.0,1.0,1.0,1.0,1.0
COL6A2,6,0,0.0,0,0.05546955624355005,0.0,1.0,1.0,1.0,1.0,1.0,1.0
COG7,5,0,0.0,0,0.05546240165097382,0.0,1.0,1.0,1.0,1.0,1.0,1.0
COCH,6,0,0.0,0,0.05546955624355005,0.0,1.0,1.0,1.0,1.0,1.0,1.0
COASY,5,0,0.0,0,0.05546240165097382,0.0,1.0,1.0,1.0,1.0,1.0,1.0
COA6,5,0,0.0,0,0.05546240165097382,0.0,1.0,1.0,1.0,1.0,1.0,1.0
CNTRL,10,0,0.0,3,0.05220779220779221,0.0,1.0,1.0,1.0,1.0,1.0,1.0
CNTNAP1,8,0,0.0,2,0.05434647431911454,0.0,1.0,1.0,1.0,1.0,1.0,1.0
CNST,6,0,0.0,0,0.05546955624355005,0.0,1.0,1.0,1.0,1.0,1.0,1.0
CNPY3,13,0,0.0,5,0.05669816564758199,0.0,1.0,1.0,1.0,1.0,1.0,1.0
CNPPD1,10,0,0.0,3,0.05220779220779221,0.0,1.0,1.0,1.0,1.0,1.0,1.0
CNOT8,10,0,0.0,3,0.05220779220779221,0.0,1.0,1.0,1.0,1.0,1.0,1.0
CLPB,10,0,0.0,3,0.05220779220779221,0.0,1.0,1.0,1.0,1.0,1.0,1.0
CLOCK,8,0,0.0,2,0.05434647431911454,0.0,1.0,1.0,1.0,1.0,1.0,1.0
CLN5,6,0,0.0,0,0.05546955624355005,0.0,1.0,1.0,1.0,1.0,1.0,1.0
CIDEB,8,0,0.0,2,0.05434647431911454,0.0,1.0,1.0,1.0,1.0,1.0,1.0
CIC,7,0,0.0,1,0.06280566280566281,0.0,1.0,1.0,1.0,1.0,1.0,1.0
CIBAR1,5,0,0.0,0,0.05546240165097382,0.0,1.0,1.0,1.0,1.0,1.0,1.0
CIB1,8,0,0.0,2,0.05434647431911454,0.0,1.0,1.0,1.0,1.0,1.0,1.0
CIAO2A,6,0,0.0,0,0.05546955624355005,0.0,1.0,1.0,1.0,1.0,1.0,1.0
CHTOP,5,0,0.0,0,0.05546240165097382,0.0,1.0,1.0,1.0,1.0,1.0,1.0
CHST2,6,0,0.0,0,0.05546955624355005,0.0,1.0,1.0,1.0,1.0,1.0,1.0
CHST14,28,0,0.0,8,0.044667059516794345,0.0,1.0,1.0,1.0,1.0,1.0,1.0
CHST12,27,0,0.0,8,0.044664427552884335,0.0,1.0,1.0,1.0,1.0,1.0,1.0
CHST11,15,0,0.0,6,0.04790874524714829,0.0,1.0,1.0,1.0,1.0,1.0,1.0
CHST10,12,0,0.0,4,0.058307533539731685,0.0,1.0,1.0,1.0,1.0,1.0,1.0
CHRNB1,6,0,0.0,0,0.05546955624355005,0.0,1.0,1.0,1.0,1.0,1.0,1.0
CHRNA5,7,0,0.0,1,0.06280566280566281,0.0,1.0,1.0,1.0,1.0,1.0,1.0
CHRAC1,14,0,0.0,5,0.05670604586518416,0.0,1.0,1.0,1.0,1.0,1.0,1.0
CHPT1,11,0,0.0,4,0.058300012898232945,0.0,1.0,1.0,1.0,1.0,1.0,1.0
CIITA,10,0,0.0,3,0.05220779220779221,0.0,1.0,1.0,1.0,1.0,1.0,1.0
CIRBP,18,0,0.0,7,0.04530963191962129,0.0,1.0,1.0,1.0,1.0,1.0,1.0
CISD1,5,0,0.0,0,0.05546240165097382,0.0,1.0,1.0,1.0,1.0,1.0,1.0
CITED2,35,0,0.0,8,0.044685491953074336,0.0,1.0,1.0,1.0,1.0,1.0,1.0
CLIP4,9,0,0.0,2,0.05435323383084577,0.0,1.0,1.0,1.0,1.0,1.0,1.0
CLIP2,6,0,0.0,0,0.05546955624355005,0.0,1.0,1.0,1.0,1.0,1.0,1.0
CLIP1,10,0,0.0,3,0.05220779220779221,0.0,1.0,1.0,1.0,1.0,1.0,1.0
CLIC6,5,0,0.0,0,0.05546240165097382,0.0,1.0,1.0,1.0,1.0,1.0,1.0
CLIC5,9,0,0.0,2,0.05435323383084577,0.0,1.0,1.0,1.0,1.0,1.0,1.0
CLIC4,28,0,0.0,8,0.044667059516794345,0.0,1.0,1.0,1.0,1.0,1.0,1.0
CLEC16A,8,0,0.0,2,0.05434647431911454,0.0,1.0,1.0,1.0,1.0,1.0,1.0
DDX3X,9,0,0.0,2,0.05435323383084577,0.0,1.0,1.0,1.0,1.0,1.0,1.0
CLDND2,9,0,0.0,2,0.05435323383084577,0.0,1.0,1.0,1.0,1.0,1.0,1.0
CLCN6,8,0,0.0,2,0.05434647431911454,0.0,1.0,1.0,1.0,1.0,1.0,1.0
CKS2,16,0,0.0,6,0.04791395045632334,0.0,1.0,1.0,1.0,1.0,1.0,1.0
CKS1B,12,0,0.0,4,0.058307533539731685,0.0,1.0,1.0,1.0,1.0,1.0,1.0
CKLF,19,0,0.0,7,0.04531400966183575,0.0,1.0,1.0,1.0,1.0,1.0,1.0
CKB,11,0,0.0,4,0.058300012898232945,0.0,1.0,1.0,1.0,1.0,1.0,1.0
CKAP4,16,0,0.0,6,0.04791395045632334,0.0,1.0,1.0,1.0,1.0,1.0,1.0
CITED4,8,0,0.0,2,0.05434647431911454,0.0,1.0,1.0,1.0,1.0,1.0,1.0
CLDN15,8,0,0.0,2,0.05434647431911454,0.0,1.0,1.0,1.0,1.0,1.0,1.0
DDX54,5,0,0.0,0,0.05546240165097382,0.0,1.0,1.0,1.0,1.0,1.0,1.0
DDX59,6,0,0.0,0,0.05546955624355005,0.0,1.0,1.0,1.0,1.0,1.0,1.0
DDX60,7,0,0.0,1,0.06280566280566281,0.0,1.0,1.0,1.0,1.0,1.0,1.0
ERCC1,8,0,0.0,2,0.05434647431911454,0.0,1.0,1.0,1.0,1.0,1.0,1.0
ERC1,9,0,0.0,2,0.05435323383084577,0.0,1.0,1.0,1.0,1.0,1.0,1.0
ERBIN,11,0,0.0,4,0.058300012898232945,0.0,1.0,1.0,1.0,1.0,1.0,1.0
ERAP1,17,0,0.0,6,0.04791915679669673,0.0,1.0,1.0,1.0,1.0,1.0,1.0
EPS8,6,0,0.0,0,0.05546955624355005,0.0,1.0,1.0,1.0,1.0,1.0,1.0
EPN1,11,0,0.0,4,0.058300012898232945,0.0,1.0,1.0,1.0,1.0,1.0,1.0
EPHX2,7,0,0.0,1,0.06280566280566281,0.0,1.0,1.0,1.0,1.0,1.0,1.0
EPHX1,5,0,0.0,0,0.05546240165097382,0.0,1.0,1.0,1.0,1.0,1.0,1.0
EPHB6,6,0,0.0,0,0.05546955624355005,0.0,1.0,1.0,1.0,1.0,1.0,1.0
EPHB1,9,0,0.0,2,0.05435323383084577,0.0,1.0,1.0,1.0,1.0,1.0,1.0
EPDR1,7,0,0.0,1,0.06280566280566281,0.0,1.0,1.0,1.0,1.0,1.0,1.0
EPB41L2,26,0,0.0,8,0.04466179589912798,0.0,1.0,1.0,1.0,1.0,1.0,1.0
EPAS1,10,0,0.0,3,0.05220779220779221,0.0,1.0,1.0,1.0,1.0,1.0,1.0
EP300,17,0,0.0,6,0.04791915679669673,0.0,1.0,1.0,1.0,1.0,1.0,1.0
EOMES,6,0,0.0,0,0.05546955624355005,0.0,1.0,1.0,1.0,1.0,1.0,1.0
ERCC5,8,0,0.0,2,0.05434647431911454,0.0,1.0,1.0,1.0,1.0,1.0,1.0
ENTPD7,8,0,0.0,2,0.05434647431911454,0.0,1.0,1.0,1.0,1.0,1.0,1.0
ERCC6,5,0,0.0,0,0.05546240165097382,0.0,1.0,1.0,1.0,1.0,1.0,1.0
ERG28,12,0,0.0,4,0.058307533539731685,0.0,1.0,1.0,1.0,1.0,1.0,1.0
ETV6,14,0,0.0,5,0.05670604586518416,0.0,1.0,1.0,1.0,1.0,1.0,1.0
ETNK1,6,0,0.0,0,0.05546955624355005,0.0,1.0,1.0,1.0,1.0,1.0,1.0
ETFA,12,0,0.0,4,0.058307533539731685,0.0,1.0,1.0,1.0,1.0,1.0,1.0
ETAA1,11,0,0.0,4,0.058300012898232945,0.0,1.0,1.0,1.0,1.0,1.0,1.0
ESYT2,15,0,0.0,6,0.04790874524714829,0.0,1.0,1.0,1.0,1.0,1.0,1.0
ESD,13,0,0.0,5,0.05669816564758199,0.0,1.0,1.0,1.0,1.0,1.0,1.0
ERO1B,22,0,0.0,7,0.045327147965593895,0.0,1.0,1.0,1.0,1.0,1.0,1.0
ERN1,19,0,0.0,7,0.04531400966183575,0.0,1.0,1.0,1.0,1.0,1.0,1.0
ERMP1,18,0,0.0,7,0.04530963191962129,0.0,1.0,1.0,1.0,1.0,1.0,1.0
ERMAP,5,0,0.0,0,0.05546240165097382,0.0,1.0,1.0,1.0,1.0,1.0,1.0
ERLIN2,7,0,0.0,1,0.06280566280566281,0.0,1.0,1.0,1.0,1.0,1.0,1.0
ERLIN1,7,0,0.0,1,0.06280566280566281,0.0,1.0,1.0,1.0,1.0,1.0,1.0
ERI3,8,0,0.0,2,0.05434647431911454,0.0,1.0,1.0,1.0,1.0,1.0,1.0
ERI2,13,0,0.0,5,0.05669816564758199,0.0,1.0,1.0,1.0,1.0,1.0,1.0
ERGIC2,7,0,0.0,1,0.06280566280566281,0.0,1.0,1.0,1.0,1.0,1.0,1.0
ERCC8,5,0,0.0,0,0.05546240165097382,0.0,1.0,1.0,1.0,1.0,1.0,1.0
EVA1B,10,0,0.0,3,0.05220779220779221,0.0,1.0,1.0,1.0,1.0,1.0,1.0
ENTPD5,5,0,0.0,0,0.05546240165097382,0.0,1.0,1.0,1.0,1.0,1.0,1.0
ENPP2,26,0,0.0,8,0.04466179589912798,0.0,1.0,1.0,1.0,1.0,1.0,1.0
ELOF1,7,0,0.0,1,0.06280566280566281,0.0,1.0,1.0,1.0,1.0,1.0,1.0
ELOB,8,0,0.0,2,0.05434647431911454,0.0,1.0,1.0,1.0,1.0,1.0,1.0
ELMO2,7,0,0.0,1,0.06280566280566281,0.0,1.0,1.0,1.0,1.0,1.0,1.0
ELMO1,18,0,0.0,7,0.04530963191962129,0.0,1.0,1.0,1.0,1.0,1.0,1.0
ELL2,15,0,0.0,6,0.04790874524714829,0.0,1.0,1.0,1.0,1.0,1.0,1.0
ELK4,11,0,0.0,4,0.058300012898232945,0.0,1.0,1.0,1.0,1.0,1.0,1.0
ELF2,7,0,0.0,1,0.06280566280566281,0.0,1.0,1.0,1.0,1.0,1.0,1.0
ELAPOR1,10,0,0.0,3,0.05220779220779221,0.0,1.0,1.0,1.0,1.0,1.0,1.0
ELAC1,6,0,0.0,0,0.05546955624355005,0.0,1.0,1.0,1.0,1.0,1.0,1.0
EIF4E,5,0,0.0,0,0.05546240165097382,0.0,1.0,1.0,1.0,1.0,1.0,1.0
EIF4B,13,0,0.0,5,0.05669816564758199,0.0,1.0,1.0,1.0,1.0,1.0,1.0
EIF4A2,20,0,0.0,7,0.04531838825007247,0.0,1.0,1.0,1.0,1.0,1.0,1.0
EIF3M,20,0,0.0,7,0.04531838825007247,0.0,1.0,1.0,1.0,1.0,1.0,1.0
EIF3K,10,0,0.0,3,0.05220779220779221,0.0,1.0,1.0,1.0,1.0,1.0,1.0
EIF3F,9,0,0.0,2,0.05435323383084577,0.0,1.0,1.0,1.0,1.0,1.0,1.0
ELOVL4,11,0,0.0,4,0.058300012898232945,0.0,1.0,1.0,1.0,1.0,1.0,1.0
ENPP6,16,0,0.0,6,0.04791395045632334,0.0,1.0,1.0,1.0,1.0,1.0,1.0
ELOVL5,5,0,0.0,0,0.05546240165097382,0.0,1.0,1.0,1.0,1.0,1.0,1.0
ELP2,7,0,0.0,1,0.06280566280566281,0.0,1.0,1.0,1.0,1.0,1.0,1.0
ENOSF1,10,0,0.0,3,0.05220779220779221,0.0,1.0,1.0,1.0,1.0,1.0,1.0
ENO3,5,0,0.0,0,0.05546240165097382,0.0,1.0,1.0,1.0,1.0,1.0,1.0
ENKD1,5,0,0.0,0,0.05546240165097382,0.0,1.0,1.0,1.0,1.0,1.0,1.0
ENDOV,6,0,0.0,0,0.05546955624355005,0.0,1.0,1.0,1.0,1.0,1.0,1.0
EML4,16,0,0.0,6,0.04791395045632334,0.0,1.0,1.0,1.0,1.0,1.0,1.0
EMG1,5,0,0.0,0,0.05546240165097382,0.0,1.0,1.0,1.0,1.0,1.0,1.0
EMD,7,0,0.0,1,0.06280566280566281,0.0,1.0,1.0,1.0,1.0,1.0,1.0
EMC9,8,0,0.0,2,0.05434647431911454,0.0,1.0,1.0,1.0,1.0,1.0,1.0
EMC7,21,0,0.0,7,0.04532276768457673,0.0,1.0,1.0,1.0,1.0,1.0,1.0
EMC4,8,0,0.0,2,0.05434647431911454,0.0,1.0,1.0,1.0,1.0,1.0,1.0
EMC2,8,0,0.0,2,0.05434647431911454,0.0,1.0,1.0,1.0,1.0,1.0,1.0
EMC10,30,0,0.0,8,0.04467232437529467,0.0,1.0,1.0,1.0,1.0,1.0,1.0
ELP6,7,0,0.0,1,0.06280566280566281,0.0,1.0,1.0,1.0,1.0,1.0,1.0
ELP5,5,0,0.0,0,0.05546240165097382,0.0,1.0,1.0,1.0,1.0,1.0,1.0
ELP4,6,0,0.0,0,0.05546955624355005,0.0,1.0,1.0,1.0,1.0,1.0,1.0
ELOVL6,18,0,0.0,7,0.04530963191962129,0.0,1.0,1.0,1.0,1.0,1.0,1.0
EVC,6,0,0.0,0,0.05546955624355005,0.0,1.0,1.0,1.0,1.0,1.0,1.0
EVC2,10,0,0.0,3,0.05220779220779221,0.0,1.0,1.0,1.0,1.0,1.0,1.0
EVI5L,7,0,0.0,1,0.06280566280566281,0.0,1.0,1.0,1.0,1.0,1.0,1.0
FAM89A,9,0,0.0,2,0.05435323383084577,0.0,1.0,1.0,1.0,1.0,1.0,1.0
FAM78A,7,0,0.0,1,0.06280566280566281,0.0,1.0,1.0,1.0,1.0,1.0,1.0
FAM76B,5,0,0.0,0,0.05546240165097382,0.0,1.0,1.0,1.0,1.0,1.0,1.0
FAM53B,12,0,0.0,4,0.058307533539731685,0.0,1.0,1.0,1.0,1.0,1.0,1.0
FAM50A,14,0,0.0,5,0.05670604586518416,0.0,1.0,1.0,1.0,1.0,1.0,1.0
FAM32A,7,0,0.0,1,0.06280566280566281,0.0,1.0,1.0,1.0,1.0,1.0,1.0
FAM24B,6,0,0.0,0,0.05546955624355005,0.0,1.0,1.0,1.0,1.0,1.0,1.0
FAM241B,6,0,0.0,0,0.05546955624355005,0.0,1.0,1.0,1.0,1.0,1.0,1.0
FAM234B,5,0,0.0,0,0.05546240165097382,0.0,1.0,1.0,1.0,1.0,1.0,1.0
FAM221A,8,0,0.0,2,0.05434647431911454,0.0,1.0,1.0,1.0,1.0,1.0,1.0
FAM219B,9,0,0.0,2,0.05435323383084577,0.0,1.0,1.0,1.0,1.0,1.0,1.0
FAM219A,5,0,0.0,0,0.05546240165097382,0.0,1.0,1.0,1.0,1.0,1.0,1.0
FAM210B,10,0,0.0,3,0.05220779220779221,0.0,1.0,1.0,1.0,1.0,1.0,1.0
FAM204A,5,0,0.0,0,0.05546240165097382,0.0,1.0,1.0,1.0,1.0,1.0,1.0
FAM200B,17,0,0.0,6,0.04791915679669673,0.0,1.0,1.0,1.0,1.0,1.0,1.0
FAM89B,8,0,0.0,2,0.05434647431911454,0.0,1.0,1.0,1.0,1.0,1.0,1.0
FAM193B,12,0,0.0,4,0.058307533539731685,0.0,1.0,1.0,1.0,1.0,1.0,1.0
FAM8A1,5,0,0.0,0,0.05546240165097382,0.0,1.0,1.0,1.0,1.0,1.0,1.0
FANCC,5,0,0.0,0,0.05546240165097382,0.0,1.0,1.0,1.0,1.0,1.0,1.0
FBXO25,7,0,0.0,1,0.06280566280566281,0.0,1.0,1.0,1.0,1.0,1.0,1.0
FBXO10,8,0,0.0,2,0.05434647431911454,0.0,1.0,1.0,1.0,1.0,1.0,1.0
FBXL6,9,0,0.0,2,0.05435323383084577,0.0,1.0,1.0,1.0,1.0,1.0,1.0
FBXL3,6,0,0.0,0,0.05546955624355005,0.0,1.0,1.0,1.0,1.0,1.0,1.0
FBXL17,16,0,0.0,6,0.04791395045632334,0.0,1.0,1.0,1.0,1.0,1.0,1.0
FBXL16,5,0,0.0,0,0.05546240165097382,0.0,1.0,1.0,1.0,1.0,1.0,1.0
FBRS,12,0,0.0,4,0.058307533539731685,0.0,1.0,1.0,1.0,1.0,1.0,1.0
FBH1,9,0,0.0,2,0.05435323383084577,0.0,1.0,1.0,1.0,1.0,1.0,1.0
FBF1,13,0,0.0,5,0.05669816564758199,0.0,1.0,1.0,1.0,1.0,1.0,1.0
FAXC,7,0,0.0,1,0.06280566280566281,0.0,1.0,1.0,1.0,1.0,1.0,1.0
FASTKD5,5,0,0.0,0,0.05546240165097382,0.0,1.0,1.0,1.0,1.0,1.0,1.0
FASTKD2,6,0,0.0,0,0.05546955624355005,0.0,1.0,1.0,1.0,1.0,1.0,1.0
FARS2,6,0,0.0,0,0.05546955624355005,0.0,1.0,1.0,1.0,1.0,1.0,1.0
FAR2,8,0,0.0,2,0.05434647431911454,0.0,1.0,1.0,1.0,1.0,1.0,1.0
FANCL,6,0,0.0,0,0.05546955624355005,0.0,1.0,1.0,1.0,1.0,1.0,1.0
FAM98B,10,0,0.0,3,0.05220779220779221,0.0,1.0,1.0,1.0,1.0,1.0,1.0
FAM184A,9,0,0.0,2,0.05435323383084577,0.0,1.0,1.0,1.0,1.0,1.0,1.0
FAM177A1,6,0,0.0,0,0.05546955624355005,0.0,1.0,1.0,1.0,1.0,1.0,1.0
FAM174C,9,0,0.0,2,0.05435323383084577,0.0,1.0,1.0,1.0,1.0,1.0,1.0
FAAH2,5,0,0.0,0,0.05546240165097382,0.0,1.0,1.0,1.0,1.0,1.0,1.0
F8,6,0,0.0,0,0.05546955624355005,0.0,1.0,1.0,1.0,1.0,1.0,1.0
F2R,29,0,0.0,8,0.04466969179091284,0.0,1.0,1.0,1.0,1.0,1.0,1.0
F11R,23,0,0.0,8,0.0446539027982327,0.0,1.0,1.0,1.0,1.0,1.0,1.0
EZH1,11,0,0.0,4,0.058300012898232945,0.0,1.0,1.0,1.0,1.0,1.0,1.0
EXTL3,6,0,0.0,0,0.05546955624355005,0.0,1.0,1.0,1.0,1.0,1.0,1.0
EXTL2,24,0,0.0,8,0.04465653352185696,0.0,1.0,1.0,1.0,1.0,1.0,1.0
EXOC7,9,0,0.0,2,0.05435323383084577,0.0,1.0,1.0,1.0,1.0,1.0,1.0
EXOC6B,12,0,0.0,4,0.058307533539731685,0.0,1.0,1.0,1.0,1.0,1.0,1.0
EXOC5,5,0,0.0,0,0.05546240165097382,0.0,1.0,1.0,1.0,1.0,1.0,1.0
EXOC3,8,0,0.0,2,0.05434647431911454,0.0,1.0,1.0,1.0,1.0,1.0,1.0
EXOC2,11,0,0.0,4,0.058300012898232945,0.0,1.0,1.0,1.0,1.0,1.0,1.0
EXO5,9,0,0.0,2,0.05435323383084577,0.0,1.0,1.0,1.0,1.0,1.0,1.0
EXD2,15,0,0.0,6,0.04790874524714829,0.0,1.0,1.0,1.0,1.0,1.0,1.0
EWSR1,8,0,0.0,2,0.05434647431911454,0.0,1.0,1.0,1.0,1.0,1.0,1.0
FADS1,19,0,0.0,7,0.04531400966183575,0.0,1.0,1.0,1.0,1.0,1.0,1.0
FADS2,23,0,0.0,8,0.0446539027982327,0.0,1.0,1.0,1.0,1.0,1.0,1.0
FAH,10,0,0.0,3,0.05220779220779221,0.0,1.0,1.0,1.0,1.0,1.0,1.0
FAIM,15,0,0.0,6,0.04790874524714829,0.0,1.0,1.0,1.0,1.0,1.0,1.0
FAM174A,13,0,0.0,5,0.05669816564758199,0.0,1.0,1.0,1.0,1.0,1.0,1.0
FAM172A,9,0,0.0,2,0.05435323383084577,0.0,1.0,1.0,1.0,1.0,1.0,1.0
FAM171B,10,0,0.0,3,0.05220779220779221,0.0,1.0,1.0,1.0,1.0,1.0,1.0
FAM169A,11,0,0.0,4,0.058300012898232945,0.0,1.0,1.0,1.0,1.0,1.0,1.0
FAM168A,9,0,0.0,2,0.05435323383084577,0.0,1.0,1.0,1.0,1.0,1.0,1.0
FAM167B,6,0,0.0,0,0.05546955624355005,0.0,1.0,1.0,1.0,1.0,1.0,1.0
FAM13B,7,0,0.0,1,0.06280566280566281,0.0,1.0,1.0,1.0,1.0,1.0,1.0
EIF2S3,17,0,0.0,6,0.04791915679669673,0.0,1.0,1.0,1.0,1.0,1.0,1.0
FAM13A,23,0,0.0,8,0.0446539027982327,0.0,1.0,1.0,1.0,1.0,1.0,1.0
FAM120C,5,0,0.0,0,0.05546240165097382,0.0,1.0,1.0,1.0,1.0,1.0,1.0
FAM120AOS,12,0,0.0,4,0.058307533539731685,0.0,1.0,1.0,1.0,1.0,1.0,1.0
FAM120A,8,0,0.0,2,0.05434647431911454,0.0,1.0,1.0,1.0,1.0,1.0,1.0
FAM117B,5,0,0.0,0,0.05546240165097382,0.0,1.0,1.0,1.0,1.0,1.0,1.0
FAM117A,7,0,0.0,1,0.06280566280566281,0.0,1.0,1.0,1.0,1.0,1.0,1.0
FAM114A2,7,0,0.0,1,0.06280566280566281,0.0,1.0,1.0,1.0,1.0,1.0,1.0
FAM104B,6,0,0.0,0,0.05546955624355005,0.0,1.0,1.0,1.0,1.0,1.0,1.0
FAM131A,5,0,0.0,0,0.05546240165097382,0.0,1.0,1.0,1.0,1.0,1.0,1.0
CDK16,7,0,0.0,1,0.06280566280566281,0.0,1.0,1.0,1.0,1.0,1.0,1.0
EIF2AK4,12,0,0.0,4,0.058307533539731685,0.0,1.0,1.0,1.0,1.0,1.0,1.0
EIF2AK2,14,0,0.0,5,0.05670604586518416,0.0,1.0,1.0,1.0,1.0,1.0,1.0
DNAJC5,12,0,0.0,4,0.058307533539731685,0.0,1.0,1.0,1.0,1.0,1.0,1.0
DNAJC2,6,0,0.0,0,0.05546955624355005,0.0,1.0,1.0,1.0,1.0,1.0,1.0
DNAJC18,8,0,0.0,2,0.05434647431911454,0.0,1.0,1.0,1.0,1.0,1.0,1.0
DNAJC15,9,0,0.0,2,0.05435323383084577,0.0,1.0,1.0,1.0,1.0,1.0,1.0
DNAJC13,5,0,0.0,0,0.05546240165097382,0.0,1.0,1.0,1.0,1.0,1.0,1.0
DNAJC12,10,0,0.0,3,0.05220779220779221,0.0,1.0,1.0,1.0,1.0,1.0,1.0
DNAJC10,6,0,0.0,0,0.05546955624355005,0.0,1.0,1.0,1.0,1.0,1.0,1.0
DNAJC1,12,0,0.0,4,0.058307533539731685,0.0,1.0,1.0,1.0,1.0,1.0,1.0
DNAJB4,6,0,0.0,0,0.05546955624355005,0.0,1.0,1.0,1.0,1.0,1.0,1.0
DNAJB2,14,0,0.0,5,0.05670604586518416,0.0,1.0,1.0,1.0,1.0,1.0,1.0
DNAJA4,12,0,0.0,4,0.058307533539731685,0.0,1.0,1.0,1.0,1.0,1.0,1.0
DNAI3,5,0,0.0,0,0.05546240165097382,0.0,1.0,1.0,1.0,1.0,1.0,1.0
DNAAF9,8,0,0.0,2,0.05434647431911454,0.0,1.0,1.0,1.0,1.0,1.0,1.0
DMXL2,13,0,0.0,5,0.05669816564758199,0.0,1.0,1.0,1.0,1.0,1.0,1.0
DMXL1,8,0,0.0,2,0.05434647431911454,0.0,1.0,1.0,1.0,1.0,1.0,1.0
DNAJC6,18,0,0.0,7,0.04530963191962129,0.0,1.0,1.0,1.0,1.0,1.0,1.0
DMTN,16,0,0.0,6,0.04791395045632334,0.0,1.0,1.0,1.0,1.0,1.0,1.0
DNAJC7,9,0,0.0,2,0.05435323383084577,0.0,1.0,1.0,1.0,1.0,1.0,1.0
DNAL4,8,0,0.0,2,0.05434647431911454,0.0,1.0,1.0,1.0,1.0,1.0,1.0
DPH3,12,0,0.0,4,0.058307533539731685,0.0,1.0,1.0,1.0,1.0,1.0,1.0
DPF3,8,0,0.0,2,0.05434647431911454,0.0,1.0,1.0,1.0,1.0,1.0,1.0
DPF2,7,0,0.0,1,0.06280566280566281,0.0,1.0,1.0,1.0,1.0,1.0,1.0
DPCD,11,0,0.0,4,0.058300012898232945,0.0,1.0,1.0,1.0,1.0,1.0,1.0
DOT1L,6,0,0.0,0,0.05546955624355005,0.0,1.0,1.0,1.0,1.0,1.0,1.0
DOP1B,6,0,0.0,0,0.05546955624355005,0.0,1.0,1.0,1.0,1.0,1.0,1.0
DOK4,8,0,0.0,2,0.05434647431911454,0.0,1.0,1.0,1.0,1.0,1.0,1.0
DOCK7,24,0,0.0,8,0.04465653352185696,0.0,1.0,1.0,1.0,1.0,1.0,1.0
DOCK5,15,0,0.0,6,0.04790874524714829,0.0,1.0,1.0,1.0,1.0,1.0,1.0
DNMT3A,18,0,0.0,7,0.04530963191962129,0.0,1.0,1.0,1.0,1.0,1.0,1.0
DNMT1,9,0,0.0,2,0.05435323383084577,0.0,1.0,1.0,1.0,1.0,1.0,1.0
DNM3,5,0,0.0,0,0.05546240165097382,0.0,1.0,1.0,1.0,1.0,1.0,1.0
DNM1L,5,0,0.0,0,0.05546240165097382,0.0,1.0,1.0,1.0,1.0,1.0,1.0
DNHD1,6,0,0.0,0,0.05546955624355005,0.0,1.0,1.0,1.0,1.0,1.0,1.0
DNASE2,18,0,0.0,7,0.04530963191962129,0.0,1.0,1.0,1.0,1.0,1.0,1.0
DNAL1,8,0,0.0,2,0.05434647431911454,0.0,1.0,1.0,1.0,1.0,1.0,1.0
DPH6,10,0,0.0,3,0.05220779220779221,0.0,1.0,1.0,1.0,1.0,1.0,1.0
DMD,14,0,0.0,5,0.05670604586518416,0.0,1.0,1.0,1.0,1.0,1.0,1.0
DMAC2L,7,0,0.0,1,0.06280566280566281,0.0,1.0,1.0,1.0,1.0,1.0,1.0
DERL1,12,0,0.0,4,0.058307533539731685,0.0,1.0,1.0,1.0,1.0,1.0,1.0
DERA,16,0,0.0,6,0.04791395045632334,0.0,1.0,1.0,1.0,1.0,1.0,1.0
DEPDC1,10,0,0.0,3,0.05220779220779221,0.0,1.0,1.0,1.0,1.0,1.0,1.0
DENND6B,13,0,0.0,5,0.05669816564758199,0.0,1.0,1.0,1.0,1.0,1.0,1.0
DENND5A,17,0,0.0,6,0.04791915679669673,0.0,1.0,1.0,1.0,1.0,1.0,1.0
DENND4C,8,0,0.0,2,0.05434647431911454,0.0,1.0,1.0,1.0,1.0,1.0,1.0
DENND3,9,0,0.0,2,0.05435323383084577,0.0,1.0,1.0,1.0,1.0,1.0,1.0
DENND2D,24,0,0.0,8,0.04465653352185696,0.0,1.0,1.0,1.0,1.0,1.0,1.0
DENND2B,7,0,0.0,1,0.06280566280566281,0.0,1.0,1.0,1.0,1.0,1.0,1.0
DENND1C,11,0,0.0,4,0.058300012898232945,0.0,1.0,1.0,1.0,1.0,1.0,1.0
DENND1B,7,0,0.0,1,0.06280566280566281,0.0,1.0,1.0,1.0,1.0,1.0,1.0
DENND1A,5,0,0.0,0,0.05546240165097382,0.0,1.0,1.0,1.0,1.0,1.0,1.0
DENND11,13,0,0.0,5,0.05669816564758199,0.0,1.0,1.0,1.0,1.0,1.0,1.0
DELE1,6,0,0.0,0,0.05546955624355005,0.0,1.0,1.0,1.0,1.0,1.0,1.0
DEF6,14,0,0.0,5,0.05670604586518416,0.0,1.0,1.0,1.0,1.0,1.0,1.0
DERL2,7,0,0.0,1,0.06280566280566281,0.0,1.0,1.0,1.0,1.0,1.0,1.0
DMC1,13,0,0.0,5,0.05669816564758199,0.0,1.0,1.0,1.0,1.0,1.0,1.0
DGAT1,5,0,0.0,0,0.05546240165097382,0.0,1.0,1.0,1.0,1.0,1.0,1.0
DHRS1,6,0,0.0,0,0.05546955624355005,0.0,1.0,1.0,1.0,1.0,1.0,1.0
DMAC1,12,0,0.0,4,0.058307533539731685,0.0,1.0,1.0,1.0,1.0,1.0,1.0
DLG5,9,0,0.0,2,0.05435323383084577,0.0,1.0,1.0,1.0,1.0,1.0,1.0
DLG4,22,0,0.0,7,0.045327147965593895,0.0,1.0,1.0,1.0,1.0,1.0,1.0
DISC1,5,0,0.0,0,0.05546240165097382,0.0,1.0,1.0,1.0,1.0,1.0,1.0
DIS3L,8,0,0.0,2,0.05434647431911454,0.0,1.0,1.0,1.0,1.0,1.0,1.0
DIPK1A,6,0,0.0,0,0.05546955624355005,0.0,1.0,1.0,1.0,1.0,1.0,1.0
DIP2B,5,0,0.0,0,0.05546240165097382,0.0,1.0,1.0,1.0,1.0,1.0,1.0
DIMT1,5,0,0.0,0,0.05546240165097382,0.0,1.0,1.0,1.0,1.0,1.0,1.0
DIDO1,9,0,0.0,2,0.05435323383084577,0.0,1.0,1.0,1.0,1.0,1.0,1.0
DIAPH1,10,0,0.0,3,0.05220779220779221,0.0,1.0,1.0,1.0,1.0,1.0,1.0
DHX58,8,0,0.0,2,0.05434647431911454,0.0,1.0,1.0,1.0,1.0,1.0,1.0
DHX36,5,0,0.0,0,0.05546240165097382,0.0,1.0,1.0,1.0,1.0,1.0,1.0
DHX32,9,0,0.0,2,0.05435323383084577,0.0,1.0,1.0,1.0,1.0,1.0,1.0
DHX15,6,0,0.0,0,0.05546955624355005,0.0,1.0,1.0,1.0,1.0,1.0,1.0
DHTKD1,13,0,0.0,5,0.05669816564758199,0.0,1.0,1.0,1.0,1.0,1.0,1.0
DGKH,17,0,0.0,6,0.04791915679669673,0.0,1.0,1.0,1.0,1.0,1.0,1.0
DPM1,6,0,0.0,0,0.05546955624355005,0.0,1.0,1.0,1.0,1.0,1.0,1.0
DPM2,7,0,0.0,1,0.06280566280566281,0.0,1.0,1.0,1.0,1.0,1.0,1.0
DPM3,9,0,0.0,2,0.05435323383084577,0.0,1.0,1.0,1.0,1.0,1.0,1.0
EDF1,14,0,0.0,5,0.05670604586518416,0.0,1.0,1.0,1.0,1.0,1.0,1.0
EDEM2,21,0,0.0,7,0.04532276768457673,0.0,1.0,1.0,1.0,1.0,1.0,1.0
ECI2,13,0,0.0,5,0.05669816564758199,0.0,1.0,1.0,1.0,1.0,1.0,1.0
ECI1,19,0,0.0,7,0.04531400966183575,0.0,1.0,1.0,1.0,1.0,1.0,1.0
ECHS1,10,0,0.0,3,0.05220779220779221,0.0,1.0,1.0,1.0,1.0,1.0,1.0
ECHDC2,11,0,0.0,4,0.058300012898232945,0.0,1.0,1.0,1.0,1.0,1.0,1.0
ECH1,27,0,0.0,8,0.044664427552884335,0.0,1.0,1.0,1.0,1.0,1.0,1.0
ECE1,19,0,0.0,7,0.04531400966183575,0.0,1.0,1.0,1.0,1.0,1.0,1.0
EBPL,8,0,0.0,2,0.05434647431911454,0.0,1.0,1.0,1.0,1.0,1.0,1.0
EBI3,6,0,0.0,0,0.05546955624355005,0.0,1.0,1.0,1.0,1.0,1.0,1.0
EBF4,12,0,0.0,4,0.058307533539731685,0.0,1.0,1.0,1.0,1.0,1.0,1.0
EBAG9,7,0,0.0,1,0.06280566280566281,0.0,1.0,1.0,1.0,1.0,1.0,1.0
EARS2,5,0,0.0,0,0.05546240165097382,0.0,1.0,1.0,1.0,1.0,1.0,1.0
EAF2,17,0,0.0,6,0.04791915679669673,0.0,1.0,1.0,1.0,1.0,1.0,1.0
EAF1,5,0,0.0,0,0.05546240165097382,0.0,1.0,1.0,1.0,1.0,1.0,1.0
EEA1,5,0,0.0,0,0.05546240165097382,0.0,1.0,1.0,1.0,1.0,1.0,1.0
E2F5,6,0,0.0,0,0.05546955624355005,0.0,1.0,1.0,1.0,1.0,1.0,1.0
EEF1AKMT1,5,0,0.0,0,0.05546240165097382,0.0,1.0,1.0,1.0,1.0,1.0,1.0
EEF1B2,30,0,0.0,8,0.04467232437529467,0.0,1.0,1.0,1.0,1.0,1.0,1.0
EIF1B,7,0,0.0,1,0.06280566280566281,0.0,1.0,1.0,1.0,1.0,1.0,1.0
EHMT1,8,0,0.0,2,0.05434647431911454,0.0,1.0,1.0,1.0,1.0,1.0,1.0
EHD3,6,0,0.0,0,0.05546955624355005,0.0,1.0,1.0,1.0,1.0,1.0,1.0
EHBP1L1,14,0,0.0,5,0.05670604586518416,0.0,1.0,1.0,1.0,1.0,1.0,1.0
EHBP1,11,0,0.0,4,0.058300012898232945,0.0,1.0,1.0,1.0,1.0,1.0,1.0
EGLN3,23,0,0.0,8,0.0446539027982327,0.0,1.0,1.0,1.0,1.0,1.0,1.0
EGLN1,11,0,0.0,4,0.058300012898232945,0.0,1.0,1.0,1.0,1.0,1.0,1.0
EGFL6,9,0,0.0,2,0.05435323383084577,0.0,1.0,1.0,1.0,1.0,1.0,1.0
EFR3A,10,0,0.0,3,0.05220779220779221,0.0,1.0,1.0,1.0,1.0,1.0,1.0
EFHC1,6,0,0.0,0,0.05546955624355005,0.0,1.0,1.0,1.0,1.0,1.0,1.0
EFCAB2,5,0,0.0,0,0.05546240165097382,0.0,1.0,1.0,1.0,1.0,1.0,1.0
EFCAB14,13,0,0.0,5,0.05669816564758199,0.0,1.0,1.0,1.0,1.0,1.0,1.0
EEIG2,10,0,0.0,3,0.05220779220779221,0.0,1.0,1.0,1.0,1.0,1.0,1.0
EEFSEC,9,0,0.0,2,0.05435323383084577,0.0,1.0,1.0,1.0,1.0,1.0,1.0
EEF1E1,6,0,0.0,0,0.05546955624355005,0.0,1.0,1.0,1.0,1.0,1.0,1.0
EEF1AKMT2,5,0,0.0,0,0.05546240165097382,0.0,1.0,1.0,1.0,1.0,1.0,1.0
E2F3,6,0,0.0,0,0.05546955624355005,0.0,1.0,1.0,1.0,1.0,1.0,1.0
DYRK4,7,0,0.0,1,0.06280566280566281,0.0,1.0,1.0,1.0,1.0,1.0,1.0
DYRK3,5,0,0.0,0,0.05546240165097382,0.0,1.0,1.0,1.0,1.0,1.0,1.0
DTNBP1,12,0,0.0,4,0.058307533539731685,0.0,1.0,1.0,1.0,1.0,1.0,1.0
DTD1,20,0,0.0,7,0.04531838825007247,0.0,1.0,1.0,1.0,1.0,1.0,1.0
DSTN,9,0,0.0,2,0.05435323383084577,0.0,1.0,1.0,1.0,1.0,1.0,1.0
DST,16,0,0.0,6,0.04791395045632334,0.0,1.0,1.0,1.0,1.0,1.0,1.0
DSE,9,0,0.0,2,0.05435323383084577,0.0,1.0,1.0,1.0,1.0,1.0,1.0
DROSHA,6,0,0.0,0,0.05546955624355005,0.0,1.0,1.0,1.0,1.0,1.0,1.0
DRAM2,15,0,0.0,6,0.04790874524714829,0.0,1.0,1.0,1.0,1.0,1.0,1.0
DRAM1,14,0,0.0,5,0.05670604586518416,0.0,1.0,1.0,1.0,1.0,1.0,1.0
DR1,13,0,0.0,5,0.05669816564758199,0.0,1.0,1.0,1.0,1.0,1.0,1.0
DPYSL2,33,0,0.0,8,0.04468022399056882,0.0,1.0,1.0,1.0,1.0,1.0,1.0
DPYD,12,0,0.0,4,0.058307533539731685,0.0,1.0,1.0,1.0,1.0,1.0,1.0
DPY19L4,9,0,0.0,2,0.05435323383084577,0.0,1.0,1.0,1.0,1.0,1.0,1.0
DPP9,5,0,0.0,0,0.05546240165097382,0.0,1.0,1.0,1.0,1.0,1.0,1.0
DPP7,19,0,0.0,7,0.04531400966183575,0.0,1.0,1.0,1.0,1.0,1.0,1.0
DPP4,37,0,0.0,8,0.04469076115795059,0.0,1.0,1.0,1.0,1.0,1.0,1.0
DTX3,15,0,0.0,6,0.04790874524714829,0.0,1.0,1.0,1.0,1.0,1.0,1.0
DUS3L,5,0,0.0,0,0.05546240165097382,0.0,1.0,1.0,1.0,1.0,1.0,1.0
DUSP12,10,0,0.0,3,0.05220779220779221,0.0,1.0,1.0,1.0,1.0,1.0,1.0
DUSP16,25,0,0.0,8,0.044659164555470456,0.0,1.0,1.0,1.0,1.0,1.0,1.0
DYRK2,17,0,0.0,6,0.04791915679669673,0.0,1.0,1.0,1.0,1.0,1.0,1.0
DYRK1B,5,0,0.0,0,0.05546240165097382,0.0,1.0,1.0,1.0,1.0,1.0,1.0
DYRK1A,9,0,0.0,2,0.05435323383084577,0.0,1.0,1.0,1.0,1.0,1.0,1.0
DYNLT3,17,0,0.0,6,0.04791915679669673,0.0,1.0,1.0,1.0,1.0,1.0,1.0
DYNLT2B,24,0,0.0,8,0.04465653352185696,0.0,1.0,1.0,1.0,1.0,1.0,1.0
DYNLT1,30,0,0.0,8,0.04467232437529467,0.0,1.0,1.0,1.0,1.0,1.0,1.0
DYNC2I1,12,0,0.0,4,0.058307533539731685,0.0,1.0,1.0,1.0,1.0,1.0,1.0
EIF2AK3,16,0,0.0,6,0.04791395045632334,0.0,1.0,1.0,1.0,1.0,1.0,1.0
DYNC2H1,6,0,0.0,0,0.05546955624355005,0.0,1.0,1.0,1.0,1.0,1.0,1.0
DYNC1LI1,7,0,0.0,1,0.06280566280566281,0.0,1.0,1.0,1.0,1.0,1.0,1.0
DYNC1I2,12,0,0.0,4,0.058307533539731685,0.0,1.0,1.0,1.0,1.0,1.0,1.0
DYM,11,0,0.0,4,0.058300012898232945,0.0,1.0,1.0,1.0,1.0,1.0,1.0
DVL3,16,0,0.0,6,0.04791395045632334,0.0,1.0,1.0,1.0,1.0,1.0,1.0
DUSP23,11,0,0.0,4,0.058300012898232945,0.0,1.0,1.0,1.0,1.0,1.0,1.0
DUSP22,24,0,0.0,8,0.04465653352185696,0.0,1.0,1.0,1.0,1.0,1.0,1.0
DUSP19,5,0,0.0,0,0.05546240165097382,0.0,1.0,1.0,1.0,1.0,1.0,1.0
DYNC1LI2,13,0,0.0,5,0.05669816564758199,0.0,1.0,1.0,1.0,1.0,1.0,1.0
FBXO32,29,0,0.0,8,0.04466969179091284,0.0,1.0,1.0,1.0,1.0,1.0,1.0
CDIPT,13,0,0.0,5,0.05669816564758199,0.0,1.0,1.0,1.0,1.0,1.0,1.0
CDCP1,7,0,0.0,1,0.06280566280566281,0.0,1.0,1.0,1.0,1.0,1.0,1.0
APOBEC3B,23,0,0.0,8,0.0446539027982327,0.0,1.0,1.0,1.0,1.0,1.0,1.0
APLP2,24,0,0.0,8,0.04465653352185696,0.0,1.0,1.0,1.0,1.0,1.0,1.0
APLP1,6,0,0.0,0,0.05546955624355005,0.0,1.0,1.0,1.0,1.0,1.0,1.0
APIP,5,0,0.0,0,0.05546240165097382,0.0,1.0,1.0,1.0,1.0,1.0,1.0
APH1B,20,0,0.0,7,0.04531838825007247,0.0,1.0,1.0,1.0,1.0,1.0,1.0
APEH,13,0,0.0,5,0.05669816564758199,0.0,1.0,1.0,1.0,1.0,1.0,1.0
APBB1,6,0,0.0,0,0.05546955624355005,0.0,1.0,1.0,1.0,1.0,1.0,1.0
APAF1,11,0,0.0,4,0.058300012898232945,0.0,1.0,1.0,1.0,1.0,1.0,1.0
AP4S1,14,0,0.0,5,0.05670604586518416,0.0,1.0,1.0,1.0,1.0,1.0,1.0
AP3S1,9,0,0.0,2,0.05435323383084577,0.0,1.0,1.0,1.0,1.0,1.0,1.0
AP3M2,5,0,0.0,0,0.05546240165097382,0.0,1.0,1.0,1.0,1.0,1.0,1.0
AP3M1,9,0,0.0,2,0.05435323383084577,0.0,1.0,1.0,1.0,1.0,1.0,1.0
AP2S1,7,0,0.0,1,0.06280566280566281,0.0,1.0,1.0,1.0,1.0,1.0,1.0
AP2M1,9,0,0.0,2,0.05435323383084577,0.0,1.0,1.0,1.0,1.0,1.0,1.0
AP2B1,8,0,0.0,2,0.05434647431911454,0.0,1.0,1.0,1.0,1.0,1.0,1.0
APOBEC3C,17,0,0.0,6,0.04791915679669673,0.0,1.0,1.0,1.0,1.0,1.0,1.0
AP2A2,17,0,0.0,6,0.04791915679669673,0.0,1.0,1.0,1.0,1.0,1.0,1.0
APOBEC3D,13,0,0.0,5,0.05669816564758199,0.0,1.0,1.0,1.0,1.0,1.0,1.0
APOL4,16,0,0.0,6,0.04791395045632334,0.0,1.0,1.0,1.0,1.0,1.0,1.0
ARHGAP12,17,0,0.0,6,0.04791915679669673,0.0,1.0,1.0,1.0,1.0,1.0,1.0
ARHGAP10,14,0,0.0,5,0.05670604586518416,0.0,1.0,1.0,1.0,1.0,1.0,1.0
ARHGAP1,7,0,0.0,1,0.06280566280566281,0.0,1.0,1.0,1.0,1.0,1.0,1.0
ARFRP1,10,0,0.0,3,0.05220779220779221,0.0,1.0,1.0,1.0,1.0,1.0,1.0
ARF4,12,0,0.0,4,0.058307533539731685,0.0,1.0,1.0,1.0,1.0,1.0,1.0
ARF3,6,0,0.0,0,0.05546955624355005,0.0,1.0,1.0,1.0,1.0,1.0,1.0
ARF1,6,0,0.0,0,0.05546955624355005,0.0,1.0,1.0,1.0,1.0,1.0,1.0
ARCN1,18,0,0.0,7,0.04530963191962129,0.0,1.0,1.0,1.0,1.0,1.0,1.0
ARAP3,8,0,0.0,2,0.05434647431911454,0.0,1.0,1.0,1.0,1.0,1.0,1.0
ARAP2,8,0,0.0,2,0.05434647431911454,0.0,1.0,1.0,1.0,1.0,1.0,1.0
ARAP1,6,0,0.0,0,0.05546955624355005,0.0,1.0,1.0,1.0,1.0,1.0,1.0
APPBP2,8,0,0.0,2,0.05434647431911454,0.0,1.0,1.0,1.0,1.0,1.0,1.0
APP,39,0,0.0,8,0.04469603160563713,0.0,1.0,1.0,1.0,1.0,1.0,1.0
APOO,5,0,0.0,0,0.05546240165097382,0.0,1.0,1.0,1.0,1.0,1.0,1.0
APOLD1,5,0,0.0,0,0.05546240165097382,0.0,1.0,1.0,1.0,1.0,1.0,1.0
APOBEC3H,42,0,0.0,8,0.044703939608398205,0.0,1.0,1.0,1.0,1.0,1.0,1.0
ARHGAP17,6,0,0.0,0,0.05546955624355005,0.0,1.0,1.0,1.0,1.0,1.0,1.0
AP2A1,8,0,0.0,2,0.05434647431911454,0.0,1.0,1.0,1.0,1.0,1.0,1.0
AP1S1,8,0,0.0,2,0.05434647431911454,0.0,1.0,1.0,1.0,1.0,1.0,1.0
ANKRD42,8,0,0.0,2,0.05434647431911454,0.0,1.0,1.0,1.0,1.0,1.0,1.0
ANKRD40,8,0,0.0,2,0.05434647431911454,0.0,1.0,1.0,1.0,1.0,1.0,1.0
ANKRD35,5,0,0.0,0,0.05546240165097382,0.0,1.0,1.0,1.0,1.0,1.0,1.0
ANKRD33B,7,0,0.0,1,0.06280566280566281,0.0,1.0,1.0,1.0,1.0,1.0,1.0
ANKRD27,11,0,0.0,4,0.058300012898232945,0.0,1.0,1.0,1.0,1.0,1.0,1.0
ANKRD26,8,0,0.0,2,0.05434647431911454,0.0,1.0,1.0,1.0,1.0,1.0,1.0
ANKRD18A,7,0,0.0,1,0.06280566280566281,0.0,1.0,1.0,1.0,1.0,1.0,1.0
ANKRD13D,12,0,0.0,4,0.058307533539731685,0.0,1.0,1.0,1.0,1.0,1.0,1.0
ANKRD13A,11,0,0.0,4,0.058300012898232945,0.0,1.0,1.0,1.0,1.0,1.0,1.0
ANKLE1,5,0,0.0,0,0.05546240165097382,0.0,1.0,1.0,1.0,1.0,1.0,1.0
ANKEF1,5,0,0.0,0,0.05546240165097382,0.0,1.0,1.0,1.0,1.0,1.0,1.0
ANK3,14,0,0.0,5,0.05670604586518416,0.0,1.0,1.0,1.0,1.0,1.0,1.0
ANK1,5,0,0.0,0,0.05546240165097382,0.0,1.0,1.0,1.0,1.0,1.0,1.0
ANAPC16,33,0,0.0,8,0.04468022399056882,0.0,1.0,1.0,1.0,1.0,1.0,1.0
ANAPC15,21,0,0.0,7,0.04532276768457673,0.0,1.0,1.0,1.0,1.0,1.0,1.0
ANKRD44,6,0,0.0,0,0.05546955624355005,0.0,1.0,1.0,1.0,1.0,1.0,1.0
AP1S2,9,0,0.0,2,0.05435323383084577,0.0,1.0,1.0,1.0,1.0,1.0,1.0
ANKRD50,7,0,0.0,1,0.06280566280566281,0.0,1.0,1.0,1.0,1.0,1.0,1.0
ANKRD6,5,0,0.0,0,0.05546240165097382,0.0,1.0,1.0,1.0,1.0,1.0,1.0
AP1AR,8,0,0.0,2,0.05434647431911454,0.0,1.0,1.0,1.0,1.0,1.0,1.0
AOAH,12,0,0.0,4,0.058307533539731685,0.0,1.0,1.0,1.0,1.0,1.0,1.0
ANXA7,16,0,0.0,6,0.04791395045632334,0.0,1.0,1.0,1.0,1.0,1.0,1.0
ANXA3,25,0,0.0,8,0.044659164555470456,0.0,1.0,1.0,1.0,1.0,1.0,1.0
ANXA2,18,0,0.0,7,0.04530963191962129,0.0,1.0,1.0,1.0,1.0,1.0,1.0
ANXA11,18,0,0.0,7,0.04530963191962129,0.0,1.0,1.0,1.0,1.0,1.0,1.0
ANXA1,34,0,0.0,8,0.0446828578165527,0.0,1.0,1.0,1.0,1.0,1.0,1.0
ANTXR2,17,0,0.0,6,0.04791915679669673,0.0,1.0,1.0,1.0,1.0,1.0,1.0
ANPEP,12,0,0.0,4,0.058307533539731685,0.0,1.0,1.0,1.0,1.0,1.0,1.0
ANP32B,11,0,0.0,4,0.058300012898232945,0.0,1.0,1.0,1.0,1.0,1.0,1.0
ANO9,9,0,0.0,2,0.05435323383084577,0.0,1.0,1.0,1.0,1.0,1.0,1.0
ANO8,9,0,0.0,2,0.05435323383084577,0.0,1.0,1.0,1.0,1.0,1.0,1.0
ANO6,18,0,0.0,7,0.04530963191962129,0.0,1.0,1.0,1.0,1.0,1.0,1.0
ANO10,16,0,0.0,6,0.04791395045632334,0.0,1.0,1.0,1.0,1.0,1.0,1.0
ANKRD9,5,0,0.0,0,0.05546240165097382,0.0,1.0,1.0,1.0,1.0,1.0,1.0
ANKRD52,8,0,0.0,2,0.05434647431911454,0.0,1.0,1.0,1.0,1.0,1.0,1.0
ANAPC13,10,0,0.0,3,0.05220779220779221,0.0,1.0,1.0,1.0,1.0,1.0,1.0
ARHGAP18,17,0,0.0,6,0.04791915679669673,0.0,1.0,1.0,1.0,1.0,1.0,1.0
ARHGAP23,5,0,0.0,0,0.05546240165097382,0.0,1.0,1.0,1.0,1.0,1.0,1.0
ASPHD2,6,0,0.0,0,0.05546955624355005,0.0,1.0,1.0,1.0,1.0,1.0,1.0
ASPH,8,0,0.0,2,0.05434647431911454,0.0,1.0,1.0,1.0,1.0,1.0,1.0
ASNSD1,6,0,0.0,0,0.05546955624355005,0.0,1.0,1.0,1.0,1.0,1.0,1.0
ASL,7,0,0.0,1,0.06280566280566281,0.0,1.0,1.0,1.0,1.0,1.0,1.0
ASH2L,10,0,0.0,3,0.05220779220779221,0.0,1.0,1.0,1.0,1.0,1.0,1.0
ASH1L,18,0,0.0,7,0.04530963191962129,0.0,1.0,1.0,1.0,1.0,1.0,1.0
ASCC2,5,0,0.0,0,0.05546240165097382,0.0,1.0,1.0,1.0,1.0,1.0,1.0
ASB2,6,0,0.0,0,0.05546955624355005,0.0,1.0,1.0,1.0,1.0,1.0,1.0
ASAH1,15,0,0.0,6,0.04790874524714829,0.0,1.0,1.0,1.0,1.0,1.0,1.0
ARV1,11,0,0.0,4,0.058300012898232945,0.0,1.0,1.0,1.0,1.0,1.0,1.0
ARSG,8,0,0.0,2,0.05434647431911454,0.0,1.0,1.0,1.0,1.0,1.0,1.0
ARSA,14,0,0.0,5,0.05670604586518416,0.0,1.0,1.0,1.0,1.0,1.0,1.0
ARRDC3,21,0,0.0,7,0.04532276768457673,0.0,1.0,1.0,1.0,1.0,1.0,1.0
ARRDC2,12,0,0.0,4,0.058307533539731685,0.0,1.0,1.0,1.0,1.0,1.0,1.0
ARRB1,29,0,0.0,8,0.04466969179091284,0.0,1.0,1.0,1.0,1.0,1.0,1.0
ASRGL1,6,0,0.0,0,0.05546955624355005,0.0,1.0,1.0,1.0,1.0,1.0,1.0
ARPP19,17,0,0.0,6,0.04791915679669673,0.0,1.0,1.0,1.0,1.0,1.0,1.0
ATAD2,5,0,0.0,0,0.05546240165097382,0.0,1.0,1.0,1.0,1.0,1.0,1.0
ATF1,6,0,0.0,0,0.05546955624355005,0.0,1.0,1.0,1.0,1.0,1.0,1.0
ATP10D,16,0,0.0,6,0.04791395045632334,0.0,1.0,1.0,1.0,1.0,1.0,1.0
ATOX1,26,0,0.0,8,0.04466179589912798,0.0,1.0,1.0,1.0,1.0,1.0,1.0
ATOSA,17,0,0.0,6,0.04791915679669673,0.0,1.0,1.0,1.0,1.0,1.0,1.0
ATN1,45,0,0.0,8,0.04471185040995694,0.0,1.0,1.0,1.0,1.0,1.0,1.0
ATL3,7,0,0.0,1,0.06280566280566281,0.0,1.0,1.0,1.0,1.0,1.0,1.0
ATL1,14,0,0.0,5,0.05670604586518416,0.0,1.0,1.0,1.0,1.0,1.0,1.0
ATG4D,5,0,0.0,0,0.05546240165097382,0.0,1.0,1.0,1.0,1.0,1.0,1.0
ATG3,5,0,0.0,0,0.05546240165097382,0.0,1.0,1.0,1.0,1.0,1.0,1.0
ATG16L2,19,0,0.0,7,0.04531400966183575,0.0,1.0,1.0,1.0,1.0,1.0,1.0
ATG12,9,0,0.0,2,0.05435323383084577,0.0,1.0,1.0,1.0,1.0,1.0,1.0
ATG10,8,0,0.0,2,0.05434647431911454,0.0,1.0,1.0,1.0,1.0,1.0,1.0
ATF7IP2,7,0,0.0,1,0.06280566280566281,0.0,1.0,1.0,1.0,1.0,1.0,1.0
ATF7IP,23,0,0.0,8,0.0446539027982327,0.0,1.0,1.0,1.0,1.0,1.0,1.0
ATF7,10,0,0.0,3,0.05220779220779221,0.0,1.0,1.0,1.0,1.0,1.0,1.0
ATF6,8,0,0.0,2,0.05434647431911454,0.0,1.0,1.0,1.0,1.0,1.0,1.0
ATAT1,5,0,0.0,0,0.05546240165097382,0.0,1.0,1.0,1.0,1.0,1.0,1.0
ARHGAP19,12,0,0.0,4,0.058307533539731685,0.0,1.0,1.0,1.0,1.0,1.0,1.0
ARPC5,16,0,0.0,6,0.04791395045632334,0.0,1.0,1.0,1.0,1.0,1.0,1.0
ARPC1B,41,0,0.0,8,0.04470130329657369,0.0,1.0,1.0,1.0,1.0,1.0,1.0
ARID3B,11,0,0.0,4,0.058300012898232945,0.0,1.0,1.0,1.0,1.0,1.0,1.0
ARID3A,9,0,0.0,2,0.05435323383084577,0.0,1.0,1.0,1.0,1.0,1.0,1.0
ARID2,5,0,0.0,0,0.05546240165097382,0.0,1.0,1.0,1.0,1.0,1.0,1.0
ARID1A,6,0,0.0,0,0.05546955624355005,0.0,1.0,1.0,1.0,1.0,1.0,1.0
ARHGEF9,14,0,0.0,5,0.05670604586518416,0.0,1.0,1.0,1.0,1.0,1.0,1.0
ARHGEF5,8,0,0.0,2,0.05434647431911454,0.0,1.0,1.0,1.0,1.0,1.0,1.0
ARHGEF12,41,0,0.0,8,0.04470130329657369,0.0,1.0,1.0,1.0,1.0,1.0,1.0
ARHGEF10,5,0,0.0,0,0.05546240165097382,0.0,1.0,1.0,1.0,1.0,1.0,1.0
ARHGEF1,21,0,0.0,7,0.04532276768457673,0.0,1.0,1.0,1.0,1.0,1.0,1.0
ARHGAP9,6,0,0.0,0,0.05546955624355005,0.0,1.0,1.0,1.0,1.0,1.0,1.0
ARHGAP5,20,0,0.0,7,0.04531838825007247,0.0,1.0,1.0,1.0,1.0,1.0,1.0
ARHGAP45,8,0,0.0,2,0.05434647431911454,0.0,1.0,1.0,1.0,1.0,1.0,1.0
ARHGAP35,12,0,0.0,4,0.058307533539731685,0.0,1.0,1.0,1.0,1.0,1.0,1.0
ARHGAP31,11,0,0.0,4,0.058300012898232945,0.0,1.0,1.0,1.0,1.0,1.0,1.0
ARHGAP30,16,0,0.0,6,0.04791395045632334,0.0,1.0,1.0,1.0,1.0,1.0,1.0
ARID4A,7,0,0.0,1,0.06280566280566281,0.0,1.0,1.0,1.0,1.0,1.0,1.0
ARPC2,13,0,0.0,5,0.05669816564758199,0.0,1.0,1.0,1.0,1.0,1.0,1.0
ARID4B,11,0,0.0,4,0.058300012898232945,0.0,1.0,1.0,1.0,1.0,1.0,1.0
ARIH1,8,0,0.0,2,0.05434647431911454,0.0,1.0,1.0,1.0,1.0,1.0,1.0
ARPC1A,12,0,0.0,4,0.058307533539731685,0.0,1.0,1.0,1.0,1.0,1.0,1.0
ARNT,5,0,0.0,0,0.05546240165097382,0.0,1.0,1.0,1.0,1.0,1.0,1.0
ARMCX3,8,0,0.0,2,0.05434647431911454,0.0,1.0,1.0,1.0,1.0,1.0,1.0
ARMCX2,5,0,0.0,0,0.05546240165097382,0.0,1.0,1.0,1.0,1.0,1.0,1.0
ARMC12,6,0,0.0,0,0.05546955624355005,0.0,1.0,1.0,1.0,1.0,1.0,1.0
ARL6IP4,16,0,0.0,6,0.04791395045632334,0.0,1.0,1.0,1.0,1.0,1.0,1.0
ARL6,8,0,0.0,2,0.05434647431911454,0.0,1.0,1.0,1.0,1.0,1.0,1.0
ARL5A,6,0,0.0,0,0.05546955624355005,0.0,1.0,1.0,1.0,1.0,1.0,1.0
ARL4C,20,0,0.0,7,0.04531838825007247,0.0,1.0,1.0,1.0,1.0,1.0,1.0
ARL4A,12,0,0.0,4,0.058307533539731685,0.0,1.0,1.0,1.0,1.0,1.0,1.0
ARL3,15,0,0.0,6,0.04790874524714829,0.0,1.0,1.0,1.0,1.0,1.0,1.0
ARL2BP,18,0,0.0,7,0.04530963191962129,0.0,1.0,1.0,1.0,1.0,1.0,1.0
ARL16,5,0,0.0,0,0.05546240165097382,0.0,1.0,1.0,1.0,1.0,1.0,1.0
ARL13B,9,0,0.0,2,0.05435323383084577,0.0,1.0,1.0,1.0,1.0,1.0,1.0
ARL10,8,0,0.0,2,0.05434647431911454,0.0,1.0,1.0,1.0,1.0,1.0,1.0
ARID5A,23,0,0.0,8,0.0446539027982327,0.0,1.0,1.0,1.0,1.0,1.0,1.0
AMZ2,8,0,0.0,2,0.05434647431911454,0.0,1.0,1.0,1.0,1.0,1.0,1.0
AMOTL1,9,0,0.0,2,0.05435323383084577,0.0,1.0,1.0,1.0,1.0,1.0,1.0
AMN1,8,0,0.0,2,0.05434647431911454,0.0,1.0,1.0,1.0,1.0,1.0,1.0
ACTL6A,9,0,0.0,2,0.05435323383084577,0.0,1.0,1.0,1.0,1.0,1.0,1.0
ACTA2,13,0,0.0,5,0.05669816564758199,0.0,1.0,1.0,1.0,1.0,1.0,1.0
ACSL6,16,0,0.0,6,0.04791395045632334,0.0,1.0,1.0,1.0,1.0,1.0,1.0
ACSL5,11,0,0.0,4,0.058300012898232945,0.0,1.0,1.0,1.0,1.0,1.0,1.0
ACSL4,7,0,0.0,1,0.06280566280566281,0.0,1.0,1.0,1.0,1.0,1.0,1.0
ACSL3,6,0,0.0,0,0.05546955624355005,0.0,1.0,1.0,1.0,1.0,1.0,1.0
ACSF3,21,0,0.0,7,0.04532276768457673,0.0,1.0,1.0,1.0,1.0,1.0,1.0
ACP2,5,0,0.0,0,0.05546240165097382,0.0,1.0,1.0,1.0,1.0,1.0,1.0
ACOX1,8,0,0.0,2,0.05434647431911454,0.0,1.0,1.0,1.0,1.0,1.0,1.0
ACOT7,6,0,0.0,0,0.05546955624355005,0.0,1.0,1.0,1.0,1.0,1.0,1.0
ACOT13,15,0,0.0,6,0.04790874524714829,0.0,1.0,1.0,1.0,1.0,1.0,1.0
ACO1,5,0,0.0,0,0.05546240165097382,0.0,1.0,1.0,1.0,1.0,1.0,1.0
ACER3,9,0,0.0,2,0.05435323383084577,0.0,1.0,1.0,1.0,1.0,1.0,1.0
ACD,8,0,0.0,2,0.05434647431911454,0.0,1.0,1.0,1.0,1.0,1.0,1.0
ACCS,8,0,0.0,2,0.05434647431911454,0.0,1.0,1.0,1.0,1.0,1.0,1.0
ACTN1,24,0,0.0,8,0.04465653352185696,0.0,1.0,1.0,1.0,1.0,1.0,1.0
ACBD5,12,0,0.0,4,0.058307533539731685,0.0,1.0,1.0,1.0,1.0,1.0,1.0
ACTN4,21,0,0.0,7,0.04532276768457673,0.0,1.0,1.0,1.0,1.0,1.0,1.0
ACTR1B,10,0,0.0,3,0.05220779220779221,0.0,1.0,1.0,1.0,1.0,1.0,1.0
ADAMTS1,10,0,0.0,3,0.05220779220779221,0.0,1.0,1.0,1.0,1.0,1.0,1.0
ADAM22,12,0,0.0,4,0.058307533539731685,0.0,1.0,1.0,1.0,1.0,1.0,1.0
ADAM19,25,0,0.0,8,0.044659164555470456,0.0,1.0,1.0,1.0,1.0,1.0,1.0
ADAM17,5,0,0.0,0,0.05546240165097382,0.0,1.0,1.0,1.0,1.0,1.0,1.0
ADAM15,13,0,0.0,5,0.05669816564758199,0.0,1.0,1.0,1.0,1.0,1.0,1.0
ADAM10,5,0,0.0,0,0.05546240165097382,0.0,1.0,1.0,1.0,1.0,1.0,1.0
ADAL,13,0,0.0,5,0.05669816564758199,0.0,1.0,1.0,1.0,1.0,1.0,1.0
ADA,15,0,0.0,6,0.04790874524714829,0.0,1.0,1.0,1.0,1.0,1.0,1.0
ACYP2,10,0,0.0,3,0.05220779220779221,0.0,1.0,1.0,1.0,1.0,1.0,1.0
ACYP1,7,0,0.0,1,0.06280566280566281,0.0,1.0,1.0,1.0,1.0,1.0,1.0
ACVR2A,14,0,0.0,5,0.05670604586518416,0.0,1.0,1.0,1.0,1.0,1.0,1.0
ACVR1C,15,0,0.0,6,0.04790874524714829,0.0,1.0,1.0,1.0,1.0,1.0,1.0
ACTR6,8,0,0.0,2,0.05434647431911454,0.0,1.0,1.0,1.0,1.0,1.0,1.0
ACTR3,5,0,0.0,0,0.05546240165097382,0.0,1.0,1.0,1.0,1.0,1.0,1.0
ACTR2,10,0,0.0,3,0.05220779220779221,0.0,1.0,1.0,1.0,1.0,1.0,1.0
ACTR1A,6,0,0.0,0,0.05546955624355005,0.0,1.0,1.0,1.0,1.0,1.0,1.0
ADAMTS10,7,0,0.0,1,0.06280566280566281,0.0,1.0,1.0,1.0,1.0,1.0,1.0
ACBD4,5,0,0.0,0,0.05546240165097382,0.0,1.0,1.0,1.0,1.0,1.0,1.0
ACAP2,5,0,0.0,0,0.05546240165097382,0.0,1.0,1.0,1.0,1.0,1.0,1.0
ABCD3,5,0,0.0,0,0.05546240165097382,0.0,1.0,1.0,1.0,1.0,1.0,1.0
ABCD2,40,0,0.0,8,0.04469866729567166,0.0,1.0,1.0,1.0,1.0,1.0,1.0
ABCC5,7,0,0.0,1,0.06280566280566281,0.0,1.0,1.0,1.0,1.0,1.0,1.0
ABCC1,18,0,0.0,7,0.04530963191962129,0.0,1.0,1.0,1.0,1.0,1.0,1.0
ABCB7,7,0,0.0,1,0.06280566280566281,0.0,1.0,1.0,1.0,1.0,1.0,1.0
ABCB6,16,0,0.0,6,0.04791395045632334,0.0,1.0,1.0,1.0,1.0,1.0,1.0
ABCB1,18,0,0.0,7,0.04530963191962129,0.0,1.0,1.0,1.0,1.0,1.0,1.0
ABCA5,22,0,0.0,7,0.045327147965593895,0.0,1.0,1.0,1.0,1.0,1.0,1.0
ABCA3,15,0,0.0,6,0.04790874524714829,0.0,1.0,1.0,1.0,1.0,1.0,1.0
AASS,8,0,0.0,2,0.05434647431911454,0.0,1.0,1.0,1.0,1.0,1.0,1.0
AAMP,9,0,0.0,2,0.05435323383084577,0.0,1.0,1.0,1.0,1.0,1.0,1.0
AAMDC,9,0,0.0,2,0.05435323383084577,0.0,1.0,1.0,1.0,1.0,1.0,1.0
AAK1,7,0,0.0,1,0.06280566280566281,0.0,1.0,1.0,1.0,1.0,1.0,1.0
AAGAB,14,0,0.0,5,0.05670604586518416,0.0,1.0,1.0,1.0,1.0,1.0,1.0
AACS,23,0,0.0,8,0.0446539027982327,0.0,1.0,1.0,1.0,1.0,1.0,1.0
ABCG1,17,0,0.0,6,0.04791915679669673,0.0,1.0,1.0,1.0,1.0,1.0,1.0
ACAT1,14,0,0.0,5,0.05670604586518416,0.0,1.0,1.0,1.0,1.0,1.0,1.0
ABHD10,6,0,0.0,0,0.05546955624355005,0.0,1.0,1.0,1.0,1.0,1.0,1.0
ABHD14A,11,0,0.0,4,0.058300012898232945,0.0,1.0,1.0,1.0,1.0,1.0,1.0
ACAD9,7,0,0.0,1,0.06280566280566281,0.0,1.0,1.0,1.0,1.0,1.0,1.0
ACAD11,5,0,0.0,0,0.05546240165097382,0.0,1.0,1.0,1.0,1.0,1.0,1.0
ACAA2,14,0,0.0,5,0.05670604586518416,0.0,1.0,1.0,1.0,1.0,1.0,1.0
ACAA1,18,0,0.0,7,0.04530963191962129,0.0,1.0,1.0,1.0,1.0,1.0,1.0
ABTB2,5,0,0.0,0,0.05546240165097382,0.0,1.0,1.0,1.0,1.0,1.0,1.0
ABRACL,31,0,0.0,8,0.044674957269994695,0.0,1.0,1.0,1.0,1.0,1.0,1.0
ABR,10,0,0.0,3,0.05220779220779221,0.0,1.0,1.0,1.0,1.0,1.0,1.0
ABL1,11,0,0.0,4,0.058300012898232945,0.0,1.0,1.0,1.0,1.0,1.0,1.0
ABI2,15,0,0.0,6,0.04790874524714829,0.0,1.0,1.0,1.0,1.0,1.0,1.0
ABI1,12,0,0.0,4,0.058307533539731685,0.0,1.0,1.0,1.0,1.0,1.0,1.0
ABHD8,10,0,0.0,3,0.05220779220779221,0.0,1.0,1.0,1.0,1.0,1.0,1.0
ABHD5,6,0,0.0,0,0.05546955624355005,0.0,1.0,1.0,1.0,1.0,1.0,1.0
ABHD4,9,0,0.0,2,0.05435323383084577,0.0,1.0,1.0,1.0,1.0,1.0,1.0
ABHD17C,6,0,0.0,0,0.05546955624355005,0.0,1.0,1.0,1.0,1.0,1.0,1.0
ABHD14B,9,0,0.0,2,0.05435323383084577,0.0,1.0,1.0,1.0,1.0,1.0,1.0
ABHD12,9,0,0.0,2,0.05435323383084577,0.0,1.0,1.0,1.0,1.0,1.0,1.0
ADAR,17,0,0.0,6,0.04791915679669673,0.0,1.0,1.0,1.0,1.0,1.0,1.0
ADAT1,7,0,0.0,1,0.06280566280566281,0.0,1.0,1.0,1.0,1.0,1.0,1.0
ADAT2,10,0,0.0,3,0.05220779220779221,0.0,1.0,1.0,1.0,1.0,1.0,1.0
ALDH7A1,11,0,0.0,4,0.058300012898232945,0.0,1.0,1.0,1.0,1.0,1.0,1.0
ALDH5A1,8,0,0.0,2,0.05434647431911454,0.0,1.0,1.0,1.0,1.0,1.0,1.0
ALDH3A2,10,0,0.0,3,0.05220779220779221,0.0,1.0,1.0,1.0,1.0,1.0,1.0
ALDH18A1,7,0,0.0,1,0.06280566280566281,0.0,1.0,1.0,1.0,1.0,1.0,1.0
ALDH16A1,10,0,0.0,3,0.05220779220779221,0.0,1.0,1.0,1.0,1.0,1.0,1.0
ALCAM,14,0,0.0,5,0.05670604586518416,0.0,1.0,1.0,1.0,1.0,1.0,1.0
AKTIP,8,0,0.0,2,0.05434647431911454,0.0,1.0,1.0,1.0,1.0,1.0,1.0
AKT3,21,0,0.0,7,0.04532276768457673,0.0,1.0,1.0,1.0,1.0,1.0,1.0
AKT1,14,0,0.0,5,0.05670604586518416,0.0,1.0,1.0,1.0,1.0,1.0,1.0
AKR7A2,8,0,0.0,2,0.05434647431911454,0.0,1.0,1.0,1.0,1.0,1.0,1.0
AKR1C3,10,0,0.0,3,0.05220779220779221,0.0,1.0,1.0,1.0,1.0,1.0,1.0
AKR1B1,30,0,0.0,8,0.04467232437529467,0.0,1.0,1.0,1.0,1.0,1.0,1.0
AKR1A1,20,0,0.0,7,0.04531838825007247,0.0,1.0,1.0,1.0,1.0,1.0,1.0
AKIRIN2,9,0,0.0,2,0.05435323383084577,0.0,1.0,1.0,1.0,1.0,1.0,1.0
AKIP1,20,0,0.0,7,0.04531838825007247,0.0,1.0,1.0,1.0,1.0,1.0,1.0
ALDH9A1,6,0,0.0,0,0.05546955624355005,0.0,1.0,1.0,1.0,1.0,1.0,1.0
AKAP9,5,0,0.0,0,0.05546240165097382,0.0,1.0,1.0,1.0,1.0,1.0,1.0
ALDOC,15,0,0.0,6,0.04790874524714829,0.0,1.0,1.0,1.0,1.0,1.0,1.0
ALG2,11,0,0.0,4,0.058300012898232945,0.0,1.0,1.0,1.0,1.0,1.0,1.0
AMMECR1,5,0,0.0,0,0.05546240165097382,0.0,1.0,1.0,1.0,1.0,1.0,1.0
AMIGO2,10,0,0.0,3,0.05220779220779221,0.0,1.0,1.0,1.0,1.0,1.0,1.0
AMFR,16,0,0.0,6,0.04791395045632334,0.0,1.0,1.0,1.0,1.0,1.0,1.0
AMD1,5,0,0.0,0,0.05546240165097382,0.0,1.0,1.0,1.0,1.0,1.0,1.0
ALYREF,15,0,0.0,6,0.04790874524714829,0.0,1.0,1.0,1.0,1.0,1.0,1.0
ALS2,8,0,0.0,2,0.05434647431911454,0.0,1.0,1.0,1.0,1.0,1.0,1.0
ALPK1,20,0,0.0,7,0.04531838825007247,0.0,1.0,1.0,1.0,1.0,1.0,1.0
ALOX5,6,0,0.0,0,0.05546955624355005,0.0,1.0,1.0,1.0,1.0,1.0,1.0
ALMS1,5,0,0.0,0,0.05546240165097382,0.0,1.0,1.0,1.0,1.0,1.0,1.0
ALKBH7,10,0,0.0,3,0.05220779220779221,0.0,1.0,1.0,1.0,1.0,1.0,1.0
ALG9,9,0,0.0,2,0.05435323383084577,0.0,1.0,1.0,1.0,1.0,1.0,1.0
ALG8,7,0,0.0,1,0.06280566280566281,0.0,1.0,1.0,1.0,1.0,1.0,1.0
ALG6,7,0,0.0,1,0.06280566280566281,0.0,1.0,1.0,1.0,1.0,1.0,1.0
ALG5,10,0,0.0,3,0.05220779220779221,0.0,1.0,1.0,1.0,1.0,1.0,1.0
ALG3,6,0,0.0,0,0.05546955624355005,0.0,1.0,1.0,1.0,1.0,1.0,1.0
ALG14,7,0,0.0,1,0.06280566280566281,0.0,1.0,1.0,1.0,1.0,1.0,1.0
AKAP7,16,0,0.0,6,0.04791395045632334,0.0,1.0,1.0,1.0,1.0,1.0,1.0
AKAP5,17,0,0.0,6,0.04791915679669673,0.0,1.0,1.0,1.0,1.0,1.0,1.0
AKAP17A,8,0,0.0,2,0.05434647431911454,0.0,1.0,1.0,1.0,1.0,1.0,1.0
AFF1,12,0,0.0,4,0.058307533539731685,0.0,1.0,1.0,1.0,1.0,1.0,1.0
AFDN,20,0,0.0,7,0.04531838825007247,0.0,1.0,1.0,1.0,1.0,1.0,1.0
AEBP2,20,0,0.0,7,0.04531838825007247,0.0,1.0,1.0,1.0,1.0,1.0,1.0
ADPRS,6,0,0.0,0,0.05546955624355005,0.0,1.0,1.0,1.0,1.0,1.0,1.0
ADPRH,19,0,0.0,7,0.04531400966183575,0.0,1.0,1.0,1.0,1.0,1.0,1.0
ADIPOR1,7,0,0.0,1,0.06280566280566281,0.0,1.0,1.0,1.0,1.0,1.0,1.0
ADI1,26,0,0.0,8,0.04466179589912798,0.0,1.0,1.0,1.0,1.0,1.0,1.0
ADGRL1,5,0,0.0,0,0.05546240165097382,0.0,1.0,1.0,1.0,1.0,1.0,1.0
ADGRG5,12,0,0.0,4,0.058307533539731685,0.0,1.0,1.0,1.0,1.0,1.0,1.0
ADD2,10,0,0.0,3,0.05220779220779221,0.0,1.0,1.0,1.0,1.0,1.0,1.0
ADD1,18,0,0.0,7,0.04530963191962129,0.0,1.0,1.0,1.0,1.0,1.0,1.0
ADCY9,10,0,0.0,3,0.05220779220779221,0.0,1.0,1.0,1.0,1.0,1.0,1.0
ADCY3,5,0,0.0,0,0.05546240165097382,0.0,1.0,1.0,1.0,1.0,1.0,1.0
ADCY1,5,0,0.0,0,0.05546240165097382,0.0,1.0,1.0,1.0,1.0,1.0,1.0
ADCK2,7,0,0.0,1,0.06280566280566281,0.0,1.0,1.0,1.0,1.0,1.0,1.0
AGA,8,0,0.0,2,0.05434647431911454,0.0,1.0,1.0,1.0,1.0,1.0,1.0
AGAP1,9,0,0.0,2,0.05435323383084577,0.0,1.0,1.0,1.0,1.0,1.0,1.0
AGAP3,5,0,0.0,0,0.05546240165097382,0.0,1.0,1.0,1.0,1.0,1.0,1.0
AGFG1,5,0,0.0,0,0.05546240165097382,0.0,1.0,1.0,1.0,1.0,1.0,1.0
AK4,9,0,0.0,2,0.05435323383084577,0.0,1.0,1.0,1.0,1.0,1.0,1.0
AK3,19,0,0.0,7,0.04531400966183575,0.0,1.0,1.0,1.0,1.0,1.0,1.0
AK1,11,0,0.0,4,0.058300012898232945,0.0,1.0,1.0,1.0,1.0,1.0,1.0
AIG1,7,0,0.0,1,0.06280566280566281,0.0,1.0,1.0,1.0,1.0,1.0,1.0
AIFM2,12,0,0.0,4,0.058307533539731685,0.0,1.0,1.0,1.0,1.0,1.0,1.0
AHRR,14,0,0.0,5,0.05670604586518416,0.0,1.0,1.0,1.0,1.0,1.0,1.0
AHI1,26,0,0.0,8,0.04466179589912798,0.0,1.0,1.0,1.0,1.0,1.0,1.0
ATP11A,5,0,0.0,0,0.05546240165097382,0.0,1.0,1.0,1.0,1.0,1.0,1.0
AHDC1,13,0,0.0,5,0.05669816564758199,0.0,1.0,1.0,1.0,1.0,1.0,1.0
AGRN,12,0,0.0,4,0.058307533539731685,0.0,1.0,1.0,1.0,1.0,1.0,1.0
AGPS,5,0,0.0,0,0.05546240165097382,0.0,1.0,1.0,1.0,1.0,1.0,1.0
AGPAT4,12,0,0.0,4,0.058307533539731685,0.0,1.0,1.0,1.0,1.0,1.0,1.0
AGPAT3,20,0,0.0,7,0.04531838825007247,0.0,1.0,1.0,1.0,1.0,1.0,1.0
AGPAT2,16,0,0.0,6,0.04791395045632334,0.0,1.0,1.0,1.0,1.0,1.0,1.0
AGMAT,19,0,0.0,7,0.04531400966183575,0.0,1.0,1.0,1.0,1.0,1.0,1.0
AGL,10,0,0.0,3,0.05220779220779221,0.0,1.0,1.0,1.0,1.0,1.0,1.0
AHCYL2,14,0,0.0,5,0.05670604586518416,0.0,1.0,1.0,1.0,1.0,1.0,1.0
ATP1A1,7,0,0.0,1,0.06280566280566281,0.0,1.0,1.0,1.0,1.0,1.0,1.0
ATP1A3,8,0,0.0,2,0.05434647431911454,0.0,1.0,1.0,1.0,1.0,1.0,1.0
ATP1B1,11,0,0.0,4,0.058300012898232945,0.0,1.0,1.0,1.0,1.0,1.0,1.0
CBLB,21,0,0.0,7,0.04532276768457673,0.0,1.0,1.0,1.0,1.0,1.0,1.0
CAVIN3,7,0,0.0,1,0.06280566280566281,0.0,1.0,1.0,1.0,1.0,1.0,1.0
CAT,11,0,0.0,4,0.058300012898232945,0.0,1.0,1.0,1.0,1.0,1.0,1.0
CASZ1,9,0,0.0,2,0.05435323383084577,0.0,1.0,1.0,1.0,1.0,1.0,1.0
CASS4,12,0,0.0,4,0.058307533539731685,0.0,1.0,1.0,1.0,1.0,1.0,1.0
CASP8,13,0,0.0,5,0.05669816564758199,0.0,1.0,1.0,1.0,1.0,1.0,1.0
CASP7,6,0,0.0,0,0.05546955624355005,0.0,1.0,1.0,1.0,1.0,1.0,1.0
CASP3,16,0,0.0,6,0.04791395045632334,0.0,1.0,1.0,1.0,1.0,1.0,1.0
CASP2,6,0,0.0,0,0.05546955624355005,0.0,1.0,1.0,1.0,1.0,1.0,1.0
CASKIN2,7,0,0.0,1,0.06280566280566281,0.0,1.0,1.0,1.0,1.0,1.0,1.0
CASK,12,0,0.0,4,0.058307533539731685,0.0,1.0,1.0,1.0,1.0,1.0,1.0
CASC3,10,0,0.0,3,0.05220779220779221,0.0,1.0,1.0,1.0,1.0,1.0,1.0
CARMIL1,6,0,0.0,0,0.05546955624355005,0.0,1.0,1.0,1.0,1.0,1.0,1.0
CARM1,16,0,0.0,6,0.04791395045632334,0.0,1.0,1.0,1.0,1.0,1.0,1.0
CAPZA2,5,0,0.0,0,0.05546240165097382,0.0,1.0,1.0,1.0,1.0,1.0,1.0
CBLN3,6,0,0.0,0,0.05546955624355005,0.0,1.0,1.0,1.0,1.0,1.0,1.0
CAPZA1,6,0,0.0,0,0.05546955624355005,0.0,1.0,1.0,1.0,1.0,1.0,1.0
CBR1,5,0,0.0,0,0.05546240165097382,0.0,1.0,1.0,1.0,1.0,1.0,1.0
CBR4,8,0,0.0,2,0.05434647431911454,0.0,1.0,1.0,1.0,1.0,1.0,1.0
CCDC141,30,0,0.0,8,0.04467232437529467,0.0,1.0,1.0,1.0,1.0,1.0,1.0
CCDC14,5,0,0.0,0,0.05546240165097382,0.0,1.0,1.0,1.0,1.0,1.0,1.0
CCDC136,14,0,0.0,5,0.05670604586518416,0.0,1.0,1.0,1.0,1.0,1.0,1.0
CCDC134,6,0,0.0,0,0.05546955624355005,0.0,1.0,1.0,1.0,1.0,1.0,1.0
CCDC124,9,0,0.0,2,0.05435323383084577,0.0,1.0,1.0,1.0,1.0,1.0,1.0
CCDC122,5,0,0.0,0,0.05546240165097382,0.0,1.0,1.0,1.0,1.0,1.0,1.0
CCDC12,7,0,0.0,1,0.06280566280566281,0.0,1.0,1.0,1.0,1.0,1.0,1.0
CCDC117,5,0,0.0,0,0.05546240165097382,0.0,1.0,1.0,1.0,1.0,1.0,1.0
CCDC106,12,0,0.0,4,0.058307533539731685,0.0,1.0,1.0,1.0,1.0,1.0,1.0
CCDC102A,17,0,0.0,6,0.04791915679669673,0.0,1.0,1.0,1.0,1.0,1.0,1.0
CC2D1A,7,0,0.0,1,0.06280566280566281,0.0,1.0,1.0,1.0,1.0,1.0,1.0
CBY1,12,0,0.0,4,0.058307533539731685,0.0,1.0,1.0,1.0,1.0,1.0,1.0
CBX4,9,0,0.0,2,0.05435323383084577,0.0,1.0,1.0,1.0,1.0,1.0,1.0
CBX3,28,0,0.0,8,0.044667059516794345,0.0,1.0,1.0,1.0,1.0,1.0,1.0
CBS,13,0,0.0,5,0.05669816564758199,0.0,1.0,1.0,1.0,1.0,1.0,1.0
CBR3,12,0,0.0,4,0.058307533539731685,0.0,1.0,1.0,1.0,1.0,1.0,1.0
CCDC159,6,0,0.0,0,0.05546955624355005,0.0,1.0,1.0,1.0,1.0,1.0,1.0
CAPRIN2,8,0,0.0,2,0.05434647431911454,0.0,1.0,1.0,1.0,1.0,1.0,1.0
CAPN1,16,0,0.0,6,0.04791395045632334,0.0,1.0,1.0,1.0,1.0,1.0,1.0
C9orf40,5,0,0.0,0,0.05546240165097382,0.0,1.0,1.0,1.0,1.0,1.0,1.0
C8orf88,6,0,0.0,0,0.05546955624355005,0.0,1.0,1.0,1.0,1.0,1.0,1.0
C7orf50,17,0,0.0,6,0.04791915679669673,0.0,1.0,1.0,1.0,1.0,1.0,1.0
C6orf62,10,0,0.0,3,0.05220779220779221,0.0,1.0,1.0,1.0,1.0,1.0,1.0
C6orf120,8,0,0.0,2,0.05434647431911454,0.0,1.0,1.0,1.0,1.0,1.0,1.0
C5orf15,9,0,0.0,2,0.05435323383084577,0.0,1.0,1.0,1.0,1.0,1.0,1.0
C4orf48,5,0,0.0,0,0.05546240165097382,0.0,1.0,1.0,1.0,1.0,1.0,1.0
C4orf33,8,0,0.0,2,0.05434647431911454,0.0,1.0,1.0,1.0,1.0,1.0,1.0
C4BPB,10,0,0.0,3,0.05220779220779221,0.0,1.0,1.0,1.0,1.0,1.0,1.0
C3orf52,8,0,0.0,2,0.05434647431911454,0.0,1.0,1.0,1.0,1.0,1.0,1.0
C3orf38,14,0,0.0,5,0.05670604586518416,0.0,1.0,1.0,1.0,1.0,1.0,1.0
C3orf33,5,0,0.0,0,0.05546240165097382,0.0,1.0,1.0,1.0,1.0,1.0,1.0
C3orf18,11,0,0.0,4,0.058300012898232945,0.0,1.0,1.0,1.0,1.0,1.0,1.0
C2orf74,6,0,0.0,0,0.05546955624355005,0.0,1.0,1.0,1.0,1.0,1.0,1.0
C2CD4D,5,0,0.0,0,0.05546240165097382,0.0,1.0,1.0,1.0,1.0,1.0,1.0
C9orf64,18,0,0.0,7,0.04530963191962129,0.0,1.0,1.0,1.0,1.0,1.0,1.0
CAPNS1,28,0,0.0,8,0.044667059516794345,0.0,1.0,1.0,1.0,1.0,1.0,1.0
CA11,17,0,0.0,6,0.04791915679669673,0.0,1.0,1.0,1.0,1.0,1.0,1.0
CA5B,6,0,0.0,0,0.05546955624355005,0.0,1.0,1.0,1.0,1.0,1.0,1.0
CAPG,40,0,0.0,8,0.04469866729567166,0.0,1.0,1.0,1.0,1.0,1.0,1.0
CAMSAP1,5,0,0.0,0,0.05546240165097382,0.0,1.0,1.0,1.0,1.0,1.0,1.0
CAMKMT,5,0,0.0,0,0.05546240165097382,0.0,1.0,1.0,1.0,1.0,1.0,1.0
CAMK2G,16,0,0.0,6,0.04791395045632334,0.0,1.0,1.0,1.0,1.0,1.0,1.0
CAMK1D,15,0,0.0,6,0.04790874524714829,0.0,1.0,1.0,1.0,1.0,1.0,1.0
CALR,8,0,0.0,2,0.05434647431911454,0.0,1.0,1.0,1.0,1.0,1.0,1.0
CALHM6,21,0,0.0,7,0.04532276768457673,0.0,1.0,1.0,1.0,1.0,1.0,1.0
CADM1,8,0,0.0,2,0.05434647431911454,0.0,1.0,1.0,1.0,1.0,1.0,1.0
CACUL1,5,0,0.0,0,0.05546240165097382,0.0,1.0,1.0,1.0,1.0,1.0,1.0
CACNB3,8,0,0.0,2,0.05434647431911454,0.0,1.0,1.0,1.0,1.0,1.0,1.0
CACNB1,7,0,0.0,1,0.06280566280566281,0.0,1.0,1.0,1.0,1.0,1.0,1.0
CABP4,7,0,0.0,1,0.06280566280566281,0.0,1.0,1.0,1.0,1.0,1.0,1.0
CABLES2,5,0,0.0,0,0.05546240165097382,0.0,1.0,1.0,1.0,1.0,1.0,1.0
CAAP1,5,0,0.0,0,0.05546240165097382,0.0,1.0,1.0,1.0,1.0,1.0,1.0
CA6,8,0,0.0,2,0.05434647431911454,0.0,1.0,1.0,1.0,1.0,1.0,1.0
CA2,11,0,0.0,4,0.058300012898232945,0.0,1.0,1.0,1.0,1.0,1.0,1.0
CCDC28A,16,0,0.0,6,0.04791395045632334,0.0,1.0,1.0,1.0,1.0,1.0,1.0
CCDC28B,14,0,0.0,5,0.05670604586518416,0.0,1.0,1.0,1.0,1.0,1.0,1.0
CCDC6,18,0,0.0,7,0.04530963191962129,0.0,1.0,1.0,1.0,1.0,1.0,1.0
CD74,48,0,0.0,8,0.04471976401179941,0.0,1.0,1.0,1.0,1.0,1.0,1.0
CD70,17,0,0.0,6,0.04791915679669673,0.0,1.0,1.0,1.0,1.0,1.0,1.0
CD63,35,0,0.0,8,0.044685491953074336,0.0,1.0,1.0,1.0,1.0,1.0,1.0
CD58,9,0,0.0,2,0.05435323383084577,0.0,1.0,1.0,1.0,1.0,1.0,1.0
CD55,22,0,0.0,7,0.045327147965593895,0.0,1.0,1.0,1.0,1.0,1.0,1.0
CD5,6,0,0.0,0,0.05546955624355005,0.0,1.0,1.0,1.0,1.0,1.0,1.0
CD46,9,0,0.0,2,0.05435323383084577,0.0,1.0,1.0,1.0,1.0,1.0,1.0
CD40LG,18,0,0.0,7,0.04530963191962129,0.0,1.0,1.0,1.0,1.0,1.0,1.0
CD40,6,0,0.0,0,0.05546955624355005,0.0,1.0,1.0,1.0,1.0,1.0,1.0
CD3E,35,0,0.0,8,0.044685491953074336,0.0,1.0,1.0,1.0,1.0,1.0,1.0
CD38,23,0,0.0,8,0.0446539027982327,0.0,1.0,1.0,1.0,1.0,1.0,1.0
CD37,24,0,0.0,8,0.04465653352185696,0.0,1.0,1.0,1.0,1.0,1.0,1.0
CD33,6,0,0.0,0,0.05546955624355005,0.0,1.0,1.0,1.0,1.0,1.0,1.0
CD320,24,0,0.0,8,0.04465653352185696,0.0,1.0,1.0,1.0,1.0,1.0,1.0
CD300A,11,0,0.0,4,0.058300012898232945,0.0,1.0,1.0,1.0,1.0,1.0,1.0
CD79B,14,0,0.0,5,0.05670604586518416,0.0,1.0,1.0,1.0,1.0,1.0,1.0
CD2AP,11,0,0.0,4,0.058300012898232945,0.0,1.0,1.0,1.0,1.0,1.0,1.0
CD80,23,0,0.0,8,0.0446539027982327,0.0,1.0,1.0,1.0,1.0,1.0,1.0
CD86,15,0,0.0,6,0.04790874524714829,0.0,1.0,1.0,1.0,1.0,1.0,1.0
CDC73,8,0,0.0,2,0.05434647431911454,0.0,1.0,1.0,1.0,1.0,1.0,1.0
CDC7,7,0,0.0,1,0.06280566280566281,0.0,1.0,1.0,1.0,1.0,1.0,1.0
CDC42SE1,6,0,0.0,0,0.05546955624355005,0.0,1.0,1.0,1.0,1.0,1.0,1.0
CDC42EP3,16,0,0.0,6,0.04791395045632334,0.0,1.0,1.0,1.0,1.0,1.0,1.0
CDC42BPB,9,0,0.0,2,0.05435323383084577,0.0,1.0,1.0,1.0,1.0,1.0,1.0
CDC42BPA,5,0,0.0,0,0.05546240165097382,0.0,1.0,1.0,1.0,1.0,1.0,1.0
CDC37L1,6,0,0.0,0,0.05546955624355005,0.0,1.0,1.0,1.0,1.0,1.0,1.0
CDC37,11,0,0.0,4,0.058300012898232945,0.0,1.0,1.0,1.0,1.0,1.0,1.0
CDC34,8,0,0.0,2,0.05434647431911454,0.0,1.0,1.0,1.0,1.0,1.0,1.0
CDC27,6,0,0.0,0,0.05546955624355005,0.0,1.0,1.0,1.0,1.0,1.0,1.0
CDC25A,6,0,0.0,0,0.05546955624355005,0.0,1.0,1.0,1.0,1.0,1.0,1.0
CDC14B,12,0,0.0,4,0.058307533539731685,0.0,1.0,1.0,1.0,1.0,1.0,1.0
CDC14A,12,0,0.0,4,0.058307533539731685,0.0,1.0,1.0,1.0,1.0,1.0,1.0
CD99L2,7,0,0.0,1,0.06280566280566281,0.0,1.0,1.0,1.0,1.0,1.0,1.0
CD9,7,0,0.0,1,0.06280566280566281,0.0,1.0,1.0,1.0,1.0,1.0,1.0
CD84,12,0,0.0,4,0.058307533539731685,0.0,1.0,1.0,1.0,1.0,1.0,1.0
CD274,15,0,0.0,6,0.04790874524714829,0.0,1.0,1.0,1.0,1.0,1.0,1.0
CD27,31,0,0.0,8,0.044674957269994695,0.0,1.0,1.0,1.0,1.0,1.0,1.0
CD247,14,0,0.0,5,0.05670604586518416,0.0,1.0,1.0,1.0,1.0,1.0,1.0
CCNDBP1,13,0,0.0,5,0.05669816564758199,0.0,1.0,1.0,1.0,1.0,1.0,1.0
CCND3,9,0,0.0,2,0.05435323383084577,0.0,1.0,1.0,1.0,1.0,1.0,1.0
CCND2,18,0,0.0,7,0.04530963191962129,0.0,1.0,1.0,1.0,1.0,1.0,1.0
CCNB1IP1,16,0,0.0,6,0.04791395045632334,0.0,1.0,1.0,1.0,1.0,1.0,1.0
CCL28,19,0,0.0,7,0.04531400966183575,0.0,1.0,1.0,1.0,1.0,1.0,1.0
CCDC92,24,0,0.0,8,0.04465653352185696,0.0,1.0,1.0,1.0,1.0,1.0,1.0
CCDC91,11,0,0.0,4,0.058300012898232945,0.0,1.0,1.0,1.0,1.0,1.0,1.0
CCDC90B,14,0,0.0,5,0.05670604586518416,0.0,1.0,1.0,1.0,1.0,1.0,1.0
CCDC9,13,0,0.0,5,0.05669816564758199,0.0,1.0,1.0,1.0,1.0,1.0,1.0
CCDC88A,16,0,0.0,6,0.04791395045632334,0.0,1.0,1.0,1.0,1.0,1.0,1.0
CCDC85C,9,0,0.0,2,0.05435323383084577,0.0,1.0,1.0,1.0,1.0,1.0,1.0
CCDC85B,17,0,0.0,6,0.04791915679669673,0.0,1.0,1.0,1.0,1.0,1.0,1.0
CCDC82,5,0,0.0,0,0.05546240165097382,0.0,1.0,1.0,1.0,1.0,1.0,1.0
CCDC71L,5,0,0.0,0,0.05546240165097382,0.0,1.0,1.0,1.0,1.0,1.0,1.0
CCDC7,6,0,0.0,0,0.05546955624355005,0.0,1.0,1.0,1.0,1.0,1.0,1.0
CCNE1,6,0,0.0,0,0.05546955624355005,0.0,1.0,1.0,1.0,1.0,1.0,1.0
CCNF,5,0,0.0,0,0.05546240165097382,0.0,1.0,1.0,1.0,1.0,1.0,1.0
CCNG2,6,0,0.0,0,0.05546955624355005,0.0,1.0,1.0,1.0,1.0,1.0,1.0
CCNI,38,0,0.0,8,0.04469339622641509,0.0,1.0,1.0,1.0,1.0,1.0,1.0
CD200R1,16,0,0.0,6,0.04791395045632334,0.0,1.0,1.0,1.0,1.0,1.0,1.0
CD180,6,0,0.0,0,0.05546955624355005,0.0,1.0,1.0,1.0,1.0,1.0,1.0
CD151,25,0,0.0,8,0.044659164555470456,0.0,1.0,1.0,1.0,1.0,1.0,1.0
CCT8,18,0,0.0,7,0.04530963191962129,0.0,1.0,1.0,1.0,1.0,1.0,1.0
CCT6A,15,0,0.0,6,0.04790874524714829,0.0,1.0,1.0,1.0,1.0,1.0,1.0
CCSER2,21,0,0.0,7,0.04532276768457673,0.0,1.0,1.0,1.0,1.0,1.0,1.0
CCR8,24,0,0.0,8,0.04465653352185696,0.0,1.0,1.0,1.0,1.0,1.0,1.0
C21orf91,12,0,0.0,4,0.058307533539731685,0.0,1.0,1.0,1.0,1.0,1.0,1.0
CCR6,10,0,0.0,3,0.05220779220779221,0.0,1.0,1.0,1.0,1.0,1.0,1.0
CCPG1,22,0,0.0,7,0.045327147965593895,0.0,1.0,1.0,1.0,1.0,1.0,1.0
CCP110,13,0,0.0,5,0.05669816564758199,0.0,1.0,1.0,1.0,1.0,1.0,1.0
CCNY,7,0,0.0,1,0.06280566280566281,0.0,1.0,1.0,1.0,1.0,1.0,1.0
CCNT1,7,0,0.0,1,0.06280566280566281,0.0,1.0,1.0,1.0,1.0,1.0,1.0
CCNL2,7,0,0.0,1,0.06280566280566281,0.0,1.0,1.0,1.0,1.0,1.0,1.0
CCNL1,15,0,0.0,6,0.04790874524714829,0.0,1.0,1.0,1.0,1.0,1.0,1.0
CCNI2,13,0,0.0,5,0.05669816564758199,0.0,1.0,1.0,1.0,1.0,1.0,1.0
CCR2,27,0,0.0,8,0.044664427552884335,0.0,1.0,1.0,1.0,1.0,1.0,1.0
CDH24,5,0,0.0,0,0.05546240165097382,0.0,1.0,1.0,1.0,1.0,1.0,1.0
C1orf216,6,0,0.0,0,0.05546955624355005,0.0,1.0,1.0,1.0,1.0,1.0,1.0
C1orf198,8,0,0.0,2,0.05434647431911454,0.0,1.0,1.0,1.0,1.0,1.0,1.0
BAG1,24,0,0.0,8,0.04465653352185696,0.0,1.0,1.0,1.0,1.0,1.0,1.0
BAD,6,0,0.0,0,0.05546955624355005,0.0,1.0,1.0,1.0,1.0,1.0,1.0
BACH2,14,0,0.0,5,0.05670604586518416,0.0,1.0,1.0,1.0,1.0,1.0,1.0
BABAM2,7,0,0.0,1,0.06280566280566281,0.0,1.0,1.0,1.0,1.0,1.0,1.0
B4GAT1,10,0,0.0,3,0.05220779220779221,0.0,1.0,1.0,1.0,1.0,1.0,1.0
B4GALT7,7,0,0.0,1,0.06280566280566281,0.0,1.0,1.0,1.0,1.0,1.0,1.0
B4GALT6,5,0,0.0,0,0.05546240165097382,0.0,1.0,1.0,1.0,1.0,1.0,1.0
B4GALT5,18,0,0.0,7,0.04530963191962129,0.0,1.0,1.0,1.0,1.0,1.0,1.0
B4GALT4,10,0,0.0,3,0.05220779220779221,0.0,1.0,1.0,1.0,1.0,1.0,1.0
B4GALT3,7,0,0.0,1,0.06280566280566281,0.0,1.0,1.0,1.0,1.0,1.0,1.0
B4GALT1,11,0,0.0,4,0.058300012898232945,0.0,1.0,1.0,1.0,1.0,1.0,1.0
B4GALNT1,9,0,0.0,2,0.05435323383084577,0.0,1.0,1.0,1.0,1.0,1.0,1.0
B3GNT9,11,0,0.0,4,0.058300012898232945,0.0,1.0,1.0,1.0,1.0,1.0,1.0
B3GLCT,9,0,0.0,2,0.05435323383084577,0.0,1.0,1.0,1.0,1.0,1.0,1.0
B3GAT3,10,0,0.0,3,0.05220779220779221,0.0,1.0,1.0,1.0,1.0,1.0,1.0
BAG2,7,0,0.0,1,0.06280566280566281,0.0,1.0,1.0,1.0,1.0,1.0,1.0
B3GALT4,5,0,0.0,0,0.05546240165097382,0.0,1.0,1.0,1.0,1.0,1.0,1.0
BAG6,14,0,0.0,5,0.05670604586518416,0.0,1.0,1.0,1.0,1.0,1.0,1.0
BAK1,9,0,0.0,2,0.05435323383084577,0.0,1.0,1.0,1.0,1.0,1.0,1.0
BCCIP,9,0,0.0,2,0.05435323383084577,0.0,1.0,1.0,1.0,1.0,1.0,1.0
BCAT2,9,0,0.0,2,0.05435323383084577,0.0,1.0,1.0,1.0,1.0,1.0,1.0
BCAS4,27,0,0.0,8,0.044664427552884335,0.0,1.0,1.0,1.0,1.0,1.0,1.0
BCAS2,9,0,0.0,2,0.05435323383084577,0.0,1.0,1.0,1.0,1.0,1.0,1.0
BCAP31,7,0,0.0,1,0.06280566280566281,0.0,1.0,1.0,1.0,1.0,1.0,1.0
BCAP29,17,0,0.0,6,0.04791915679669673,0.0,1.0,1.0,1.0,1.0,1.0,1.0
BBX,11,0,0.0,4,0.058300012898232945,0.0,1.0,1.0,1.0,1.0,1.0,1.0
BBS9,6,0,0.0,0,0.05546955624355005,0.0,1.0,1.0,1.0,1.0,1.0,1.0
BBS12,6,0,0.0,0,0.05546955624355005,0.0,1.0,1.0,1.0,1.0,1.0,1.0
BBS10,6,0,0.0,0,0.05546955624355005,0.0,1.0,1.0,1.0,1.0,1.0,1.0
BBS1,6,0,0.0,0,0.05546955624355005,0.0,1.0,1.0,1.0,1.0,1.0,1.0
BAZ2B,20,0,0.0,7,0.04531838825007247,0.0,1.0,1.0,1.0,1.0,1.0,1.0
BAZ2A,14,0,0.0,5,0.05670604586518416,0.0,1.0,1.0,1.0,1.0,1.0,1.0
BATF3,12,0,0.0,4,0.058307533539731685,0.0,1.0,1.0,1.0,1.0,1.0,1.0
BATF,5,0,0.0,0,0.05546240165097382,0.0,1.0,1.0,1.0,1.0,1.0,1.0
BAIAP2,8,0,0.0,2,0.05434647431911454,0.0,1.0,1.0,1.0,1.0,1.0,1.0
BCKDHA,5,0,0.0,0,0.05546240165097382,0.0,1.0,1.0,1.0,1.0,1.0,1.0
AZIN1,14,0,0.0,5,0.05670604586518416,0.0,1.0,1.0,1.0,1.0,1.0,1.0
AVEN,10,0,0.0,3,0.05220779220779221,0.0,1.0,1.0,1.0,1.0,1.0,1.0
ATP6V0C,10,0,0.0,3,0.05220779220779221,0.0,1.0,1.0,1.0,1.0,1.0,1.0
ATP6V0B,17,0,0.0,6,0.04791915679669673,0.0,1.0,1.0,1.0,1.0,1.0,1.0
ATP6V0A2,5,0,0.0,0,0.05546240165097382,0.0,1.0,1.0,1.0,1.0,1.0,1.0
ATP6V0A1,11,0,0.0,4,0.058300012898232945,0.0,1.0,1.0,1.0,1.0,1.0,1.0
ATP6AP2,15,0,0.0,6,0.04790874524714829,0.0,1.0,1.0,1.0,1.0,1.0,1.0
ATP5PD,10,0,0.0,3,0.05220779220779221,0.0,1.0,1.0,1.0,1.0,1.0,1.0
ATP5PB,19,0,0.0,7,0.04531400966183575,0.0,1.0,1.0,1.0,1.0,1.0,1.0
ATP5MK,12,0,0.0,4,0.058307533539731685,0.0,1.0,1.0,1.0,1.0,1.0,1.0
ATP5MG,18,0,0.0,7,0.04530963191962129,0.0,1.0,1.0,1.0,1.0,1.0,1.0
ATP5ME,12,0,0.0,4,0.058307533539731685,0.0,1.0,1.0,1.0,1.0,1.0,1.0
ATP5MC3,9,0,0.0,2,0.05435323383084577,0.0,1.0,1.0,1.0,1.0,1.0,1.0
ATP5F1E,6,0,0.0,0,0.05546955624355005,0.0,1.0,1.0,1.0,1.0,1.0,1.0
ATP2C1,11,0,0.0,4,0.058300012898232945,0.0,1.0,1.0,1.0,1.0,1.0,1.0
ATP2B1,12,0,0.0,4,0.058307533539731685,0.0,1.0,1.0,1.0,1.0,1.0,1.0
ATP1B3,7,0,0.0,1,0.06280566280566281,0.0,1.0,1.0,1.0,1.0,1.0,1.0
ATP6V0E1,19,0,0.0,7,0.04531400966183575,0.0,1.0,1.0,1.0,1.0,1.0,1.0
AZI2,6,0,0.0,0,0.05546955624355005,0.0,1.0,1.0,1.0,1.0,1.0,1.0
ATP6V1A,8,0,0.0,2,0.05434647431911454,0.0,1.0,1.0,1.0,1.0,1.0,1.0
ATP6V1E1,17,0,0.0,6,0.04791915679669673,0.0,1.0,1.0,1.0,1.0,1.0,1.0
AUTS2,5,0,0.0,0,0.05546240165097382,0.0,1.0,1.0,1.0,1.0,1.0,1.0
AURKB,5,0,0.0,0,0.05546240165097382,0.0,1.0,1.0,1.0,1.0,1.0,1.0
AURKAIP1,5,0,0.0,0,0.05546240165097382,0.0,1.0,1.0,1.0,1.0,1.0,1.0
AURKA,5,0,0.0,0,0.05546240165097382,0.0,1.0,1.0,1.0,1.0,1.0,1.0
AUP1,8,0,0.0,2,0.05434647431911454,0.0,1.0,1.0,1.0,1.0,1.0,1.0
ATXN2,11,0,0.0,4,0.058300012898232945,0.0,1.0,1.0,1.0,1.0,1.0,1.0
ATXN10,8,0,0.0,2,0.05434647431911454,0.0,1.0,1.0,1.0,1.0,1.0,1.0
ATXN1,14,0,0.0,5,0.05670604586518416,0.0,1.0,1.0,1.0,1.0,1.0,1.0
ATRX,15,0,0.0,6,0.04790874524714829,0.0,1.0,1.0,1.0,1.0,1.0,1.0
ATRN,8,0,0.0,2,0.05434647431911454,0.0,1.0,1.0,1.0,1.0,1.0,1.0
ATRAID,25,0,0.0,8,0.044659164555470456,0.0,1.0,1.0,1.0,1.0,1.0,1.0
ATPAF1,5,0,0.0,0,0.05546240165097382,0.0,1.0,1.0,1.0,1.0,1.0,1.0
ATP9B,12,0,0.0,4,0.058307533539731685,0.0,1.0,1.0,1.0,1.0,1.0,1.0
ATP8A2,6,0,0.0,0,0.05546955624355005,0.0,1.0,1.0,1.0,1.0,1.0,1.0
ATP7A,7,0,0.0,1,0.06280566280566281,0.0,1.0,1.0,1.0,1.0,1.0,1.0
ATP6V1D,5,0,0.0,0,0.05546240165097382,0.0,1.0,1.0,1.0,1.0,1.0,1.0
BCKDHB,5,0,0.0,0,0.05546240165097382,0.0,1.0,1.0,1.0,1.0,1.0,1.0
BCL2L13,10,0,0.0,3,0.05220779220779221,0.0,1.0,1.0,1.0,1.0,1.0,1.0
BCL2L2,8,0,0.0,2,0.05434647431911454,0.0,1.0,1.0,1.0,1.0,1.0,1.0
BTBD2,21,0,0.0,7,0.04532276768457673,0.0,1.0,1.0,1.0,1.0,1.0,1.0
BTBD1,14,0,0.0,5,0.05670604586518416,0.0,1.0,1.0,1.0,1.0,1.0,1.0
BTAF1,10,0,0.0,3,0.05220779220779221,0.0,1.0,1.0,1.0,1.0,1.0,1.0
BSPRY,13,0,0.0,5,0.05669816564758199,0.0,1.0,1.0,1.0,1.0,1.0,1.0
BSG,26,0,0.0,8,0.04466179589912798,0.0,1.0,1.0,1.0,1.0,1.0,1.0
BSCL2,13,0,0.0,5,0.05669816564758199,0.0,1.0,1.0,1.0,1.0,1.0,1.0
BRSK1,7,0,0.0,1,0.06280566280566281,0.0,1.0,1.0,1.0,1.0,1.0,1.0
BRPF3,8,0,0.0,2,0.05434647431911454,0.0,1.0,1.0,1.0,1.0,1.0,1.0
BROX,6,0,0.0,0,0.05546955624355005,0.0,1.0,1.0,1.0,1.0,1.0,1.0
BRK1,11,0,0.0,4,0.058300012898232945,0.0,1.0,1.0,1.0,1.0,1.0,1.0
BRF2,5,0,0.0,0,0.05546240165097382,0.0,1.0,1.0,1.0,1.0,1.0,1.0
BRD4,8,0,0.0,2,0.05434647431911454,0.0,1.0,1.0,1.0,1.0,1.0,1.0
BRD3OS,14,0,0.0,5,0.05670604586518416,0.0,1.0,1.0,1.0,1.0,1.0,1.0
BRD3,5,0,0.0,0,0.05546240165097382,0.0,1.0,1.0,1.0,1.0,1.0,1.0
BRD2,34,0,0.0,8,0.0446828578165527,0.0,1.0,1.0,1.0,1.0,1.0,1.0
BTBD6,6,0,0.0,0,0.05546955624355005,0.0,1.0,1.0,1.0,1.0,1.0,1.0
BPTF,5,0,0.0,0,0.05546240165097382,0.0,1.0,1.0,1.0,1.0,1.0,1.0
BTD,8,0,0.0,2,0.05434647431911454,0.0,1.0,1.0,1.0,1.0,1.0,1.0
BTN2A2,7,0,0.0,1,0.06280566280566281,0.0,1.0,1.0,1.0,1.0,1.0,1.0
C1orf162,6,0,0.0,0,0.05546955624355005,0.0,1.0,1.0,1.0,1.0,1.0,1.0
C1orf122,10,0,0.0,3,0.05220779220779221,0.0,1.0,1.0,1.0,1.0,1.0,1.0
C1QTNF6,8,0,0.0,2,0.05434647431911454,0.0,1.0,1.0,1.0,1.0,1.0,1.0
C19orf53,6,0,0.0,0,0.05546955624355005,0.0,1.0,1.0,1.0,1.0,1.0,1.0
C18orf54,13,0,0.0,5,0.05669816564758199,0.0,1.0,1.0,1.0,1.0,1.0,1.0
C18orf25,14,0,0.0,5,0.05670604586518416,0.0,1.0,1.0,1.0,1.0,1.0,1.0
C17orf49,44,0,0.0,8,0.0447092131650348,0.0,1.0,1.0,1.0,1.0,1.0,1.0
C16orf87,5,0,0.0,0,0.05546240165097382,0.0,1.0,1.0,1.0,1.0,1.0,1.0
C15orf48,11,0,0.0,4,0.058300012898232945,0.0,1.0,1.0,1.0,1.0,1.0,1.0
C14orf28,5,0,0.0,0,0.05546240165097382,0.0,1.0,1.0,1.0,1.0,1.0,1.0
C14orf119,7,0,0.0,1,0.06280566280566281,0.0,1.0,1.0,1.0,1.0,1.0,1.0
C11orf80,5,0,0.0,0,0.05546240165097382,0.0,1.0,1.0,1.0,1.0,1.0,1.0
BVES,9,0,0.0,2,0.05435323383084577,0.0,1.0,1.0,1.0,1.0,1.0,1.0
BUD23,9,0,0.0,2,0.05435323383084577,0.0,1.0,1.0,1.0,1.0,1.0,1.0
BTN3A1,9,0,0.0,2,0.05435323383084577,0.0,1.0,1.0,1.0,1.0,1.0,1.0
BTLA,7,0,0.0,1,0.06280566280566281,0.0,1.0,1.0,1.0,1.0,1.0,1.0
BPNT2,9,0,0.0,2,0.05435323383084577,0.0,1.0,1.0,1.0,1.0,1.0,1.0
BPHL,5,0,0.0,0,0.05546240165097382,0.0,1.0,1.0,1.0,1.0,1.0,1.0
BPGM,10,0,0.0,3,0.05220779220779221,0.0,1.0,1.0,1.0,1.0,1.0,1.0
BIK,5,0,0.0,0,0.05546240165097382,0.0,1.0,1.0,1.0,1.0,1.0,1.0
BID,9,0,0.0,2,0.05435323383084577,0.0,1.0,1.0,1.0,1.0,1.0,1.0
BICRAL,6,0,0.0,0,0.05546955624355005,0.0,1.0,1.0,1.0,1.0,1.0,1.0
BICD1,6,0,0.0,0,0.05546955624355005,0.0,1.0,1.0,1.0,1.0,1.0,1.0
BEX5,13,0,0.0,5,0.05669816564758199,0.0,1.0,1.0,1.0,1.0,1.0,1.0
BEX4,14,0,0.0,5,0.05670604586518416,0.0,1.0,1.0,1.0,1.0,1.0,1.0
BEX3,19,0,0.0,7,0.04531400966183575,0.0,1.0,1.0,1.0,1.0,1.0,1.0
BET1L,7,0,0.0,1,0.06280566280566281,0.0,1.0,1.0,1.0,1.0,1.0,1.0
BECN1,9,0,0.0,2,0.05435323383084577,0.0,1.0,1.0,1.0,1.0,1.0,1.0
BDP1,6,0,0.0,0,0.05546955624355005,0.0,1.0,1.0,1.0,1.0,1.0,1.0
BCORL1,6,0,0.0,0,0.05546955624355005,0.0,1.0,1.0,1.0,1.0,1.0,1.0
BCL9,8,0,0.0,2,0.05434647431911454,0.0,1.0,1.0,1.0,1.0,1.0,1.0
BCL7C,9,0,0.0,2,0.05435323383084577,0.0,1.0,1.0,1.0,1.0,1.0,1.0
BCL7B,5,0,0.0,0,0.05546240165097382,0.0,1.0,1.0,1.0,1.0,1.0,1.0
BCL7A,10,0,0.0,3,0.05220779220779221,0.0,1.0,1.0,1.0,1.0,1.0,1.0
BIN1,15,0,0.0,6,0.04790874524714829,0.0,1.0,1.0,1.0,1.0,1.0,1.0
BIN2,11,0,0.0,4,0.058300012898232945,0.0,1.0,1.0,1.0,1.0,1.0,1.0
BLCAP,6,0,0.0,0,0.05546955624355005,0.0,1.0,1.0,1.0,1.0,1.0,1.0
BLOC1S2,11,0,0.0,4,0.058300012898232945,0.0,1.0,1.0,1.0,1.0,1.0,1.0
BORCS8,5,0,0.0,0,0.05546240165097382,0.0,1.0,1.0,1.0,1.0,1.0,1.0
BORCS7,11,0,0.0,4,0.058300012898232945,0.0,1.0,1.0,1.0,1.0,1.0,1.0
BORCS5,5,0,0.0,0,0.05546240165097382,0.0,1.0,1.0,1.0,1.0,1.0,1.0
BNIP3L,27,0,0.0,8,0.044664427552884335,0.0,1.0,1.0,1.0,1.0,1.0,1.0
BNIP2,5,0,0.0,0,0.05546240165097382,0.0,1.0,1.0,1.0,1.0,1.0,1.0
BMPR2,20,0,0.0,7,0.04531838825007247,0.0,1.0,1.0,1.0,1.0,1.0,1.0
BMPR1A,6,0,0.0,0,0.05546955624355005,0.0,1.0,1.0,1.0,1.0,1.0,1.0
C1orf21,9,0,0.0,2,0.05435323383084577,0.0,1.0,1.0,1.0,1.0,1.0,1.0
BMP2K,16,0,0.0,6,0.04791395045632334,0.0,1.0,1.0,1.0,1.0,1.0,1.0
BMERB1,6,0,0.0,0,0.05546955624355005,0.0,1.0,1.0,1.0,1.0,1.0,1.0
BMAL2,33,0,0.0,8,0.04468022399056882,0.0,1.0,1.0,1.0,1.0,1.0,1.0
BMAL1,13,0,0.0,5,0.05669816564758199,0.0,1.0,1.0,1.0,1.0,1.0,1.0
BLZF1,15,0,0.0,6,0.04790874524714829,0.0,1.0,1.0,1.0,1.0,1.0,1.0
BLVRA,14,0,0.0,5,0.05670604586518416,0.0,1.0,1.0,1.0,1.0,1.0,1.0
BLTP3A,8,0,0.0,2,0.05434647431911454,0.0,1.0,1.0,1.0,1.0,1.0,1.0
BLTP1,6,0,0.0,0,0.05546955624355005,0.0,1.0,1.0,1.0,1.0,1.0,1.0
BMI1,21,0,0.0,7,0.04532276768457673,0.0,1.0,1.0,1.0,1.0,1.0,1.0
PHC3,9,0,0.0,2,0.05435323383084577,0.0,1.0,1.0,1.0,1.0,1.0,1.0
FBXO4,10,0,0.0,3,0.05220779220779221,0.0,1.0,1.0,1.0,1.0,1.0,1.0
FBXO44,5,0,0.0,0,0.05546240165097382,0.0,1.0,1.0,1.0,1.0,1.0,1.0
MLX,10,0,0.0,3,0.05220779220779221,0.0,1.0,1.0,1.0,1.0,1.0,1.0
MLLT3,17,0,0.0,6,0.04791915679669673,0.0,1.0,1.0,1.0,1.0,1.0,1.0
MLLT11,26,0,0.0,8,0.04466179589912798,0.0,1.0,1.0,1.0,1.0,1.0,1.0
MLLT1,9,0,0.0,2,0.05435323383084577,0.0,1.0,1.0,1.0,1.0,1.0,1.0
MLF2,11,0,0.0,4,0.058300012898232945,0.0,1.0,1.0,1.0,1.0,1.0,1.0
MLEC,20,0,0.0,7,0.04531838825007247,0.0,1.0,1.0,1.0,1.0,1.0,1.0
MLC1,5,0,0.0,0,0.05546240165097382,0.0,1.0,1.0,1.0,1.0,1.0,1.0
MKLN1,13,0,0.0,5,0.05669816564758199,0.0,1.0,1.0,1.0,1.0,1.0,1.0
MKKS,7,0,0.0,1,0.06280566280566281,0.0,1.0,1.0,1.0,1.0,1.0,1.0
MIS18BP1,10,0,0.0,3,0.05220779220779221,0.0,1.0,1.0,1.0,1.0,1.0,1.0
MIOS,11,0,0.0,4,0.058300012898232945,0.0,1.0,1.0,1.0,1.0,1.0,1.0
MINPP1,16,0,0.0,6,0.04791395045632334,0.0,1.0,1.0,1.0,1.0,1.0,1.0
MINDY3,14,0,0.0,5,0.05670604586518416,0.0,1.0,1.0,1.0,1.0,1.0,1.0
MINDY1,10,0,0.0,3,0.05220779220779221,0.0,1.0,1.0,1.0,1.0,1.0,1.0
MIF4GD,14,0,0.0,5,0.05670604586518416,0.0,1.0,1.0,1.0,1.0,1.0,1.0
MMD,11,0,0.0,4,0.058300012898232945,0.0,1.0,1.0,1.0,1.0,1.0,1.0
MIER3,10,0,0.0,3,0.05220779220779221,0.0,1.0,1.0,1.0,1.0,1.0,1.0
MMGT1,9,0,0.0,2,0.05435323383084577,0.0,1.0,1.0,1.0,1.0,1.0,1.0
MMS22L,8,0,0.0,2,0.05434647431911454,0.0,1.0,1.0,1.0,1.0,1.0,1.0
MRC2,8,0,0.0,2,0.05434647431911454,0.0,1.0,1.0,1.0,1.0,1.0,1.0
MPZL2,10,0,0.0,3,0.05220779220779221,0.0,1.0,1.0,1.0,1.0,1.0,1.0
MPZL1,6,0,0.0,0,0.05546955624355005,0.0,1.0,1.0,1.0,1.0,1.0,1.0
MPV17,9,0,0.0,2,0.05435323383084577,0.0,1.0,1.0,1.0,1.0,1.0,1.0
MPST,17,0,0.0,6,0.04791915679669673,0.0,1.0,1.0,1.0,1.0,1.0,1.0
MPRIP,10,0,0.0,3,0.05220779220779221,0.0,1.0,1.0,1.0,1.0,1.0,1.0
MPPE1,6,0,0.0,0,0.05546955624355005,0.0,1.0,1.0,1.0,1.0,1.0,1.0
MPP7,6,0,0.0,0,0.05546955624355005,0.0,1.0,1.0,1.0,1.0,1.0,1.0
MPDU1,17,0,0.0,6,0.04791915679669673,0.0,1.0,1.0,1.0,1.0,1.0,1.0
MOV10,16,0,0.0,6,0.04791395045632334,0.0,1.0,1.0,1.0,1.0,1.0,1.0
MORN2,9,0,0.0,2,0.05435323383084577,0.0,1.0,1.0,1.0,1.0,1.0,1.0
MORF4L1,5,0,0.0,0,0.05546240165097382,0.0,1.0,1.0,1.0,1.0,1.0,1.0
MORC4,5,0,0.0,0,0.05546240165097382,0.0,1.0,1.0,1.0,1.0,1.0,1.0
MOB1A,10,0,0.0,3,0.05220779220779221,0.0,1.0,1.0,1.0,1.0,1.0,1.0
MND1,15,0,0.0,6,0.04790874524714829,0.0,1.0,1.0,1.0,1.0,1.0,1.0
MMP25,20,0,0.0,7,0.04531838825007247,0.0,1.0,1.0,1.0,1.0,1.0,1.0
MRE11,7,0,0.0,1,0.06280566280566281,0.0,1.0,1.0,1.0,1.0,1.0,1.0
MIER2,5,0,0.0,0,0.05546240165097382,0.0,1.0,1.0,1.0,1.0,1.0,1.0
MIDEAS,17,0,0.0,6,0.04791915679669673,0.0,1.0,1.0,1.0,1.0,1.0,1.0
MFN1,5,0,0.0,0,0.05546240165097382,0.0,1.0,1.0,1.0,1.0,1.0,1.0
MFF,5,0,0.0,0,0.05546240165097382,0.0,1.0,1.0,1.0,1.0,1.0,1.0
METTL9,12,0,0.0,4,0.058307533539731685,0.0,1.0,1.0,1.0,1.0,1.0,1.0
METTL7A,5,0,0.0,0,0.05546240165097382,0.0,1.0,1.0,1.0,1.0,1.0,1.0
METTL5,18,0,0.0,7,0.04530963191962129,0.0,1.0,1.0,1.0,1.0,1.0,1.0
METTL23,11,0,0.0,4,0.058300012898232945,0.0,1.0,1.0,1.0,1.0,1.0,1.0
METRN,14,0,0.0,5,0.05670604586518416,0.0,1.0,1.0,1.0,1.0,1.0,1.0
MEST,6,0,0.0,0,0.05546955624355005,0.0,1.0,1.0,1.0,1.0,1.0,1.0
MELK,6,0,0.0,0,0.05546955624355005,0.0,1.0,1.0,1.0,1.0,1.0,1.0
MEF2D,13,0,0.0,5,0.05669816564758199,0.0,1.0,1.0,1.0,1.0,1.0,1.0
MED4,8,0,0.0,2,0.05434647431911454,0.0,1.0,1.0,1.0,1.0,1.0,1.0
MED24,6,0,0.0,0,0.05546955624355005,0.0,1.0,1.0,1.0,1.0,1.0,1.0
MED18,5,0,0.0,0,0.05546240165097382,0.0,1.0,1.0,1.0,1.0,1.0,1.0
MED14,8,0,0.0,2,0.05434647431911454,0.0,1.0,1.0,1.0,1.0,1.0,1.0
MED13L,7,0,0.0,1,0.06280566280566281,0.0,1.0,1.0,1.0,1.0,1.0,1.0
MFNG,26,0,0.0,8,0.04466179589912798,0.0,1.0,1.0,1.0,1.0,1.0,1.0
MIEN1,14,0,0.0,5,0.05670604586518416,0.0,1.0,1.0,1.0,1.0,1.0,1.0
MFSD1,7,0,0.0,1,0.06280566280566281,0.0,1.0,1.0,1.0,1.0,1.0,1.0
MFSD14A,5,0,0.0,0,0.05546240165097382,0.0,1.0,1.0,1.0,1.0,1.0,1.0
MICOS10,33,0,0.0,8,0.04468022399056882,0.0,1.0,1.0,1.0,1.0,1.0,1.0
MICAL3,11,0,0.0,4,0.058300012898232945,0.0,1.0,1.0,1.0,1.0,1.0,1.0
ZYX,28,0,0.0,8,0.044667059516794345,0.0,1.0,1.0,1.0,1.0,1.0,1.0
MIB2,5,0,0.0,0,0.05546240165097382,0.0,1.0,1.0,1.0,1.0,1.0,1.0
MIB1,27,0,0.0,8,0.044664427552884335,0.0,1.0,1.0,1.0,1.0,1.0,1.0
MGST3,23,0,0.0,8,0.0446539027982327,0.0,1.0,1.0,1.0,1.0,1.0,1.0
MGST2,13,0,0.0,5,0.05669816564758199,0.0,1.0,1.0,1.0,1.0,1.0,1.0
MGRN1,13,0,0.0,5,0.05669816564758199,0.0,1.0,1.0,1.0,1.0,1.0,1.0
MGMT,5,0,0.0,0,0.05546240165097382,0.0,1.0,1.0,1.0,1.0,1.0,1.0
MGLL,5,0,0.0,0,0.05546240165097382,0.0,1.0,1.0,1.0,1.0,1.0,1.0
MGAT4B,21,0,0.0,7,0.04532276768457673,0.0,1.0,1.0,1.0,1.0,1.0,1.0
MGAT4A,16,0,0.0,6,0.04791395045632334,0.0,1.0,1.0,1.0,1.0,1.0,1.0
MGAT2,20,0,0.0,7,0.04531838825007247,0.0,1.0,1.0,1.0,1.0,1.0,1.0
MGAT1,9,0,0.0,2,0.05435323383084577,0.0,1.0,1.0,1.0,1.0,1.0,1.0
MGA,8,0,0.0,2,0.05434647431911454,0.0,1.0,1.0,1.0,1.0,1.0,1.0
MFSD11,7,0,0.0,1,0.06280566280566281,0.0,1.0,1.0,1.0,1.0,1.0,1.0
MED13,13,0,0.0,5,0.05669816564758199,0.0,1.0,1.0,1.0,1.0,1.0,1.0
MREG,25,0,0.0,8,0.044659164555470456,0.0,1.0,1.0,1.0,1.0,1.0,1.0
MSANTD3,12,0,0.0,4,0.058307533539731685,0.0,1.0,1.0,1.0,1.0,1.0,1.0
NAGA,8,0,0.0,2,0.05434647431911454,0.0,1.0,1.0,1.0,1.0,1.0,1.0
NACC2,19,0,0.0,7,0.04531400966183575,0.0,1.0,1.0,1.0,1.0,1.0,1.0
NABP2,12,0,0.0,4,0.058307533539731685,0.0,1.0,1.0,1.0,1.0,1.0,1.0
NAB1,15,0,0.0,6,0.04790874524714829,0.0,1.0,1.0,1.0,1.0,1.0,1.0
NAAA,5,0,0.0,0,0.05546240165097382,0.0,1.0,1.0,1.0,1.0,1.0,1.0
N6AMT1,5,0,0.0,0,0.05546240165097382,0.0,1.0,1.0,1.0,1.0,1.0,1.0
N4BP3,5,0,0.0,0,0.05546240165097382,0.0,1.0,1.0,1.0,1.0,1.0,1.0
N4BP2L2,8,0,0.0,2,0.05434647431911454,0.0,1.0,1.0,1.0,1.0,1.0,1.0
N4BP2,11,0,0.0,4,0.058300012898232945,0.0,1.0,1.0,1.0,1.0,1.0,1.0
MZB1,24,0,0.0,8,0.04465653352185696,0.0,1.0,1.0,1.0,1.0,1.0,1.0
MYO9A,11,0,0.0,4,0.058300012898232945,0.0,1.0,1.0,1.0,1.0,1.0,1.0
MYO6,12,0,0.0,4,0.058307533539731685,0.0,1.0,1.0,1.0,1.0,1.0,1.0
MYO5A,17,0,0.0,6,0.04791915679669673,0.0,1.0,1.0,1.0,1.0,1.0,1.0
MYO1D,19,0,0.0,7,0.04531400966183575,0.0,1.0,1.0,1.0,1.0,1.0,1.0
MYO1C,22,0,0.0,7,0.045327147965593895,0.0,1.0,1.0,1.0,1.0,1.0,1.0
NAGK,8,0,0.0,2,0.05434647431911454,0.0,1.0,1.0,1.0,1.0,1.0,1.0
MYL9,7,0,0.0,1,0.06280566280566281,0.0,1.0,1.0,1.0,1.0,1.0,1.0
NANS,14,0,0.0,5,0.05670604586518416,0.0,1.0,1.0,1.0,1.0,1.0,1.0
NAPA,17,0,0.0,6,0.04791915679669673,0.0,1.0,1.0,1.0,1.0,1.0,1.0
NCKAP1L,8,0,0.0,2,0.05434647431911454,0.0,1.0,1.0,1.0,1.0,1.0,1.0
NCKAP1,20,0,0.0,7,0.04531838825007247,0.0,1.0,1.0,1.0,1.0,1.0,1.0
NCF4,21,0,0.0,7,0.04532276768457673,0.0,1.0,1.0,1.0,1.0,1.0,1.0
NCF2,8,0,0.0,2,0.05434647431911454,0.0,1.0,1.0,1.0,1.0,1.0,1.0
NCEH1,6,0,0.0,0,0.05546955624355005,0.0,1.0,1.0,1.0,1.0,1.0,1.0
NCDN,5,0,0.0,0,0.05546240165097382,0.0,1.0,1.0,1.0,1.0,1.0,1.0
NCALD,19,0,0.0,7,0.04531400966183575,0.0,1.0,1.0,1.0,1.0,1.0,1.0
NBR1,11,0,0.0,4,0.058300012898232945,0.0,1.0,1.0,1.0,1.0,1.0,1.0
NBN,16,0,0.0,6,0.04791395045632334,0.0,1.0,1.0,1.0,1.0,1.0,1.0
NBL1,25,0,0.0,8,0.044659164555470456,0.0,1.0,1.0,1.0,1.0,1.0,1.0
NBAS,5,0,0.0,0,0.05546240165097382,0.0,1.0,1.0,1.0,1.0,1.0,1.0
NAXE,6,0,0.0,0,0.05546955624355005,0.0,1.0,1.0,1.0,1.0,1.0,1.0
NAT9,6,0,0.0,0,0.05546955624355005,0.0,1.0,1.0,1.0,1.0,1.0,1.0
NARF,14,0,0.0,5,0.05670604586518416,0.0,1.0,1.0,1.0,1.0,1.0,1.0
NAPRT,9,0,0.0,2,0.05435323383084577,0.0,1.0,1.0,1.0,1.0,1.0,1.0
NAP1L4,22,0,0.0,7,0.045327147965593895,0.0,1.0,1.0,1.0,1.0,1.0,1.0
MRTFA,5,0,0.0,0,0.05546240165097382,0.0,1.0,1.0,1.0,1.0,1.0,1.0
MYL6B,14,0,0.0,5,0.05670604586518416,0.0,1.0,1.0,1.0,1.0,1.0,1.0
MYH10,13,0,0.0,5,0.05669816564758199,0.0,1.0,1.0,1.0,1.0,1.0,1.0
MTOR,6,0,0.0,0,0.05546955624355005,0.0,1.0,1.0,1.0,1.0,1.0,1.0
MTMR4,5,0,0.0,0,0.05546240165097382,0.0,1.0,1.0,1.0,1.0,1.0,1.0
MTMR10,8,0,0.0,2,0.05434647431911454,0.0,1.0,1.0,1.0,1.0,1.0,1.0
MTIF3,8,0,0.0,2,0.05434647431911454,0.0,1.0,1.0,1.0,1.0,1.0,1.0
MTHFS,9,0,0.0,2,0.05435323383084577,0.0,1.0,1.0,1.0,1.0,1.0,1.0
MTFR1L,7,0,0.0,1,0.06280566280566281,0.0,1.0,1.0,1.0,1.0,1.0,1.0
MTERF2,14,0,0.0,5,0.05670604586518416,0.0,1.0,1.0,1.0,1.0,1.0,1.0
MTCH1,12,0,0.0,4,0.058307533539731685,0.0,1.0,1.0,1.0,1.0,1.0,1.0
MTBP,5,0,0.0,0,0.05546240165097382,0.0,1.0,1.0,1.0,1.0,1.0,1.0
MTA3,19,0,0.0,7,0.04531400966183575,0.0,1.0,1.0,1.0,1.0,1.0,1.0
MSRB2,27,0,0.0,8,0.044664427552884335,0.0,1.0,1.0,1.0,1.0,1.0,1.0
MSRA,14,0,0.0,5,0.05670604586518416,0.0,1.0,1.0,1.0,1.0,1.0,1.0
MSL2,10,0,0.0,3,0.05220779220779221,0.0,1.0,1.0,1.0,1.0,1.0,1.0
MSL1,14,0,0.0,5,0.05670604586518416,0.0,1.0,1.0,1.0,1.0,1.0,1.0
MSC,6,0,0.0,0,0.05546955624355005,0.0,1.0,1.0,1.0,1.0,1.0,1.0
MTPN,9,0,0.0,2,0.05435323383084577,0.0,1.0,1.0,1.0,1.0,1.0,1.0
MYL6,21,0,0.0,7,0.04532276768457673,0.0,1.0,1.0,1.0,1.0,1.0,1.0
MTR,5,0,0.0,0,0.05546240165097382,0.0,1.0,1.0,1.0,1.0,1.0,1.0
MTRF1L,8,0,0.0,2,0.05434647431911454,0.0,1.0,1.0,1.0,1.0,1.0,1.0
MYG1,7,0,0.0,1,0.06280566280566281,0.0,1.0,1.0,1.0,1.0,1.0,1.0
MYEF2,13,0,0.0,5,0.05669816564758199,0.0,1.0,1.0,1.0,1.0,1.0,1.0
MYDGF,33,0,0.0,8,0.04468022399056882,0.0,1.0,1.0,1.0,1.0,1.0,1.0
MYBL2,12,0,0.0,4,0.058307533539731685,0.0,1.0,1.0,1.0,1.0,1.0,1.0
MYBL1,10,0,0.0,3,0.05220779220779221,0.0,1.0,1.0,1.0,1.0,1.0,1.0
MXRA7,9,0,0.0,2,0.05435323383084577,0.0,1.0,1.0,1.0,1.0,1.0,1.0
MXI1,16,0,0.0,6,0.04791395045632334,0.0,1.0,1.0,1.0,1.0,1.0,1.0
MXD1,17,0,0.0,6,0.04791915679669673,0.0,1.0,1.0,1.0,1.0,1.0,1.0
MX2,11,0,0.0,4,0.058300012898232945,0.0,1.0,1.0,1.0,1.0,1.0,1.0
MX1,28,0,0.0,8,0.044667059516794345,0.0,1.0,1.0,1.0,1.0,1.0,1.0
MVB12B,32,0,0.0,8,0.04467759047506778,0.0,1.0,1.0,1.0,1.0,1.0,1.0
MUC20,6,0,0.0,0,0.05546955624355005,0.0,1.0,1.0,1.0,1.0,1.0,1.0
MTUS1,12,0,0.0,4,0.058307533539731685,0.0,1.0,1.0,1.0,1.0,1.0,1.0
MTURN,8,0,0.0,2,0.05434647431911454,0.0,1.0,1.0,1.0,1.0,1.0,1.0
MTRR,5,0,0.0,0,0.05546240165097382,0.0,1.0,1.0,1.0,1.0,1.0,1.0
MTREX,5,0,0.0,0,0.05546240165097382,0.0,1.0,1.0,1.0,1.0,1.0,1.0
MED12L,15,0,0.0,6,0.04790874524714829,0.0,1.0,1.0,1.0,1.0,1.0,1.0
MED12,22,0,0.0,7,0.045327147965593895,0.0,1.0,1.0,1.0,1.0,1.0,1.0
MED10,12,0,0.0,4,0.058307533539731685,0.0,1.0,1.0,1.0,1.0,1.0,1.0
LYRM4,6,0,0.0,0,0.05546955624355005,0.0,1.0,1.0,1.0,1.0,1.0,1.0
LYRM1,20,0,0.0,7,0.04531838825007247,0.0,1.0,1.0,1.0,1.0,1.0,1.0
LYN,17,0,0.0,6,0.04791915679669673,0.0,1.0,1.0,1.0,1.0,1.0,1.0
LYL1,6,0,0.0,0,0.05546955624355005,0.0,1.0,1.0,1.0,1.0,1.0,1.0
LY9,9,0,0.0,2,0.05435323383084577,0.0,1.0,1.0,1.0,1.0,1.0,1.0
LY86,5,0,0.0,0,0.05546240165097382,0.0,1.0,1.0,1.0,1.0,1.0,1.0
LUC7L3,13,0,0.0,5,0.05669816564758199,0.0,1.0,1.0,1.0,1.0,1.0,1.0
LUC7L2,7,0,0.0,1,0.06280566280566281,0.0,1.0,1.0,1.0,1.0,1.0,1.0
LTBP4,8,0,0.0,2,0.05434647431911454,0.0,1.0,1.0,1.0,1.0,1.0,1.0
LTBP3,29,0,0.0,8,0.04466969179091284,0.0,1.0,1.0,1.0,1.0,1.0,1.0
LTA4H,12,0,0.0,4,0.058307533539731685,0.0,1.0,1.0,1.0,1.0,1.0,1.0
LST1,27,0,0.0,8,0.044664427552884335,0.0,1.0,1.0,1.0,1.0,1.0,1.0
LSS,10,0,0.0,3,0.05220779220779221,0.0,1.0,1.0,1.0,1.0,1.0,1.0
LSM8,7,0,0.0,1,0.06280566280566281,0.0,1.0,1.0,1.0,1.0,1.0,1.0
LSM7,9,0,0.0,2,0.05435323383084577,0.0,1.0,1.0,1.0,1.0,1.0,1.0
LYRM9,9,0,0.0,2,0.05435323383084577,0.0,1.0,1.0,1.0,1.0,1.0,1.0
LSM5,8,0,0.0,2,0.05434647431911454,0.0,1.0,1.0,1.0,1.0,1.0,1.0
LYSMD2,16,0,0.0,6,0.04791395045632334,0.0,1.0,1.0,1.0,1.0,1.0,1.0
LZTFL1,9,0,0.0,2,0.05435323383084577,0.0,1.0,1.0,1.0,1.0,1.0,1.0
MAML1,8,0,0.0,2,0.05434647431911454,0.0,1.0,1.0,1.0,1.0,1.0,1.0
MAIP1,5,0,0.0,0,0.05546240165097382,0.0,1.0,1.0,1.0,1.0,1.0,1.0
MAGT1,13,0,0.0,5,0.05669816564758199,0.0,1.0,1.0,1.0,1.0,1.0,1.0
MAGOH,9,0,0.0,2,0.05435323383084577,0.0,1.0,1.0,1.0,1.0,1.0,1.0
MAGEH1,8,0,0.0,2,0.05434647431911454,0.0,1.0,1.0,1.0,1.0,1.0,1.0
MAGEF1,16,0,0.0,6,0.04791395045632334,0.0,1.0,1.0,1.0,1.0,1.0,1.0
MAGED2,15,0,0.0,6,0.04790874524714829,0.0,1.0,1.0,1.0,1.0,1.0,1.0
MAGED1,7,0,0.0,1,0.06280566280566281,0.0,1.0,1.0,1.0,1.0,1.0,1.0
MAF1,17,0,0.0,6,0.04791915679669673,0.0,1.0,1.0,1.0,1.0,1.0,1.0
MAEA,5,0,0.0,0,0.05546240165097382,0.0,1.0,1.0,1.0,1.0,1.0,1.0
MAD2L2,10,0,0.0,3,0.05220779220779221,0.0,1.0,1.0,1.0,1.0,1.0,1.0
MAD2L1BP,5,0,0.0,0,0.05546240165097382,0.0,1.0,1.0,1.0,1.0,1.0,1.0
MACROH2A2,5,0,0.0,0,0.05546240165097382,0.0,1.0,1.0,1.0,1.0,1.0,1.0
MACO1,13,0,0.0,5,0.05669816564758199,0.0,1.0,1.0,1.0,1.0,1.0,1.0
LZTS1,14,0,0.0,5,0.05670604586518416,0.0,1.0,1.0,1.0,1.0,1.0,1.0
LYST,28,0,0.0,8,0.044667059516794345,0.0,1.0,1.0,1.0,1.0,1.0,1.0
MAML2,19,0,0.0,7,0.04531400966183575,0.0,1.0,1.0,1.0,1.0,1.0,1.0
LSM14B,5,0,0.0,0,0.05546240165097382,0.0,1.0,1.0,1.0,1.0,1.0,1.0
LSM1,10,0,0.0,3,0.05220779220779221,0.0,1.0,1.0,1.0,1.0,1.0,1.0
LPGAT1,10,0,0.0,3,0.05220779220779221,0.0,1.0,1.0,1.0,1.0,1.0,1.0
LPCAT4,6,0,0.0,0,0.05546955624355005,0.0,1.0,1.0,1.0,1.0,1.0,1.0
LPCAT2,7,0,0.0,1,0.06280566280566281,0.0,1.0,1.0,1.0,1.0,1.0,1.0
LPCAT1,10,0,0.0,3,0.05220779220779221,0.0,1.0,1.0,1.0,1.0,1.0,1.0
LPAR6,32,0,0.0,8,0.04467759047506778,0.0,1.0,1.0,1.0,1.0,1.0,1.0
LPAR2,9,0,0.0,2,0.05435323383084577,0.0,1.0,1.0,1.0,1.0,1.0,1.0
LONRF2,11,0,0.0,4,0.058300012898232945,0.0,1.0,1.0,1.0,1.0,1.0,1.0
LONRF1,8,0,0.0,2,0.05434647431911454,0.0,1.0,1.0,1.0,1.0,1.0,1.0
LMTK3,5,0,0.0,0,0.05546240165097382,0.0,1.0,1.0,1.0,1.0,1.0,1.0
LMO7,7,0,0.0,1,0.06280566280566281,0.0,1.0,1.0,1.0,1.0,1.0,1.0
LMO4,18,0,0.0,7,0.04530963191962129,0.0,1.0,1.0,1.0,1.0,1.0,1.0
LMNA,22,0,0.0,7,0.045327147965593895,0.0,1.0,1.0,1.0,1.0,1.0,1.0
LMBRD1,14,0,0.0,5,0.05670604586518416,0.0,1.0,1.0,1.0,1.0,1.0,1.0
LMBR1,5,0,0.0,0,0.05546240165097382,0.0,1.0,1.0,1.0,1.0,1.0,1.0
LMAN2,23,0,0.0,8,0.0446539027982327,0.0,1.0,1.0,1.0,1.0,1.0,1.0
LPIN1,8,0,0.0,2,0.05434647431911454,0.0,1.0,1.0,1.0,1.0,1.0,1.0
LSM14A,5,0,0.0,0,0.05546240165097382,0.0,1.0,1.0,1.0,1.0,1.0,1.0
LRATD2,25,0,0.0,8,0.044659164555470456,0.0,1.0,1.0,1.0,1.0,1.0,1.0
LRCH4,6,0,0.0,0,0.05546955624355005,0.0,1.0,1.0,1.0,1.0,1.0,1.0
LRRN3,28,0,0.0,8,0.044667059516794345,0.0,1.0,1.0,1.0,1.0,1.0,1.0
LRRCC1,10,0,0.0,3,0.05220779220779221,0.0,1.0,1.0,1.0,1.0,1.0,1.0
LRRC8C,12,0,0.0,4,0.058307533539731685,0.0,1.0,1.0,1.0,1.0,1.0,1.0
LRRC57,5,0,0.0,0,0.05546240165097382,0.0,1.0,1.0,1.0,1.0,1.0,1.0
LRRC41,17,0,0.0,6,0.04791915679669673,0.0,1.0,1.0,1.0,1.0,1.0,1.0
LRRC34,12,0,0.0,4,0.058307533539731685,0.0,1.0,1.0,1.0,1.0,1.0,1.0
LRRC27,5,0,0.0,0,0.05546240165097382,0.0,1.0,1.0,1.0,1.0,1.0,1.0
LRRC1,6,0,0.0,0,0.05546955624355005,0.0,1.0,1.0,1.0,1.0,1.0,1.0
LRR1,5,0,0.0,0,0.05546240165097382,0.0,1.0,1.0,1.0,1.0,1.0,1.0
LRPAP1,28,0,0.0,8,0.044667059516794345,0.0,1.0,1.0,1.0,1.0,1.0,1.0
LRP5,9,0,0.0,2,0.05435323383084577,0.0,1.0,1.0,1.0,1.0,1.0,1.0
LRP12,9,0,0.0,2,0.05435323383084577,0.0,1.0,1.0,1.0,1.0,1.0,1.0
LRP11,29,0,0.0,8,0.04466969179091284,0.0,1.0,1.0,1.0,1.0,1.0,1.0
LRP10,6,0,0.0,0,0.05546955624355005,0.0,1.0,1.0,1.0,1.0,1.0,1.0
LRIF1,19,0,0.0,7,0.04531400966183575,0.0,1.0,1.0,1.0,1.0,1.0,1.0
LRCH3,7,0,0.0,1,0.06280566280566281,0.0,1.0,1.0,1.0,1.0,1.0,1.0
MAML3,15,0,0.0,6,0.04790874524714829,0.0,1.0,1.0,1.0,1.0,1.0,1.0
MAMLD1,10,0,0.0,3,0.05220779220779221,0.0,1.0,1.0,1.0,1.0,1.0,1.0
MAN1B1,7,0,0.0,1,0.06280566280566281,0.0,1.0,1.0,1.0,1.0,1.0,1.0
MCCC2,5,0,0.0,0,0.05546240165097382,0.0,1.0,1.0,1.0,1.0,1.0,1.0
MCCC1,9,0,0.0,2,0.05435323383084577,0.0,1.0,1.0,1.0,1.0,1.0,1.0
MCC,8,0,0.0,2,0.05434647431911454,0.0,1.0,1.0,1.0,1.0,1.0,1.0
MCAM,11,0,0.0,4,0.058300012898232945,0.0,1.0,1.0,1.0,1.0,1.0,1.0
MBTPS1,11,0,0.0,4,0.058300012898232945,0.0,1.0,1.0,1.0,1.0,1.0,1.0
MBOAT2,10,0,0.0,3,0.05220779220779221,0.0,1.0,1.0,1.0,1.0,1.0,1.0
MBOAT1,16,0,0.0,6,0.04791395045632334,0.0,1.0,1.0,1.0,1.0,1.0,1.0
MBNL3,12,0,0.0,4,0.058307533539731685,0.0,1.0,1.0,1.0,1.0,1.0,1.0
MBNL1,26,0,0.0,8,0.04466179589912798,0.0,1.0,1.0,1.0,1.0,1.0,1.0
MBD5,17,0,0.0,6,0.04791915679669673,0.0,1.0,1.0,1.0,1.0,1.0,1.0
MB21D2,16,0,0.0,6,0.04791395045632334,0.0,1.0,1.0,1.0,1.0,1.0,1.0
MAX,9,0,0.0,2,0.05435323383084577,0.0,1.0,1.0,1.0,1.0,1.0,1.0
MAVS,7,0,0.0,1,0.06280566280566281,0.0,1.0,1.0,1.0,1.0,1.0,1.0
MATK,27,0,0.0,8,0.044664427552884335,0.0,1.0,1.0,1.0,1.0,1.0,1.0
MAST4,7,0,0.0,1,0.06280566280566281,0.0,1.0,1.0,1.0,1.0,1.0,1.0
MCEE,10,0,0.0,3,0.05220779220779221,0.0,1.0,1.0,1.0,1.0,1.0,1.0
MAST3,8,0,0.0,2,0.05434647431911454,0.0,1.0,1.0,1.0,1.0,1.0,1.0
MCF2L2,6,0,0.0,0,0.05546955624355005,0.0,1.0,1.0,1.0,1.0,1.0,1.0
MCM4,10,0,0.0,3,0.05220779220779221,0.0,1.0,1.0,1.0,1.0,1.0,1.0
MED1,7,0,0.0,1,0.06280566280566281,0.0,1.0,1.0,1.0,1.0,1.0,1.0
MECP2,6,0,0.0,0,0.05546955624355005,0.0,1.0,1.0,1.0,1.0,1.0,1.0
MEAF6,8,0,0.0,2,0.05434647431911454,0.0,1.0,1.0,1.0,1.0,1.0,1.0
MDP1,14,0,0.0,5,0.05670604586518416,0.0,1.0,1.0,1.0,1.0,1.0,1.0
MDM2,34,0,0.0,8,0.0446828578165527,0.0,1.0,1.0,1.0,1.0,1.0,1.0
MDK,18,0,0.0,7,0.04530963191962129,0.0,1.0,1.0,1.0,1.0,1.0,1.0
MDGA1,5,0,0.0,0,0.05546240165097382,0.0,1.0,1.0,1.0,1.0,1.0,1.0
MDC1,6,0,0.0,0,0.05546955624355005,0.0,1.0,1.0,1.0,1.0,1.0,1.0
MCUR1,7,0,0.0,1,0.06280566280566281,0.0,1.0,1.0,1.0,1.0,1.0,1.0
MCTS1,8,0,0.0,2,0.05434647431911454,0.0,1.0,1.0,1.0,1.0,1.0,1.0
MCOLN3,12,0,0.0,4,0.058307533539731685,0.0,1.0,1.0,1.0,1.0,1.0,1.0
MCOLN1,5,0,0.0,0,0.05546240165097382,0.0,1.0,1.0,1.0,1.0,1.0,1.0
MCMBP,7,0,0.0,1,0.06280566280566281,0.0,1.0,1.0,1.0,1.0,1.0,1.0
MCM7,9,0,0.0,2,0.05435323383084577,0.0,1.0,1.0,1.0,1.0,1.0,1.0
MCM6,16,0,0.0,6,0.04791395045632334,0.0,1.0,1.0,1.0,1.0,1.0,1.0
MCFD2,9,0,0.0,2,0.05435323383084577,0.0,1.0,1.0,1.0,1.0,1.0,1.0
MARCHF7,20,0,0.0,7,0.04531838825007247,0.0,1.0,1.0,1.0,1.0,1.0,1.0
MARCHF6,5,0,0.0,0,0.05546240165097382,0.0,1.0,1.0,1.0,1.0,1.0,1.0
MAPRE3,7,0,0.0,1,0.06280566280566281,0.0,1.0,1.0,1.0,1.0,1.0,1.0
MAP3K20,16,0,0.0,6,0.04791395045632334,0.0,1.0,1.0,1.0,1.0,1.0,1.0
MAP3K12,7,0,0.0,1,0.06280566280566281,0.0,1.0,1.0,1.0,1.0,1.0,1.0
MAP3K10,6,0,0.0,0,0.05546955624355005,0.0,1.0,1.0,1.0,1.0,1.0,1.0
MAP3K1,25,0,0.0,8,0.044659164555470456,0.0,1.0,1.0,1.0,1.0,1.0,1.0
MAP2K6,9,0,0.0,2,0.05435323383084577,0.0,1.0,1.0,1.0,1.0,1.0,1.0
MAP2K5,10,0,0.0,3,0.05220779220779221,0.0,1.0,1.0,1.0,1.0,1.0,1.0
MAP2K4,9,0,0.0,2,0.05435323383084577,0.0,1.0,1.0,1.0,1.0,1.0,1.0
MAP2K3,9,0,0.0,2,0.05435323383084577,0.0,1.0,1.0,1.0,1.0,1.0,1.0
MAP2K2,9,0,0.0,2,0.05435323383084577,0.0,1.0,1.0,1.0,1.0,1.0,1.0
MAP1A,22,0,0.0,7,0.045327147965593895,0.0,1.0,1.0,1.0,1.0,1.0,1.0
MAP10,5,0,0.0,0,0.05546240165097382,0.0,1.0,1.0,1.0,1.0,1.0,1.0
MANEAL,8,0,0.0,2,0.05434647431911454,0.0,1.0,1.0,1.0,1.0,1.0,1.0
MAN2B2,8,0,0.0,2,0.05434647431911454,0.0,1.0,1.0,1.0,1.0,1.0,1.0
MAN2A1,13,0,0.0,5,0.05669816564758199,0.0,1.0,1.0,1.0,1.0,1.0,1.0
MAN1C1,9,0,0.0,2,0.05435323383084577,0.0,1.0,1.0,1.0,1.0,1.0,1.0
MAP3K21,11,0,0.0,4,0.058300012898232945,0.0,1.0,1.0,1.0,1.0,1.0,1.0
MAP3K4,12,0,0.0,4,0.058307533539731685,0.0,1.0,1.0,1.0,1.0,1.0,1.0
MAP3K5,9,0,0.0,2,0.05435323383084577,0.0,1.0,1.0,1.0,1.0,1.0,1.0
MAP3K7CL,5,0,0.0,0,0.05546240165097382,0.0,1.0,1.0,1.0,1.0,1.0,1.0
MAPRE1,9,0,0.0,2,0.05435323383084577,0.0,1.0,1.0,1.0,1.0,1.0,1.0
MAPKAPK3,28,0,0.0,8,0.044667059516794345,0.0,1.0,1.0,1.0,1.0,1.0,1.0
MAPKAPK2,15,0,0.0,6,0.04790874524714829,0.0,1.0,1.0,1.0,1.0,1.0,1.0
MAPKAP1,6,0,0.0,0,0.05546955624355005,0.0,1.0,1.0,1.0,1.0,1.0,1.0
MAPK9,11,0,0.0,4,0.058300012898232945,0.0,1.0,1.0,1.0,1.0,1.0,1.0
MAPK8,22,0,0.0,7,0.045327147965593895,0.0,1.0,1.0,1.0,1.0,1.0,1.0
MAPK3,9,0,0.0,2,0.05435323383084577,0.0,1.0,1.0,1.0,1.0,1.0,1.0
NCOA1,9,0,0.0,2,0.05435323383084577,0.0,1.0,1.0,1.0,1.0,1.0,1.0
MAPK13,13,0,0.0,5,0.05669816564758199,0.0,1.0,1.0,1.0,1.0,1.0,1.0
MAP9,7,0,0.0,1,0.06280566280566281,0.0,1.0,1.0,1.0,1.0,1.0,1.0
MAP7D1,10,0,0.0,3,0.05220779220779221,0.0,1.0,1.0,1.0,1.0,1.0,1.0
MAP7,7,0,0.0,1,0.06280566280566281,0.0,1.0,1.0,1.0,1.0,1.0,1.0
MAP4K5,5,0,0.0,0,0.05546240165097382,0.0,1.0,1.0,1.0,1.0,1.0,1.0
MAP4K1,22,0,0.0,7,0.045327147965593895,0.0,1.0,1.0,1.0,1.0,1.0,1.0
MAP4,18,0,0.0,7,0.04530963191962129,0.0,1.0,1.0,1.0,1.0,1.0,1.0
MAP3K9,5,0,0.0,0,0.05546240165097382,0.0,1.0,1.0,1.0,1.0,1.0,1.0
MAPK12,13,0,0.0,5,0.05669816564758199,0.0,1.0,1.0,1.0,1.0,1.0,1.0
NCOA2,10,0,0.0,3,0.05220779220779221,0.0,1.0,1.0,1.0,1.0,1.0,1.0
NCOA5,5,0,0.0,0,0.05546240165097382,0.0,1.0,1.0,1.0,1.0,1.0,1.0
NCOA7,6,0,0.0,0,0.05546955624355005,0.0,1.0,1.0,1.0,1.0,1.0,1.0
PAK4,6,0,0.0,0,0.05546955624355005,0.0,1.0,1.0,1.0,1.0,1.0,1.0
PAK2,7,0,0.0,1,0.06280566280566281,0.0,1.0,1.0,1.0,1.0,1.0,1.0
PAK1,15,0,0.0,6,0.04790874524714829,0.0,1.0,1.0,1.0,1.0,1.0,1.0
PAG1,17,0,0.0,6,0.04791915679669673,0.0,1.0,1.0,1.0,1.0,1.0,1.0
PAFAH1B2,17,0,0.0,6,0.04791915679669673,0.0,1.0,1.0,1.0,1.0,1.0,1.0
PAFAH1B1,6,0,0.0,0,0.05546955624355005,0.0,1.0,1.0,1.0,1.0,1.0,1.0
PAF1,5,0,0.0,0,0.05546240165097382,0.0,1.0,1.0,1.0,1.0,1.0,1.0
PACSIN3,6,0,0.0,0,0.05546955624355005,0.0,1.0,1.0,1.0,1.0,1.0,1.0
PACSIN2,18,0,0.0,7,0.04530963191962129,0.0,1.0,1.0,1.0,1.0,1.0,1.0
PACS2,5,0,0.0,0,0.05546240165097382,0.0,1.0,1.0,1.0,1.0,1.0,1.0
PACS1,11,0,0.0,4,0.058300012898232945,0.0,1.0,1.0,1.0,1.0,1.0,1.0
PABPC4,7,0,0.0,1,0.06280566280566281,0.0,1.0,1.0,1.0,1.0,1.0,1.0
PABPC1L,9,0,0.0,2,0.05435323383084577,0.0,1.0,1.0,1.0,1.0,1.0,1.0
P4HTM,8,0,0.0,2,0.05434647431911454,0.0,1.0,1.0,1.0,1.0,1.0,1.0
P4HA2,9,0,0.0,2,0.05435323383084577,0.0,1.0,1.0,1.0,1.0,1.0,1.0
PALLD,10,0,0.0,3,0.05220779220779221,0.0,1.0,1.0,1.0,1.0,1.0,1.0
P2RY8,7,0,0.0,1,0.06280566280566281,0.0,1.0,1.0,1.0,1.0,1.0,1.0
PALS2,5,0,0.0,0,0.05546240165097382,0.0,1.0,1.0,1.0,1.0,1.0,1.0
PANX2,5,0,0.0,0,0.05546240165097382,0.0,1.0,1.0,1.0,1.0,1.0,1.0
PARVB,12,0,0.0,4,0.058307533539731685,0.0,1.0,1.0,1.0,1.0,1.0,1.0
PARP8,12,0,0.0,4,0.058307533539731685,0.0,1.0,1.0,1.0,1.0,1.0,1.0
PARP6,11,0,0.0,4,0.058300012898232945,0.0,1.0,1.0,1.0,1.0,1.0,1.0
PARP16,7,0,0.0,1,0.06280566280566281,0.0,1.0,1.0,1.0,1.0,1.0,1.0
PARP15,16,0,0.0,6,0.04791395045632334,0.0,1.0,1.0,1.0,1.0,1.0,1.0
PARP14,12,0,0.0,4,0.058307533539731685,0.0,1.0,1.0,1.0,1.0,1.0,1.0
PARP11,9,0,0.0,2,0.05435323383084577,0.0,1.0,1.0,1.0,1.0,1.0,1.0
PARP1,6,0,0.0,0,0.05546955624355005,0.0,1.0,1.0,1.0,1.0,1.0,1.0
PARN,5,0,0.0,0,0.05546240165097382,0.0,1.0,1.0,1.0,1.0,1.0,1.0
PARL,6,0,0.0,0,0.05546955624355005,0.0,1.0,1.0,1.0,1.0,1.0,1.0
PARK7,12,0,0.0,4,0.058307533539731685,0.0,1.0,1.0,1.0,1.0,1.0,1.0
PARD6G,6,0,0.0,0,0.05546955624355005,0.0,1.0,1.0,1.0,1.0,1.0,1.0
PARD6A,10,0,0.0,3,0.05220779220779221,0.0,1.0,1.0,1.0,1.0,1.0,1.0
PAQR8,10,0,0.0,3,0.05220779220779221,0.0,1.0,1.0,1.0,1.0,1.0,1.0
PAPSS1,13,0,0.0,5,0.05669816564758199,0.0,1.0,1.0,1.0,1.0,1.0,1.0
PAN3,6,0,0.0,0,0.05546955624355005,0.0,1.0,1.0,1.0,1.0,1.0,1.0
PARVG,23,0,0.0,8,0.0446539027982327,0.0,1.0,1.0,1.0,1.0,1.0,1.0
P2RY10,17,0,0.0,6,0.04791915679669673,0.0,1.0,1.0,1.0,1.0,1.0,1.0
OXSR1,6,0,0.0,0,0.05546955624355005,0.0,1.0,1.0,1.0,1.0,1.0,1.0
OGA,24,0,0.0,8,0.04465653352185696,0.0,1.0,1.0,1.0,1.0,1.0,1.0
OFD1,5,0,0.0,0,0.05546240165097382,0.0,1.0,1.0,1.0,1.0,1.0,1.0
ODF3B,11,0,0.0,4,0.058300012898232945,0.0,1.0,1.0,1.0,1.0,1.0,1.0
ODAPH,7,0,0.0,1,0.06280566280566281,0.0,1.0,1.0,1.0,1.0,1.0,1.0
OCIAD2,8,0,0.0,2,0.05434647431911454,0.0,1.0,1.0,1.0,1.0,1.0,1.0
OBSCN,19,0,0.0,7,0.04531400966183575,0.0,1.0,1.0,1.0,1.0,1.0,1.0
OAZ2,19,0,0.0,7,0.04531400966183575,0.0,1.0,1.0,1.0,1.0,1.0,1.0
OAT,5,0,0.0,0,0.05546240165097382,0.0,1.0,1.0,1.0,1.0,1.0,1.0
OAS3,18,0,0.0,7,0.04530963191962129,0.0,1.0,1.0,1.0,1.0,1.0,1.0
OARD1,11,0,0.0,4,0.058300012898232945,0.0,1.0,1.0,1.0,1.0,1.0,1.0
OAF,7,0,0.0,1,0.06280566280566281,0.0,1.0,1.0,1.0,1.0,1.0,1.0
NXT2,11,0,0.0,4,0.058300012898232945,0.0,1.0,1.0,1.0,1.0,1.0,1.0
NXPE3,7,0,0.0,1,0.06280566280566281,0.0,1.0,1.0,1.0,1.0,1.0,1.0
NUS1,20,0,0.0,7,0.04531838825007247,0.0,1.0,1.0,1.0,1.0,1.0,1.0
NUP93,5,0,0.0,0,0.05546240165097382,0.0,1.0,1.0,1.0,1.0,1.0,1.0
OGDH,11,0,0.0,4,0.058300012898232945,0.0,1.0,1.0,1.0,1.0,1.0,1.0
P2RX4,19,0,0.0,7,0.04531400966183575,0.0,1.0,1.0,1.0,1.0,1.0,1.0
OGFOD3,12,0,0.0,4,0.058307533539731685,0.0,1.0,1.0,1.0,1.0,1.0,1.0
OGT,27,0,0.0,8,0.044664427552884335,0.0,1.0,1.0,1.0,1.0,1.0,1.0
OXNAD1,15,0,0.0,6,0.04790874524714829,0.0,1.0,1.0,1.0,1.0,1.0,1.0
OTULIN,7,0,0.0,1,0.06280566280566281,0.0,1.0,1.0,1.0,1.0,1.0,1.0
OTUD5,9,0,0.0,2,0.05435323383084577,0.0,1.0,1.0,1.0,1.0,1.0,1.0
OTUB2,9,0,0.0,2,0.05435323383084577,0.0,1.0,1.0,1.0,1.0,1.0,1.0
OTOF,6,0,0.0,0,0.05546955624355005,0.0,1.0,1.0,1.0,1.0,1.0,1.0
OSGIN2,6,0,0.0,0,0.05546955624355005,0.0,1.0,1.0,1.0,1.0,1.0,1.0
OSBPL9,6,0,0.0,0,0.05546955624355005,0.0,1.0,1.0,1.0,1.0,1.0,1.0
OSBP2,7,0,0.0,1,0.06280566280566281,0.0,1.0,1.0,1.0,1.0,1.0,1.0
OS9,17,0,0.0,6,0.04791915679669673,0.0,1.0,1.0,1.0,1.0,1.0,1.0
ORMDL3,19,0,0.0,7,0.04531400966183575,0.0,1.0,1.0,1.0,1.0,1.0,1.0
ORMDL2,20,0,0.0,7,0.04531838825007247,0.0,1.0,1.0,1.0,1.0,1.0,1.0
ORAI3,7,0,0.0,1,0.06280566280566281,0.0,1.0,1.0,1.0,1.0,1.0,1.0
ORAI1,12,0,0.0,4,0.058307533539731685,0.0,1.0,1.0,1.0,1.0,1.0,1.0
OPN3,10,0,0.0,3,0.05220779220779221,0.0,1.0,1.0,1.0,1.0,1.0,1.0
OIP5,7,0,0.0,1,0.06280566280566281,0.0,1.0,1.0,1.0,1.0,1.0,1.0
OGFRL1,7,0,0.0,1,0.06280566280566281,0.0,1.0,1.0,1.0,1.0,1.0,1.0
PATL1,10,0,0.0,3,0.05220779220779221,0.0,1.0,1.0,1.0,1.0,1.0,1.0
PATL2,24,0,0.0,8,0.04465653352185696,0.0,1.0,1.0,1.0,1.0,1.0,1.0
PAWR,5,0,0.0,0,0.05546240165097382,0.0,1.0,1.0,1.0,1.0,1.0,1.0
PEX11B,9,0,0.0,2,0.05435323383084577,0.0,1.0,1.0,1.0,1.0,1.0,1.0
PEX11A,5,0,0.0,0,0.05546240165097382,0.0,1.0,1.0,1.0,1.0,1.0,1.0
PET100,5,0,0.0,0,0.05546240165097382,0.0,1.0,1.0,1.0,1.0,1.0,1.0
PERP,22,0,0.0,7,0.045327147965593895,0.0,1.0,1.0,1.0,1.0,1.0,1.0
PER3,5,0,0.0,0,0.05546240165097382,0.0,1.0,1.0,1.0,1.0,1.0,1.0
PER2,5,0,0.0,0,0.05546240165097382,0.0,1.0,1.0,1.0,1.0,1.0,1.0
PELI2,5,0,0.0,0,0.05546240165097382,0.0,1.0,1.0,1.0,1.0,1.0,1.0
PELI1,7,0,0.0,1,0.06280566280566281,0.0,1.0,1.0,1.0,1.0,1.0,1.0
PEF1,7,0,0.0,1,0.06280566280566281,0.0,1.0,1.0,1.0,1.0,1.0,1.0
PECAM1,12,0,0.0,4,0.058307533539731685,0.0,1.0,1.0,1.0,1.0,1.0,1.0
PEAK1,15,0,0.0,6,0.04790874524714829,0.0,1.0,1.0,1.0,1.0,1.0,1.0
PEA15,23,0,0.0,8,0.0446539027982327,0.0,1.0,1.0,1.0,1.0,1.0,1.0
PDZD11,11,0,0.0,4,0.058300012898232945,0.0,1.0,1.0,1.0,1.0,1.0,1.0
PDXK,10,0,0.0,3,0.05220779220779221,0.0,1.0,1.0,1.0,1.0,1.0,1.0
PDPR,8,0,0.0,2,0.05434647431911454,0.0,1.0,1.0,1.0,1.0,1.0,1.0
PEX14,6,0,0.0,0,0.05546955624355005,0.0,1.0,1.0,1.0,1.0,1.0,1.0
PDPK1,6,0,0.0,0,0.05546955624355005,0.0,1.0,1.0,1.0,1.0,1.0,1.0
PEX6,7,0,0.0,1,0.06280566280566281,0.0,1.0,1.0,1.0,1.0,1.0,1.0
PFDN6,11,0,0.0,4,0.058300012898232945,0.0,1.0,1.0,1.0,1.0,1.0,1.0
PHACTR4,8,0,0.0,2,0.05434647431911454,0.0,1.0,1.0,1.0,1.0,1.0,1.0
PHACTR1,6,0,0.0,0,0.05546955624355005,0.0,1.0,1.0,1.0,1.0,1.0,1.0
PGS1,10,0,0.0,3,0.05220779220779221,0.0,1.0,1.0,1.0,1.0,1.0,1.0
PGRMC1,11,0,0.0,4,0.058300012898232945,0.0,1.0,1.0,1.0,1.0,1.0,1.0
PGP,13,0,0.0,5,0.05669816564758199,0.0,1.0,1.0,1.0,1.0,1.0,1.0
PGM2L1,7,0,0.0,1,0.06280566280566281,0.0,1.0,1.0,1.0,1.0,1.0,1.0
PGM2,9,0,0.0,2,0.05435323383084577,0.0,1.0,1.0,1.0,1.0,1.0,1.0
PGM1,18,0,0.0,7,0.04530963191962129,0.0,1.0,1.0,1.0,1.0,1.0,1.0
PGLS,9,0,0.0,2,0.05435323383084577,0.0,1.0,1.0,1.0,1.0,1.0,1.0
PGGHG,12,0,0.0,4,0.058307533539731685,0.0,1.0,1.0,1.0,1.0,1.0,1.0
PGD,14,0,0.0,5,0.05670604586518416,0.0,1.0,1.0,1.0,1.0,1.0,1.0
PGAP3,9,0,0.0,2,0.05435323383084577,0.0,1.0,1.0,1.0,1.0,1.0,1.0
PGAP2,9,0,0.0,2,0.05435323383084577,0.0,1.0,1.0,1.0,1.0,1.0,1.0
PFKM,5,0,0.0,0,0.05546240165097382,0.0,1.0,1.0,1.0,1.0,1.0,1.0
PFKFB4,10,0,0.0,3,0.05220779220779221,0.0,1.0,1.0,1.0,1.0,1.0,1.0
PFDN5,11,0,0.0,4,0.058300012898232945,0.0,1.0,1.0,1.0,1.0,1.0,1.0
PDP2,5,0,0.0,0,0.05546240165097382,0.0,1.0,1.0,1.0,1.0,1.0,1.0
PDLIM2,12,0,0.0,4,0.058307533539731685,0.0,1.0,1.0,1.0,1.0,1.0,1.0
PDLIM1,13,0,0.0,5,0.05669816564758199,0.0,1.0,1.0,1.0,1.0,1.0,1.0
PCYOX1,6,0,0.0,0,0.05546955624355005,0.0,1.0,1.0,1.0,1.0,1.0,1.0
PCSK6,15,0,0.0,6,0.04790874524714829,0.0,1.0,1.0,1.0,1.0,1.0,1.0
PCSK5,6,0,0.0,0,0.05546955624355005,0.0,1.0,1.0,1.0,1.0,1.0,1.0
PCNX1,24,0,0.0,8,0.04465653352185696,0.0,1.0,1.0,1.0,1.0,1.0,1.0
PCM1,15,0,0.0,6,0.04790874524714829,0.0,1.0,1.0,1.0,1.0,1.0,1.0
PCK2,12,0,0.0,4,0.058307533539731685,0.0,1.0,1.0,1.0,1.0,1.0,1.0
PCGF3,5,0,0.0,0,0.05546240165097382,0.0,1.0,1.0,1.0,1.0,1.0,1.0
PCGF2,9,0,0.0,2,0.05435323383084577,0.0,1.0,1.0,1.0,1.0,1.0,1.0
PCED1B,21,0,0.0,7,0.04532276768457673,0.0,1.0,1.0,1.0,1.0,1.0,1.0
PCCA,11,0,0.0,4,0.058300012898232945,0.0,1.0,1.0,1.0,1.0,1.0,1.0
PCBP4,7,0,0.0,1,0.06280566280566281,0.0,1.0,1.0,1.0,1.0,1.0,1.0
PCBP3,9,0,0.0,2,0.05435323383084577,0.0,1.0,1.0,1.0,1.0,1.0,1.0
PCBD1,23,0,0.0,8,0.0446539027982327,0.0,1.0,1.0,1.0,1.0,1.0,1.0
PBLD,9,0,0.0,2,0.05435323383084577,0.0,1.0,1.0,1.0,1.0,1.0,1.0
PBK,16,0,0.0,6,0.04791395045632334,0.0,1.0,1.0,1.0,1.0,1.0,1.0
PCYOX1L,10,0,0.0,3,0.05220779220779221,0.0,1.0,1.0,1.0,1.0,1.0,1.0
PDCD10,9,0,0.0,2,0.05435323383084577,0.0,1.0,1.0,1.0,1.0,1.0,1.0
PDCD6,6,0,0.0,0,0.05546955624355005,0.0,1.0,1.0,1.0,1.0,1.0,1.0
PDCL3,10,0,0.0,3,0.05220779220779221,0.0,1.0,1.0,1.0,1.0,1.0,1.0
PDK3,7,0,0.0,1,0.06280566280566281,0.0,1.0,1.0,1.0,1.0,1.0,1.0
PDK2,9,0,0.0,2,0.05435323383084577,0.0,1.0,1.0,1.0,1.0,1.0,1.0
PDK1,19,0,0.0,7,0.04531400966183575,0.0,1.0,1.0,1.0,1.0,1.0,1.0
PDIA5,19,0,0.0,7,0.04531400966183575,0.0,1.0,1.0,1.0,1.0,1.0,1.0
PDIA4,11,0,0.0,4,0.058300012898232945,0.0,1.0,1.0,1.0,1.0,1.0,1.0
PDIA3,26,0,0.0,8,0.04466179589912798,0.0,1.0,1.0,1.0,1.0,1.0,1.0
PDHB,11,0,0.0,4,0.058300012898232945,0.0,1.0,1.0,1.0,1.0,1.0,1.0
NUP88,5,0,0.0,0,0.05546240165097382,0.0,1.0,1.0,1.0,1.0,1.0,1.0
PDE9A,10,0,0.0,3,0.05220779220779221,0.0,1.0,1.0,1.0,1.0,1.0,1.0
PDE7B,14,0,0.0,5,0.05670604586518416,0.0,1.0,1.0,1.0,1.0,1.0,1.0
PDE7A,31,0,0.0,8,0.044674957269994695,0.0,1.0,1.0,1.0,1.0,1.0,1.0
PDE6G,11,0,0.0,4,0.058300012898232945,0.0,1.0,1.0,1.0,1.0,1.0,1.0
PDE6D,14,0,0.0,5,0.05670604586518416,0.0,1.0,1.0,1.0,1.0,1.0,1.0
PDE6B,20,0,0.0,7,0.04531838825007247,0.0,1.0,1.0,1.0,1.0,1.0,1.0
PDE4D,23,0,0.0,8,0.0446539027982327,0.0,1.0,1.0,1.0,1.0,1.0,1.0
PDE4A,14,0,0.0,5,0.05670604586518416,0.0,1.0,1.0,1.0,1.0,1.0,1.0
PDE8A,6,0,0.0,0,0.05546955624355005,0.0,1.0,1.0,1.0,1.0,1.0,1.0
LMAN1,27,0,0.0,8,0.044664427552884335,0.0,1.0,1.0,1.0,1.0,1.0,1.0
NUP188,6,0,0.0,0,0.05546955624355005,0.0,1.0,1.0,1.0,1.0,1.0,1.0
NUP107,7,0,0.0,1,0.06280566280566281,0.0,1.0,1.0,1.0,1.0,1.0,1.0
NFKBIL1,7,0,0.0,1,0.06280566280566281,0.0,1.0,1.0,1.0,1.0,1.0,1.0
NFKBIB,5,0,0.0,0,0.05546240165097382,0.0,1.0,1.0,1.0,1.0,1.0,1.0
NFKB2,14,0,0.0,5,0.05670604586518416,0.0,1.0,1.0,1.0,1.0,1.0,1.0
NFIC,14,0,0.0,5,0.05670604586518416,0.0,1.0,1.0,1.0,1.0,1.0,1.0
NFE2L3,9,0,0.0,2,0.05435323383084577,0.0,1.0,1.0,1.0,1.0,1.0,1.0
NFATC2IP,6,0,0.0,0,0.05546955624355005,0.0,1.0,1.0,1.0,1.0,1.0,1.0
NFATC1,6,0,0.0,0,0.05546955624355005,0.0,1.0,1.0,1.0,1.0,1.0,1.0
NF1,5,0,0.0,0,0.05546240165097382,0.0,1.0,1.0,1.0,1.0,1.0,1.0
NEU1,10,0,0.0,3,0.05220779220779221,0.0,1.0,1.0,1.0,1.0,1.0,1.0
NETO2,6,0,0.0,0,0.05546955624355005,0.0,1.0,1.0,1.0,1.0,1.0,1.0
NET1,7,0,0.0,1,0.06280566280566281,0.0,1.0,1.0,1.0,1.0,1.0,1.0
NEO1,12,0,0.0,4,0.058307533539731685,0.0,1.0,1.0,1.0,1.0,1.0,1.0
NEMP1,6,0,0.0,0,0.05546955624355005,0.0,1.0,1.0,1.0,1.0,1.0,1.0
NEMF,11,0,0.0,4,0.058300012898232945,0.0,1.0,1.0,1.0,1.0,1.0,1.0
NELL2,16,0,0.0,6,0.04791395045632334,0.0,1.0,1.0,1.0,1.0,1.0,1.0
NFKBIZ,15,0,0.0,6,0.04790874524714829,0.0,1.0,1.0,1.0,1.0,1.0,1.0
NELFCD,11,0,0.0,4,0.058300012898232945,0.0,1.0,1.0,1.0,1.0,1.0,1.0
NFU1,12,0,0.0,4,0.058307533539731685,0.0,1.0,1.0,1.0,1.0,1.0,1.0
NFYB,5,0,0.0,0,0.05546240165097382,0.0,1.0,1.0,1.0,1.0,1.0,1.0
NKIRAS2,6,0,0.0,0,0.05546955624355005,0.0,1.0,1.0,1.0,1.0,1.0,1.0
NKAPD1,5,0,0.0,0,0.05546240165097382,0.0,1.0,1.0,1.0,1.0,1.0,1.0
NIT2,8,0,0.0,2,0.05434647431911454,0.0,1.0,1.0,1.0,1.0,1.0,1.0
NIT1,7,0,0.0,1,0.06280566280566281,0.0,1.0,1.0,1.0,1.0,1.0,1.0
NISCH,6,0,0.0,0,0.05546955624355005,0.0,1.0,1.0,1.0,1.0,1.0,1.0
NIPSNAP3A,15,0,0.0,6,0.04790874524714829,0.0,1.0,1.0,1.0,1.0,1.0,1.0
NIPAL2,15,0,0.0,6,0.04790874524714829,0.0,1.0,1.0,1.0,1.0,1.0,1.0
NIPA1,11,0,0.0,4,0.058300012898232945,0.0,1.0,1.0,1.0,1.0,1.0,1.0
NINJ2,15,0,0.0,6,0.04790874524714829,0.0,1.0,1.0,1.0,1.0,1.0,1.0
NINJ1,17,0,0.0,6,0.04791915679669673,0.0,1.0,1.0,1.0,1.0,1.0,1.0
NIN,9,0,0.0,2,0.05435323383084577,0.0,1.0,1.0,1.0,1.0,1.0,1.0
NIF3L1,5,0,0.0,0,0.05546240165097382,0.0,1.0,1.0,1.0,1.0,1.0,1.0
NID1,9,0,0.0,2,0.05435323383084577,0.0,1.0,1.0,1.0,1.0,1.0,1.0
NIBAN2,10,0,0.0,3,0.05220779220779221,0.0,1.0,1.0,1.0,1.0,1.0,1.0
NHLRC2,14,0,0.0,5,0.05670604586518416,0.0,1.0,1.0,1.0,1.0,1.0,1.0
NFXL1,6,0,0.0,0,0.05546955624355005,0.0,1.0,1.0,1.0,1.0,1.0,1.0
NLK,7,0,0.0,1,0.06280566280566281,0.0,1.0,1.0,1.0,1.0,1.0,1.0
NEK9,7,0,0.0,1,0.06280566280566281,0.0,1.0,1.0,1.0,1.0,1.0,1.0
NEK3,13,0,0.0,5,0.05669816564758199,0.0,1.0,1.0,1.0,1.0,1.0,1.0
NDUFAF2,5,0,0.0,0,0.05546240165097382,0.0,1.0,1.0,1.0,1.0,1.0,1.0
NDUFAB1,11,0,0.0,4,0.058300012898232945,0.0,1.0,1.0,1.0,1.0,1.0,1.0
NDUFA8,6,0,0.0,0,0.05546955624355005,0.0,1.0,1.0,1.0,1.0,1.0,1.0
NDUFA7,9,0,0.0,2,0.05435323383084577,0.0,1.0,1.0,1.0,1.0,1.0,1.0
NDUFA6,5,0,0.0,0,0.05546240165097382,0.0,1.0,1.0,1.0,1.0,1.0,1.0
NDUFA12,9,0,0.0,2,0.05435323383084577,0.0,1.0,1.0,1.0,1.0,1.0,1.0
NDRG2,6,0,0.0,0,0.05546955624355005,0.0,1.0,1.0,1.0,1.0,1.0,1.0
NDRG1,8,0,0.0,2,0.05434647431911454,0.0,1.0,1.0,1.0,1.0,1.0,1.0
NDEL1,5,0,0.0,0,0.05546240165097382,0.0,1.0,1.0,1.0,1.0,1.0,1.0
NDE1,7,0,0.0,1,0.06280566280566281,0.0,1.0,1.0,1.0,1.0,1.0,1.0
NDC80,5,0,0.0,0,0.05546240165097382,0.0,1.0,1.0,1.0,1.0,1.0,1.0
NDC1,8,0,0.0,2,0.05434647431911454,0.0,1.0,1.0,1.0,1.0,1.0,1.0
NCSTN,24,0,0.0,8,0.04465653352185696,0.0,1.0,1.0,1.0,1.0,1.0,1.0
NCS1,5,0,0.0,0,0.05546240165097382,0.0,1.0,1.0,1.0,1.0,1.0,1.0
NCOR2,21,0,0.0,7,0.04532276768457673,0.0,1.0,1.0,1.0,1.0,1.0,1.0
NDUFAF3,29,0,0.0,8,0.04466969179091284,0.0,1.0,1.0,1.0,1.0,1.0,1.0
NEK7,18,0,0.0,7,0.04530963191962129,0.0,1.0,1.0,1.0,1.0,1.0,1.0
NDUFB1,27,0,0.0,8,0.044664427552884335,0.0,1.0,1.0,1.0,1.0,1.0,1.0
NDUFB4,5,0,0.0,0,0.05546240165097382,0.0,1.0,1.0,1.0,1.0,1.0,1.0
NEK1,10,0,0.0,3,0.05220779220779221,0.0,1.0,1.0,1.0,1.0,1.0,1.0
NEIL1,10,0,0.0,3,0.05220779220779221,0.0,1.0,1.0,1.0,1.0,1.0,1.0
NEDD8,6,0,0.0,0,0.05546955624355005,0.0,1.0,1.0,1.0,1.0,1.0,1.0
NEDD4L,7,0,0.0,1,0.06280566280566281,0.0,1.0,1.0,1.0,1.0,1.0,1.0
NEDD4,6,0,0.0,0,0.05546955624355005,0.0,1.0,1.0,1.0,1.0,1.0,1.0
NECTIN3,13,0,0.0,5,0.05669816564758199,0.0,1.0,1.0,1.0,1.0,1.0,1.0
NECAP2,14,0,0.0,5,0.05670604586518416,0.0,1.0,1.0,1.0,1.0,1.0,1.0
NDUFV3,8,0,0.0,2,0.05434647431911454,0.0,1.0,1.0,1.0,1.0,1.0,1.0
NDUFS4,17,0,0.0,6,0.04791915679669673,0.0,1.0,1.0,1.0,1.0,1.0,1.0
NDUFS2,11,0,0.0,4,0.058300012898232945,0.0,1.0,1.0,1.0,1.0,1.0,1.0
NDUFC1,19,0,0.0,7,0.04531400966183575,0.0,1.0,1.0,1.0,1.0,1.0,1.0
NDUFB9,16,0,0.0,6,0.04791395045632334,0.0,1.0,1.0,1.0,1.0,1.0,1.0
NDUFB8,8,0,0.0,2,0.05434647431911454,0.0,1.0,1.0,1.0,1.0,1.0,1.0
NDUFB6,7,0,0.0,1,0.06280566280566281,0.0,1.0,1.0,1.0,1.0,1.0,1.0
NDUFB5,14,0,0.0,5,0.05670604586518416,0.0,1.0,1.0,1.0,1.0,1.0,1.0
NDUFB2,9,0,0.0,2,0.05435323383084577,0.0,1.0,1.0,1.0,1.0,1.0,1.0
NLRC5,15,0,0.0,6,0.04790874524714829,0.0,1.0,1.0,1.0,1.0,1.0,1.0
NLRP1,8,0,0.0,2,0.05434647431911454,0.0,1.0,1.0,1.0,1.0,1.0,1.0
NLRP6,7,0,0.0,1,0.06280566280566281,0.0,1.0,1.0,1.0,1.0,1.0,1.0
NTRK2,13,0,0.0,5,0.05669816564758199,0.0,1.0,1.0,1.0,1.0,1.0,1.0
NTNG2,18,0,0.0,7,0.04530963191962129,0.0,1.0,1.0,1.0,1.0,1.0,1.0
NTAQ1,6,0,0.0,0,0.05546955624355005,0.0,1.0,1.0,1.0,1.0,1.0,1.0
NTAN1,12,0,0.0,4,0.058307533539731685,0.0,1.0,1.0,1.0,1.0,1.0,1.0
NT5M,10,0,0.0,3,0.05220779220779221,0.0,1.0,1.0,1.0,1.0,1.0,1.0
NT5E,16,0,0.0,6,0.04791395045632334,0.0,1.0,1.0,1.0,1.0,1.0,1.0
NT5DC2,12,0,0.0,4,0.058307533539731685,0.0,1.0,1.0,1.0,1.0,1.0,1.0
NT5DC1,15,0,0.0,6,0.04790874524714829,0.0,1.0,1.0,1.0,1.0,1.0,1.0
NT5C3B,10,0,0.0,3,0.05220779220779221,0.0,1.0,1.0,1.0,1.0,1.0,1.0
NT5C2,7,0,0.0,1,0.06280566280566281,0.0,1.0,1.0,1.0,1.0,1.0,1.0
NSUN6,9,0,0.0,2,0.05435323383084577,0.0,1.0,1.0,1.0,1.0,1.0,1.0
NSMCE2,7,0,0.0,1,0.06280566280566281,0.0,1.0,1.0,1.0,1.0,1.0,1.0
NSL1,6,0,0.0,0,0.05546955624355005,0.0,1.0,1.0,1.0,1.0,1.0,1.0
NSG1,5,0,0.0,0,0.05546240165097382,0.0,1.0,1.0,1.0,1.0,1.0,1.0
NSF,17,0,0.0,6,0.04791915679669673,0.0,1.0,1.0,1.0,1.0,1.0,1.0
NUAK2,6,0,0.0,0,0.05546955624355005,0.0,1.0,1.0,1.0,1.0,1.0,1.0
NSD1,5,0,0.0,0,0.05546240165097382,0.0,1.0,1.0,1.0,1.0,1.0,1.0
NUB1,13,0,0.0,5,0.05669816564758199,0.0,1.0,1.0,1.0,1.0,1.0,1.0
NUCB2,56,0,0.0,8,0.04474088065163499,0.0,1.0,1.0,1.0,1.0,1.0,1.0
NUMB,5,0,0.0,0,0.05546240165097382,0.0,1.0,1.0,1.0,1.0,1.0,1.0
NUMA1,10,0,0.0,3,0.05220779220779221,0.0,1.0,1.0,1.0,1.0,1.0,1.0
NUGGC,8,0,0.0,2,0.05434647431911454,0.0,1.0,1.0,1.0,1.0,1.0,1.0
NUDT9,7,0,0.0,1,0.06280566280566281,0.0,1.0,1.0,1.0,1.0,1.0,1.0
NUDT5,5,0,0.0,0,0.05546240165097382,0.0,1.0,1.0,1.0,1.0,1.0,1.0
NUDT3,10,0,0.0,3,0.05220779220779221,0.0,1.0,1.0,1.0,1.0,1.0,1.0
NUDT21,12,0,0.0,4,0.058307533539731685,0.0,1.0,1.0,1.0,1.0,1.0,1.0
NUDT2,7,0,0.0,1,0.06280566280566281,0.0,1.0,1.0,1.0,1.0,1.0,1.0
NUDT16,6,0,0.0,0,0.05546955624355005,0.0,1.0,1.0,1.0,1.0,1.0,1.0
NUDT14,7,0,0.0,1,0.06280566280566281,0.0,1.0,1.0,1.0,1.0,1.0,1.0
NUDT12,5,0,0.0,0,0.05546240165097382,0.0,1.0,1.0,1.0,1.0,1.0,1.0
NUDT1,6,0,0.0,0,0.05546955624355005,0.0,1.0,1.0,1.0,1.0,1.0,1.0
NUDCD3,7,0,0.0,1,0.06280566280566281,0.0,1.0,1.0,1.0,1.0,1.0,1.0
NUDCD2,8,0,0.0,2,0.05434647431911454,0.0,1.0,1.0,1.0,1.0,1.0,1.0
NUDCD1,5,0,0.0,0,0.05546240165097382,0.0,1.0,1.0,1.0,1.0,1.0,1.0
NUBP1,9,0,0.0,2,0.05435323383084577,0.0,1.0,1.0,1.0,1.0,1.0,1.0
NRROS,7,0,0.0,1,0.06280566280566281,0.0,1.0,1.0,1.0,1.0,1.0,1.0
NRP2,16,0,0.0,6,0.04791395045632334,0.0,1.0,1.0,1.0,1.0,1.0,1.0
NRN1,14,0,0.0,5,0.05670604586518416,0.0,1.0,1.0,1.0,1.0,1.0,1.0
NOTCH1,5,0,0.0,0,0.05546240165097382,0.0,1.0,1.0,1.0,1.0,1.0,1.0
NONO,5,0,0.0,0,0.05546240165097382,0.0,1.0,1.0,1.0,1.0,1.0,1.0
NOLC1,11,0,0.0,4,0.058300012898232945,0.0,1.0,1.0,1.0,1.0,1.0,1.0
NOL4L,9,0,0.0,2,0.05435323383084577,0.0,1.0,1.0,1.0,1.0,1.0,1.0
NOL3,6,0,0.0,0,0.05546955624355005,0.0,1.0,1.0,1.0,1.0,1.0,1.0
NOD2,9,0,0.0,2,0.05435323383084577,0.0,1.0,1.0,1.0,1.0,1.0,1.0
NOA1,11,0,0.0,4,0.058300012898232945,0.0,1.0,1.0,1.0,1.0,1.0,1.0
NMT1,13,0,0.0,5,0.05669816564758199,0.0,1.0,1.0,1.0,1.0,1.0,1.0
NMRK1,13,0,0.0,5,0.05669816564758199,0.0,1.0,1.0,1.0,1.0,1.0,1.0
NMRAL1,14,0,0.0,5,0.05670604586518416,0.0,1.0,1.0,1.0,1.0,1.0,1.0
NMI,9,0,0.0,2,0.05435323383084577,0.0,1.0,1.0,1.0,1.0,1.0,1.0
NME7,25,0,0.0,8,0.044659164555470456,0.0,1.0,1.0,1.0,1.0,1.0,1.0
NME4,10,0,0.0,3,0.05220779220779221,0.0,1.0,1.0,1.0,1.0,1.0,1.0
NME3,8,0,0.0,2,0.05434647431911454,0.0,1.0,1.0,1.0,1.0,1.0,1.0
NMB,5,0,0.0,0,0.05546240165097382,0.0,1.0,1.0,1.0,1.0,1.0,1.0
NPC1,12,0,0.0,4,0.058307533539731685,0.0,1.0,1.0,1.0,1.0,1.0,1.0
NPDC1,24,0,0.0,8,0.04465653352185696,0.0,1.0,1.0,1.0,1.0,1.0,1.0
NPEPL1,16,0,0.0,6,0.04791395045632334,0.0,1.0,1.0,1.0,1.0,1.0,1.0
NPEPPS,13,0,0.0,5,0.05669816564758199,0.0,1.0,1.0,1.0,1.0,1.0,1.0
NRIP1,16,0,0.0,6,0.04791395045632334,0.0,1.0,1.0,1.0,1.0,1.0,1.0
NREP,9,0,0.0,2,0.05435323383084577,0.0,1.0,1.0,1.0,1.0,1.0,1.0
NRDC,13,0,0.0,5,0.05669816564758199,0.0,1.0,1.0,1.0,1.0,1.0,1.0
NRBP2,13,0,0.0,5,0.05669816564758199,0.0,1.0,1.0,1.0,1.0,1.0,1.0
NRBP1,17,0,0.0,6,0.04791915679669673,0.0,1.0,1.0,1.0,1.0,1.0,1.0
NRAS,15,0,0.0,6,0.04790874524714829,0.0,1.0,1.0,1.0,1.0,1.0,1.0
NR3C2,5,0,0.0,0,0.05546240165097382,0.0,1.0,1.0,1.0,1.0,1.0,1.0
NUP153,11,0,0.0,4,0.058300012898232945,0.0,1.0,1.0,1.0,1.0,1.0,1.0
NR2C2,8,0,0.0,2,0.05434647431911454,0.0,1.0,1.0,1.0,1.0,1.0,1.0
NR1H2,8,0,0.0,2,0.05434647431911454,0.0,1.0,1.0,1.0,1.0,1.0,1.0
NR1D2,20,0,0.0,7,0.04531838825007247,0.0,1.0,1.0,1.0,1.0,1.0,1.0
NR1D1,11,0,0.0,4,0.058300012898232945,0.0,1.0,1.0,1.0,1.0,1.0,1.0
NPTX1,36,0,0.0,8,0.044688126400188655,0.0,1.0,1.0,1.0,1.0,1.0,1.0
NPTN,7,0,0.0,1,0.06280566280566281,0.0,1.0,1.0,1.0,1.0,1.0,1.0
NPRL2,6,0,0.0,0,0.05546955624355005,0.0,1.0,1.0,1.0,1.0,1.0,1.0
NPM3,12,0,0.0,4,0.058307533539731685,0.0,1.0,1.0,1.0,1.0,1.0,1.0
NR1H3,5,0,0.0,0,0.05546240165097382,0.0,1.0,1.0,1.0,1.0,1.0,1.0
FBXO41,11,0,0.0,4,0.058300012898232945,0.0,1.0,1.0,1.0,1.0,1.0,1.0
LLGL2,5,0,0.0,0,0.05546240165097382,0.0,1.0,1.0,1.0,1.0,1.0,1.0
LIX1L,10,0,0.0,3,0.05220779220779221,0.0,1.0,1.0,1.0,1.0,1.0,1.0
GRPEL2,11,0,0.0,4,0.058300012898232945,0.0,1.0,1.0,1.0,1.0,1.0,1.0
GRK5,11,0,0.0,4,0.058300012898232945,0.0,1.0,1.0,1.0,1.0,1.0,1.0
GRK3,16,0,0.0,6,0.04791395045632334,0.0,1.0,1.0,1.0,1.0,1.0,1.0
GRINA,23,0,0.0,8,0.0446539027982327,0.0,1.0,1.0,1.0,1.0,1.0,1.0
GRHPR,7,0,0.0,1,0.06280566280566281,0.0,1.0,1.0,1.0,1.0,1.0,1.0
GRB2,9,0,0.0,2,0.05435323383084577,0.0,1.0,1.0,1.0,1.0,1.0,1.0
GRB10,7,0,0.0,1,0.06280566280566281,0.0,1.0,1.0,1.0,1.0,1.0,1.0
GRAMD4,13,0,0.0,5,0.05669816564758199,0.0,1.0,1.0,1.0,1.0,1.0,1.0
GRAMD2B,8,0,0.0,2,0.05434647431911454,0.0,1.0,1.0,1.0,1.0,1.0,1.0
GRAMD1A,7,0,0.0,1,0.06280566280566281,0.0,1.0,1.0,1.0,1.0,1.0,1.0
GPX7,10,0,0.0,3,0.05220779220779221,0.0,1.0,1.0,1.0,1.0,1.0,1.0
GPX4,26,0,0.0,8,0.04466179589912798,0.0,1.0,1.0,1.0,1.0,1.0,1.0
GPSM1,6,0,0.0,0,0.05546955624355005,0.0,1.0,1.0,1.0,1.0,1.0,1.0
GPS2,9,0,0.0,2,0.05435323383084577,0.0,1.0,1.0,1.0,1.0,1.0,1.0
GPR55,8,0,0.0,2,0.05434647431911454,0.0,1.0,1.0,1.0,1.0,1.0,1.0
GSAP,19,0,0.0,7,0.04531400966183575,0.0,1.0,1.0,1.0,1.0,1.0,1.0
GPR35,11,0,0.0,4,0.058300012898232945,0.0,1.0,1.0,1.0,1.0,1.0,1.0
GSDMB,13,0,0.0,5,0.05669816564758199,0.0,1.0,1.0,1.0,1.0,1.0,1.0
GSK3A,6,0,0.0,0,0.05546955624355005,0.0,1.0,1.0,1.0,1.0,1.0,1.0
GTF2H3,5,0,0.0,0,0.05546240165097382,0.0,1.0,1.0,1.0,1.0,1.0,1.0
GTF2B,6,0,0.0,0,0.05546955624355005,0.0,1.0,1.0,1.0,1.0,1.0,1.0
GTF2A2,18,0,0.0,7,0.04530963191962129,0.0,1.0,1.0,1.0,1.0,1.0,1.0
GTF2A1,20,0,0.0,7,0.04531838825007247,0.0,1.0,1.0,1.0,1.0,1.0,1.0
GTDC1,12,0,0.0,4,0.058307533539731685,0.0,1.0,1.0,1.0,1.0,1.0,1.0
GSTZ1,8,0,0.0,2,0.05434647431911454,0.0,1.0,1.0,1.0,1.0,1.0,1.0
GSTP1,16,0,0.0,6,0.04791395045632334,0.0,1.0,1.0,1.0,1.0,1.0,1.0
GSTO1,17,0,0.0,6,0.04791915679669673,0.0,1.0,1.0,1.0,1.0,1.0,1.0
GSTM3,17,0,0.0,6,0.04791915679669673,0.0,1.0,1.0,1.0,1.0,1.0,1.0
GSS,9,0,0.0,2,0.05435323383084577,0.0,1.0,1.0,1.0,1.0,1.0,1.0
GSR,28,0,0.0,8,0.044667059516794345,0.0,1.0,1.0,1.0,1.0,1.0,1.0
GSPT1,6,0,0.0,0,0.05546955624355005,0.0,1.0,1.0,1.0,1.0,1.0,1.0
GSN,13,0,0.0,5,0.05669816564758199,0.0,1.0,1.0,1.0,1.0,1.0,1.0
GSKIP,5,0,0.0,0,0.05546240165097382,0.0,1.0,1.0,1.0,1.0,1.0,1.0
GSK3B,7,0,0.0,1,0.06280566280566281,0.0,1.0,1.0,1.0,1.0,1.0,1.0
GSE1,40,0,0.0,8,0.04469866729567166,0.0,1.0,1.0,1.0,1.0,1.0,1.0
GTF2IRD1,8,0,0.0,2,0.05434647431911454,0.0,1.0,1.0,1.0,1.0,1.0,1.0
GPR27,12,0,0.0,4,0.058307533539731685,0.0,1.0,1.0,1.0,1.0,1.0,1.0
GPR183,16,0,0.0,6,0.04791395045632334,0.0,1.0,1.0,1.0,1.0,1.0,1.0
GOLGA7,5,0,0.0,0,0.05546240165097382,0.0,1.0,1.0,1.0,1.0,1.0,1.0
GOLGA3,12,0,0.0,4,0.058307533539731685,0.0,1.0,1.0,1.0,1.0,1.0,1.0
GNPTG,11,0,0.0,4,0.058300012898232945,0.0,1.0,1.0,1.0,1.0,1.0,1.0
GNPDA2,7,0,0.0,1,0.06280566280566281,0.0,1.0,1.0,1.0,1.0,1.0,1.0
GNL1,12,0,0.0,4,0.058307533539731685,0.0,1.0,1.0,1.0,1.0,1.0,1.0
GNGT2,20,0,0.0,7,0.04531838825007247,0.0,1.0,1.0,1.0,1.0,1.0,1.0
GNG4,13,0,0.0,5,0.05669816564758199,0.0,1.0,1.0,1.0,1.0,1.0,1.0
GNE,9,0,0.0,2,0.05435323383084577,0.0,1.0,1.0,1.0,1.0,1.0,1.0
GNB5,17,0,0.0,6,0.04791915679669673,0.0,1.0,1.0,1.0,1.0,1.0,1.0
GNB4,18,0,0.0,7,0.04530963191962129,0.0,1.0,1.0,1.0,1.0,1.0,1.0
GNB1L,5,0,0.0,0,0.05546240165097382,0.0,1.0,1.0,1.0,1.0,1.0,1.0
GNB1,14,0,0.0,5,0.05670604586518416,0.0,1.0,1.0,1.0,1.0,1.0,1.0
GNAQ,17,0,0.0,6,0.04791915679669673,0.0,1.0,1.0,1.0,1.0,1.0,1.0
GNA13,10,0,0.0,3,0.05220779220779221,0.0,1.0,1.0,1.0,1.0,1.0,1.0
GMPR,15,0,0.0,6,0.04790874524714829,0.0,1.0,1.0,1.0,1.0,1.0,1.0
GOLGA8B,24,0,0.0,8,0.04465653352185696,0.0,1.0,1.0,1.0,1.0,1.0,1.0
GPR19,7,0,0.0,1,0.06280566280566281,0.0,1.0,1.0,1.0,1.0,1.0,1.0
GOLGB1,7,0,0.0,1,0.06280566280566281,0.0,1.0,1.0,1.0,1.0,1.0,1.0
GOLM1,17,0,0.0,6,0.04791915679669673,0.0,1.0,1.0,1.0,1.0,1.0,1.0
GPR161,8,0,0.0,2,0.05434647431911454,0.0,1.0,1.0,1.0,1.0,1.0,1.0
GPR157,8,0,0.0,2,0.05434647431911454,0.0,1.0,1.0,1.0,1.0,1.0,1.0
GPR137,12,0,0.0,4,0.058307533539731685,0.0,1.0,1.0,1.0,1.0,1.0,1.0
GPN1,5,0,0.0,0,0.05546240165097382,0.0,1.0,1.0,1.0,1.0,1.0,1.0
GPHN,7,0,0.0,1,0.06280566280566281,0.0,1.0,1.0,1.0,1.0,1.0,1.0
GPD2,24,0,0.0,8,0.04465653352185696,0.0,1.0,1.0,1.0,1.0,1.0,1.0
GPAT4,5,0,0.0,0,0.05546240165097382,0.0,1.0,1.0,1.0,1.0,1.0,1.0
GPAT3,21,0,0.0,7,0.04532276768457673,0.0,1.0,1.0,1.0,1.0,1.0,1.0
GPAA1,22,0,0.0,7,0.045327147965593895,0.0,1.0,1.0,1.0,1.0,1.0,1.0
GOT1,5,0,0.0,0,0.05546240165097382,0.0,1.0,1.0,1.0,1.0,1.0,1.0
GORASP2,16,0,0.0,6,0.04791395045632334,0.0,1.0,1.0,1.0,1.0,1.0,1.0
GON7,6,0,0.0,0,0.05546955624355005,0.0,1.0,1.0,1.0,1.0,1.0,1.0
GOLT1B,15,0,0.0,6,0.04790874524714829,0.0,1.0,1.0,1.0,1.0,1.0,1.0
GOLPH3L,8,0,0.0,2,0.05434647431911454,0.0,1.0,1.0,1.0,1.0,1.0,1.0
GOLPH3,6,0,0.0,0,0.05546955624355005,0.0,1.0,1.0,1.0,1.0,1.0,1.0
GOLIM4,7,0,0.0,1,0.06280566280566281,0.0,1.0,1.0,1.0,1.0,1.0,1.0
GMPPA,11,0,0.0,4,0.058300012898232945,0.0,1.0,1.0,1.0,1.0,1.0,1.0
GTF3C1,7,0,0.0,1,0.06280566280566281,0.0,1.0,1.0,1.0,1.0,1.0,1.0
GTPBP6,7,0,0.0,1,0.06280566280566281,0.0,1.0,1.0,1.0,1.0,1.0,1.0
HIBADH,5,0,0.0,0,0.05546240165097382,0.0,1.0,1.0,1.0,1.0,1.0,1.0
HHLA2,37,0,0.0,8,0.04469076115795059,0.0,1.0,1.0,1.0,1.0,1.0,1.0
HHAT,7,0,0.0,1,0.06280566280566281,0.0,1.0,1.0,1.0,1.0,1.0,1.0
HGSNAT,16,0,0.0,6,0.04791395045632334,0.0,1.0,1.0,1.0,1.0,1.0,1.0
HEXB,9,0,0.0,2,0.05435323383084577,0.0,1.0,1.0,1.0,1.0,1.0,1.0
HEXA,24,0,0.0,8,0.04465653352185696,0.0,1.0,1.0,1.0,1.0,1.0,1.0
HERPUD2,5,0,0.0,0,0.05546240165097382,0.0,1.0,1.0,1.0,1.0,1.0,1.0
HERC6,17,0,0.0,6,0.04791915679669673,0.0,1.0,1.0,1.0,1.0,1.0,1.0
HERC4,5,0,0.0,0,0.05546240165097382,0.0,1.0,1.0,1.0,1.0,1.0,1.0
HERC3,24,0,0.0,8,0.04465653352185696,0.0,1.0,1.0,1.0,1.0,1.0,1.0
HENMT1,11,0,0.0,4,0.058300012898232945,0.0,1.0,1.0,1.0,1.0,1.0,1.0
HELZ2,7,0,0.0,1,0.06280566280566281,0.0,1.0,1.0,1.0,1.0,1.0,1.0
HELB,15,0,0.0,6,0.04790874524714829,0.0,1.0,1.0,1.0,1.0,1.0,1.0
HEG1,12,0,0.0,4,0.058307533539731685,0.0,1.0,1.0,1.0,1.0,1.0,1.0
HECTD4,11,0,0.0,4,0.058300012898232945,0.0,1.0,1.0,1.0,1.0,1.0,1.0
HIBCH,8,0,0.0,2,0.05434647431911454,0.0,1.0,1.0,1.0,1.0,1.0,1.0
HECTD3,6,0,0.0,0,0.05546955624355005,0.0,1.0,1.0,1.0,1.0,1.0,1.0
HIC1,17,0,0.0,6,0.04791915679669673,0.0,1.0,1.0,1.0,1.0,1.0,1.0
HIGD2A,8,0,0.0,2,0.05434647431911454,0.0,1.0,1.0,1.0,1.0,1.0,1.0
HMGN1,12,0,0.0,4,0.058307533539731685,0.0,1.0,1.0,1.0,1.0,1.0,1.0
HMG20B,12,0,0.0,4,0.058307533539731685,0.0,1.0,1.0,1.0,1.0,1.0,1.0
HMCES,10,0,0.0,3,0.05220779220779221,0.0,1.0,1.0,1.0,1.0,1.0,1.0
HMBS,9,0,0.0,2,0.05435323383084577,0.0,1.0,1.0,1.0,1.0,1.0,1.0
HM13,25,0,0.0,8,0.044659164555470456,0.0,1.0,1.0,1.0,1.0,1.0,1.0
HLTF,23,0,0.0,8,0.0446539027982327,0.0,1.0,1.0,1.0,1.0,1.0,1.0
HLCS,7,0,0.0,1,0.06280566280566281,0.0,1.0,1.0,1.0,1.0,1.0,1.0
HJURP,6,0,0.0,0,0.05546955624355005,0.0,1.0,1.0,1.0,1.0,1.0,1.0
HIRA,9,0,0.0,2,0.05435323383084577,0.0,1.0,1.0,1.0,1.0,1.0,1.0
HIPK3,24,0,0.0,8,0.04465653352185696,0.0,1.0,1.0,1.0,1.0,1.0,1.0
HIPK2,21,0,0.0,7,0.04532276768457673,0.0,1.0,1.0,1.0,1.0,1.0,1.0
HIPK1,13,0,0.0,5,0.05669816564758199,0.0,1.0,1.0,1.0,1.0,1.0,1.0
HIP1R,7,0,0.0,1,0.06280566280566281,0.0,1.0,1.0,1.0,1.0,1.0,1.0
HIP1,6,0,0.0,0,0.05546955624355005,0.0,1.0,1.0,1.0,1.0,1.0,1.0
HINT2,21,0,0.0,7,0.04532276768457673,0.0,1.0,1.0,1.0,1.0,1.0,1.0
HIGD1A,9,0,0.0,2,0.05435323383084577,0.0,1.0,1.0,1.0,1.0,1.0,1.0
GTF3C4,9,0,0.0,2,0.05435323383084577,0.0,1.0,1.0,1.0,1.0,1.0,1.0
HECTD2,11,0,0.0,4,0.058300012898232945,0.0,1.0,1.0,1.0,1.0,1.0,1.0
HEBP2,14,0,0.0,5,0.05670604586518416,0.0,1.0,1.0,1.0,1.0,1.0,1.0
HACD4,21,0,0.0,7,0.04532276768457673,0.0,1.0,1.0,1.0,1.0,1.0,1.0
HACD2,16,0,0.0,6,0.04791395045632334,0.0,1.0,1.0,1.0,1.0,1.0,1.0
HABP4,16,0,0.0,6,0.04791395045632334,0.0,1.0,1.0,1.0,1.0,1.0,1.0
H6PD,20,0,0.0,7,0.04531838825007247,0.0,1.0,1.0,1.0,1.0,1.0,1.0
H2AZ1,15,0,0.0,6,0.04790874524714829,0.0,1.0,1.0,1.0,1.0,1.0,1.0
H2AJ,33,0,0.0,8,0.04468022399056882,0.0,1.0,1.0,1.0,1.0,1.0,1.0
H1-1,7,0,0.0,1,0.06280566280566281,0.0,1.0,1.0,1.0,1.0,1.0,1.0
H1-0,20,0,0.0,7,0.04531838825007247,0.0,1.0,1.0,1.0,1.0,1.0,1.0
GZMM,13,0,0.0,5,0.05669816564758199,0.0,1.0,1.0,1.0,1.0,1.0,1.0
GZMK,8,0,0.0,2,0.05434647431911454,0.0,1.0,1.0,1.0,1.0,1.0,1.0
GZMB,24,0,0.0,8,0.04465653352185696,0.0,1.0,1.0,1.0,1.0,1.0,1.0
GYPC,17,0,0.0,6,0.04791915679669673,0.0,1.0,1.0,1.0,1.0,1.0,1.0
GYG1,8,0,0.0,2,0.05434647431911454,0.0,1.0,1.0,1.0,1.0,1.0,1.0
GXYLT1,9,0,0.0,2,0.05435323383084577,0.0,1.0,1.0,1.0,1.0,1.0,1.0
GUF1,10,0,0.0,3,0.05220779220779221,0.0,1.0,1.0,1.0,1.0,1.0,1.0
HADH,9,0,0.0,2,0.05435323383084577,0.0,1.0,1.0,1.0,1.0,1.0,1.0
HECTD1,9,0,0.0,2,0.05435323383084577,0.0,1.0,1.0,1.0,1.0,1.0,1.0
HADHB,11,0,0.0,4,0.058300012898232945,0.0,1.0,1.0,1.0,1.0,1.0,1.0
HAGHL,8,0,0.0,2,0.05434647431911454,0.0,1.0,1.0,1.0,1.0,1.0,1.0
HEBP1,6,0,0.0,0,0.05546955624355005,0.0,1.0,1.0,1.0,1.0,1.0,1.0
HEATR5B,5,0,0.0,0,0.05546240165097382,0.0,1.0,1.0,1.0,1.0,1.0,1.0
HDLBP,16,0,0.0,6,0.04791395045632334,0.0,1.0,1.0,1.0,1.0,1.0,1.0
HDHD5,7,0,0.0,1,0.06280566280566281,0.0,1.0,1.0,1.0,1.0,1.0,1.0
HDGFL3,16,0,0.0,6,0.04791395045632334,0.0,1.0,1.0,1.0,1.0,1.0,1.0
HDGFL2,6,0,0.0,0,0.05546955624355005,0.0,1.0,1.0,1.0,1.0,1.0,1.0
HDDC2,16,0,0.0,6,0.04791395045632334,0.0,1.0,1.0,1.0,1.0,1.0,1.0
HCLS1,19,0,0.0,7,0.04531400966183575,0.0,1.0,1.0,1.0,1.0,1.0,1.0
HCFC2,6,0,0.0,0,0.05546955624355005,0.0,1.0,1.0,1.0,1.0,1.0,1.0
HAX1,7,0,0.0,1,0.06280566280566281,0.0,1.0,1.0,1.0,1.0,1.0,1.0
HAVCR2,35,0,0.0,8,0.044685491953074336,0.0,1.0,1.0,1.0,1.0,1.0,1.0
HAUS4,16,0,0.0,6,0.04791395045632334,0.0,1.0,1.0,1.0,1.0,1.0,1.0
HAUS2,6,0,0.0,0,0.05546955624355005,0.0,1.0,1.0,1.0,1.0,1.0,1.0
HAUS1,14,0,0.0,5,0.05670604586518416,0.0,1.0,1.0,1.0,1.0,1.0,1.0
HAT1,11,0,0.0,4,0.058300012898232945,0.0,1.0,1.0,1.0,1.0,1.0,1.0
HAGH,16,0,0.0,6,0.04791395045632334,0.0,1.0,1.0,1.0,1.0,1.0,1.0
GMEB2,6,0,0.0,0,0.05546955624355005,0.0,1.0,1.0,1.0,1.0,1.0,1.0
GMDS,14,0,0.0,5,0.05670604586518416,0.0,1.0,1.0,1.0,1.0,1.0,1.0
GLYCTK,12,0,0.0,4,0.058307533539731685,0.0,1.0,1.0,1.0,1.0,1.0,1.0
FOXK2,6,0,0.0,0,0.05546955624355005,0.0,1.0,1.0,1.0,1.0,1.0,1.0
FOXK1,10,0,0.0,3,0.05220779220779221,0.0,1.0,1.0,1.0,1.0,1.0,1.0
FOXJ3,6,0,0.0,0,0.05546955624355005,0.0,1.0,1.0,1.0,1.0,1.0,1.0
FOXJ2,5,0,0.0,0,0.05546240165097382,0.0,1.0,1.0,1.0,1.0,1.0,1.0
FNIP2,15,0,0.0,6,0.04790874524714829,0.0,1.0,1.0,1.0,1.0,1.0,1.0
FNIP1,10,0,0.0,3,0.05220779220779221,0.0,1.0,1.0,1.0,1.0,1.0,1.0
FNDC3B,11,0,0.0,4,0.058300012898232945,0.0,1.0,1.0,1.0,1.0,1.0,1.0
FNDC3A,7,0,0.0,1,0.06280566280566281,0.0,1.0,1.0,1.0,1.0,1.0,1.0
FNBP4,6,0,0.0,0,0.05546955624355005,0.0,1.0,1.0,1.0,1.0,1.0,1.0
FN3KRP,9,0,0.0,2,0.05435323383084577,0.0,1.0,1.0,1.0,1.0,1.0,1.0
FN1,5,0,0.0,0,0.05546240165097382,0.0,1.0,1.0,1.0,1.0,1.0,1.0
FMNL3,16,0,0.0,6,0.04791395045632334,0.0,1.0,1.0,1.0,1.0,1.0,1.0
FMNL2,5,0,0.0,0,0.05546240165097382,0.0,1.0,1.0,1.0,1.0,1.0,1.0
FMNL1,35,0,0.0,8,0.044685491953074336,0.0,1.0,1.0,1.0,1.0,1.0,1.0
FMC1,17,0,0.0,6,0.04791915679669673,0.0,1.0,1.0,1.0,1.0,1.0,1.0
FOXN2,14,0,0.0,5,0.05670604586518416,0.0,1.0,1.0,1.0,1.0,1.0,1.0
FLOT2,22,0,0.0,7,0.045327147965593895,0.0,1.0,1.0,1.0,1.0,1.0,1.0
FOXN3,9,0,0.0,2,0.05435323383084577,0.0,1.0,1.0,1.0,1.0,1.0,1.0
FOXP3,16,0,0.0,6,0.04791395045632334,0.0,1.0,1.0,1.0,1.0,1.0,1.0
FUCA1,9,0,0.0,2,0.05435323383084577,0.0,1.0,1.0,1.0,1.0,1.0,1.0
FTL,42,0,0.0,8,0.044703939608398205,0.0,1.0,1.0,1.0,1.0,1.0,1.0
FTH1,25,0,0.0,8,0.044659164555470456,0.0,1.0,1.0,1.0,1.0,1.0,1.0
FSD1L,13,0,0.0,5,0.05669816564758199,0.0,1.0,1.0,1.0,1.0,1.0,1.0
FSD1,7,0,0.0,1,0.06280566280566281,0.0,1.0,1.0,1.0,1.0,1.0,1.0
FSCN1,10,0,0.0,3,0.05220779220779221,0.0,1.0,1.0,1.0,1.0,1.0,1.0
FRYL,8,0,0.0,2,0.05434647431911454,0.0,1.0,1.0,1.0,1.0,1.0,1.0
FRS3,5,0,0.0,0,0.05546240165097382,0.0,1.0,1.0,1.0,1.0,1.0,1.0
FRS2,5,0,0.0,0,0.05546240165097382,0.0,1.0,1.0,1.0,1.0,1.0,1.0
FRMD6,13,0,0.0,5,0.05669816564758199,0.0,1.0,1.0,1.0,1.0,1.0,1.0
FRAT2,5,0,0.0,0,0.05546240165097382,0.0,1.0,1.0,1.0,1.0,1.0,1.0
FRA10AC1,5,0,0.0,0,0.05546240165097382,0.0,1.0,1.0,1.0,1.0,1.0,1.0
FPGT,8,0,0.0,2,0.05434647431911454,0.0,1.0,1.0,1.0,1.0,1.0,1.0
FOXRED2,6,0,0.0,0,0.05546955624355005,0.0,1.0,1.0,1.0,1.0,1.0,1.0
FOXP4,6,0,0.0,0,0.05546955624355005,0.0,1.0,1.0,1.0,1.0,1.0,1.0
FOXP1,15,0,0.0,6,0.04790874524714829,0.0,1.0,1.0,1.0,1.0,1.0,1.0
FUCA2,17,0,0.0,6,0.04791915679669673,0.0,1.0,1.0,1.0,1.0,1.0,1.0
FLI1,7,0,0.0,1,0.06280566280566281,0.0,1.0,1.0,1.0,1.0,1.0,1.0
FKRP,11,0,0.0,4,0.058300012898232945,0.0,1.0,1.0,1.0,1.0,1.0,1.0
FDX1,7,0,0.0,1,0.06280566280566281,0.0,1.0,1.0,1.0,1.0,1.0,1.0
FDFT1,6,0,0.0,0,0.05546955624355005,0.0,1.0,1.0,1.0,1.0,1.0,1.0
FCHO1,7,0,0.0,1,0.06280566280566281,0.0,1.0,1.0,1.0,1.0,1.0,1.0
FCGRT,20,0,0.0,7,0.04531838825007247,0.0,1.0,1.0,1.0,1.0,1.0,1.0
FCGBP,5,0,0.0,0,0.05546240165097382,0.0,1.0,1.0,1.0,1.0,1.0,1.0
FCF1,5,0,0.0,0,0.05546240165097382,0.0,1.0,1.0,1.0,1.0,1.0,1.0
FCER1G,16,0,0.0,6,0.04791395045632334,0.0,1.0,1.0,1.0,1.0,1.0,1.0
FBXW8,6,0,0.0,0,0.05546955624355005,0.0,1.0,1.0,1.0,1.0,1.0,1.0
FBXW4,22,0,0.0,7,0.045327147965593895,0.0,1.0,1.0,1.0,1.0,1.0,1.0
FBXW2,6,0,0.0,0,0.05546955624355005,0.0,1.0,1.0,1.0,1.0,1.0,1.0
FBXO9,10,0,0.0,3,0.05220779220779221,0.0,1.0,1.0,1.0,1.0,1.0,1.0
FBXO8,7,0,0.0,1,0.06280566280566281,0.0,1.0,1.0,1.0,1.0,1.0,1.0
FBXO7,14,0,0.0,5,0.05670604586518416,0.0,1.0,1.0,1.0,1.0,1.0,1.0
FBXO6,10,0,0.0,3,0.05220779220779221,0.0,1.0,1.0,1.0,1.0,1.0,1.0
FBXO46,8,0,0.0,2,0.05434647431911454,0.0,1.0,1.0,1.0,1.0,1.0,1.0
FECH,5,0,0.0,0,0.05546240165097382,0.0,1.0,1.0,1.0,1.0,1.0,1.0
FLCN,10,0,0.0,3,0.05220779220779221,0.0,1.0,1.0,1.0,1.0,1.0,1.0
FEM1B,6,0,0.0,0,0.05546955624355005,0.0,1.0,1.0,1.0,1.0,1.0,1.0
FERMT3,13,0,0.0,5,0.05669816564758199,0.0,1.0,1.0,1.0,1.0,1.0,1.0
FKBP8,5,0,0.0,0,0.05546240165097382,0.0,1.0,1.0,1.0,1.0,1.0,1.0
FKBP5,19,0,0.0,7,0.04531400966183575,0.0,1.0,1.0,1.0,1.0,1.0,1.0
FKBP3,20,0,0.0,7,0.04531838825007247,0.0,1.0,1.0,1.0,1.0,1.0,1.0
FILIP1L,13,0,0.0,5,0.05669816564758199,0.0,1.0,1.0,1.0,1.0,1.0,1.0
FIGNL1,10,0,0.0,3,0.05220779220779221,0.0,1.0,1.0,1.0,1.0,1.0,1.0
FIG4,5,0,0.0,0,0.05546240165097382,0.0,1.0,1.0,1.0,1.0,1.0,1.0
FIBP,10,0,0.0,3,0.05220779220779221,0.0,1.0,1.0,1.0,1.0,1.0,1.0
FHL3,7,0,0.0,1,0.06280566280566281,0.0,1.0,1.0,1.0,1.0,1.0,1.0
FHL1,6,0,0.0,0,0.05546955624355005,0.0,1.0,1.0,1.0,1.0,1.0,1.0
FHIT,7,0,0.0,1,0.06280566280566281,0.0,1.0,1.0,1.0,1.0,1.0,1.0
FHIP2B,10,0,0.0,3,0.05220779220779221,0.0,1.0,1.0,1.0,1.0,1.0,1.0
FGGY,9,0,0.0,2,0.05435323383084577,0.0,1.0,1.0,1.0,1.0,1.0,1.0
FGFR1,12,0,0.0,4,0.058307533539731685,0.0,1.0,1.0,1.0,1.0,1.0,1.0
FGFBP2,11,0,0.0,4,0.058300012898232945,0.0,1.0,1.0,1.0,1.0,1.0,1.0
FGF11,5,0,0.0,0,0.05546240165097382,0.0,1.0,1.0,1.0,1.0,1.0,1.0
FER,17,0,0.0,6,0.04791915679669673,0.0,1.0,1.0,1.0,1.0,1.0,1.0
FUOM,7,0,0.0,1,0.06280566280566281,0.0,1.0,1.0,1.0,1.0,1.0,1.0
FUT10,5,0,0.0,0,0.05546240165097382,0.0,1.0,1.0,1.0,1.0,1.0,1.0
FUT4,7,0,0.0,1,0.06280566280566281,0.0,1.0,1.0,1.0,1.0,1.0,1.0
GGA2,17,0,0.0,6,0.04791915679669673,0.0,1.0,1.0,1.0,1.0,1.0,1.0
GFPT1,17,0,0.0,6,0.04791915679669673,0.0,1.0,1.0,1.0,1.0,1.0,1.0
GET3,10,0,0.0,3,0.05220779220779221,0.0,1.0,1.0,1.0,1.0,1.0,1.0
GEMIN6,7,0,0.0,1,0.06280566280566281,0.0,1.0,1.0,1.0,1.0,1.0,1.0
GDPD5,11,0,0.0,4,0.058300012898232945,0.0,1.0,1.0,1.0,1.0,1.0,1.0
GDPD3,7,0,0.0,1,0.06280566280566281,0.0,1.0,1.0,1.0,1.0,1.0,1.0
GDI1,19,0,0.0,7,0.04531400966183575,0.0,1.0,1.0,1.0,1.0,1.0,1.0
GDE1,26,0,0.0,8,0.04466179589912798,0.0,1.0,1.0,1.0,1.0,1.0,1.0
GDAP1,18,0,0.0,7,0.04530963191962129,0.0,1.0,1.0,1.0,1.0,1.0,1.0
GCSAM,22,0,0.0,7,0.045327147965593895,0.0,1.0,1.0,1.0,1.0,1.0,1.0
GCNT4,10,0,0.0,3,0.05220779220779221,0.0,1.0,1.0,1.0,1.0,1.0,1.0
GCNT1,8,0,0.0,2,0.05434647431911454,0.0,1.0,1.0,1.0,1.0,1.0,1.0
GCNA,6,0,0.0,0,0.05546955624355005,0.0,1.0,1.0,1.0,1.0,1.0,1.0
GCLC,6,0,0.0,0,0.05546955624355005,0.0,1.0,1.0,1.0,1.0,1.0,1.0
GCHFR,11,0,0.0,4,0.058300012898232945,0.0,1.0,1.0,1.0,1.0,1.0,1.0
GGT7,6,0,0.0,0,0.05546955624355005,0.0,1.0,1.0,1.0,1.0,1.0,1.0
GCA,16,0,0.0,6,0.04791395045632334,0.0,1.0,1.0,1.0,1.0,1.0,1.0
GHDC,6,0,0.0,0,0.05546955624355005,0.0,1.0,1.0,1.0,1.0,1.0,1.0
GIMAP8,12,0,0.0,4,0.058307533539731685,0.0,1.0,1.0,1.0,1.0,1.0,1.0
GLUD1,6,0,0.0,0,0.05546955624355005,0.0,1.0,1.0,1.0,1.0,1.0,1.0
GLTP,6,0,0.0,0,0.05546955624355005,0.0,1.0,1.0,1.0,1.0,1.0,1.0
GLS2,5,0,0.0,0,0.05546240165097382,0.0,1.0,1.0,1.0,1.0,1.0,1.0
GLS,8,0,0.0,2,0.05434647431911454,0.0,1.0,1.0,1.0,1.0,1.0,1.0
GLMN,6,0,0.0,0,0.05546955624355005,0.0,1.0,1.0,1.0,1.0,1.0,1.0
GLIPR2,22,0,0.0,7,0.045327147965593895,0.0,1.0,1.0,1.0,1.0,1.0,1.0
GLB1L3,7,0,0.0,1,0.06280566280566281,0.0,1.0,1.0,1.0,1.0,1.0,1.0
GLB1,5,0,0.0,0,0.05546240165097382,0.0,1.0,1.0,1.0,1.0,1.0,1.0
GKAP1,7,0,0.0,1,0.06280566280566281,0.0,1.0,1.0,1.0,1.0,1.0,1.0
GK5,6,0,0.0,0,0.05546955624355005,0.0,1.0,1.0,1.0,1.0,1.0,1.0
GJC1,5,0,0.0,0,0.05546240165097382,0.0,1.0,1.0,1.0,1.0,1.0,1.0
GIT1,6,0,0.0,0,0.05546955624355005,0.0,1.0,1.0,1.0,1.0,1.0,1.0
GIPC1,7,0,0.0,1,0.06280566280566281,0.0,1.0,1.0,1.0,1.0,1.0,1.0
GINS2,10,0,0.0,3,0.05220779220779221,0.0,1.0,1.0,1.0,1.0,1.0,1.0
GINM1,6,0,0.0,0,0.05546955624355005,0.0,1.0,1.0,1.0,1.0,1.0,1.0
GIMAP7,29,0,0.0,8,0.04466969179091284,0.0,1.0,1.0,1.0,1.0,1.0,1.0
GBP5,37,0,0.0,8,0.04469076115795059,0.0,1.0,1.0,1.0,1.0,1.0,1.0
GBP3,5,0,0.0,0,0.05546240165097382,0.0,1.0,1.0,1.0,1.0,1.0,1.0
GATD3,7,0,0.0,1,0.06280566280566281,0.0,1.0,1.0,1.0,1.0,1.0,1.0
GABPA,9,0,0.0,2,0.05435323383084577,0.0,1.0,1.0,1.0,1.0,1.0,1.0
GABBR1,9,0,0.0,2,0.05435323383084577,0.0,1.0,1.0,1.0,1.0,1.0,1.0
GABARAPL1,5,0,0.0,0,0.05546240165097382,0.0,1.0,1.0,1.0,1.0,1.0,1.0
GAB3,10,0,0.0,3,0.05220779220779221,0.0,1.0,1.0,1.0,1.0,1.0,1.0
GAA,5,0,0.0,0,0.05546240165097382,0.0,1.0,1.0,1.0,1.0,1.0,1.0
G6PD,28,0,0.0,8,0.044667059516794345,0.0,1.0,1.0,1.0,1.0,1.0,1.0
G6PC3,9,0,0.0,2,0.05435323383084577,0.0,1.0,1.0,1.0,1.0,1.0,1.0
G3BP2,11,0,0.0,4,0.058300012898232945,0.0,1.0,1.0,1.0,1.0,1.0,1.0
FZD6,7,0,0.0,1,0.06280566280566281,0.0,1.0,1.0,1.0,1.0,1.0,1.0
FZD3,6,0,0.0,0,0.05546955624355005,0.0,1.0,1.0,1.0,1.0,1.0,1.0
FYCO1,8,0,0.0,2,0.05434647431911454,0.0,1.0,1.0,1.0,1.0,1.0,1.0
FYB1,30,0,0.0,8,0.04467232437529467,0.0,1.0,1.0,1.0,1.0,1.0,1.0
FXYD2,9,0,0.0,2,0.05435323383084577,0.0,1.0,1.0,1.0,1.0,1.0,1.0
FXN,17,0,0.0,6,0.04791915679669673,0.0,1.0,1.0,1.0,1.0,1.0,1.0
FUZ,5,0,0.0,0,0.05546240165097382,0.0,1.0,1.0,1.0,1.0,1.0,1.0
GABPB1,6,0,0.0,0,0.05546955624355005,0.0,1.0,1.0,1.0,1.0,1.0,1.0
GABPB2,13,0,0.0,5,0.05669816564758199,0.0,1.0,1.0,1.0,1.0,1.0,1.0
GAD1,12,0,0.0,4,0.058307533539731685,0.0,1.0,1.0,1.0,1.0,1.0,1.0
GADD45G,12,0,0.0,4,0.058307533539731685,0.0,1.0,1.0,1.0,1.0,1.0,1.0
GATD1,6,0,0.0,0,0.05546955624355005,0.0,1.0,1.0,1.0,1.0,1.0,1.0
GATAD2A,7,0,0.0,1,0.06280566280566281,0.0,1.0,1.0,1.0,1.0,1.0,1.0
GATAD1,6,0,0.0,0,0.05546955624355005,0.0,1.0,1.0,1.0,1.0,1.0,1.0
GATA3,17,0,0.0,6,0.04791915679669673,0.0,1.0,1.0,1.0,1.0,1.0,1.0
GAS8,7,0,0.0,1,0.06280566280566281,0.0,1.0,1.0,1.0,1.0,1.0,1.0
GAS2L1,5,0,0.0,0,0.05546240165097382,0.0,1.0,1.0,1.0,1.0,1.0,1.0
GARRE1,6,0,0.0,0,0.05546955624355005,0.0,1.0,1.0,1.0,1.0,1.0,1.0
HMGN3,41,0,0.0,8,0.04470130329657369,0.0,1.0,1.0,1.0,1.0,1.0,1.0
GAREM2,6,0,0.0,0,0.05546955624355005,0.0,1.0,1.0,1.0,1.0,1.0,1.0
GANAB,6,0,0.0,0,0.05546955624355005,0.0,1.0,1.0,1.0,1.0,1.0,1.0
GALNT3,24,0,0.0,8,0.04465653352185696,0.0,1.0,1.0,1.0,1.0,1.0,1.0
GALNT2,18,0,0.0,7,0.04530963191962129,0.0,1.0,1.0,1.0,1.0,1.0,1.0
GALNT10,18,0,0.0,7,0.04530963191962129,0.0,1.0,1.0,1.0,1.0,1.0,1.0
GALNS,8,0,0.0,2,0.05434647431911454,0.0,1.0,1.0,1.0,1.0,1.0,1.0
GALK2,8,0,0.0,2,0.05434647431911454,0.0,1.0,1.0,1.0,1.0,1.0,1.0
GADD45GIP1,5,0,0.0,0,0.05546240165097382,0.0,1.0,1.0,1.0,1.0,1.0,1.0
GANC,6,0,0.0,0,0.05546955624355005,0.0,1.0,1.0,1.0,1.0,1.0,1.0
HMGN4,11,0,0.0,4,0.058300012898232945,0.0,1.0,1.0,1.0,1.0,1.0,1.0
HMGN5,13,0,0.0,5,0.05669816564758199,0.0,1.0,1.0,1.0,1.0,1.0,1.0
HMOX2,6,0,0.0,0,0.05546955624355005,0.0,1.0,1.0,1.0,1.0,1.0,1.0
KDM4B,8,0,0.0,2,0.05434647431911454,0.0,1.0,1.0,1.0,1.0,1.0,1.0
KDM3B,6,0,0.0,0,0.05546955624355005,0.0,1.0,1.0,1.0,1.0,1.0,1.0
KDM2A,9,0,0.0,2,0.05435323383084577,0.0,1.0,1.0,1.0,1.0,1.0,1.0
KDM1B,9,0,0.0,2,0.05435323383084577,0.0,1.0,1.0,1.0,1.0,1.0,1.0
KDM1A,6,0,0.0,0,0.05546955624355005,0.0,1.0,1.0,1.0,1.0,1.0,1.0
KDELR2,10,0,0.0,3,0.05220779220779221,0.0,1.0,1.0,1.0,1.0,1.0,1.0
KDELR1,13,0,0.0,5,0.05669816564758199,0.0,1.0,1.0,1.0,1.0,1.0,1.0
KCTD9,6,0,0.0,0,0.05546955624355005,0.0,1.0,1.0,1.0,1.0,1.0,1.0
KCTD3,7,0,0.0,1,0.06280566280566281,0.0,1.0,1.0,1.0,1.0,1.0,1.0
KCTD2,11,0,0.0,4,0.058300012898232945,0.0,1.0,1.0,1.0,1.0,1.0,1.0
KCTD17,14,0,0.0,5,0.05670604586518416,0.0,1.0,1.0,1.0,1.0,1.0,1.0
KCTD15,5,0,0.0,0,0.05546240165097382,0.0,1.0,1.0,1.0,1.0,1.0,1.0
KCTD13,7,0,0.0,1,0.06280566280566281,0.0,1.0,1.0,1.0,1.0,1.0,1.0
KCTD12,9,0,0.0,2,0.05435323383084577,0.0,1.0,1.0,1.0,1.0,1.0,1.0
KCTD10,6,0,0.0,0,0.05546955624355005,0.0,1.0,1.0,1.0,1.0,1.0,1.0
KDM4C,9,0,0.0,2,0.05435323383084577,0.0,1.0,1.0,1.0,1.0,1.0,1.0
KCNQ3,6,0,0.0,0,0.05546955624355005,0.0,1.0,1.0,1.0,1.0,1.0,1.0
KDM5A,6,0,0.0,0,0.05546955624355005,0.0,1.0,1.0,1.0,1.0,1.0,1.0
KDM5C,9,0,0.0,2,0.05435323383084577,0.0,1.0,1.0,1.0,1.0,1.0,1.0
KIF21A,5,0,0.0,0,0.05546240165097382,0.0,1.0,1.0,1.0,1.0,1.0,1.0
KIF20B,6,0,0.0,0,0.05546955624355005,0.0,1.0,1.0,1.0,1.0,1.0,1.0
KIF1B,19,0,0.0,7,0.04531400966183575,0.0,1.0,1.0,1.0,1.0,1.0,1.0
KIF16B,12,0,0.0,4,0.058307533539731685,0.0,1.0,1.0,1.0,1.0,1.0,1.0
KIF13B,25,0,0.0,8,0.044659164555470456,0.0,1.0,1.0,1.0,1.0,1.0,1.0
KIAA1586,6,0,0.0,0,0.05546955624355005,0.0,1.0,1.0,1.0,1.0,1.0,1.0
KIAA1217,9,0,0.0,2,0.05435323383084577,0.0,1.0,1.0,1.0,1.0,1.0,1.0
KIAA1143,8,0,0.0,2,0.05434647431911454,0.0,1.0,1.0,1.0,1.0,1.0,1.0
KIAA0930,7,0,0.0,1,0.06280566280566281,0.0,1.0,1.0,1.0,1.0,1.0,1.0
KIAA0586,5,0,0.0,0,0.05546240165097382,0.0,1.0,1.0,1.0,1.0,1.0,1.0
KIAA0408,25,0,0.0,8,0.044659164555470456,0.0,1.0,1.0,1.0,1.0,1.0,1.0
KIAA0040,5,0,0.0,0,0.05546240165097382,0.0,1.0,1.0,1.0,1.0,1.0,1.0
KEAP1,8,0,0.0,2,0.05434647431911454,0.0,1.0,1.0,1.0,1.0,1.0,1.0
KDM6B,9,0,0.0,2,0.05435323383084577,0.0,1.0,1.0,1.0,1.0,1.0,1.0
KDM6A,5,0,0.0,0,0.05546240165097382,0.0,1.0,1.0,1.0,1.0,1.0,1.0
KDM5B,15,0,0.0,6,0.04790874524714829,0.0,1.0,1.0,1.0,1.0,1.0,1.0
KIF3B,7,0,0.0,1,0.06280566280566281,0.0,1.0,1.0,1.0,1.0,1.0,1.0
KCNQ1,13,0,0.0,5,0.05669816564758199,0.0,1.0,1.0,1.0,1.0,1.0,1.0
KCNMB3,9,0,0.0,2,0.05435323383084577,0.0,1.0,1.0,1.0,1.0,1.0,1.0
JAKMIP2,9,0,0.0,2,0.05435323383084577,0.0,1.0,1.0,1.0,1.0,1.0,1.0
JADE2,8,0,0.0,2,0.05434647431911454,0.0,1.0,1.0,1.0,1.0,1.0,1.0
JADE1,10,0,0.0,3,0.05220779220779221,0.0,1.0,1.0,1.0,1.0,1.0,1.0
IZUMO4,9,0,0.0,2,0.05435323383084577,0.0,1.0,1.0,1.0,1.0,1.0,1.0
ITPRIPL2,21,0,0.0,7,0.04532276768457673,0.0,1.0,1.0,1.0,1.0,1.0,1.0
ITPRID2,5,0,0.0,0,0.05546240165097382,0.0,1.0,1.0,1.0,1.0,1.0,1.0
ITPR2,8,0,0.0,2,0.05434647431911454,0.0,1.0,1.0,1.0,1.0,1.0,1.0
ITPK1,11,0,0.0,4,0.058300012898232945,0.0,1.0,1.0,1.0,1.0,1.0,1.0
ITM2C,24,0,0.0,8,0.04465653352185696,0.0,1.0,1.0,1.0,1.0,1.0,1.0
ITM2B,18,0,0.0,7,0.04530963191962129,0.0,1.0,1.0,1.0,1.0,1.0,1.0
ITGB1BP2,5,0,0.0,0,0.05546240165097382,0.0,1.0,1.0,1.0,1.0,1.0,1.0
ITGB1,19,0,0.0,7,0.04531400966183575,0.0,1.0,1.0,1.0,1.0,1.0,1.0
ITGAV,14,0,0.0,5,0.05670604586518416,0.0,1.0,1.0,1.0,1.0,1.0,1.0
ITGAM,21,0,0.0,7,0.04532276768457673,0.0,1.0,1.0,1.0,1.0,1.0,1.0
ITGA3,7,0,0.0,1,0.06280566280566281,0.0,1.0,1.0,1.0,1.0,1.0,1.0
JAM2,7,0,0.0,1,0.06280566280566281,0.0,1.0,1.0,1.0,1.0,1.0,1.0
KCNN4,6,0,0.0,0,0.05546955624355005,0.0,1.0,1.0,1.0,1.0,1.0,1.0
JHY,16,0,0.0,6,0.04791395045632334,0.0,1.0,1.0,1.0,1.0,1.0,1.0
JOSD2,6,0,0.0,0,0.05546955624355005,0.0,1.0,1.0,1.0,1.0,1.0,1.0
KCNK6,7,0,0.0,1,0.06280566280566281,0.0,1.0,1.0,1.0,1.0,1.0,1.0
KCNK5,5,0,0.0,0,0.05546240165097382,0.0,1.0,1.0,1.0,1.0,1.0,1.0
KCNK1,6,0,0.0,0,0.05546955624355005,0.0,1.0,1.0,1.0,1.0,1.0,1.0
KCNC3,9,0,0.0,2,0.05435323383084577,0.0,1.0,1.0,1.0,1.0,1.0,1.0
KCNA3,5,0,0.0,0,0.05546240165097382,0.0,1.0,1.0,1.0,1.0,1.0,1.0
KBTBD2,9,0,0.0,2,0.05435323383084577,0.0,1.0,1.0,1.0,1.0,1.0,1.0
KBTBD11,11,0,0.0,4,0.058300012898232945,0.0,1.0,1.0,1.0,1.0,1.0,1.0
KATNIP,5,0,0.0,0,0.05546240165097382,0.0,1.0,1.0,1.0,1.0,1.0,1.0
KAT8,5,0,0.0,0,0.05546240165097382,0.0,1.0,1.0,1.0,1.0,1.0,1.0
KAT5,10,0,0.0,3,0.05220779220779221,0.0,1.0,1.0,1.0,1.0,1.0,1.0
KAT2B,12,0,0.0,4,0.058307533539731685,0.0,1.0,1.0,1.0,1.0,1.0,1.0
KANSL1L,9,0,0.0,2,0.05435323383084577,0.0,1.0,1.0,1.0,1.0,1.0,1.0
KANSL1,10,0,0.0,3,0.05220779220779221,0.0,1.0,1.0,1.0,1.0,1.0,1.0
JUNB,11,0,0.0,4,0.058300012898232945,0.0,1.0,1.0,1.0,1.0,1.0,1.0
JTB,11,0,0.0,4,0.058300012898232945,0.0,1.0,1.0,1.0,1.0,1.0,1.0
JMJD8,8,0,0.0,2,0.05434647431911454,0.0,1.0,1.0,1.0,1.0,1.0,1.0
KIF3C,6,0,0.0,0,0.05546955624355005,0.0,1.0,1.0,1.0,1.0,1.0,1.0
KIF5B,13,0,0.0,5,0.05669816564758199,0.0,1.0,1.0,1.0,1.0,1.0,1.0
KIF5C,14,0,0.0,5,0.05670604586518416,0.0,1.0,1.0,1.0,1.0,1.0,1.0
LDAH,6,0,0.0,0,0.05546955624355005,0.0,1.0,1.0,1.0,1.0,1.0,1.0
LCLAT1,5,0,0.0,0,0.05546240165097382,0.0,1.0,1.0,1.0,1.0,1.0,1.0
LBR,21,0,0.0,7,0.04532276768457673,0.0,1.0,1.0,1.0,1.0,1.0,1.0
LAX1,5,0,0.0,0,0.05546240165097382,0.0,1.0,1.0,1.0,1.0,1.0,1.0
LATS2,8,0,0.0,2,0.05434647431911454,0.0,1.0,1.0,1.0,1.0,1.0,1.0
LATS1,5,0,0.0,0,0.05546240165097382,0.0,1.0,1.0,1.0,1.0,1.0,1.0
LAT2,16,0,0.0,6,0.04791395045632334,0.0,1.0,1.0,1.0,1.0,1.0,1.0
LASP1,12,0,0.0,4,0.058307533539731685,0.0,1.0,1.0,1.0,1.0,1.0,1.0
LARP7,6,0,0.0,0,0.05546955624355005,0.0,1.0,1.0,1.0,1.0,1.0,1.0
LARP4B,5,0,0.0,0,0.05546240165097382,0.0,1.0,1.0,1.0,1.0,1.0,1.0
LARP1,5,0,0.0,0,0.05546240165097382,0.0,1.0,1.0,1.0,1.0,1.0,1.0
LAPTM5,25,0,0.0,8,0.044659164555470456,0.0,1.0,1.0,1.0,1.0,1.0,1.0
LAPTM4B,16,0,0.0,6,0.04791395045632334,0.0,1.0,1.0,1.0,1.0,1.0,1.0
LAPTM4A,5,0,0.0,0,0.05546240165097382,0.0,1.0,1.0,1.0,1.0,1.0,1.0
LANCL1,11,0,0.0,4,0.058300012898232945,0.0,1.0,1.0,1.0,1.0,1.0,1.0
LDLRAD4,18,0,0.0,7,0.04530963191962129,0.0,1.0,1.0,1.0,1.0,1.0,1.0
LAMTOR5,12,0,0.0,4,0.058307533539731685,0.0,1.0,1.0,1.0,1.0,1.0,1.0
LDLRAP1,6,0,0.0,0,0.05546955624355005,0.0,1.0,1.0,1.0,1.0,1.0,1.0
LEPR,11,0,0.0,4,0.058300012898232945,0.0,1.0,1.0,1.0,1.0,1.0,1.0
LIPA,17,0,0.0,6,0.04791915679669673,0.0,1.0,1.0,1.0,1.0,1.0,1.0
LINC02694,12,0,0.0,4,0.058307533539731685,0.0,1.0,1.0,1.0,1.0,1.0,1.0
LIN7A,8,0,0.0,2,0.05434647431911454,0.0,1.0,1.0,1.0,1.0,1.0,1.0
LIMS2,8,0,0.0,2,0.05434647431911454,0.0,1.0,1.0,1.0,1.0,1.0,1.0
LIMK2,8,0,0.0,2,0.05434647431911454,0.0,1.0,1.0,1.0,1.0,1.0,1.0
LIMK1,10,0,0.0,3,0.05220779220779221,0.0,1.0,1.0,1.0,1.0,1.0,1.0
LIMD2,24,0,0.0,8,0.04465653352185696,0.0,1.0,1.0,1.0,1.0,1.0,1.0
LIMD1,9,0,0.0,2,0.05435323383084577,0.0,1.0,1.0,1.0,1.0,1.0,1.0
LHPP,8,0,0.0,2,0.05434647431911454,0.0,1.0,1.0,1.0,1.0,1.0,1.0
LGALSL,5,0,0.0,0,0.05546240165097382,0.0,1.0,1.0,1.0,1.0,1.0,1.0
LGALS8,5,0,0.0,0,0.05546240165097382,0.0,1.0,1.0,1.0,1.0,1.0,1.0
LGALS3BP,7,0,0.0,1,0.06280566280566281,0.0,1.0,1.0,1.0,1.0,1.0,1.0
LFNG,19,0,0.0,7,0.04531400966183575,0.0,1.0,1.0,1.0,1.0,1.0,1.0
LETMD1,13,0,0.0,5,0.05669816564758199,0.0,1.0,1.0,1.0,1.0,1.0,1.0
LEPROTL1,29,0,0.0,8,0.04466969179091284,0.0,1.0,1.0,1.0,1.0,1.0,1.0
LEMD2,8,0,0.0,2,0.05434647431911454,0.0,1.0,1.0,1.0,1.0,1.0,1.0
LAMTOR4,9,0,0.0,2,0.05435323383084577,0.0,1.0,1.0,1.0,1.0,1.0,1.0
LAMTOR2,13,0,0.0,5,0.05669816564758199,0.0,1.0,1.0,1.0,1.0,1.0,1.0
LAMTOR1,13,0,0.0,5,0.05669816564758199,0.0,1.0,1.0,1.0,1.0,1.0,1.0
KLRG1,9,0,0.0,2,0.05435323383084577,0.0,1.0,1.0,1.0,1.0,1.0,1.0
KLRB1,6,0,0.0,0,0.05546955624355005,0.0,1.0,1.0,1.0,1.0,1.0,1.0
KLHL5,20,0,0.0,7,0.04531838825007247,0.0,1.0,1.0,1.0,1.0,1.0,1.0
KLHL36,8,0,0.0,2,0.05434647431911454,0.0,1.0,1.0,1.0,1.0,1.0,1.0
KLHL3,5,0,0.0,0,0.05546240165097382,0.0,1.0,1.0,1.0,1.0,1.0,1.0
KLHL24,12,0,0.0,4,0.058307533539731685,0.0,1.0,1.0,1.0,1.0,1.0,1.0
KLHL23,5,0,0.0,0,0.05546240165097382,0.0,1.0,1.0,1.0,1.0,1.0,1.0
KLHL22,5,0,0.0,0,0.05546240165097382,0.0,1.0,1.0,1.0,1.0,1.0,1.0
KLHL2,17,0,0.0,6,0.04791915679669673,0.0,1.0,1.0,1.0,1.0,1.0,1.0
KLHL12,9,0,0.0,2,0.05435323383084577,0.0,1.0,1.0,1.0,1.0,1.0,1.0
KLHDC7B,11,0,0.0,4,0.058300012898232945,0.0,1.0,1.0,1.0,1.0,1.0,1.0
KLHDC4,11,0,0.0,4,0.058300012898232945,0.0,1.0,1.0,1.0,1.0,1.0,1.0
KLF7,9,0,0.0,2,0.05435323383084577,0.0,1.0,1.0,1.0,1.0,1.0,1.0
KLF11,9,0,0.0,2,0.05435323383084577,0.0,1.0,1.0,1.0,1.0,1.0,1.0
KIFAP3,12,0,0.0,4,0.058307533539731685,0.0,1.0,1.0,1.0,1.0,1.0,1.0
KMT2A,22,0,0.0,7,0.045327147965593895,0.0,1.0,1.0,1.0,1.0,1.0,1.0
KMT2C,17,0,0.0,6,0.04791915679669673,0.0,1.0,1.0,1.0,1.0,1.0,1.0
KMT5B,12,0,0.0,4,0.058307533539731685,0.0,1.0,1.0,1.0,1.0,1.0,1.0
KPNA1,5,0,0.0,0,0.05546240165097382,0.0,1.0,1.0,1.0,1.0,1.0,1.0
LAIR1,13,0,0.0,5,0.05669816564758199,0.0,1.0,1.0,1.0,1.0,1.0,1.0
LACTB2,10,0,0.0,3,0.05220779220779221,0.0,1.0,1.0,1.0,1.0,1.0,1.0
LACC1,7,0,0.0,1,0.06280566280566281,0.0,1.0,1.0,1.0,1.0,1.0,1.0
L3MBTL3,6,0,0.0,0,0.05546955624355005,0.0,1.0,1.0,1.0,1.0,1.0,1.0
L3HYPDH,5,0,0.0,0,0.05546240165097382,0.0,1.0,1.0,1.0,1.0,1.0,1.0
L1CAM,13,0,0.0,5,0.05669816564758199,0.0,1.0,1.0,1.0,1.0,1.0,1.0
KYAT3,5,0,0.0,0,0.05546240165097382,0.0,1.0,1.0,1.0,1.0,1.0,1.0
ISYNA1,17,0,0.0,6,0.04791915679669673,0.0,1.0,1.0,1.0,1.0,1.0,1.0
KTN1,14,0,0.0,5,0.05670604586518416,0.0,1.0,1.0,1.0,1.0,1.0,1.0
KRTCAP2,9,0,0.0,2,0.05435323383084577,0.0,1.0,1.0,1.0,1.0,1.0,1.0
KRT10-AS1,7,0,0.0,1,0.06280566280566281,0.0,1.0,1.0,1.0,1.0,1.0,1.0
KRIT1,5,0,0.0,0,0.05546240165097382,0.0,1.0,1.0,1.0,1.0,1.0,1.0
KRBA2,5,0,0.0,0,0.05546240165097382,0.0,1.0,1.0,1.0,1.0,1.0,1.0
KPNA4,6,0,0.0,0,0.05546955624355005,0.0,1.0,1.0,1.0,1.0,1.0,1.0
KPNA3,13,0,0.0,5,0.05669816564758199,0.0,1.0,1.0,1.0,1.0,1.0,1.0
KPNA2,5,0,0.0,0,0.05546240165097382,0.0,1.0,1.0,1.0,1.0,1.0,1.0
KSR1,18,0,0.0,7,0.04530963191962129,0.0,1.0,1.0,1.0,1.0,1.0,1.0
LLGL1,7,0,0.0,1,0.06280566280566281,0.0,1.0,1.0,1.0,1.0,1.0,1.0
ISY1,6,0,0.0,0,0.05546955624355005,0.0,1.0,1.0,1.0,1.0,1.0,1.0
ISOC1,8,0,0.0,2,0.05434647431911454,0.0,1.0,1.0,1.0,1.0,1.0,1.0
IDNK,13,0,0.0,5,0.05669816564758199,0.0,1.0,1.0,1.0,1.0,1.0,1.0
IDI1,5,0,0.0,0,0.05546240165097382,0.0,1.0,1.0,1.0,1.0,1.0,1.0
ID3,6,0,0.0,0,0.05546955624355005,0.0,1.0,1.0,1.0,1.0,1.0,1.0
ID2,26,0,0.0,8,0.04466179589912798,0.0,1.0,1.0,1.0,1.0,1.0,1.0
ICOS,14,0,0.0,5,0.05670604586518416,0.0,1.0,1.0,1.0,1.0,1.0,1.0
ICAM3,10,0,0.0,3,0.05220779220779221,0.0,1.0,1.0,1.0,1.0,1.0,1.0
ICA1L,6,0,0.0,0,0.05546955624355005,0.0,1.0,1.0,1.0,1.0,1.0,1.0
ICA1,8,0,0.0,2,0.05434647431911454,0.0,1.0,1.0,1.0,1.0,1.0,1.0
IAH1,22,0,0.0,7,0.045327147965593895,0.0,1.0,1.0,1.0,1.0,1.0,1.0
HYOU1,31,0,0.0,8,0.044674957269994695,0.0,1.0,1.0,1.0,1.0,1.0,1.0
HYKK,5,0,0.0,0,0.05546240165097382,0.0,1.0,1.0,1.0,1.0,1.0,1.0
HYI,28,0,0.0,8,0.044667059516794345,0.0,1.0,1.0,1.0,1.0,1.0,1.0
HYCC1,21,0,0.0,7,0.04532276768457673,0.0,1.0,1.0,1.0,1.0,1.0,1.0
HYAL2,9,0,0.0,2,0.05435323383084577,0.0,1.0,1.0,1.0,1.0,1.0,1.0
HVCN1,11,0,0.0,4,0.058300012898232945,0.0,1.0,1.0,1.0,1.0,1.0,1.0
IER5,41,0,0.0,8,0.04470130329657369,0.0,1.0,1.0,1.0,1.0,1.0,1.0
HUWE1,6,0,0.0,0,0.05546955624355005,0.0,1.0,1.0,1.0,1.0,1.0,1.0
IER5L,5,0,0.0,0,0.05546240165097382,0.0,1.0,1.0,1.0,1.0,1.0,1.0
IFI27,10,0,0.0,3,0.05220779220779221,0.0,1.0,1.0,1.0,1.0,1.0,1.0
IFRD1,5,0,0.0,0,0.05546240165097382,0.0,1.0,1.0,1.0,1.0,1.0,1.0
IFNGR2,6,0,0.0,0,0.05546955624355005,0.0,1.0,1.0,1.0,1.0,1.0,1.0
IFNGR1,5,0,0.0,0,0.05546240165097382,0.0,1.0,1.0,1.0,1.0,1.0,1.0
IFNAR2,24,0,0.0,8,0.04465653352185696,0.0,1.0,1.0,1.0,1.0,1.0,1.0
IFNAR1,17,0,0.0,6,0.04791915679669673,0.0,1.0,1.0,1.0,1.0,1.0,1.0
IFITM3,16,0,0.0,6,0.04791395045632334,0.0,1.0,1.0,1.0,1.0,1.0,1.0
IFITM2,35,0,0.0,8,0.044685491953074336,0.0,1.0,1.0,1.0,1.0,1.0,1.0
IFITM1,6,0,0.0,0,0.05546955624355005,0.0,1.0,1.0,1.0,1.0,1.0,1.0
IFIT5,11,0,0.0,4,0.058300012898232945,0.0,1.0,1.0,1.0,1.0,1.0,1.0
IFIH1,9,0,0.0,2,0.05435323383084577,0.0,1.0,1.0,1.0,1.0,1.0,1.0
IFI44L,26,0,0.0,8,0.04466179589912798,0.0,1.0,1.0,1.0,1.0,1.0,1.0
IFI35,12,0,0.0,4,0.058307533539731685,0.0,1.0,1.0,1.0,1.0,1.0,1.0
IFI30,22,0,0.0,7,0.045327147965593895,0.0,1.0,1.0,1.0,1.0,1.0,1.0
IFI27L2,22,0,0.0,7,0.045327147965593895,0.0,1.0,1.0,1.0,1.0,1.0,1.0
IFI27L1,12,0,0.0,4,0.058307533539731685,0.0,1.0,1.0,1.0,1.0,1.0,1.0
IFFO2,12,0,0.0,4,0.058307533539731685,0.0,1.0,1.0,1.0,1.0,1.0,1.0
IFT122,6,0,0.0,0,0.05546955624355005,0.0,1.0,1.0,1.0,1.0,1.0,1.0
HUS1,11,0,0.0,4,0.058300012898232945,0.0,1.0,1.0,1.0,1.0,1.0,1.0
HTRA2,6,0,0.0,0,0.05546955624355005,0.0,1.0,1.0,1.0,1.0,1.0,1.0
HPGD,17,0,0.0,6,0.04791915679669673,0.0,1.0,1.0,1.0,1.0,1.0,1.0
HPF1,11,0,0.0,4,0.058300012898232945,0.0,1.0,1.0,1.0,1.0,1.0,1.0
HP1BP3,6,0,0.0,0,0.05546955624355005,0.0,1.0,1.0,1.0,1.0,1.0,1.0
HOXB4,10,0,0.0,3,0.05220779220779221,0.0,1.0,1.0,1.0,1.0,1.0,1.0
HOXB3,6,0,0.0,0,0.05546955624355005,0.0,1.0,1.0,1.0,1.0,1.0,1.0
HOOK1,8,0,0.0,2,0.05434647431911454,0.0,1.0,1.0,1.0,1.0,1.0,1.0
HOMEZ,13,0,0.0,5,0.05669816564758199,0.0,1.0,1.0,1.0,1.0,1.0,1.0
HOMER2,16,0,0.0,6,0.04791395045632334,0.0,1.0,1.0,1.0,1.0,1.0,1.0
HNRNPUL1,8,0,0.0,2,0.05434647431911454,0.0,1.0,1.0,1.0,1.0,1.0,1.0
HNRNPR,6,0,0.0,0,0.05546955624355005,0.0,1.0,1.0,1.0,1.0,1.0,1.0
HNRNPLL,15,0,0.0,6,0.04790874524714829,0.0,1.0,1.0,1.0,1.0,1.0,1.0
HNRNPH3,13,0,0.0,5,0.05669816564758199,0.0,1.0,1.0,1.0,1.0,1.0,1.0
HNRNPDL,12,0,0.0,4,0.058307533539731685,0.0,1.0,1.0,1.0,1.0,1.0,1.0
HNRNPC,5,0,0.0,0,0.05546240165097382,0.0,1.0,1.0,1.0,1.0,1.0,1.0
HMSD,22,0,0.0,7,0.045327147965593895,0.0,1.0,1.0,1.0,1.0,1.0,1.0
HPRT1,12,0,0.0,4,0.058307533539731685,0.0,1.0,1.0,1.0,1.0,1.0,1.0
HTT,5,0,0.0,0,0.05546240165097382,0.0,1.0,1.0,1.0,1.0,1.0,1.0
HPS1,9,0,0.0,2,0.05435323383084577,0.0,1.0,1.0,1.0,1.0,1.0,1.0
HPS5,8,0,0.0,2,0.05434647431911454,0.0,1.0,1.0,1.0,1.0,1.0,1.0
HTATIP2,32,0,0.0,8,0.04467759047506778,0.0,1.0,1.0,1.0,1.0,1.0,1.0
HSPB1,33,0,0.0,8,0.04468022399056882,0.0,1.0,1.0,1.0,1.0,1.0,1.0
HSPA2,9,0,0.0,2,0.05435323383084577,0.0,1.0,1.0,1.0,1.0,1.0,1.0
HSP90B1,20,0,0.0,7,0.04531838825007247,0.0,1.0,1.0,1.0,1.0,1.0,1.0
HSP90AB1,20,0,0.0,7,0.04531838825007247,0.0,1.0,1.0,1.0,1.0,1.0,1.0
HSF4,27,0,0.0,8,0.044664427552884335,0.0,1.0,1.0,1.0,1.0,1.0,1.0
HSDL1,6,0,0.0,0,0.05546955624355005,0.0,1.0,1.0,1.0,1.0,1.0,1.0
HSD3B7,15,0,0.0,6,0.04790874524714829,0.0,1.0,1.0,1.0,1.0,1.0,1.0
HSD17B8,14,0,0.0,5,0.05670604586518416,0.0,1.0,1.0,1.0,1.0,1.0,1.0
HSD17B4,16,0,0.0,6,0.04791395045632334,0.0,1.0,1.0,1.0,1.0,1.0,1.0
HSD17B14,5,0,0.0,0,0.05546240165097382,0.0,1.0,1.0,1.0,1.0,1.0,1.0
HSBP1L1,12,0,0.0,4,0.058307533539731685,0.0,1.0,1.0,1.0,1.0,1.0,1.0
HSBP1,7,0,0.0,1,0.06280566280566281,0.0,1.0,1.0,1.0,1.0,1.0,1.0
HS3ST3B1,15,0,0.0,6,0.04790874524714829,0.0,1.0,1.0,1.0,1.0,1.0,1.0
HRAS,10,0,0.0,3,0.05220779220779221,0.0,1.0,1.0,1.0,1.0,1.0,1.0
HPS3,5,0,0.0,0,0.05546240165097382,0.0,1.0,1.0,1.0,1.0,1.0,1.0
IFT20,5,0,0.0,0,0.05546240165097382,0.0,1.0,1.0,1.0,1.0,1.0,1.0
IFT27,13,0,0.0,5,0.05669816564758199,0.0,1.0,1.0,1.0,1.0,1.0,1.0
IFT43,7,0,0.0,1,0.06280566280566281,0.0,1.0,1.0,1.0,1.0,1.0,1.0
INVS,6,0,0.0,0,0.05546955624355005,0.0,1.0,1.0,1.0,1.0,1.0,1.0
INTS8,7,0,0.0,1,0.06280566280566281,0.0,1.0,1.0,1.0,1.0,1.0,1.0
INTS7,5,0,0.0,0,0.05546240165097382,0.0,1.0,1.0,1.0,1.0,1.0,1.0
INTS2,5,0,0.0,0,0.05546240165097382,0.0,1.0,1.0,1.0,1.0,1.0,1.0
INSR,6,0,0.0,0,0.05546955624355005,0.0,1.0,1.0,1.0,1.0,1.0,1.0
INSL3,13,0,0.0,5,0.05669816564758199,0.0,1.0,1.0,1.0,1.0,1.0,1.0
INPPL1,6,0,0.0,0,0.05546955624355005,0.0,1.0,1.0,1.0,1.0,1.0,1.0
INPP5E,10,0,0.0,3,0.05220779220779221,0.0,1.0,1.0,1.0,1.0,1.0,1.0
INPP5A,12,0,0.0,4,0.058307533539731685,0.0,1.0,1.0,1.0,1.0,1.0,1.0
INPP1,15,0,0.0,6,0.04790874524714829,0.0,1.0,1.0,1.0,1.0,1.0,1.0
INO80D,8,0,0.0,2,0.05434647431911454,0.0,1.0,1.0,1.0,1.0,1.0,1.0
INO80C,12,0,0.0,4,0.058307533539731685,0.0,1.0,1.0,1.0,1.0,1.0,1.0
INO80B,11,0,0.0,4,0.058300012898232945,0.0,1.0,1.0,1.0,1.0,1.0,1.0
INO80,9,0,0.0,2,0.05435323383084577,0.0,1.0,1.0,1.0,1.0,1.0,1.0
INCENP,5,0,0.0,0,0.05546240165097382,0.0,1.0,1.0,1.0,1.0,1.0,1.0
IP6K2,8,0,0.0,2,0.05434647431911454,0.0,1.0,1.0,1.0,1.0,1.0,1.0
INAFM2,5,0,0.0,0,0.05546240165097382,0.0,1.0,1.0,1.0,1.0,1.0,1.0
IPCEF1,15,0,0.0,6,0.04790874524714829,0.0,1.0,1.0,1.0,1.0,1.0,1.0
IPO9,5,0,0.0,0,0.05546240165097382,0.0,1.0,1.0,1.0,1.0,1.0,1.0
ISL2,10,0,0.0,3,0.05220779220779221,0.0,1.0,1.0,1.0,1.0,1.0,1.0
ISCA1,5,0,0.0,0,0.05546240165097382,0.0,1.0,1.0,1.0,1.0,1.0,1.0
IRX3,6,0,0.0,0,0.05546955624355005,0.0,1.0,1.0,1.0,1.0,1.0,1.0
IRS1,10,0,0.0,3,0.05220779220779221,0.0,1.0,1.0,1.0,1.0,1.0,1.0
IRF8,13,0,0.0,5,0.05669816564758199,0.0,1.0,1.0,1.0,1.0,1.0,1.0
IRF5,14,0,0.0,5,0.05670604586518416,0.0,1.0,1.0,1.0,1.0,1.0,1.0
IRF2BPL,7,0,0.0,1,0.06280566280566281,0.0,1.0,1.0,1.0,1.0,1.0,1.0
IREB2,6,0,0.0,0,0.05546955624355005,0.0,1.0,1.0,1.0,1.0,1.0,1.0
IRAK4,8,0,0.0,2,0.05434647431911454,0.0,1.0,1.0,1.0,1.0,1.0,1.0
IRAK2,7,0,0.0,1,0.06280566280566281,0.0,1.0,1.0,1.0,1.0,1.0,1.0
IQSEC1,14,0,0.0,5,0.05670604586518416,0.0,1.0,1.0,1.0,1.0,1.0,1.0
IQGAP3,6,0,0.0,0,0.05546955624355005,0.0,1.0,1.0,1.0,1.0,1.0,1.0
IQGAP2,16,0,0.0,6,0.04791395045632334,0.0,1.0,1.0,1.0,1.0,1.0,1.0
IQCG,11,0,0.0,4,0.058300012898232945,0.0,1.0,1.0,1.0,1.0,1.0,1.0
IPP,9,0,0.0,2,0.05435323383084577,0.0,1.0,1.0,1.0,1.0,1.0,1.0
IPO13,6,0,0.0,0,0.05546955624355005,0.0,1.0,1.0,1.0,1.0,1.0,1.0
INAFM1,5,0,0.0,0,0.05546240165097382,0.0,1.0,1.0,1.0,1.0,1.0,1.0
IMPACT,19,0,0.0,7,0.04531400966183575,0.0,1.0,1.0,1.0,1.0,1.0,1.0
IMPA1,7,0,0.0,1,0.06280566280566281,0.0,1.0,1.0,1.0,1.0,1.0,1.0
IL10RB,5,0,0.0,0,0.05546240165097382,0.0,1.0,1.0,1.0,1.0,1.0,1.0
IKZF4,7,0,0.0,1,0.06280566280566281,0.0,1.0,1.0,1.0,1.0,1.0,1.0
IKZF3,22,0,0.0,7,0.045327147965593895,0.0,1.0,1.0,1.0,1.0,1.0,1.0
IKZF2,12,0,0.0,4,0.058307533539731685,0.0,1.0,1.0,1.0,1.0,1.0,1.0
IKBKB,14,0,0.0,5,0.05670604586518416,0.0,1.0,1.0,1.0,1.0,1.0,1.0
IKBIP,5,0,0.0,0,0.05546240165097382,0.0,1.0,1.0,1.0,1.0,1.0,1.0
IGSF8,5,0,0.0,0,0.05546240165097382,0.0,1.0,1.0,1.0,1.0,1.0,1.0
IGIP,10,0,0.0,3,0.05220779220779221,0.0,1.0,1.0,1.0,1.0,1.0,1.0
IGHM,7,0,0.0,1,0.06280566280566281,0.0,1.0,1.0,1.0,1.0,1.0,1.0
IGF2BP3,10,0,0.0,3,0.05220779220779221,0.0,1.0,1.0,1.0,1.0,1.0,1.0
IGF1R,10,0,0.0,3,0.05220779220779221,0.0,1.0,1.0,1.0,1.0,1.0,1.0
IFT88,7,0,0.0,1,0.06280566280566281,0.0,1.0,1.0,1.0,1.0,1.0,1.0
IFT80,7,0,0.0,1,0.06280566280566281,0.0,1.0,1.0,1.0,1.0,1.0,1.0
IFT52,6,0,0.0,0,0.05546955624355005,0.0,1.0,1.0,1.0,1.0,1.0,1.0
IFT46,6,0,0.0,0,0.05546955624355005,0.0,1.0,1.0,1.0,1.0,1.0,1.0
IL11RA,12,0,0.0,4,0.058307533539731685,0.0,1.0,1.0,1.0,1.0,1.0,1.0
IL12RB1,11,0,0.0,4,0.058300012898232945,0.0,1.0,1.0,1.0,1.0,1.0,1.0
IL12RB2,8,0,0.0,2,0.05434647431911454,0.0,1.0,1.0,1.0,1.0,1.0,1.0
IL15,10,0,0.0,3,0.05220779220779221,0.0,1.0,1.0,1.0,1.0,1.0,1.0
IMP4,7,0,0.0,1,0.06280566280566281,0.0,1.0,1.0,1.0,1.0,1.0,1.0
ILKAP,7,0,0.0,1,0.06280566280566281,0.0,1.0,1.0,1.0,1.0,1.0,1.0
ILDR2,5,0,0.0,0,0.05546240165097382,0.0,1.0,1.0,1.0,1.0,1.0,1.0
ILDR1,6,0,0.0,0,0.05546955624355005,0.0,1.0,1.0,1.0,1.0,1.0,1.0
IL9R,22,0,0.0,7,0.045327147965593895,0.0,1.0,1.0,1.0,1.0,1.0,1.0
IL7R,20,0,0.0,7,0.04531838825007247,0.0,1.0,1.0,1.0,1.0,1.0,1.0
IL7,13,0,0.0,5,0.05669816564758199,0.0,1.0,1.0,1.0,1.0,1.0,1.0
ISOC2,7,0,0.0,1,0.06280566280566281,0.0,1.0,1.0,1.0,1.0,1.0,1.0
IL6ST,12,0,0.0,4,0.058307533539731685,0.0,1.0,1.0,1.0,1.0,1.0,1.0
IL3RA,35,0,0.0,8,0.044685491953074336,0.0,1.0,1.0,1.0,1.0,1.0,1.0
IL32,22,0,0.0,7,0.045327147965593895,0.0,1.0,1.0,1.0,1.0,1.0,1.0
IL22,6,0,0.0,0,0.05546955624355005,0.0,1.0,1.0,1.0,1.0,1.0,1.0
IL18R1,12,0,0.0,4,0.058307533539731685,0.0,1.0,1.0,1.0,1.0,1.0,1.0
IL17RA,5,0,0.0,0,0.05546240165097382,0.0,1.0,1.0,1.0,1.0,1.0,1.0
IL16,30,0,0.0,8,0.04467232437529467,0.0,1.0,1.0,1.0,1.0,1.0,1.0
IL15RA,5,0,0.0,0,0.05546240165097382,0.0,1.0,1.0,1.0,1.0,1.0,1.0
IL4I1,17,0,0.0,6,0.04791915679669673,0.0,1.0,1.0,1.0,1.0,1.0,1.0
ZZZ3,5,0,0.0,0,0.05546240165097382,0.0,1.0,1.0,1.0,1.0,1.0,1.0
