regulator,target,lfc_Rest,lfc_Stim48,se_Rest,se_Stim48
ACAD11,CCNG1,-0.2408873361124117,0.2118493078042617,0.0911306257457133,0.0662492521381518
ACTR8,NCAPD2,-0.4219327301145436,0.31015357158925,0.1439987849922359,0.0948113460930066
ACTR8,ASPM,-0.5794969432375644,0.5743600340970958,0.2153418566774528,0.1391197273532909
ACTR8,HMMR,-0.6946069349025531,0.4140514176841942,0.2355020094161048,0.1330054692917409
ACTR8,TRIB3,0.7004082621217464,-1.5048144892499895,0.2508523378170083,0.3352607190276427
ACTR8,COTL1,-0.475711204257752,0.4715115897464356,0.1307463356329388,0.1400333390515188
ACTR8,CD69,-1.736954668862732,0.5284686262516248,0.3861741764683244,0.1977797792182082
ACTR8,CENPF,-0.6149086671166265,0.4203400916600087,0.1980680679804192,0.1332134601818691
ACTR8,SRGN,-0.3926892840960789,0.3530441899587608,0.1429465812569903,0.1193997724109315
ACTR8,TOP2A,-0.6343025093785503,0.5112200926986896,0.2084818717083583,0.1362782887205077
ACTR8,CDCA8,-0.623215462406504,0.5747408594255254,0.2310606742925873,0.1615842037230817
ACTR8,JAML,-0.7089397160435212,0.7565286894505222,0.230703293802218,0.1528824132296942
ACTR8,HOPX,-0.6992925625699479,0.4230292269144711,0.2053265472710436,0.1498308160690095
ACTR8,CFL1,-0.3000091959262765,0.2859366612204302,0.0665589642127319,0.0679861035674532
ACTR8,H2AX,-0.5365933322662608,0.3666431354773554,0.1821560191699137,0.1358901313811622
AHR,POLDIP2,0.1567833666837953,-0.1327480302906159,0.068142476215715,0.0507672091100695
AHR,BLTP2,0.1563947607508388,-0.1813815601767874,0.0537763922625298,0.0536844351036649
AHR,TRAPPC6A,-0.5580117646173709,0.2307012351357891,0.1204720188802991,0.083789257548718
AHR,BAZ1B,0.1538870839647267,-0.1052818076409705,0.0573626654772964,0.0421698856184094
AHR,PTBP1,0.2093923016472556,-0.1519861531450024,0.0735220334493214,0.0469193091034236
AHR,CALCOCO1,-0.4519144752322585,0.408093510627763,0.1396019946006068,0.1656634252744301
AHR,MNAT1,0.1964486139372875,-0.1622512161844934,0.080080357574602,0.0647319796078973
AHR,NSUN2,0.2162083584539312,-0.2307378324718746,0.0714007549227276,0.069744198045297
AHR,CLPTM1L,0.1869485594228032,-0.1782770749821968,0.0677103341202304,0.055621487608778
AHR,SOAT1,0.1803694257278049,-0.2019920575954385,0.052223796231387,0.0777540471502252
AHR,PIGV,-0.3902499878817096,0.5510996105101172,0.1327814169629004,0.1182286782537595
AHR,CTSA,-0.2923001981755689,0.2616476963628349,0.0961065789981438,0.0856829620485973
AHR,PFKP,0.2317468133225514,-0.1302407702237418,0.0908351011022457,0.0410538827092863
AHR,MAPK6,0.2713160509464526,-0.4147966347066364,0.1009234159515743,0.0806819060281573
AHR,VDAC3,0.1491436098280906,-0.1268551789377532,0.0631998442240932,0.0382764599505426
AHR,DDX1,0.262047493231292,-0.1633697998210675,0.0708127253618847,0.0535984505353177
AHR,HSP90AA1,0.2803170576895275,-0.2332639838282194,0.1203179828804616,0.0901529715011625
AHR,CD59,-0.2548533674045858,0.582930880417765,0.1091647214424934,0.1441539265271279
AHR,IPO11,0.4167788811322319,-0.2304414802784823,0.1140178248455053,0.0782773186133884
AHR,DNAJB11,0.2360734248766258,-0.1779846693243298,0.0714409898040281,0.0678136047568368
AHR,PIK3IP1,-0.7697266634692749,0.5745151961500076,0.204438842907179,0.1813615484787979
AHR,DDX17,-0.1226691654755089,0.1567804810130445,0.0454226592757249,0.0518264293964383
AHR,POLR3H,0.2595432287720628,-0.3591381221032431,0.1125505278105513,0.0975790543775165
AHR,KHNYN,-0.1971029076322968,0.1757527947561252,0.069670179536113,0.0668485423207887
AHR,PSMA3,0.2060460692099653,-0.1412681945515013,0.0714472666429883,0.0476220087695895
AHR,AHSA1,0.2267132787766181,-0.2452233328127643,0.0827912496836357,0.0690849788743191
AHR,PSMC1,0.1987165870519597,-0.1380018876855961,0.071837191021662,0.0432350111611641
AHR,MAP1LC3A,-0.6233435594426933,0.8693425254400597,0.2760836211708942,0.2249907353711236
AHR,WDR13,-0.2270552689587693,0.1645435263274547,0.0759899073069614,0.0641023205157659
AHR,TRADD,-0.4773353258174704,0.2095808690144546,0.0946176752006752,0.0825840233079786
AHR,CORO1A,0.1440278769476057,-0.1907037395061195,0.0403693943510001,0.0444217633124328
AHR,USB1,0.1470517001290754,-0.2124477739054316,0.0594703103443666,0.0655793574293236
AHR,AXIN1,-0.3276369907577057,0.2378728178875502,0.0850237561169325,0.0876383819287124
AHR,TLE5,-0.271272851198668,0.1521075576773608,0.0620109380023121,0.0594678674846253
AHR,PPP6R1,0.2516782275216475,-0.1576691413887744,0.0540802991240746,0.0428390051082176
AHR,PRX,-0.8615284572022192,0.5407661998190039,0.3822678187294893,0.2118773222413175
AHR,HBP1,-0.2810879728807444,0.3262942840408973,0.1157503034553275,0.1070738249702802
AHR,PHYH,-0.3957409040236064,0.2875307458635747,0.1400099218674451,0.1029526868795972
AHR,TFAM,0.2790997121335868,-0.1495669098246569,0.0848677496205431,0.0616663518944452
AHR,CDK5RAP3,-0.1483815257520367,0.1279258502904103,0.0510133389426831,0.0499328289582625
AHR,PSMD11,0.1995582685799851,-0.1544535734280781,0.076020976010083,0.0605777591556959
AHR,EFTUD2,0.1824212031238287,-0.1292827042224946,0.0698660004280741,0.0493841645863622
AHR,HSPA8,0.3129175779461572,-0.271474195658701,0.0747443301708394,0.0872274216603084
AHR,CHORDC1,0.3961933703903347,-0.3134332434863995,0.0894833874099719,0.0848610754586431
AHR,ATP5F1B,0.1520361767767092,-0.1093434358550809,0.0563071112379809,0.0381443658109095
AHR,DDX55,0.2387439007709999,-0.1870308757591327,0.0776721240770391,0.0740857114817216
AHR,RAB5B,-0.1734359729326634,0.2200770866847067,0.0678948080248305,0.064295899634084
AHR,ING4,-0.5146087333006523,0.2896048847960955,0.1276842746146704,0.1152831942221747
AHR,KCTD20,0.1263423956270987,-0.1261630075243567,0.0535868808253562,0.0433770819177104
AHR,NPHP3,-0.2557960984653808,0.3587825967906142,0.1155976703073708,0.085278465285727
AHR,ABTB1,-0.5710617868438277,0.5015348974496884,0.1590652943379074,0.1822405844957925
AHR,EIF4G1,0.2840566942995651,-0.2603000086606538,0.0795460071763004,0.0561325429444716
AHR,ACVR1,-0.3597868344265943,0.3795359344649245,0.0911481361225948,0.0883117650609325
AHR,PECR,-0.2273043180774144,0.2524335201218968,0.0868517726848129,0.0707549329921894
AHR,HPCAL1,-0.3164711929545907,0.2464670924094314,0.1116512295243992,0.0998016973588705
AHR,ICMT,0.1774574706833648,-0.1737955387488127,0.0776673717956708,0.0720625460609221
AHR,IVNS1ABP,0.4413488164642515,-0.298633129800773,0.1039080749650482,0.0968747350612662
AHR,UCHL5,0.209602336991529,-0.1605454646844393,0.0851632366783329,0.0605656695860567
AHR,KLF12,-0.4149901877629512,0.2669997759612727,0.1002154089632781,0.1025983698059307
AHR,NPC2,-0.2422695675922168,0.2362431191287747,0.1016368129482658,0.0789622647210494
AHR,YIPF4,-0.1235231397760234,0.1130460843736665,0.0498380809019935,0.0432785361301278
AHR,TCP1,0.3552937586172301,-0.2064170588969362,0.1157161374295452,0.064295124344669
AHR,HSPH1,0.3968655707210495,-0.2463239258788162,0.1212332753505783,0.0883982013248034
AHR,WASHC3,-0.2543208196224492,0.2392870543892921,0.0503123043194917,0.0689620339969959
AHR,NLN,0.5279701052635993,-0.2621487727868309,0.1921553324757615,0.1052395728153698
AHR,OPTN,-0.1814128915248182,0.2254321300111059,0.0637371467294955,0.0782723368324631
AHR,CSE1L,0.2210240478511803,-0.1972513028704393,0.0950180199519923,0.0568690354425505
AHR,SNRPC,0.1618077771761493,-0.1003865090924704,0.0594411191338238,0.0388753224858916
AHR,GOT2,0.2900720821097903,-0.1661972586103172,0.0938138508962661,0.0583293884944874
AHR,MSTO1,0.2410372208582712,-0.2905386189613473,0.0965512980115973,0.089118416722828
AHR,SNRPB2,0.1307069658851652,-0.1961838918219942,0.0527138050471913,0.0480288884708357
AHR,NCLN,0.3193348574586752,-0.2277543909121277,0.0803248961715882,0.0699763134010135
AHR,ZNF436,-0.3304400072281829,0.3207613784821257,0.119643087487342,0.1041645889112538
AHR,ERGIC3,-0.1659077438761491,0.1076195513462376,0.0616243783133237,0.0439968345680655
AHR,UXT,-0.1252808507585974,0.1626163581619066,0.0466859109548255,0.0378765740515957
AHR,EMC1,0.2011776362224871,-0.2375788000951352,0.0841020612368176,0.0866821882338437
AHR,SDF2L1,0.3421523910766063,-0.3118229935617739,0.0970144041483895,0.0779443533604728
AHR,SGO1,0.269801449909972,-0.1566847407776065,0.1201197317793255,0.0570159831175577
AHR,TOMM40,0.4267512081289371,-0.2871137674408482,0.1477638604127271,0.0941986299798009
AHR,ADRM1,0.1986797156500423,-0.1555054529121743,0.0621234204097548,0.0533432156203826
AHR,GMFG,-0.1676388495439162,0.1789149340070522,0.0423733682147978,0.0653540247289525
AHR,DKC1,0.3946351113115915,-0.1910569366500349,0.116564989665762,0.0727997894735831
AHR,KIF3A,0.4834494568564803,-0.3730103467332816,0.1719718037242737,0.1266825664025611
AHR,TRIM5,-0.3252901371095335,0.2502586452333848,0.0940099088864719,0.1032835323781741
AHR,IMMT,0.1509235060936726,-0.0754558236667238,0.0557833049121798,0.0312280863939968
AHR,ERAL1,0.2099200628182789,-0.1616723861068893,0.0792937967274696,0.0526996856557012
AHR,NIP7,0.2561943102846796,-0.2080741473315922,0.0722189018952649,0.0783543712546331
AHR,MKRN1,-0.3063309676407073,0.3443416887043964,0.0832767203253237,0.0672752645106016
AHR,CCDC59,0.2397808981763927,-0.2142444062577614,0.0664317649999749,0.0697820280870645
AHR,TMEM241,0.5003857320181366,-0.2770622610918864,0.1712704249616731,0.1125960704793924
AHR,TIMM10,0.2868710639410612,-0.1806668916273875,0.0894847005538441,0.062354330060085
AHR,TESPA1,-0.3295716501420906,0.2193657333828226,0.0953446986673332,0.0851529079086905
AHR,PAN2,-0.3613809535419174,0.2610810880673188,0.1123541513343475,0.0891917629930282
AHR,DHX9,0.1671959414288612,-0.1593189716146315,0.059227605261226,0.0496751896488386
AHR,TOR1A,0.2139416031826604,-0.1601196432714625,0.0585038176258764,0.0589684914933605
AHR,DUSP6,1.58037547409462,-0.4472159765164497,0.3883527655670242,0.1169289717677222
AHR,RITA1,0.17042735763095,-0.2029152239530934,0.0749037106813693,0.0776348829875593
AHR,NIPA2,0.1655748669076039,-0.207371859417104,0.0627728418254822,0.0786494971833359
AHR,SERF2,-0.2390935991987294,0.1977376331980609,0.0600495440094698,0.0557106205414895
AHR,MFGE8,-0.4483015694933479,0.3945536924928841,0.1295209674666465,0.1480575702478673
AHR,CISD2,0.1507060316184165,-0.1374664147625754,0.0663552595030568,0.0496461788729012
AHR,NOM1,0.2425987830126164,-0.2303706291872655,0.0982355865764261,0.0802660640615346
AHR,DIAPH2,-0.2236297271542361,0.2081204201217188,0.0956417535392513,0.0816247020364308
AHR,PRPS1,0.1439151031161178,-0.1608162798987146,0.0597258312552548,0.0555148571137578
AHR,MTDH,0.1306998971538714,-0.1906339548310288,0.05081227795857,0.0535113738835172
AHR,DLAT,0.2051528119327096,-0.2599541628625543,0.089397167462979,0.0671678394802768
AHR,TEX30,0.3301602949877338,-0.2513948250694253,0.113608051195187,0.0858333637315168
AHR,CDC123,0.2174770585227132,-0.1543417226848101,0.0721178614744772,0.0576673621075333
AHR,CAMK4,-0.2628993843795476,0.3377894473251516,0.0960225971593655,0.1054042551713981
AHR,HNRNPU,0.1964596371494626,-0.106949367367465,0.0480759520854769,0.033519015263672
AHR,CYRIB,0.1350710677170299,-0.1229415460897382,0.0469107046757846,0.0473433288535473
AHR,SUPV3L1,0.1580313694630068,-0.3446645364025944,0.0712364834928106,0.0665946776214556
AHR,RER1,0.1409888929286025,-0.1063040431145045,0.0433765943113482,0.0388293745851392
AHR,EIF5B,0.2369488895750431,-0.1427259044970434,0.065652068323544,0.0576416979568075
AHR,CCAR2,0.117949720211398,-0.1399910367100269,0.0427149244881579,0.055630417371498
AHR,ITGA5,-0.411547689312675,0.5206069543661397,0.1520626620986812,0.1641026761518232
AHR,MED11,-0.190796127559086,0.1936514329801056,0.0733937931664016,0.0767961985316973
AHR,SENP3,0.3049246272934971,-0.2319908682089156,0.0764207010035718,0.0731485463996946
AHR,SPSB3,-0.2085843709034645,0.2614149844713753,0.0825819896758748,0.1025683183630123
AHR,FUBP1,0.1792793006720862,-0.0967911857458306,0.049791970334941,0.0378321895201817
AHR,ZMYM6,-0.3366121158599179,0.2551227395321704,0.111976340694012,0.1054166294338476
AHR,UBXN7,-0.1648215462553078,0.1960752998755777,0.0684227492101676,0.0577517529658089
AHR,MAD2L1,0.2863988656698614,-0.1089509603069403,0.1122524015013829,0.0363968190158878
AHR,SFXN1,0.3120921441682829,-0.1248908966536797,0.0836778088716776,0.0431653986566339
AHR,TAGAP,-0.3577612225901116,0.6618996862788346,0.1034060543095504,0.1685429709862258
AHR,SLC25A32,0.3551768437063428,-0.2547704206711837,0.0926268205762569,0.0826528360514597
AHR,STOML2,0.2061815007018689,-0.1921841663434884,0.0827651850655185,0.0580837625532683
AHR,DDIAS,0.309077221663683,-0.3151675678104248,0.136103582512725,0.0870897046513325
AHR,IDH3A,0.2401808787932479,-0.2688621517968547,0.1024743432884459,0.0757172517727293
AHR,SAAL1,0.3442110356394661,-0.1835723348237735,0.1126018499605019,0.0695744235327692
AHR,LENG8,-0.1409095399506108,0.2201892342631787,0.0563727687700805,0.0487954772214652
AHR,PCMTD1,-0.4286138369404139,0.2240525278492103,0.0993915435478229,0.0761640122725728
AHR,STIP1,0.2790251977428974,-0.1937198970489866,0.0897131088396946,0.0621943821471728
AHR,THBS3,-0.4231250853423385,0.4275697203675414,0.1650457244804502,0.1261518513611959
AHR,GABARAP,-0.1515670085872532,0.1846061896791486,0.0621650337366454,0.0699553392321113
AHR,STAT2,-0.2215989686166595,0.221314984508321,0.0984042204380795,0.0828768284247956
AHR,HSPA4,0.3515823863526702,-0.1734500386263147,0.0847890047202615,0.0715034023243729
AHR,HCFC1,0.1614663816057284,-0.1194397269456526,0.0611570415450606,0.037788738593664
AHR,NAA20,0.2069394469382065,-0.1635184243819184,0.0628167773153719,0.0560840214796961
AHR,PSMD1,0.2421550345380997,-0.1571665522060439,0.0759813421412413,0.0523856244560734
AHR,STAT5B,-0.1298111007261743,0.2433405691205925,0.0587849431853606,0.0702499058768086
AHR,ATP2A2,0.3140923025454219,-0.1829354219806506,0.0866440961388134,0.0512913643822149
AHR,PUS1,0.2334151557465762,-0.3005141149708824,0.0943687948624714,0.1001989494899656
AHR,ANXA2R,-0.3638940185427319,0.6629788753035669,0.1081046156521588,0.2049237616628953
AHR,DCTPP1,0.2551749649054573,-0.3221481579270725,0.1140104483608402,0.0815039220777961
AHR,PCGF5,-0.2802904146537387,0.191176838168004,0.0806821395213122,0.0606731523966312
AHR,TTC3,-0.1857437443645482,0.138403898096926,0.0824456892862588,0.0500008736292282
AHR,SF3A3,0.1765384457646051,-0.1770535658088234,0.0725135864830458,0.0549701398248952
AHR,CMSS1,0.3481166280741847,-0.1996471035791252,0.1563417932986391,0.0801432577222592
AHR,IRF7,-0.2512044293300363,0.4102574154056113,0.1137600107632856,0.1430840811328974
AHR,C16orf54,-0.2312512949459638,0.4354239824693299,0.0931008458618159,0.1498104850836569
AHR,HSPA14,0.2651229376870738,-0.1511529209251708,0.0885995992150373,0.0576982295237006
AHR,ZC3H6,-0.3218062439577887,0.2157409193190415,0.1318744300532778,0.0842044265604727
AHR,SBK1,-0.7162076059716362,0.7246064573580289,0.1544718918362982,0.2859486201248507
AHR,SYNGAP1,-0.3749907954079859,0.3090956809785408,0.1293902567866825,0.1193168796196554
AHR,ATAD3A,0.3770657805559302,-0.3923454745303191,0.1251285955753589,0.0934959492561815
AHR,FCHSD1,-0.4763449267104575,0.5309381727485887,0.1687326752199578,0.1360529005043134
AHR,MAK16,0.3134702602536093,-0.2491927519669704,0.106998383956451,0.1033601955582645
AHR,LTN1,0.1477058646473919,-0.1709846495984199,0.0578901443083619,0.0552346226981122
AHR,TOP1,0.1526401873785874,-0.1265457838588111,0.0551635103121545,0.0412212467621059
AHR,TMX2,0.1878521023422969,-0.1466747741820587,0.0604845261416812,0.056857800567064
AHR,LBH,-0.2888726302970439,0.4274346694832521,0.1227158696955719,0.1467223396578711
AHR,TAPBP,-0.1496182105864307,0.167729415366201,0.0614706993206475,0.0644384107406188
AHR,ARFGAP3,-0.2073105762303385,0.1757007547930341,0.0801786668129212,0.0664156084577511
AHR,ATXN7L3B,-0.1499094481069905,0.1550424740026935,0.0672940111529175,0.0591576565848473
ALG8,DRAP1,-0.1700229151458433,0.160303806743666,0.0473495237146425,0.0531706133077239
ALKBH2,PTGER2,0.3515668640683536,-0.5902952218310592,0.1141595442970618,0.1709332129245844
ANKRD49,LIG1,-0.4891332905167302,0.312359250339367,0.1618650968967564,0.109046121274457
ARHGAP30,BLTP2,0.1297909726632587,-0.171432534605859,0.0480479989594978,0.0468843888188229
ARHGAP30,CLK1,-0.1432136839919205,0.326081794727286,0.0569156534409693,0.0797837625680406
ARHGAP30,TACC3,0.2476979179669875,-0.1345025422157603,0.1002208131616322,0.0527904771216007
ARHGAP30,FUT8,0.1631088381834239,-0.249293469055761,0.0710261344650527,0.0890995125811349
ARHGAP30,CUL3,0.0992420730925213,-0.1248090622631112,0.0379990438773397,0.0386084359336511
ARHGAP30,AP1M1,0.0821148173383135,-0.1250292720866112,0.035884338569552,0.0427795247866423
ARHGAP30,TOP2B,0.1481337514965129,-0.1692016420449762,0.0632632353562973,0.0564199529658494
ARHGAP30,IFT25,0.1455388892335041,-0.1402409472269463,0.0526630081184678,0.0493276757370562
ARHGAP30,CHMP2B,-0.1431269753643341,0.131587390565029,0.0549984604953645,0.0517778893337523
ARHGAP30,PPP1R15A,-0.3026704329547591,0.7004715442987646,0.1242685146973271,0.142732213509917
ARHGAP30,NECAP1,-0.2193133105442353,0.2005602955498649,0.0882590097812899,0.0697456722149482
ARHGAP30,USP48,0.0926820777841254,-0.1212833981093632,0.0405648508797625,0.0410173444715062
ARHGAP30,FBXL19,0.194846667327183,-0.2755491523911302,0.081504478212447,0.0667314513548849
ARHGAP30,IL2RB,0.3950936534171927,-0.2608109731258785,0.1365034102166726,0.0768077178553596
ARHGAP30,PGK1,0.23643062109746,-0.1598572589441899,0.0677638565453994,0.0540579795774464
ARHGAP30,ASF1B,0.3199076937169612,-0.2285132676429832,0.1148176177723161,0.0622695253767993
ARHGAP30,TAX1BP1,-0.1873985501786098,0.1987659800565951,0.0557722960242778,0.0597682062088347
ARHGAP30,TNFSF8,-0.5723342004034304,0.4116759961875703,0.127961046451314,0.1545570869781281
ARHGAP30,ICAM2,-0.2421837087957957,0.2055636801811854,0.1008053053988915,0.0723899769896233
ARHGAP30,CHIC2,-0.2045660702830778,0.3131448125893212,0.0702838025236616,0.0735885400516755
ARHGAP30,NFKB1,-0.1776229057658842,0.145290630235036,0.0622757868751142,0.0535583519160798
ARHGAP30,PPP2R5D,0.1362893697029489,-0.114995513739506,0.0404749141438207,0.0409751505082171
ARHGAP30,LMNB1,0.2903941376797008,-0.1352252802296887,0.10072943635369,0.0484648422720525
ARHGAP30,MACROH2A1,0.1247254687673758,-0.1595985914841927,0.0472341290529489,0.0444027413954387
ARHGAP30,HDAC1,0.1551749773190013,-0.1544574463647046,0.0416802448424896,0.0400258649358097
ARHGAP30,NDUFB3,0.1357430294647607,-0.140028160926961,0.0387399780817097,0.0323074887807272
ARHGAP30,YPEL5,-0.3210644188347847,0.2803341738938606,0.109602506776802,0.0994588530162169
ARHGAP30,YIPF4,-0.1055833267556617,0.1715985433294124,0.0458396410290186,0.0368991991171873
ARHGAP30,TNFRSF10B,-0.460547673209488,0.3817252882815415,0.1233706906147238,0.1013881242888276
ARHGAP30,CDK2,0.3228483835755828,-0.1286796753645477,0.1007980184300851,0.0510845256611684
ARHGAP30,KLHDC3,0.1235819030226774,-0.1587652407033519,0.0450027745767687,0.0424541045852049
ARHGAP30,BBS2,-0.496187024047591,0.2760381297934747,0.140164745885733,0.1026994047388822
ARHGAP30,TMTC4,0.2767989860699263,-0.3444121273208474,0.119849693978502,0.140781935602504
ARHGAP30,MCM8,0.3104687032773892,-0.1255532391017685,0.0974679868757107,0.0482096604807394
ARHGAP30,YWHAH,0.232531351269111,-0.1601705563673364,0.0729080615691514,0.0617382544194457
ARHGAP30,UBE2G1,0.1084527540242513,-0.1281873029194534,0.0437826582526475,0.0508865557616698
ARHGAP30,BTG1,-0.4169814355544279,0.2411817632604831,0.1137330305176881,0.0992123469619315
ARHGAP30,TMEM106C,0.2506654666820997,-0.1281164208331671,0.105752976844166,0.0459809622426901
ARHGAP30,IL2RA,0.6711876440119077,-0.2685485344807682,0.2195742967913855,0.0753298195892191
ARHGAP30,EIF4E2,0.1156220528942008,-0.1327485826674629,0.0369855221057709,0.0424038372545388
ARHGAP30,WASHC4,-0.1339476253744993,0.1046131562773745,0.0499244164210764,0.0415262371468729
ARHGAP30,GOLGA1,-0.2981069075103032,0.1880310044975229,0.0940874336395157,0.0678489295360226
ARHGAP30,PPP2R1B,0.1413594769971685,-0.1339910502696632,0.0586737724688507,0.0396869386037638
ARHGAP30,MAP1LC3B,-0.2166880566610901,0.2977613676246689,0.0626597648516407,0.0722993534777771
ARHGAP30,ITGB3BP,0.23009232064768,-0.1007223496303001,0.0859750827234855,0.0393454278227391
ARHGAP30,POGZ,-0.1584307228105265,0.1589386059750465,0.0662869687249029,0.0486635266366595
ARHGAP30,ZCCHC7,-0.2259745541689393,0.1617667760888927,0.0704152675307963,0.0543683353636035
ARHGAP30,DSN1,0.2132950069379802,-0.2203514840678028,0.0924104349125046,0.061773589104356
ARHGAP30,MIA2,-0.2429313911192961,0.2456192599817194,0.074522920704229,0.0762133043041787
ARHGAP30,NCAPD3,0.2681951211397532,-0.1107696127068521,0.088139988212736,0.0410812929167114
ARHGAP30,JMY,-0.5221688618040684,0.483921176245611,0.1415287652384797,0.1694907138791461
ARHGAP30,RECQL4,0.3818726968735523,-0.2559009579822595,0.1271034607934918,0.0847924027777134
ARHGAP30,ANKZF1,-0.2209923670469806,0.1384288885317567,0.0818325338772277,0.0573392933458069
ARHGAP30,PIGX,0.1717501815911852,-0.2291666271926262,0.0567923846672439,0.0481809458897678
ARHGAP30,CHAF1A,0.3216465860956655,-0.1836145418218619,0.0937667463387987,0.05727104277667
ARHGAP30,SLC3A2,-0.2028510641615259,0.2382927554733261,0.0719865060741669,0.072538563546461
ARHGAP30,ZBTB49,-0.3500343270909892,0.4073793330467203,0.1345129000205956,0.1248296936623904
ARHGAP30,HINT1,0.0808676618740221,-0.0656118400174338,0.0323253496052441,0.0246807485868955
ARHGAP30,TMEM42,-0.365020010008366,0.2727076295254631,0.1293363162723491,0.087389974903846
ARHGAP30,THOP1,0.3200355781935281,-0.1541491897288728,0.0936747053216929,0.0456319509083059
ARHGAP30,CFL1,0.106681977143805,-0.0948157659712278,0.0432678394531227,0.0343755891288925
ARHGAP30,CLK3,-0.1804707135197632,0.1329223028868686,0.0744336108403939,0.0532008417596908
ARHGAP30,KLHL28,-0.2453149878955292,0.2256202200241653,0.0973585040518783,0.0807069208920462
ARHGAP30,CNOT10,-0.1661799443909205,0.1207766016675843,0.0617816376958443,0.0483169786358709
ARHGAP30,UBE2L3,0.1485126615770782,-0.1514346206258988,0.044116851863701,0.0464641540158173
ARHGAP30,INSIG1,0.3501035434001276,-0.294637508260037,0.1407814253521301,0.1184040074632317
ARHGAP30,ZC3H6,-0.361455829959215,0.2218900978338151,0.1205285639088922,0.0719331666724159
ARHGAP30,C15orf61,-0.2777189950495898,0.2601621942510458,0.1099654894361039,0.0895288371846493
ARHGAP30,MIER1,-0.1131061575373261,0.0993132945511386,0.0366001919137544,0.0369645811372941
ARHGAP30,IRF9,-0.1664198045670157,0.1836359847572722,0.0627408308858872,0.0711165863558065
ARHGAP30,AP5Z1,-0.1343244429304407,0.1796139414231323,0.0580774221375027,0.0725712586842299
ARIH1,DUSP6,2.3758785287357616,-0.3749575505938997,0.4183438726132508,0.1257388975386403
ARIH1,SLC37A3,-0.5629377711891405,0.4410386856702733,0.1654035486803069,0.1372820035088483
ARIH1,SARNP,-0.3073081053604171,0.2173552294702037,0.0986516329803052,0.0703413593787231
ARNT,METTL13,0.1417108333822109,-0.2498478981505575,0.0618428375528823,0.0669491745393616
ARNT,PTBP1,0.2071161987741234,-0.1185997871864538,0.0737518131417937,0.0524174003995488
ARNT,ZBTB32,1.0205170027233166,-0.3121632850013152,0.3009220045455694,0.1153235129578122
ARNT,CCDC88C,-0.1216088595881417,0.1735515184979822,0.047361368461443,0.0696832197524258
ARNT,RB1CC1,-0.2517421933311575,0.1985999487308761,0.075150531641852,0.0692101346218108
ARNT,UBR2,-0.2473070215740478,0.2725515392813118,0.0675321836807503,0.0536812823152538
ARNT,CELF2,0.1246413724489783,-0.1191135241291111,0.0407937585561952,0.0411609512050248
ARNT,PARP12,-0.2565602609887319,0.2904452054659228,0.0820636628793932,0.1094358719680978
ARNT,GPBP1,-0.1598466275430803,0.1860884570949246,0.0521148054141079,0.0380523934255547
ARNT,RNF4,0.1901711088623595,-0.176145619593373,0.0419352189808927,0.0426778010030037
ARNT,DGKA,-0.2177020896408845,0.1649987126310647,0.0788541529848788,0.0666989275982331
ARNT,ASB1,0.2852468265861466,-0.2671076247986018,0.1231638622597388,0.09441048574857
ARNT,PFKP,0.2731443810286816,-0.777673068532795,0.0892380775652716,0.0491631962441976
ARNT,PKM,0.2894626487919044,-0.500029934983336,0.1188526561152915,0.0522167296466578
ARNT,KIF2A,0.1800398916195916,-0.2801019161059186,0.0626005907047667,0.0585548721607884
ARNT,NUP37,0.1849371372127586,-0.1180126119997351,0.0776950224068102,0.0532577597995409
ARNT,ARHGAP15,-0.1263803374833343,0.3450985769876258,0.0505577964488061,0.0576791431650141
ARNT,MLH1,0.1725462070294411,-0.1507916861558307,0.0749243202412401,0.0478654635525436
ARNT,VDAC3,0.1481574557578681,-0.4037323482552061,0.06225190732924,0.042794925994792
ARNT,DDX1,0.1990924307158819,-0.134591468432378,0.0694905275992255,0.0562158049060003
ARNT,CYLD,-0.1775539711332305,0.1933746352488114,0.0592653156507147,0.0617452360084394
ARNT,FUS,0.3513696912515112,-0.2793071608492808,0.0849059370999357,0.0856356456804675
ARNT,ICAM1,0.4434251549840204,-0.4815042448376931,0.1689901845308047,0.1268993897906063
ARNT,SLC26A4,1.07734690243521,-0.4761587630131849,0.4624321262009184,0.2086045074622086
ARNT,HDAC6,-0.238755835234988,0.1669823274893289,0.075918180714644,0.0746158232494488
ARNT,MSH2,0.2484955104222138,-0.1527700091690724,0.087678329799872,0.0600242732531001
ARNT,SCD,0.4466414786370231,-0.1466256250839001,0.1591068573981608,0.0657808139831101
ARNT,HNRNPM,0.1363308841493541,-0.1963313001478834,0.0574197286794296,0.0500773289066512
ARNT,JOSD1,0.1696701249353839,-0.2343959439045237,0.0573457904949499,0.0555264181462546
ARNT,HMGXB4,0.1793045285255054,-0.1361881407444037,0.0767793652702764,0.0594379413283282
ARNT,BRD1,-0.2385904017274103,0.1728759682790686,0.0547032424392795,0.0659159719355239
ARNT,EIF5,0.1529928461651861,-0.1691721959922321,0.0612893310181933,0.0720819161008962
ARNT,STK4,-0.1531864643319736,0.1735181829761105,0.0491418270148363,0.0462481820541032
ARNT,CDC25B,-0.2637179859296277,0.3184884565483956,0.0686051840639383,0.0893056100800445
ARNT,ADNP2,0.1934400320362476,-0.3172978396012011,0.0666220314951017,0.0650954731565851
ARNT,TAFAZZIN,-0.208204041672515,0.1852049849141804,0.0759057132409281,0.0753905686746212
ARNT,DHRS12,-0.4155175030880444,0.3694794422770017,0.142389385140335,0.1479341126690741
ARNT,CORO1A,0.0894810187013214,-0.1970008560389516,0.0376452000833763,0.044407690800138
ARNT,ARHGEF18,-0.3090176088914059,0.2844685466199968,0.0861751930466011,0.1113427546339266
ARNT,LIG1,0.2720998258686624,-0.141733762128152,0.0994061828007095,0.0626656210358027
ARNT,EIF4H,0.1189920000759289,-0.2134020824309833,0.0499453312237258,0.0419827407057022
ARNT,RNF167,0.2303167258141033,-0.2031463354637891,0.0627651799288398,0.0566871336066347
ARNT,CCDC47,0.1887487877204097,-0.4779969087066677,0.0611308343995273,0.0513915730777815
ARNT,KLF3,-0.3554176461034879,0.6785207045595559,0.1172593550009962,0.2402377824607127
ARNT,AIP,-0.14215101158906,0.2005775674283845,0.0371105887523118,0.0453775346090512
ARNT,CD69,0.441976285204449,-0.3626281118306294,0.182788576266261,0.1313067232430717
ARNT,RAB5B,-0.207564787591833,0.2566896653585432,0.0699184361390891,0.0708104906937162
ARNT,MDM1,0.2779639240350475,-0.4510345116606645,0.0855541117676297,0.1342263280716435
ARNT,MCM3,0.3117960797886609,-0.1954773403815441,0.1189566701399841,0.0635661470424515
ARNT,TREML2,0.4622560336642628,-0.5017457427280423,0.1990243483504205,0.1988581065661092
ARNT,HECA,-0.1787099155812758,0.1403108454594704,0.0781586809022273,0.0534376649452815
ARNT,CLK4,-0.3140461912208118,0.2167983210949979,0.0875378607317055,0.0869989984061359
ARNT,HRH2,1.3091310029703511,-0.5067160763807237,0.442849426678487,0.1726904199037502
ARNT,NKTR,-0.2047444495252104,0.1427824589946267,0.0544572261455745,0.0567109221431786
ARNT,ACVR1,-0.3088684097614956,0.2745354277538462,0.092817787437055,0.097334513213941
ARNT,COX7A2L,-0.1747864291680246,0.2196395794223425,0.0561011441003839,0.0564142225695534
ARNT,SFPQ,0.1825172526194161,-0.1705191379714043,0.0760797057558323,0.0730718457658299
ARNT,IVNS1ABP,0.549203527276134,-0.2518041263466481,0.0992887164412695,0.0943089659800985
ARNT,TNFAIP3,0.3426178915202753,-0.3188721465389242,0.1419855637062914,0.1102760724485728
ARNT,ITGB1BP1,0.1824198464015125,-0.1641607587317473,0.075212524127532,0.0599819171265862
ARNT,NPC2,-0.2670498418246315,0.2797648777786992,0.0985901106206418,0.0838353031751127
ARNT,TNFRSF8,1.911406302428156,-0.585589042431517,0.5329108820589796,0.2015144281316828
ARNT,TNFSF10,0.3038674734936939,-0.4564172737760776,0.1079341218723248,0.1745876813591527
ARNT,FYTTD1,-0.1987884537673769,0.2353867571060977,0.0703581794837271,0.0753390616280495
ARNT,VAPB,0.1461251209828565,-0.5112058992116886,0.0562814980865916,0.0761072297221674
ARNT,MEA1,0.2603117188690669,-0.364610267546347,0.0705175965488498,0.0622782732015309
ARNT,NDUFA1,-0.0893401970197088,0.1097008486041149,0.0358082538402106,0.0378732329245237
ARNT,MBOAT7,0.3897281490367709,-0.2404719877502366,0.1114053439597997,0.0709043759604846
ARNT,TNFSF14,0.6680272227563921,-0.4872168216119988,0.1824314015836932,0.216917852482696
ARNT,GPCPD1,-0.2125126097402589,0.2349160414643227,0.0865365335293549,0.0844163075141121
ARNT,SNRPB2,0.1253959545233114,-0.1151230585622898,0.0523275461823371,0.0501448502121936
ARNT,IDUA,-0.6505548694598132,0.5760684670579637,0.174216085871658,0.2042946361890395
ARNT,TUBA4A,0.3296820949011297,-0.2052009874205009,0.1030436692637395,0.0636883905991596
ARNT,PAICS,0.4088793539290553,-0.3864991188009706,0.1545319760578917,0.0602017365724497
ARNT,TXNDC17,0.1817689816403225,-0.3027812531284898,0.0746296260102383,0.0678895429091907
ARNT,REEP5,-0.1797008012042033,0.1365142138002824,0.0570669907196541,0.0564762702689439
ARNT,CHSY1,0.2527753076390039,-0.2911881551792277,0.0922115367039649,0.0858393712808018
ARNT,RBM38,0.6139915438529402,-0.1827569972812197,0.1329620064962033,0.0743854335721489
ARNT,MKRN1,-0.2955845656866191,0.2510312554699236,0.0857684162954079,0.0762576081612163
ARNT,ZFC3H1,-0.1602644292724204,0.1671943934337586,0.065811650454504,0.0495495532522343
ARNT,MED6,0.1152568288508961,-0.2083619209292646,0.0491871429534774,0.0554415033156321
ARNT,BHLHE40,0.2563863574814772,-0.2766664380148458,0.0957143113611669,0.0945088301558229
ARNT,IL2RA,1.021120781539828,-0.2010120416702488,0.2198631574893811,0.0766811020952672
ARNT,SLC43A3,0.5638328703713742,-0.8967945682859481,0.1706157865010515,0.1161517630592716
ARNT,SRPK2,-0.2680303601721288,0.26021859028193,0.0706154370226593,0.0816882831399215
ARNT,TES,0.1297783513870351,-0.3176039483383561,0.044908914706992,0.0712727362028951
ARNT,SLC41A2,1.604867836423307,-0.4373387866783335,0.3432886727428706,0.1607591169442826
ARNT,FLNB,-0.5356136648867258,0.3050900412684411,0.133009737347706,0.1184696888220568
ARNT,SIT1,0.180904694861282,-0.6578390978603217,0.0779476475433582,0.0832994958638328
ARNT,IRF4,0.6057525592369872,-0.427702182454543,0.2016385909253582,0.1158506392364746
ARNT,TCF19,0.3624436957808612,-0.4867587889170311,0.1168661587970333,0.0722352719459723
ARNT,LEF1,-0.5328479776575686,0.446649400063102,0.1313884574501775,0.1733798177310639
ARNT,SCAF11,-0.1115483459685705,0.1120130272347424,0.0452471156886044,0.0461365404239372
ARNT,DUSP6,1.7651300522439493,-0.4256959862651729,0.3661720003043214,0.1161061277910591
ARNT,POC1B,0.2860911038171541,-0.3183795860332939,0.1013220245975093,0.0659396383428658
ARNT,NCOR1,-0.1009222599250756,0.180447813003031,0.0403312891230255,0.0405919592517267
ARNT,PRPSAP2,0.4084703821467376,-0.2018385241178077,0.0940494730193509,0.0754348841876381
ARNT,BCAS3,-0.31282504964024,0.3102956226767216,0.1273481804376185,0.1250144143130195
ARNT,WDR45B,0.1694111684622832,-1.167451931318647,0.0709971661822613,0.1079144949661144
ARNT,ANP32E,0.2601288037790946,-0.086776775230578,0.0836931846222901,0.0353134539809349
ARNT,LNPK,0.1881142727801189,-0.4362326964994877,0.0663513672701339,0.0668492553289906
ARNT,CTDSP1,0.1673648690248793,-0.3971699246412823,0.0717002844063054,0.0631085368480891
ARNT,SKP2,0.3013992099797565,-0.2119791425100522,0.1159570073139291,0.0807836407364399
ARNT,FEM1C,0.2135841841318987,-0.221617118488712,0.0764867420669463,0.0803753334920148
ARNT,FBXO38,-0.1704634948690987,0.2510911187623721,0.0744501388319955,0.0658310041084914
ARNT,PURB,0.1603457751771633,-0.1787394790929807,0.0679103792422168,0.0666322518785591
ARNT,CSGALNACT1,-0.6594092349852722,0.9811379836521278,0.2524977974675297,0.3713644927845444
ARNT,EIF3H,-0.1374959187936485,0.1006957014275939,0.0506951003759241,0.0419469978927228
ARNT,ADD3,-0.2092098006728733,0.3049481972194064,0.063210772982216,0.0829263029287527
ARNT,PDCD4,-0.3305102786590758,0.6668423883170488,0.1395969718813206,0.0864002192105707
ARNT,ITPR1,0.4872489792105973,-0.2700022177663891,0.1545349523356554,0.108898971809635
ARNT,CAMK4,-0.2469030093210968,0.4194119604171433,0.0926277573483537,0.1084903946335782
ARNT,PELO,0.2681889532701073,-0.4695496427330682,0.099409109748244,0.07942936751171
ARNT,GPR180,0.2541828447588898,-0.1853605863484474,0.0918461124238039,0.0708693284798414
ARNT,MIA3,-0.1491444279693516,0.1921494404421174,0.0643595395826801,0.075148699659174
ARNT,WHAMM,-0.3407310050908513,0.4491546840105,0.1089266811801849,0.1411076332334073
ARNT,SSBP3,-0.1753882510104269,0.1856614386169104,0.0705334588928602,0.0756815261467398
ARNT,MYO1E,0.8996065288285862,-0.8877142777199976,0.3661135453826765,0.2048449328437196
ARNT,WIPI2,-0.167686431859491,0.2164405405421999,0.0626408495649042,0.0676908696838371
ARNT,EPB41,-0.3222763108983615,0.1882557621202144,0.0775038024111688,0.0790624248468639
ARNT,VPS28,-0.2261251861862363,0.2038650875943404,0.0669812375062025,0.0608657302004873
ARNT,PSMC2,0.1899323682353809,-0.1106666692675184,0.0568993666195846,0.0403519484868664
ARNT,RAVER1,0.1761542540757121,-0.2409498316083782,0.0581598694023785,0.0441120492685571
ARNT,UBXN1,-0.2086834420032971,0.1639364644465885,0.0669990033035119,0.0683938913550134
ARNT,EOGT,0.28884039421798,-0.2920871523673645,0.1100658070398666,0.1251775405714367
ARNT,SGO2,0.2993862924139771,-0.2953221388451341,0.1244754645943519,0.0795333127020984
ARNT,CTLA4,1.6410469066423672,-0.4205125455941331,0.3160624901067546,0.1771455706262905
ARNT,SAP30L,-0.138553738277675,0.2126475447250072,0.059178254541232,0.0648565699205254
ARNT,SKA3,0.3289430332152081,-0.175921326808709,0.1109291195766115,0.0688445478899951
ARNT,KLHDC2,-0.1576006197669014,0.3106479361425038,0.0604725854161729,0.0641755878464313
ARNT,CCDC186,-0.2236494857225751,0.2498499640281215,0.0840460756815512,0.0846151074567299
ARNT,MAPK7,0.2901424990366017,-1.11398324084137,0.0943517266661119,0.1360384324556896
ARNT,MAPK1IP1L,0.1214666972865397,-0.2047563547756099,0.0388322039769067,0.0379549208933874
ARNT,DTYMK,0.3215278529513922,-0.1347788819796225,0.1103910107268539,0.0552066774596255
ARNT,STIP1,0.2143385203603139,-0.1888223822538935,0.0918258051920211,0.0690182077483418
ARNT,MAP2K1,0.1030824091127301,-0.6376921745477336,0.0447746172512964,0.055398801899549
ARNT,XPO6,0.1740131344282437,-0.1757771785805046,0.0610956082065819,0.0550128831599478
ARNT,ASPSCR1,-0.2204640436449092,0.2500091792148176,0.0838572210130601,0.0964138547886239
ARNT,CSGALNACT2,-0.2088677455197087,0.2112935387475256,0.081667149699528,0.0896425485951364
ARNT,NDUFA3,-0.1351879883845523,0.1245113336588684,0.0433388772028,0.0475208719390418
ARNT,TADA3,0.1603444090717689,-0.15633682185485,0.0563943366163872,0.0626786249362142
ARNT,BBLN,-0.4228402562285857,0.203320108440206,0.0704179422826434,0.0602964780501013
ARNT,TMEM126B,-0.1132465232454746,0.1355993681247923,0.0470825863323619,0.0527143838144551
ARNT,PGAM1,0.3606850945749383,-0.5408602310091785,0.1357485632752244,0.0644135863509367
ARNT,CAMTA1,-0.1849431269599774,0.1642097829356516,0.0654306239672184,0.0535727443297932
ARNT,STAT5B,-0.1505009462576854,0.2740404815821356,0.0606732954117684,0.0731848600185284
ARNT,RBM4B,0.2362361231615684,-0.3917129030789655,0.1014721881696312,0.1427090944699988
ARNT,AKIRIN1,-0.1329376465113677,0.2961215230521057,0.0541516694806527,0.0591394663258264
ARNT,DRAP1,-0.122668292203045,0.2394721781430417,0.0468471716402004,0.0544243806770401
ARNT,PCGF5,-0.2563194685575192,0.2329881460099343,0.0796437407991574,0.0645462239292536
ARNT,TRAPPC5,-0.1153852962879968,0.2112854925504501,0.048483733868983,0.0477538668300402
ARNT,MEX3D,0.3623808512317888,-0.5058063163326934,0.158469642850669,0.2286471238678823
ARNT,DIPK2A,0.2408884148752378,-0.6717302185463803,0.0740689212965349,0.0959846385796944
ARNT,PTTG1IP,0.2596754198963424,-0.3214845863269318,0.0636287323265632,0.0994563387470285
ARNT,BCOR,0.2155689584844415,-0.3007969339288548,0.083599793590157,0.0778244434661073
ARNT,KIAA2026,-0.1890731055063078,0.2872245961945134,0.0753411741568232,0.0656116712462245
ARNT,ACTG1,0.1978025161680758,-0.1723582686744586,0.0703681700836492,0.0485701204706909
ARNT,SOCS1,0.6200081964083909,-0.3859140167116896,0.1045121758528087,0.0986845105322716
ARNT,RXRA,1.3527215542067657,-1.2621651995006242,0.43524415506596,0.2606827989608411
ARNT,C17orf58,0.5098262789872396,-0.5020472494803511,0.198596253095726,0.1061523585394112
ARNT,CCDC69,-0.1735470219288408,0.3176875350910675,0.0643282865329768,0.0982213576051114
ARNT,MSRB1,0.248648441363349,-0.5523269521196239,0.101922716222835,0.1261347622399133
ARNT,LTN1,0.1463046590377354,-0.2502949290664854,0.0616992953181446,0.063334319951499
ARNT,COX20,0.1886035244792767,-0.3720356288391193,0.0800209413523628,0.0725708615883178
ARNT,TMEM273,0.4437309748139144,-0.7593795054566278,0.1627792330327361,0.1178787714214833
ARNT,ZNF805,-0.3276293379260476,0.3633817860103572,0.1398937656489315,0.117702978053094
ARNT,E2F4,0.1403640362923025,-0.2172503763903029,0.0531051058402178,0.0664630018179795
ARNT,SELENOH,0.1257908056143678,-0.1411214493890915,0.0528139544541053,0.037410475623989
ARNT,VDAC1,0.2316311335398433,-0.2328853275449297,0.0915694643884339,0.0442350580683174
ARNT,CPNE1,-0.1335330572392296,0.2809743692819559,0.0493629454344294,0.0538261237113064
ARNT,FIS1,-0.1599468622248989,0.1263618410537628,0.0510464509223503,0.0460667496227804
ARNT,WBP1,-0.289969863608663,0.2840014315632354,0.0887577568250669,0.0790092634538728
ARNT,PRKDC,0.1781148296553232,-0.1814007353321821,0.07738967606204,0.0489072745964617
ARNT,CHMP1B,-0.1858393086554494,0.1835317313789303,0.071510366704557,0.0611365766307696
ARNT,GALNT4,0.5857379273904512,-0.3486048566004587,0.1347431115403901,0.1186985234196676
ARNT,NCOA4,-0.0940173079244952,0.1312530046593057,0.0387960191482942,0.0465447830402477
ARNT,MYO19,0.2215405293962511,-0.1992927843835684,0.0956632132869657,0.072684916714183
ARPC2,WIPI1,0.656564123736115,-0.5973315089581606,0.2075122289770369,0.1516000194231358
ARPC3,GNLY,-2.6451764397865287,2.9186759643330653,0.8199560850519483,0.7032616543188073
ATAD5,XYLT2,-0.3079358684603582,0.3221955897443034,0.1014955871552298,0.1153776830338637
ATAD5,TPR,-0.0961682154607354,0.1570256481283634,0.0450692094994084,0.0366155076098995
ATAD5,HERPUD1,0.2611489202223968,-0.3869638893000222,0.0625334911442786,0.0891992334705069
ATAD5,MPHOSPH9,-0.1433891408826769,0.1438678278828021,0.0587485838071597,0.0476525825321958
ATAD5,RAB27A,0.3488963822569254,-0.2440416570321565,0.086626409841594,0.0794451377378963
ATAD5,PAFAH1B3,-0.2068227621039164,0.1933949907303598,0.085749376346181,0.0774664164708091
ATAD5,TUT7,0.1736667814848356,-0.1045804758534007,0.051000379459778,0.0476080251174437
ATAD5,L2HGDH,-0.4497708261675949,0.1506823652254194,0.1149004072505451,0.0659149511236784
ATAD5,LRRFIP2,0.2721926578500954,-0.3179102793890907,0.072988243585912,0.0855762566036512
ATAD5,RASSF7,-0.2137517939335035,0.2712708771961566,0.084209045757174,0.1037671266796547
ATAD5,XBP1,0.3705963390385614,-0.2544380944956336,0.1100771632005579,0.0813253870702732
ATAD5,NFKBIA,0.2477560433154819,-0.5199485500562606,0.1156781029157037,0.0888903959182144
ATAD5,NDRG3,-0.1540151753236523,0.2034047887386865,0.0629144152178447,0.0574425041912827
ATAD5,PIN4,-0.1764870831255025,0.2025818699299718,0.0806269798651207,0.0849703243762296
ATAD5,NFAT5,0.2799355644352169,-0.422122552629859,0.0918448100304483,0.0790663268832971
ATAD5,HCFC1R1,-0.2166170924948283,0.2660249039434568,0.0634006356274133,0.0679312167264925
ATAD5,INTS10,-0.1199574402359931,0.1343517179667856,0.0542361075963161,0.0557155210363289
ATAD5,CCDC61,-0.2866883224902685,0.1912669069496147,0.1103527289619578,0.0850402111976326
ATAD5,SPIN1,0.4387028961817432,-0.2452107787539092,0.101693597350891,0.0929028849332612
ATAD5,RAPGEF1,0.201856252133334,-0.1551470313505109,0.0518461419872782,0.0580549992207069
ATAD5,GALK1,-0.3017442838391798,0.1469251765140131,0.1089084482562728,0.0601044399625393
ATAD5,STX2,-0.2877246386075697,0.3339121581847926,0.066896144242782,0.0769499409043898
ATAD5,FAF2,0.1842350890184888,-0.1121185597315349,0.0529533774120504,0.048090218824507
ATAD5,ITK,0.179135965637503,-0.16545292509566,0.0596213334618021,0.0720194576803968
ATAD5,CLINT1,0.1343478968069958,-0.1925875499921084,0.0490168404910168,0.0639371154386752
ATAD5,SNX4,-0.1252264684439151,0.1091791071623023,0.0507310463081745,0.0492718229001409
ATAD5,CYTIP,0.1775487440797817,-0.1548965541272712,0.0535536865521369,0.0534859769058815
ATAD5,SLAMF1,0.3014541379500292,-0.1784202229457531,0.0946999778584054,0.0736134389459525
ATAD5,CALD1,2.029927945192506,-0.7633569503825842,0.7699880252540636,0.331587495348304
ATAD5,AGO2,0.2025913639146517,-0.2375297077769335,0.0562219155213978,0.0645747928100155
ATAD5,NT5C,0.228088141809722,-0.202141752468333,0.0820468214520522,0.0682460685828173
ATAD5,LRFN3,-0.3550599143867361,0.4285831234882726,0.1605251947076573,0.1758668352935165
ATAD5,IFT22,-0.5641709623818039,0.336563637475394,0.1438610938240546,0.1492783987870572
ATAD5,MYO1B,1.6333990176749638,-0.8733843158333159,0.4940200255702308,0.2031847960236425
ATAD5,KRI1,-0.3618697621097723,0.140954908722109,0.0711846281354835,0.0629967464413314
ATAD5,CDKN2D,-0.3663432736220182,0.2694429948081343,0.1408781891712709,0.0993567134072716
ATAD5,ASS1,1.211743124127778,-1.0127141234528887,0.5036170807325383,0.4463901215528105
ATAD5,SESN2,0.4407264818798591,-0.65794427120287,0.148655163521005,0.1499636792939201
ATAD5,KIF3A,0.491729674663947,-0.3028184040196151,0.157920860637442,0.1186806217326719
ATAD5,ACAP3,-0.2487859830739414,0.2641466355668059,0.0861971554480357,0.1165017503790299
ATAD5,TES,0.0933341560270536,-0.179840400521664,0.0414855645635087,0.0630102592740145
ATAD5,STX6,0.1346762878711726,-0.1252642705401777,0.0561530526373801,0.0516220633109856
ATAD5,MAPKBP1,-0.2945354383675126,0.336443398689203,0.1193504924780892,0.0935040403691506
ATAD5,DUSP6,1.694375826334649,-0.4117678236362713,0.3524623524177822,0.1096053892588952
ATAD5,GIT2,0.1137276525549784,-0.1983095084572032,0.0531230033118449,0.0749682579727203
ATAD5,EFCAB11,-0.3295110150984365,0.2189911544902941,0.1334488804604073,0.0808162019273254
ATAD5,BCL2A1,0.569725052364761,-0.4497049119047331,0.2391383217981931,0.1255537624920002
ATAD5,SGSM2,-0.3318766483336561,0.2680640156665799,0.1274486708786032,0.1208384524553804
ATAD5,ASXL2,0.1313100312911204,-0.3736725722909993,0.0602657413311446,0.1205970950594262
ATAD5,EIF4EBP2,-0.1014185433030994,0.2301807294329912,0.0363897918453518,0.0520020702117055
ATAD5,MTG1,-0.1428756242612433,0.1491319703106602,0.0628266991389132,0.058126022905175
ATAD5,KIAA1328,-0.3987596499672406,0.1573769499002495,0.1000128220916357,0.070353854382232
ATAD5,UBC,0.1722646772355771,-0.22121992293745,0.0625276030544034,0.0764082711360531
ATAD5,ANKH,0.2291912338422765,-0.3029115230249295,0.0965596950903401,0.1153853021762975
ATAD5,SFXN2,-0.473154674342809,0.3219364174077002,0.1425849560309139,0.1106238007937461
ATAD5,CD109,0.3640793812932255,-0.2552740639132861,0.1243561690897601,0.0954290215356503
ATAD5,ETS2,0.4525994396619378,-0.3311572906973046,0.1597389300398683,0.1303803462178298
ATAD5,SPC24,-0.3231865956241243,0.2604061405025922,0.1220709175701339,0.0587009148755023
ATAD5,OMA1,-0.2657604784160277,0.4258646594077374,0.0888055013062626,0.0964628724716524
ATAD5,DTX3L,-0.2106228498498837,0.3709816567154738,0.0712970958847358,0.0941318190049075
ATAD5,ZC3H12A,0.2324217571630152,-0.3965569562809376,0.0945050520596207,0.1101038593479551
ATAD5,PEX2,0.2035876554657693,-0.3414003333000383,0.0724237250645595,0.0709513462809718
ATAD5,TCP11L2,0.5259493572146234,-0.4485667771708481,0.1605673206923478,0.1490954894002207
ATAD5,TRIM44,-0.2295932845172036,0.3059448316204586,0.0918752025884555,0.0947014414099458
ATAD5,RILP,0.5910073694652122,-0.4025604926878604,0.1910072645920956,0.1840072665951488
ATAD5,SPRYD3,-0.2247066404852078,0.1455769210280508,0.0672996452021879,0.0666926335125348
ATAD5,DDIT4,0.5025499212684744,-0.321797312531011,0.1724317711113691,0.0978904196249444
ATAD5,THAP11,-0.100603774924512,0.1409643856614026,0.0462633309372575,0.0509037495279159
ATAD5,PXK,0.1955413810757025,-0.3634925896562737,0.0850337381373253,0.0771462608479493
ATAD5,MAP2K1,0.1360089211918091,-0.1505052114523748,0.041734352135226,0.0475757935012422
ATAD5,SLC33A1,0.1710497043662508,-0.1903036157308249,0.074800400381806,0.0731671147820856
ATAD5,CNTROB,-0.3052087073979731,0.1687291009147706,0.1010272747979463,0.0687508295777765
ATAD5,CFL1,-0.1040163169540735,0.1296747640731194,0.0445239819577682,0.0359933001933149
ATAD5,EIF1,0.1306331350894116,-0.1703839707642739,0.0411005030683553,0.0461617212121306
ATAD5,DENND4A,0.2967820615192261,-0.1937471366984187,0.0733602097299703,0.0619506835217769
ATAD5,MTX3,0.9336661750689016,-0.2861980268176994,0.1247814831320128,0.1137054033064307
ATAD5,NAP1L5,0.3838521116178491,-0.3143682177970059,0.1464210279911328,0.1437612076626926
ATAD5,ZFP41,-0.3382832530894095,0.290226940568401,0.1492129302611243,0.1153689594635212
ATAD5,SPNS3,1.3419479504471294,-1.2749256148275665,0.3655166155747333,0.2608944150398325
ATAD5,LYSMD4,-0.2540896000204536,0.2478366304511561,0.1122229934839109,0.1050516363764503
ATAD5,COA3,-0.2179789213747881,0.2051163044756059,0.0598392638360909,0.0658953724142468
ATAD5,AMER1,-0.7594703277208721,0.634039761115358,0.1957302527700403,0.1479094212968572
ATAD5,NF2,-0.1284893052342458,0.1290684703039619,0.0567625650581003,0.0568245540659442
ATAD5,MCRS1,0.1124253762756257,-0.1179327228700111,0.0469203237417355,0.0502175296294665
ATAD5,PGAP1,-0.3565235651742129,0.2149749461527942,0.1162674449967387,0.085166318008136
ATAD5,ADARB1,0.7655472121175813,-0.2559106152762558,0.0978534019289345,0.1073467557618754
ATAD5,TMEM229B,-0.6009261433394636,1.1846518657478209,0.1350510868820204,0.5311454699498076
ATAD5,F5,0.9796004011552172,-0.4927104758336764,0.2957079253687563,0.1942780495058023
ATAD5,ZBTB9,-0.2118733937797893,0.2454202273716101,0.0974207728930431,0.1002867761230663
ATAD5,GTF2I,-0.1632526590763398,0.1354804706552275,0.0640151306710075,0.0622861423389333
ATF7IP2,BBIP1,0.1919981212567215,-0.1505794769038554,0.0622684227443829,0.0537603074024139
ATP1B3,PSME1,-0.283042436812115,0.2385486428882344,0.0687238444136929,0.0660075393356071
ATP1B3,PMAIP1,0.7092329660941914,-1.335685493257559,0.2253036857890566,0.2690715375278134
ATP1B3,LITAF,-0.4683096824804125,0.3509138395121919,0.1270876219651585,0.1094072328627349
ATP2A2,GRAMD1B,0.8036457178766551,-0.365171210257602,0.1241754941703818,0.1426631273035571
ATP2A2,VIM,-0.3295072214013998,0.5195153586219164,0.0856995140665711,0.1455674692141939
ATP2A2,FAS,-0.7441447567787216,0.4887473590111867,0.1301562953304755,0.1538831594810651
ATP2A2,PACC1,0.5614525457167605,-1.0488766975167487,0.1497332711556289,0.3688040623318497
ATP2A2,PFKP,-0.3447693021832868,0.2576064894956037,0.1330052401064114,0.0796734306842514
ATP2A2,ENO1,-0.3771279335962821,0.1449259007771165,0.0661804649653934,0.0462443462891764
ATP2A2,EIF4G3,0.3945414869250283,-0.7006958055581364,0.1674090534986966,0.1989868855538139
ATP2A2,TULP3,-0.67862385579589,0.8556030530889092,0.3136236358380695,0.2862589871872749
ATP2A2,DIS3,0.2736053155182084,-0.3810537436627735,0.1195231222409109,0.1535462167684269
ATP2A2,PSME1,-0.3489111617642614,0.2025860357114663,0.0618778072507723,0.0648155171948754
ATP2A2,HCFC1R1,-0.2963672660770015,0.4502013164732773,0.1291946091352466,0.1423051042321649
ATP2A2,EHD4,-0.6399120636996999,0.361518526116262,0.234244347280694,0.1469617914489603
ATP2A2,EIF4H,-0.2327440416345771,0.168236024700413,0.0792990575350927,0.0644105523506878
ATP2A2,DDX50,-0.3327784841275544,0.3825864330630597,0.1443491302440675,0.1108151135447617
ATP2A2,PPP1R9B,0.1920334852487509,-0.5703676370523857,0.084719549355325,0.1381812917556245
ATP2A2,SELPLG,-0.1818807996709263,0.3960366801318873,0.0668833286296257,0.1316288905938972
ATP2A2,ENO2,-0.5555769820127331,0.5240754136666601,0.1774699599949251,0.1152817203670636
ATP2A2,PIKFYVE,0.3460511927513012,-0.6160533542661158,0.097255334902749,0.1711786740222864
ATP2A2,GADD45A,-1.009177372496428,0.6093427907024069,0.2521429467199042,0.1880235445134524
ATP2A2,ZNF384,0.2677151272875699,-0.4506588965768346,0.1074538352284882,0.1843072342321746
ATP2A2,JUND,-0.2599703444101788,0.2754976906660872,0.0789939416973684,0.085818906989071
ATP2A2,TRIM22,-0.5531853237254134,0.5755921712724721,0.1367717476602893,0.2186639908168828
ATP2A2,UBE2G1,0.3372081661729795,-0.383979827917703,0.0803885944056238,0.1343387229891468
ATP2A2,ANKRD17,0.1871492417558623,-0.3729032172234928,0.0845875891204551,0.1349546098990698
ATP2A2,TSPAN2,-3.098988038616856,1.3811958064824934,0.8321668971365163,0.5405946371907631
ATP2A2,DDB2,-0.5170717103349718,0.2822344685194827,0.1201487406583095,0.1154391762679125
ATP2A2,ARGLU1,0.2851336011673721,-0.3047331984060097,0.0753847819966017,0.1113153263004854
ATP2A2,OSTF1,0.6573693559314935,-0.338963120140376,0.0768657441084751,0.1183738768168798
ATP2A2,ATP5MC2,-0.2156850276478452,0.2001858492513519,0.0822516523813026,0.0820510954135783
ATP2A2,TESPA1,-0.6170592487650938,0.4319122364704068,0.1448671425382564,0.1669237064859601
ATP2A2,MYO1G,-0.2774844000753506,0.2292173944657448,0.0577567598603329,0.0675736042783616
ATP2A2,DCAF7,0.1784820913866189,-0.3842268188216693,0.0667067869076466,0.101166604184926
ATP2A2,RTCA,-0.2497459335903483,0.2959932704212322,0.1165824373581982,0.1164762511016546
ATP2A2,SEC11A,0.198026635419079,-0.2546809558719576,0.072600490336544,0.0968688092771787
ATP2A2,EMP3,-0.3371799108872187,0.2745420481863593,0.0595301163358418,0.0776004975551895
ATP2A2,TIFA,-0.7668448089533763,0.5078608293286391,0.2458226711712002,0.2077597627122319
ATP2A2,MTDH,0.2499446240696827,-0.2991816988585332,0.0803569043904705,0.1124023375491639
ATP2A2,CAST,-0.1877823382782802,0.4372416868010818,0.0751286975571506,0.0921562798923099
ATP2A2,GPR15,0.7183553980417291,-1.1887308790106026,0.2091199979371976,0.3362047076196494
ATP2A2,SNRK,0.3466169220195154,-0.631217699377222,0.0908469633038138,0.1936260008687617
ATP2A2,SAP30,-0.4895465446607737,0.3600782554789546,0.1623895335174821,0.1230247253524944
ATP2A2,ANXA5,-0.2327227246314522,0.2778191137802928,0.0825065044489827,0.0964072688924835
ATP2A2,FABP5,-0.8629045144147437,0.3728412700254267,0.2810129708402263,0.1337249057251414
ATP2A2,CYB5A,-0.4562509887732837,0.420517106271466,0.210759859441227,0.1580353676373753
ATP2A2,RNF213,0.20659902999885,-0.5219611946805842,0.0941884048549296,0.1544094480917494
ATP2A2,PLEC,-0.3495100909525656,0.8555062151977237,0.1083157657449298,0.1626308631814741
ATP2A2,TRAPPC5,-0.2160932278450177,0.2981666974113438,0.0790176372693207,0.0919833127280756
ATP2A2,PYCR1,-1.2275182372538629,0.452909591119954,0.4609204462899003,0.1628008927675583
ATP2A2,S100A4,0.3593820391642858,-0.5138424454788724,0.1031369019122566,0.154123026594618
ATP2A2,EVL,0.4301020370453826,-0.2858574673724327,0.0579124652034127,0.0956282588960195
ATP2A2,SLC39A10,0.3943670963944536,-0.7662326439253039,0.1439766127494796,0.2980463185098558
ATP2A2,S100A10,-0.5749699311971541,0.2264016222342723,0.0816448592960981,0.0812747158899153
ATP2A2,S100A6,0.2575513400421011,-0.2328406184700051,0.0739172038611523,0.0912888964161244
ATP2A2,MAP3K3,0.3542399937001346,-0.6914788582049963,0.125808361639293,0.2566861020404445
ATP2A2,APOBEC3G,-0.3235994898968336,0.4377301510367098,0.1055447580057072,0.1171356368535651
ATP5F1A,GRN,-0.7224931078652637,0.4872848738519511,0.17173703077362,0.1244171451068423
ATP5F1A,IL2,3.2825613323597107,-3.064565300359235,0.4915206226907764,1.0017629336698706
ATP5F1A,INTS15,0.2642491509941202,-0.3483709426113762,0.0760019075431474,0.1068768786198749
ATP5F1A,U2SURP,0.2163072341536156,-0.1723136105452702,0.0648678324653618,0.0620980766612321
ATP5F1A,MID1IP1,0.3404293802931624,-0.2781316657888722,0.0876901788305324,0.0865768364017217
ATP5F1A,PSMG1,0.3573553355177431,-0.3028184035083832,0.1079669569540527,0.1020597785271897
ATP5F1A,EIF4EBP1,0.5798941430301215,-0.2993169455751042,0.1626210184421432,0.112098091104903
ATP5F1A,IARS1,0.539221467725157,-0.2685178829909214,0.1205716619422451,0.0946900962120251
ATP5F1A,NME2,0.260734437599723,-0.127924649345707,0.0762602209884815,0.0468171941794209
ATP5ME,EED,0.5029550870738831,-0.3577861322022671,0.1348039386588863,0.1371742360072625
ATP5ME,MAPK1,-0.2338633764250029,0.2842949030917985,0.0689587204156285,0.1081367989503936
ATP5ME,SLC1A5,0.87306632554649,-0.2132692333470915,0.13128269953069,0.0803347188041568
ATP5ME,IFIT3,2.990447707327509,-2.6311305733825567,0.3442460949436435,0.8912897879673312
ATP5ME,CHAC1,3.021811649585661,-0.7216175502589083,0.4685126808942702,0.2322651120714326
ATP5ME,OASL,2.3613703047149195,-1.3374724185488984,0.2197063152278893,0.4111669245808695
ATP5ME,HERC5,0.4374492383852845,-0.5965645031897583,0.1474486228889733,0.2293378920279464
ATP5ME,PMAIP1,1.9444182131300665,-0.7481392155196506,0.1886586123052136,0.2340301984201236
ATP5ME,RHOB,1.56294491675503,-0.8605542054281937,0.3938274001717691,0.2774008330449392
ATP5ME,MID1IP1,0.5360110079636589,-0.373721382295971,0.0895959382518435,0.0966085727082163
ATP5ME,FASN,0.4139715812497077,-0.4244690979017308,0.1412864897797802,0.1175328491661095
ATP5ME,DUS1L,0.2492750396166316,-0.2224562227098926,0.0799587874958301,0.0860106522447064
ATP5MF,SLC7A5,1.218795415839992,-0.3742385371478933,0.2289468156979139,0.1253670037075906
ATP5MF,ODC1,0.802728470860736,-0.5019003566130207,0.2011349588028256,0.1519348701427014
ATP5MF,MID1IP1,0.3706292833154712,-0.3085694884257211,0.0994274042992443,0.1093514070543133
ATP5PO,RCN1,0.382489927208078,-0.3240288169181177,0.1125677369227355,0.1123253169729602
ATP5PO,TUBE1,0.7980084699891079,-0.326893597934119,0.1435577753267866,0.1329434577997049
ATP5PO,TRIB3,0.7921456540820233,-0.4738113312914673,0.1649779953317506,0.1830050553367951
ATP5PO,GTF3A,0.2335598713811964,-0.1842060832752731,0.064400779494031,0.0691927736360876
ATP5PO,NARS1,0.2731766301931788,-0.2243700415116792,0.056549497984816,0.0757230240045667
ATP5PO,HEATR3,0.3408109710012609,-0.3644193334001083,0.0969248547500963,0.1300101292383879
ATP5PO,FDXR,-0.3906326081728163,0.4004768429249969,0.1310247600005595,0.1425744530577343
ATP5PO,MID1IP1,0.3018177351449622,-0.2467636297403964,0.0806185651079344,0.0827760530985021
ATP5PO,CUL5,0.2313347515974179,-0.3006341055592748,0.0762329368730068,0.0977593418421938
ATP5PO,MARS1,0.5266853828184056,-0.378635142325927,0.1224028901823664,0.1307157463586567
ATXN7L3,DYNC2LI1,0.5217044822287029,-0.7477213295908962,0.1765030758151012,0.2122592358610316
ATXN7L3,RCAN1,0.3333054991649029,-1.1589337641406154,0.1193996251167345,0.3333134779814865
ATXN7L3,STAT6,0.2430318102817019,-0.4038495809053153,0.0850103300831664,0.1027841176744962
BATF,CNN2,-0.2662761036128999,0.3875394871971272,0.0905176014909904,0.108677445849041
BATF,COTL1,-0.6058519623437911,0.3314579759721003,0.1415853484561946,0.1168544907174668
BATF,AHR,0.554909574691219,-0.6383740095839517,0.1769245717702403,0.183801614577205
BATF,NHERF1,-0.3637757422592453,0.2871742029282704,0.1136355479310881,0.0827756927172869
BATF,ARHGDIB,-0.1842780455522834,0.1767252837416296,0.0552942762357122,0.0555596088240371
BATF,LRRFIP1,-0.5140988720818772,0.3248988184362554,0.124689175149941,0.0702453937686651
BATF,EDEM1,0.3051225763015445,-0.2444946593666658,0.0964804802515808,0.0783515963239474
BATF,LCP1,-0.219566354138736,0.1878274253462878,0.0688553390701671,0.0494810130608487
BATF,BTG2,0.5674994582785329,-0.510344898149746,0.1738867820336082,0.1456769151485093
BATF,DDIT4,0.9446979151927012,-0.3599464258724109,0.2623712913247317,0.1212413387649152
BATF,FLNA,-0.4796810604072173,0.3926187172409952,0.0926567651032418,0.0921153960772363
BATF,H4C3,-0.711951362270847,0.3680637946381527,0.2238740261970769,0.1047039471979359
BCL3,CD69,-0.9499686362508558,0.6153446456678955,0.3362229402911945,0.1442710441138273
BCS1L,RAB10,-0.2695701795795718,0.2227879128391052,0.0638179685982528,0.0890239191054002
BCS1L,PSME1,-0.2735000478995281,0.2929852696469698,0.0605636147107892,0.06436668571009
BCS1L,SLC25A1,0.3877099978470839,-0.5767645781922758,0.1219550841307019,0.1863708121017337
BCS1L,GNPAT,0.2441047589443301,-0.4306904462425028,0.084973549558335,0.1368236656117552
BCS1L,CHAC1,2.207323019296949,-1.2056562559098485,0.5219528979296065,0.3280337589043964
BCS1L,IDH1,0.3547817780900706,-0.5717548260560665,0.1216768845217847,0.2033109396717372
BCS1L,DEGS1,0.2128073172644033,-0.3770449410091636,0.0698800451887902,0.1436961918681982
BCS1L,NSMCE1,-0.2459612807019034,0.3054204773524383,0.0849745942861509,0.1045128148019526
BCS1L,FASN,0.4251335670834138,-0.9813600104024124,0.1428968334486805,0.1624837374801871
BCS1L,DHCR7,0.6229690082445075,-0.6202245738358424,0.197225159027791,0.1953667830420439
BHLHE40,PSME1,0.245161109962287,-0.1401833012943467,0.0574213526357974,0.0489724203776355
BHLHE40,SC5D,-0.3837012718744115,0.3632357019454802,0.1195952511474845,0.0783715363916204
BHLHE40,RASA2,-0.2460207119789903,0.2008367097405619,0.0857431735355848,0.0747148121317973
BLZF1,MACROH2A1,0.1831625191683503,-0.1939435668029503,0.0671862674966725,0.0616105363257421
BPTF,PTMS,-2.224833226013128,0.7418984705109232,0.7659943923923417,0.2025873504664441
BRAT1,HEXIM1,-0.36843230317147,0.3922984905928764,0.1206731934616967,0.0964724524769789
BRD8,M6PR,-0.187272940187924,0.3010818648176787,0.0777991444047955,0.1047693122431468
BRD8,DGKA,0.2522169813514633,-0.34461634649669,0.0940688348870549,0.1170333149253355
BRD8,ACADVL,-0.2614933545118755,0.3306993758764636,0.0918906924959194,0.0991853939644925
BRD8,TMEM14A,-0.3517834997827707,0.612812315523174,0.1468142225043548,0.1679866101248435
BRD8,KDM3A,-0.3393116369424158,0.3939050688215192,0.1279160269855795,0.1139367441962188
BRD8,COX7A2L,0.2280833246290827,-0.3592197913210819,0.0783197099860893,0.1091922883222208
BRD8,GTPBP3,-0.4697315031352501,0.614519966293579,0.1752522573470624,0.1555944297786863
BRD8,POMP,-0.2526555297623098,0.2539011928943993,0.0870240960746559,0.086143016274566
BRD8,FHOD1,-0.4736974005466092,0.3817551616495361,0.1726361782072809,0.1385887345179708
BRD8,LNPK,0.2831390632165444,-0.359295657707188,0.0995179485785213,0.1253872481054803
BRD8,RGS10,0.2424124760292733,-0.3217367379143253,0.0924180173137019,0.1140864488146508
BRD8,TAGLN2,-0.2545352832545687,0.5239124178133103,0.1018276526251915,0.0952584961445588
BRD8,PRPSAP1,-0.3096382359857548,0.3946060781887165,0.1186734601214729,0.1389179061924386
BRD8,PCBP1,-0.1900670938154759,0.2526468736549326,0.0686065235626948,0.0935050191386771
BRD8,MIF,-0.3391977691564237,0.2745869173803702,0.1013377319357717,0.0578210794874747
BRK1,IDE,0.2744832065535363,-0.2974885684284168,0.0935754352492806,0.1109882715707522
BRK1,CALCOCO2,-0.2568844526869828,0.2427844868259396,0.0933786380904759,0.0888895730841898
BRK1,NIPA2,0.2443182740447601,-0.3582260306782482,0.0857895633002915,0.1214624636600101
BRK1,TNIK,-0.2856762315801952,0.3338420235020672,0.0998888988715704,0.1100507273409704
BRK1,MAL,-0.5458843896806471,0.6805917331412699,0.117080764689691,0.1664556199653929
BRK1,SF3A3,0.266078482936533,-0.2458838434754216,0.0879716583982571,0.0811852606207922
BRMS1,APOL2,-0.2295103038730173,0.189808887417753,0.0720298425702804,0.0774855444856565
BRPF1,GBP1,-0.4130146131415566,0.4171655772814951,0.1150143699050511,0.1066605108262597
BTAF1,GAB2,0.3938222147355316,-0.3238051197375014,0.1335437041141781,0.1216701504404575
BTAF1,GCN1,-0.184417196717332,0.1676225169056415,0.0720459085451384,0.05939549657569
BTAF1,ADA2,0.6386001853517544,-1.3014984809247645,0.1118542765762441,0.3613710792906995
BTAF1,HIF1A,0.2144466433052167,-0.2471294397648196,0.0805256272069115,0.0831507028954201
BTAF1,BMF,0.6132112274597992,-0.6096853497349242,0.2290846560150534,0.2431564322506373
BTAF1,ETFB,-0.1579395802718644,0.1633397380064033,0.0611139235200245,0.0599406603111225
BTAF1,GPR68,0.2711732770311677,-0.3349093108485513,0.1018788309033986,0.1315139619466107
BTAF1,SLC38A2,0.1850202445938164,-0.2718902989437882,0.0687587937859615,0.0694212356495077
BTAF1,MYO1G,-0.1423481994456929,0.1724407169317993,0.0473261664839076,0.0512754529193029
BTAF1,IER3,0.7272556615590611,-0.9614662004584852,0.2579748605426978,0.1970070653926651
BTAF1,GLIPR1,0.5834268066760233,-0.8434042852802603,0.1455091461159519,0.2546027826692888
BTAF1,UBAP2L,-0.1556808980264362,0.1938335688187192,0.0459052337926549,0.0433970197051827
BTAF1,PGRMC2,0.20310441722237,-0.1735887488155699,0.0621956525519249,0.0609335084990493
BTAF1,AQP3,-1.042110935775055,0.8340222517368471,0.2226290748822108,0.2660363566821058
BTAF1,LENG8,0.1484428799054589,-0.1984806045528285,0.0559144332352584,0.0590834627722108
BTAF1,RNF187,0.1338874830848212,-0.3145457121579619,0.0501588481582126,0.0723658516673847
BTAF1,DDIT4,0.6104170481802953,-0.5210205874183103,0.1720772487162941,0.0992944905202895
BTAF1,MAP2K1,0.1354337532172197,-0.1776199499677509,0.0454506488453529,0.0511126610014445
BTAF1,GSTA4,1.0041032799537162,-0.5775016949969436,0.3031207203342111,0.2306761974554153
BTAF1,SPSB1,-0.5594617373501245,0.5209383440433496,0.1397035498972283,0.159546219567687
BTAF1,CFL1,-0.154338719224561,0.1333441823054293,0.0447548395891133,0.0379382828353076
BTAF1,MTX3,0.6381274865814658,-0.4809111890438592,0.1286155687138073,0.1173087126014466
BTAF1,SPTAN1,-0.2218398641558633,0.1964174308054856,0.0516335529416026,0.0587132006053573
BTAF1,PNP,-0.2678797093575048,0.2786859016482353,0.0673497332574442,0.0695556420122443
BTAF1,CPNE1,-0.14561702429323,0.1629092235876524,0.051696929119594,0.0548082935207716
C11orf54,GPSM2,-0.6903036144991259,0.6981762212705824,0.2644596231300383,0.2129207622579725
C11orf54,GNS,0.4115959632528367,-0.7560542866222641,0.1394795646937393,0.2783369696519428
C11orf54,CALM3,-0.3883821083925102,0.2716294085955319,0.1031593138368753,0.10175085814108
C1D,PYCARD,-0.3183956468201152,0.3955764647714612,0.1042450738551077,0.1423668944478668
C1D,RRP36,-0.3579928803118364,0.3552631045537088,0.1097805634761129,0.1179640050444726
C1D,SESN2,0.727751805438871,-1.0880762298046966,0.2300530833090297,0.2430470359233068
CAMSAP1,LPIN2,0.3895599048263311,-0.4758725164008453,0.1260293188073389,0.1505656765150866
CAMSAP1,FANCI,-0.4630818373815782,0.2186398602495193,0.1444175192114855,0.0775460186294428
CAND1,SRI,0.2385644878762776,-0.1811960812843644,0.0706263192050461,0.0554359480236855
CAND1,ACVR2B,-0.6608172780526841,0.3649158178847706,0.2190803996262751,0.1198158197017678
CAND1,KIF21B,-0.321825765970116,0.1825330148067919,0.0823263628749968,0.0640877092128918
CAND1,BCL2,-0.3678448536250261,0.2290461464589285,0.09348613161074,0.0713178043727107
CARD11,DOCK2,-0.431420790414473,0.5103879224346677,0.1305993437298998,0.1716692661764476
CARD11,IFI16,-0.2654630871081728,0.5630387727096687,0.0964089491494415,0.1460627600677378
CARD11,CFL1,-0.3182673290833493,0.3699203896125042,0.0844482905545095,0.1075927521658288
CARD11,UHRF1,-0.6478458020117009,0.6420710379892356,0.2408801294829513,0.2061551311726473
CARMIL2,MTAP,0.5170060852568247,-0.6084311457161685,0.1528868064860558,0.2469803300346884
CARMIL2,LGALS1,-0.6263291803074889,0.7274786193518872,0.1813846605335101,0.1702306675585874
CARMIL2,NOSIP,-0.779499323878038,0.2981356545139522,0.1817985986450324,0.1274589179961625
CARMIL2,GZMA,-2.1145668517938097,2.2082237375556577,0.4316650880580109,0.5736705992557564
CARMIL2,CCR5,-2.339187957664697,1.3101382323058544,0.43420680968868,0.5356900841641359
CARMIL2,MID1IP1,0.3888038683870745,-0.3617763816828904,0.1049219260923902,0.11942020802002
CARMIL2,RNF213,-0.434749863097553,0.4227546697868788,0.1258403623655989,0.1667211291235035
CASC3,SUV39H2,-0.4414119585775529,0.3004728047106308,0.1650209395682098,0.0820906602915922
CASC3,AP3S2,0.4453238200187323,-0.3383633443362662,0.0998840444277039,0.1166868569761538
CASC3,SRSF2,-0.279503558758982,0.2723589252937549,0.1044181831487359,0.0724739210472156
CASC3,PXK,0.3301259451404698,-0.3583299221653461,0.1292652450660751,0.1054630144229776
CBFB,ST3GAL1,0.3432477929361982,-0.4192056793067862,0.1174783816665808,0.147953497301218
CBFB,CD4,0.3320772248692563,-0.4381408152786081,0.1239891177492569,0.1164758637361258
CBFB,CLEC2D,-0.2619088059936195,0.271124280006104,0.0870943587003257,0.0842461895828912
CBFB,PRKACA,0.2769001453096622,-0.4299112347789595,0.1046912456327082,0.1118081349304631
CBFB,HSP90AA1,-0.4042188627009585,0.33738418495034,0.1483495859387948,0.1086399406887146
CBFB,STK17B,0.2563312407418476,-0.3969685622821919,0.094720432712068,0.0923657002444204
CBFB,TPX2,-0.6008597598197195,0.2274156847951909,0.1866641365878959,0.0893866052242976
CBFB,PPP1R16B,0.5241818321309744,-0.3592919772741531,0.1663344442689999,0.1241256047344949
CBFB,STN1,0.3783014625133553,-0.2866695857100464,0.1322463713256927,0.1158082574905
CBFB,CUTA,0.2907477872187942,-0.2590270313577738,0.0934599271400668,0.1029372277159444
CBFB,CD2,0.3284602416446788,-0.3094529235103318,0.1057095785339913,0.0893447480850101
CBFB,CENPF,-0.5939682785518396,0.354811094552293,0.1968017509211773,0.1055950487333055
CBFB,CLN6,-0.5291327843914307,0.3509484020174642,0.1824757632545901,0.1235432363739951
CBFB,KRI1,-0.5699546562025248,0.3752811232432124,0.1742152012845321,0.1302105478157238
CBFB,GIMAP4,0.6218403934731387,-0.7175238186076541,0.1352526898861044,0.227476640748047
CBFB,IL2RA,2.683368775028389,-0.5014075050693492,0.2567238529958997,0.098098315593412
CBFB,TRAFD1,0.4632975612174869,-0.4395850658826755,0.1454282165793087,0.1695023426267539
CBFB,PHF11,0.3491490119573874,-0.3741893087288738,0.1198251268375409,0.1372821362735171
CBFB,CEP55,-0.5476154726101227,0.327387127971701,0.1882450896043911,0.0795930490904342
CBFB,N4BP2L1,0.6390222389884171,-0.94426607699981,0.206247701306053,0.2797102433697008
CBFB,CMTM3,0.4645636405944143,-0.2806188320909066,0.0976570892110134,0.098374813546532
CBFB,VAV1,0.2935848765359276,-0.3432007820718868,0.110510335050736,0.1243539944999854
CBFB,LYAR,-0.4813476760749424,0.465673308561947,0.1552900782256722,0.1335205805917913
CBFB,SSRP1,-0.3950452669039517,0.1703138433831514,0.1344515675030252,0.0657154002420637
CBFB,USP12,-0.4338999431642714,0.3705712125493232,0.1632335032415747,0.1028242726422829
CBFB,BTG2,0.5006871773003949,-0.517978923544253,0.1624097044577284,0.1423037568436621
CBFB,CSTB,0.2893002790616227,-0.3247060324460369,0.1044722740601863,0.1286665904311948
CBFB,RALGDS,0.5428701847674123,-0.53498532653836,0.1790225548846184,0.1854632845301304
CBFB,HMGB2,-0.543393284039143,0.1939267168124405,0.1592194817510187,0.0714604627349853
CBFB,VAMP5,0.7656296788404199,-0.5497121006134085,0.1615900375001898,0.2052296623797708
CBFB,AKAP13,0.3182149057861367,-0.5417719154089431,0.1062045791345529,0.1665063610093462
CBFB,SOCS1,1.0762055801947314,-0.3196375739118321,0.1337984869892837,0.127061868135943
CBFB,PNP,-0.4078688452469313,0.2973111323052543,0.1386148481513626,0.1102358546536597
CBFB,SIPA1,0.5501837549430274,-0.3683852276266203,0.1255280830823448,0.1276137644919072
CCDC93,PIM1,0.2561188034178944,-0.4091305432924275,0.0787676598150165,0.0852904257515923
CCNC,CASP10,0.3320237800880865,-0.2018479180903955,0.0850077809008617,0.0927708905028791
CCNC,FKBP4,-0.4074621539315616,0.2892599448728125,0.1611880003801505,0.0840612940402381
CCNC,TSPOAP1,-1.0542298172993672,0.6312814785322903,0.1773181708562665,0.1788549869200151
CCNC,RHBDD2,0.2796489612222155,-0.5644848076820207,0.1143309833184521,0.1367533642574037
CCNC,KDM7A,0.3425697927032642,-0.3648235788902433,0.1489744286639695,0.1291667592214478
CCNC,GGCT,-0.2365675973892539,0.1309251864381362,0.08808840514833,0.0491025604376004
CCNC,RANBP9,0.215754955163045,-0.1186411783482383,0.0524962672435977,0.0485471480681468
CCNC,CALCOCO1,0.3331536937530752,-0.4027718279335624,0.1259952742344017,0.1747713579988617
CCNC,RUNX3,0.334410452247477,-0.4064489484694224,0.0680185288358175,0.0774926498865979
CCNC,SH2D2A,0.2488977984491605,-0.4723780703491718,0.1082539795561376,0.0806724877265187
CCNC,TNFRSF1B,0.5181575885476285,-0.5565326266887611,0.1052246626207977,0.1084143662556174
CCNC,RABEP1,-0.1231349411399103,0.1399353756805522,0.0483161912016916,0.0615378822019051
CCNC,CHPF2,0.2668220377953372,-0.4265228618089013,0.0633145348388185,0.0718675944303403
CCNC,FUT8,0.3061637380848899,-0.2527435550557582,0.0782955705265184,0.0985405621588337
CCNC,GAB2,0.3510191753825115,-0.3066776072814762,0.1390095294386258,0.1120417472316763
CCNC,TMSB10,0.1473590480060135,-0.2035069670656576,0.0544458354631034,0.0743802085628869
CCNC,RNF19A,0.3892250750100806,-0.3300096922562237,0.1067399577999328,0.1168706969935614
CCNC,FAM136A,-0.2340027122237524,0.1969515617927198,0.0932844338452416,0.0660052226469274
CCNC,RCN1,-0.2492209238342761,0.3996370003033715,0.1012023972487388,0.0764351160460854
CCNC,PHPT1,-0.1837806500556976,0.1864153269899331,0.0796233760442098,0.0638039919680498
CCNC,ATP11B,0.0908708227034513,-0.1144918249279963,0.0343905810490425,0.0393196243994616
CCNC,SLC2A3,0.2367963993682152,-0.4074304676125092,0.0834877820078821,0.1259556099131997
CCNC,ZNF275,0.2257752087484583,-0.2461939613999431,0.0965344582179362,0.0903981488708644
CCNC,DDX20,-0.2572523421434077,0.2314399497706197,0.0811371385835811,0.0755013656209697
CCNC,YBX1,-0.2227753333637215,0.1665575047910446,0.0821036685358549,0.0410525087536301
CCNC,PPP2R5A,0.1546943618961601,-0.140016412587098,0.0549678200408182,0.0425212636092258
CCNC,RASSF1,0.1849004425062971,-0.3013727837571519,0.0757072255193902,0.0659681430956158
CCNC,GRIPAP1,0.1616329712537472,-0.1909659399918515,0.0471137864980624,0.0486098260616071
CCNC,NUCKS1,-0.2190130470059724,0.0892064658950111,0.0703580167020011,0.0346644234210526
CCNC,OSBPL3,0.1941440539411458,-0.2472864154604609,0.0675289082629625,0.0801915079503364
CCNC,TCF3,-0.26843605668247,0.1585336984974431,0.1084978016040829,0.0604321793418947
CCNC,MBD3,-0.281006699956258,0.2622768157345594,0.0858329696808016,0.0625196558573101
CCNC,AFF4,0.1840139281114475,-0.1918848993214014,0.0541894655221733,0.0653988289606614
CCNC,BCS1L,-0.3096258187475026,0.3512073367793712,0.1267854006648247,0.0766776219900906
CCNC,TIMM21,-0.3820447190804835,0.267554225987453,0.1103591350781223,0.0644353542606762
CCNC,FOSL2,0.3760168683583792,-0.6413409432661931,0.1263796433391334,0.1310174459675663
CCNC,APBB1IP,0.1525558190485374,-0.1326014137372932,0.0548251934080056,0.0623773279968934
CCNC,CPOX,0.2911760707394469,-0.2095220829765539,0.0832964900072932,0.0682429864862476
CCNC,CLDND1,0.3718541249838804,-0.1922522829356246,0.0894482011245576,0.0668920722494731
CCNC,OSTM1,0.2107724382550263,-0.2700734188423855,0.0763508631674514,0.1091850186824655
CCNC,STK17B,0.6342348252125004,-0.2332466471658314,0.0738362921129174,0.0710831320438351
CCNC,TRAF5,0.4649687402317852,-0.1944544672941879,0.0733844684055098,0.0761167398876275
CCNC,TUT7,0.1696442965913726,-0.1407201966694297,0.0529468631945916,0.0502352819803901
CCNC,AGBL5,-0.3623120669786658,0.40020024116578,0.1250598798088115,0.0854817077257212
CCNC,BAX,-0.2654259132883475,0.241081426880059,0.0648381599070473,0.0885075745062282
CCNC,RTRAF,-0.1034385813145778,0.1194765817852316,0.0462509926852149,0.0401706984677482
CCNC,PXN,0.1839518029432924,-0.3232830106876291,0.0729096405598729,0.0873530674936126
CCNC,FXYD5,0.2350720926166682,-0.194418012971373,0.0784982126491349,0.0458878135538659
CCNC,FH,-0.2174578195638299,0.1403949503566201,0.0846116473452837,0.0442195398684415
CCNC,PSME1,-0.1891933058388526,0.1895715639079535,0.0541704441062179,0.0421326604323997
CCNC,OSGEP,-0.2857119821440041,0.2001073397388673,0.0863470658700081,0.0599533229834848
CCNC,XYLB,-0.8455293901978216,0.2928019107482755,0.183361948772816,0.1313805253653406
CCNC,NUBP2,-0.2101273704061365,0.1507572050972651,0.0764309819215272,0.0668633771902959
CCNC,SMARCB1,-0.1950384335303801,0.1262699631624393,0.050327152464095,0.0386571077318662
CCNC,DERL3,-0.7049272932676391,0.5377477940177949,0.2531516794763663,0.163293495652919
CCNC,TOMM22,-0.1832173891429461,0.2025500475782702,0.0805365537416196,0.0552679420446129
CCNC,TTLL12,-0.2588081286383023,0.3435108689152883,0.098400415211542,0.0772735771537783
CCNC,SAMM50,-0.1460203288990584,0.1203247139628804,0.0602407607128125,0.0568616255279298
CCNC,PRMT5,-0.4145217849598375,0.1829408737467648,0.1333307730723236,0.0818868159913088
CCNC,SUSD6,0.2146439023273521,-0.3887563708460566,0.0671153828692996,0.0596019714594928
CCNC,VRK1,-0.2473015038652521,0.1446099010341804,0.0693185045163139,0.0339195062471982
CCNC,PSME2,-0.3881982356660221,0.145996206613244,0.0874728628226139,0.067027602230914
CCNC,ADISSP,-0.5613235478305385,0.3450997817459395,0.2405386754502108,0.1367583398799957
CCNC,AHCY,-0.3769581807347019,0.1509714999247618,0.1227547222412682,0.0670796643179483
CCNC,RBFA,-0.3184988265623364,0.2490232978876355,0.133910617767513,0.0827933241204482
CCNC,NDFIP2,1.8619174785526689,-0.2645429294416024,0.2405390551479492,0.0801864003278334
CCNC,NUTF2,-0.3060513190166866,0.1342477944173124,0.0604550807904757,0.0401923055201256
CCNC,TRIP4,0.2130366741820897,-0.1578248213111742,0.0681167826161353,0.0735177000341357
CCNC,ERI1,0.3054298779311294,-0.2952116243373989,0.1254330059515069,0.0715157801127732
CCNC,TRMT1,-0.3177596742411711,0.2978839419562447,0.100960717323644,0.087043560416949
CCNC,RASAL3,0.2686819335616837,-0.2695775168857857,0.0732497248586334,0.0621513015766473
CCNC,ARMC6,-0.1905385109211126,0.2434322323678989,0.0648433722492088,0.0722490428187367
CCNC,DOCK8,0.1866402535392416,-0.1289481349048788,0.0438469876366679,0.0594095019722288
CCNC,TASOR2,-0.1655879705785573,0.2562865016630886,0.0624448745371884,0.0599058851739267
CCNC,C1QBP,-0.3217573510984836,0.2591399967088497,0.1316251176844134,0.0775878244761308
CCNC,BLMH,-0.2890452418647419,0.1924693432431903,0.0664031367555844,0.0567064518022524
CCNC,AKAP10,0.1224464985716861,-0.1124268927208662,0.0512279034705806,0.0517545341866489
CCNC,RAB5C,0.100850540769203,-0.1700204157865366,0.0383202688383225,0.0653631870542666
CCNC,PRKAR1A,0.2007707026513666,-0.1065783836178102,0.0462870004956332,0.0480691315393916
CCNC,RANGRF,-0.1552238935567201,0.1260604154849247,0.0635278928296526,0.0514141792308455
CCNC,CLCN3,0.1614254352955195,-0.1785447034788623,0.0537493616942204,0.0653113843650302
CCNC,CTSC,0.4232390467791835,-0.2980434872553064,0.1147200546338955,0.0762467186790455
CCNC,VDR,0.5152042804629986,-0.6571129654175715,0.1691925126271911,0.0737341691488959
CCNC,GNPTAB,0.222429647014743,-0.2053995042655285,0.0600305793896525,0.0796585163527499
CCNC,RWDD1,-0.1239226082468857,0.1377117015770399,0.0450765623773097,0.0430438107563561
CCNC,MAN1A1,0.302093353439475,-0.2213890190371271,0.1305738436045752,0.0741514427141259
CCNC,DNPH1,-0.3919674110930533,0.2853070711125495,0.091968197082402,0.0547899959714456
CCNC,HBEGF,0.8508374913988244,-0.8829167679743658,0.2819940761136,0.1599732225371577
CCNC,CCNG1,-0.28097459492643,0.2400278405014752,0.0796764724034768,0.0585546474851324
CCNC,RAD1,-0.238548664430031,0.1556763232834163,0.0948625849823945,0.0566665947856511
CCNC,BRIX1,-0.3053247320906047,0.1674153577380388,0.1141107291493947,0.0788274586003138
CCNC,ZAP70,0.1215778324235873,-0.278200217843789,0.0466981812006304,0.0539843991602127
CCNC,CYTIP,0.2131409443461834,-0.5082411581772568,0.0573418983603781,0.0575131851894019
CCNC,CCT4,-0.231013075142864,0.1392316984141336,0.0980276339323553,0.0509479663168114
CCNC,MSH6,-0.2829249183866536,0.1270147760762669,0.114003966277824,0.0579923264419981
CCNC,EDEM3,0.1525733212475599,-0.1482569919979199,0.0604940630719084,0.0700663122051152
CCNC,RAP1A,0.2535242219316596,-0.2282917148468008,0.0614198055866558,0.0505920333809552
CCNC,ARHGEF2,0.2650227763184881,-0.209170406859327,0.0502099235783743,0.0530739151777222
CCNC,KIF21B,0.4331828893594486,-0.6218751792705748,0.0780744790613747,0.0674043406630827
CCNC,SLAMF1,0.3578191447602536,-0.2381735047049884,0.0994643534260617,0.0768389146852035
CCNC,CTBS,0.235906594953207,-0.2589667390950663,0.0762615105225327,0.0609158707854976
CCNC,HSD11B1,2.2668174599478443,-1.067757634505888,0.416227493219838,0.3797916506602788
CCNC,KPTN,-0.3205227526903338,0.319236985625055,0.1247522751981197,0.0967876141952706
CCNC,IRAG2,-0.3921501061784723,0.4154485180676945,0.1695181615126977,0.1396862050162828
CCNC,DYNC2I2,-0.4460951548866003,0.411265892389216,0.1351039854658342,0.1371577469684742
CCNC,ACAT2,-0.3409085349576133,0.4564183069006362,0.1242958067672729,0.0624351948150308
CCNC,ENY2,-0.138772686542228,0.1240072804382427,0.0615778312064553,0.0348267590067962
CCNC,TNFSF10,0.4243786229617934,-0.5128077801142624,0.1115721027846409,0.181077089960373
CCNC,GTF3A,-0.1386748432712148,0.1346510861262215,0.0572639521942694,0.0520647923459359
CCNC,SRGN,0.2932260788478254,-0.2112338019826685,0.108220700045972,0.0939896562013466
CCNC,P4HA1,0.2223404917838916,-0.2068097211181681,0.0941053518256081,0.0711329674440301
CCNC,NLN,-0.6662380942827291,0.4322200326615623,0.2112790193286069,0.0963196601060886
CCNC,FAM199X,0.1630529850156875,-0.2987369652713569,0.0602148096879128,0.0786241486190044
CCNC,DNPEP,-0.2298003017264961,0.289709692444297,0.0752027971386791,0.0617310730669963
CCNC,RNF114,-0.1224545565162315,0.1111758017022477,0.0465330498491284,0.0473127812534688
CCNC,SNRPC,-0.1505872628451237,0.1250631945926867,0.0587509020277191,0.0368778761124783
CCNC,GPR108,0.1892369165998356,-0.3477011848928716,0.0653305002926558,0.0648724361546833
CCNC,TRAP1,-0.346491560746583,0.2342042902088791,0.1466301341018064,0.0659308897131134
CCNC,DNAJC8,-0.0977740285739412,0.0948663656897729,0.0390054478170535,0.0338464505641384
CCNC,DUT,-0.3153230560727801,0.1216881829801733,0.1206807793242314,0.0464133009229496
CCNC,ILF3,-0.2112900514965087,0.0999203213908783,0.0604639135818466,0.0362835546558517
CCNC,GAMT,-0.4229236554753899,0.2879966155585535,0.1884149777258358,0.1202145887614316
CCNC,SLC27A1,1.3646972413382483,-1.1600547209448504,0.4412059627867115,0.4671956338472912
CCNC,METTL26,-0.2069457073641846,0.1019686085764324,0.0711506730836526,0.048626411257182
CCNC,COX4I1,-0.1020584221393464,0.0756328158718571,0.0342214805786094,0.0277180847848543
CCNC,PPT1,-0.1286384158374998,0.2683730852560689,0.0391271871580399,0.0472803169971852
CCNC,NDUFA2,-0.0921682680876868,0.1818862244661031,0.040897579932602,0.0397550196653858
CCNC,NDFIP1,0.1293261712124219,-0.2782472599377196,0.0528141336975958,0.0721995770232479
CCNC,ACTR10,0.153202986187769,-0.1382690522894463,0.0449825069798264,0.0533737618694723
CCNC,PTPRE,0.2427806195959156,-0.4437124725918517,0.0980650051577283,0.1061608656363854
CCNC,RBM38,0.5720730218438789,-0.1626257014250136,0.1325544133818335,0.0642776138297333
CCNC,SRRM1,-0.1529307215281041,0.1153683027972443,0.0516121639616799,0.039089564629775
CCNC,MICAL2,0.6217952549607944,-0.7525192664497463,0.1927360424023561,0.1043653067120489
CCNC,NOTCH2,0.2347671150088583,-0.2584630707788271,0.0814979818664137,0.0987196715742717
CCNC,IL2RA,0.6038051095780468,-0.3378642919876716,0.2362614387822647,0.080706275667472
CCNC,EMP1,0.8974137967891908,-0.6338338094208158,0.3983002196159529,0.2182533539242353
CCNC,MDFIC,0.2451448179398594,-0.3004886764593281,0.0695863335213106,0.1034399761538063
CCNC,ATP5MC2,-0.1025466306924915,0.1615558383518302,0.0423015406325671,0.0344120889824472
CCNC,AGAP2,0.1995716025520412,-0.333190090208195,0.0556139509264566,0.0780518180358414
CCNC,NUDT15,-0.2721361000490449,0.4007235758483787,0.1094759646849323,0.0702771196660454
CCNC,BZW2,-0.4294759628168717,0.2219489539499151,0.1022247387531251,0.0753340316876011
CCNC,MYO1G,0.3178417713479312,-0.1512710352580606,0.0485931392994893,0.0535362781961283
CCNC,TM6SF1,0.3853571724083456,-0.4884682546895015,0.1652953609576102,0.1407529217095378
CCNC,IL18BP,0.456892301718058,-0.550985522249098,0.1694256499381737,0.1457087623044878
CCNC,SDCBP,0.2098449597642545,-0.3020540466868275,0.0836418598478543,0.0882348258185573
CCNC,TUBGCP4,-0.2544613825908923,0.1178561821363808,0.0831838193888334,0.0537313679963317
CCNC,CALHM2,0.4146801997559551,-0.3195519345983459,0.0949915997634135,0.1441831727210042
CCNC,GSTCD,-0.3377280469497129,0.1971658956876991,0.1203033986219219,0.0594672883778783
CCNC,CLSTN3,0.2586784415020776,-0.3665107333084733,0.0953912598139401,0.0915713532271619
CCNC,SNRPF,-0.2786169099250769,0.110152145280292,0.0896033494781813,0.0516369181184659
CCNC,GPR65,0.4069890724889207,-0.3328567413758684,0.0882912692818285,0.0928015209976405
CCNC,PSTPIP1,0.2802453350184809,-0.528280815362264,0.0887006696067709,0.072994569291152
CCNC,NDUFB10,-0.1094839374738592,0.1547702966094551,0.0437067241620742,0.0469512764955952
CCNC,PTRH2,-0.3218974826271908,0.2151141056952191,0.1338616201681572,0.0887932224020499
CCNC,TP53,-0.2444750789260625,0.10989974710379,0.0553633264521367,0.0516140412569384
CCNC,CSNK1D,0.1309555313154761,-0.1285740063864332,0.0523449769346635,0.0458515794372169
CCNC,RETREG3,0.1551766886836031,-0.2473992046265467,0.0671960534309392,0.0803578033573503
CCNC,SYTL1,0.3004950146474349,-0.2928522440579461,0.0959364137046255,0.0983543485896994
CCNC,WDTC1,0.1582853058938298,-0.1748683094813621,0.0671111326870013,0.0730859450292263
CCNC,SERBP1,-0.2474175851673605,0.1238955419571002,0.0718558041059929,0.0496659954681694
CCNC,CD53,0.1940364792634461,-0.1603467476748988,0.0525362058384681,0.0629570138701392
CCNC,CHAC2,-0.3133053206982224,0.559007347044603,0.1283197658750408,0.0962195523895096
CCNC,CDCA7,-0.447352894059528,0.2581472719326003,0.1235042556551403,0.1153755021136662
CCNC,ARL6IP5,0.3840473267044828,-0.1391711777653212,0.0538876567196589,0.0645140251891409
CCNC,PPP1R18,0.1567860168232044,-0.2463126969858015,0.047439626521474,0.0571236230200264
CCNC,MDH2,-0.2239825771337527,0.1085289346242058,0.0743714196736486,0.0515792619777337
CCNC,MEPCE,-0.2008094919932121,0.1307459843455683,0.0698241570778254,0.0482478042899744
CCNC,MFHAS1,0.3127304285207593,-0.2003769999826101,0.0630239936435464,0.0577898958549386
CCNC,SIGMAR1,-0.1828071764999673,0.2981631630184573,0.0806601062162197,0.0751444688168159
CCNC,SURF2,-0.339392582937649,0.288537371844713,0.0881782081764806,0.1216638831140498
CCNC,EI24,-0.204527845222129,0.2344372084260835,0.0674491119758711,0.0551114381738242
CCNC,CRIM1,0.857208276936022,-0.7809168921476635,0.3819998859917706,0.2007105150394059
CCNC,THYN1,-0.1247828714424015,0.1110429304826755,0.0533483421749122,0.0457034236571222
CCNC,ADAM8,0.397855231098378,-0.5283784551019359,0.0870361927752052,0.106057540782132
CCNC,ATP5F1A,-0.140314747382928,0.1113164462021991,0.0550853471126244,0.0356500023717195
CCNC,CENPH,-0.3324017487872308,0.1271660675386498,0.1214262360947226,0.0388537031556085
CCNC,CYRIB,0.1892456734542524,-0.1764274043858316,0.0456938172056547,0.0460719253339281
CCNC,JAZF1,0.6277504818769868,-1.2277627904109183,0.2476948115966432,0.5496002819072126
CCNC,KLF10,0.2895962964272951,-0.516796349847172,0.1105874296127854,0.1269888772686745
CCNC,AGPAT5,-0.3057771081895499,0.12233040013312,0.0932162663890469,0.0526495678806279
CCNC,SLC16A1,-0.4601453984411904,0.1828563743753881,0.102411735731253,0.085016586456242
CCNC,NUP205,-0.2487701015794532,0.1337419793160393,0.0664367416662219,0.0324020780007574
CCNC,SLA,0.2841814575183638,-0.6941127812952737,0.1026764180451848,0.11780424458379
CCNC,ADK,-0.1664699899566701,0.1180087901994035,0.0743381367265997,0.049143517439012
CCNC,ZFAND3,0.1545818385072602,-0.1763937338350202,0.0513168995172317,0.0663094576280712
CCNC,SSBP3,0.2595528794500677,-0.4499002245561863,0.0663591453554701,0.0742781801748591
CCNC,FCSK,0.2806967826727897,-0.3452418958559098,0.1130859803486095,0.122853039957286
CCNC,ARHGAP27,0.1640031004652615,-0.1877312984222614,0.0640501937848047,0.0869912539637026
CCNC,NEK8,-0.3531767100572566,0.5296150008320168,0.1577502124754069,0.1817237751451007
CCNC,CRTC2,0.1095895923197373,-0.1549405102651219,0.0440682472311019,0.052187926826826
CCNC,CCR5,0.877522745286001,-1.3692814746685908,0.2880774922584198,0.4165153240842305
CCNC,FDXR,-0.3832519097789212,0.4287339769231461,0.1210545308400947,0.1302037986518513
CCNC,GBP2,0.4380980665676672,-0.2716282034636846,0.0867457947284465,0.0781688018168086
CCNC,WDR26,0.1637114137043466,-0.2402255102225017,0.0547741089811653,0.0427840157615455
CCNC,DPY30,-0.1283945852233762,0.2435588178671449,0.0557556176597173,0.0386464552677374
CCNC,COQ8A,-0.3582309292841587,0.258706758668756,0.1067131471599577,0.1085457543629732
CCNC,RNF149,0.2760473806176363,-0.2560376454561713,0.0736027294775553,0.0724156165263317
CCNC,BOLA3,-0.2421925692270803,0.1430870581435716,0.0949551848259835,0.0590597650548643
CCNC,TGFBR2,0.3963053939513337,-0.2350593749020431,0.0695133191099026,0.0750061436309511
CCNC,AIM2,0.8017941439887933,-0.5435958726337127,0.2985798479321203,0.1377333439170045
CCNC,CTLA4,1.103871693603487,-0.6480438189841227,0.3384558375032002,0.1833592150759759
CCNC,RBM47,1.227574372450003,-1.4880396116054844,0.4622697596567736,0.2070559073116592
CCNC,CCR1,1.5187023119527054,-1.1260017320053366,0.4957058663027965,0.4495012337151549
CCNC,MAD2L1,-0.3546581181171768,0.0879965288516993,0.1119851128819171,0.0354335532188666
CCNC,ARFIP1,0.2945537474009561,-0.2116446343637171,0.0796684114475341,0.0994526098013282
CCNC,ABCE1,-0.2250276416912046,0.2367291850214258,0.0965225505669071,0.0672519230400972
CCNC,ZHX1,-0.1835986431230984,0.2039122138597626,0.0740162055146456,0.0841635208178806
CCNC,CARD19,0.1799762071500116,-0.1919894789701296,0.0802008754392556,0.078460157696171
CCNC,ARF6,0.1455191632081359,-0.2877893745537374,0.0363230693439689,0.0421788988489833
CCNC,BRD7,-0.1466307658580599,0.0845127852041812,0.046771190543431,0.0372451406732954
CCNC,GOLM2,0.1259576334079979,-0.120445041772074,0.0449993414507142,0.0562270023114732
CCNC,FBXO22,-0.1861184378222019,0.1915548084955102,0.0731295162302623,0.0577479459522192
CCNC,STIM1,0.1156570650702084,-0.2293667608259114,0.0463606116203453,0.0557695977387289
CCNC,NDUFV1,-0.2141161340539891,0.101833267419342,0.0629454779160894,0.040642095776952
CCNC,NUDT8,-0.6029569871485978,0.5110027942436832,0.2498370849340696,0.1118599415211773
CCNC,MLST8,-0.2589523220596406,0.2240571350803619,0.0804516971882251,0.0910212608202146
CCNC,SAC3D1,-0.4127699801890497,0.4119401682469052,0.1173283815934384,0.0946629902156593
CCNC,CCDC88B,0.1235622330103849,-0.2107314088521354,0.0535538010796215,0.0687561111773637
CCNC,DDIT4,0.6730151714836544,-0.5460627644814249,0.1796534039344611,0.1048836233065594
CCNC,THAP11,-0.1746012821599011,0.1446272207875392,0.0431614354250355,0.0495659994739927
CCNC,NDUFS5,-0.2409003016843584,0.1351119577038498,0.0640858356586352,0.0528040748780188
CCNC,INPP5D,0.600895459151223,-0.230331005819522,0.0678647977321752,0.0810830367035908
CCNC,CENPX,-0.273320617636371,0.2721214760505843,0.1028263685084312,0.0759837219408962
CCNC,PDCD6IP,0.1612910547322194,-0.1062591467098875,0.0432077967453086,0.0376090683252781
CCNC,FEZ2,0.5158304055577947,-0.2675218193828144,0.083632800715107,0.0850407769177133
CCNC,RBKS,0.551196175534346,-0.599011333500958,0.2205808499169496,0.1716576113909872
CCNC,BCL2L1,0.4980971910059874,-0.3669289630584955,0.0851876830128385,0.0810159813127114
CCNC,COPRS,-0.2326991398299084,0.2576436062643108,0.098605233199924,0.0763265642860877
CCNC,METAP1D,-0.8115352217758343,0.5193525703942519,0.3124964217195426,0.1819796456815064
CCNC,TADA2B,0.1384110165035436,-0.2309419158388236,0.0573571583469354,0.0710532525675628
CCNC,SCAI,-0.4628293986666937,0.2548485097842073,0.1066330434028164,0.087691436245522
CCNC,BANF1,-0.2253256110236629,0.2074008917030856,0.0838757686289123,0.0424501687864078
CCNC,LMNB2,-0.3858527909187446,0.1448541733598204,0.1090327885641092,0.0475432147639658
CCNC,MEX3C,0.335677475206688,-0.1347084536890344,0.0739089842082457,0.0611074579450439
CCNC,DEAF1,-0.2220311143694507,0.2104949689177399,0.0825643007287641,0.0732362087632918
CCNC,MTX3,0.3607005346477432,-0.3096654322841537,0.1366236560266402,0.1211458069347453
CCNC,SLC25A22,-0.4541808282850525,0.3975293398104768,0.1019725410553856,0.0920565635338274
CCNC,CHID1,-0.1975461967571004,0.12735984505549,0.0796589724364779,0.0496775552220211
CCNC,IMPDH2,-0.4718596546074799,0.1633743810079405,0.1426796595327715,0.0584906908001215
CCNC,NDUFV2,0.3305239826541685,-0.3489781141143207,0.0722105993273617,0.065559813955262
CCNC,CD28,0.3339664461620563,-0.3461025229522489,0.0868841180495167,0.1065264627948826
CCNC,MAF,0.4911426813127736,-0.7333056326496176,0.2144005505968459,0.259861323486582
CCNC,PFAS,-0.4151204495589576,0.3187354159947015,0.1509185863920956,0.0888558286789941
CCNC,ZBTB7A,0.24152812555262,-0.1840676368400104,0.0477624814361144,0.0709179410445999
CCNC,CYC1,-0.217886665179079,0.1835696678586189,0.084235641263976,0.0451679680906465
CCNC,ELMOD2,0.2615095146026314,-0.210745227072257,0.0804465596813267,0.076970254321403
CCNC,GEMIN4,-0.4140745254045163,0.1859264953725559,0.1172599554737719,0.0660314273029379
CCNC,RELL1,0.1870059699568066,-0.218265589111247,0.0616257968965968,0.0775972396443473
CCNC,HAPSTR1,0.1168468831253325,-0.1213260352410175,0.0342328509145185,0.0452716604107363
CCNC,MTA1,-0.1598131157855277,0.1357340097159792,0.0677283038996858,0.0494340230397538
CCNC,NAA38,-0.2137630026232393,0.163809388934232,0.0663250668480823,0.0535055039883379
CCNC,TM2D3,-0.1432333442405442,0.1360457962522899,0.0546020715317041,0.0608223755175202
CCNC,STING1,0.1953949879270033,-0.2654145882166189,0.0725306275196329,0.0973785257623818
CCNC,APOBR,0.3832890573283636,-0.4743581869849634,0.1079035968530476,0.1720187965750786
CCNC,PTRHD1,-0.1737247247749224,0.246530447905561,0.0663079521512886,0.0610866660385478
CCNC,GPRIN3,0.4228021733374423,-0.2318220559838156,0.0885731901024567,0.0962889242407575
CCNC,DMWD,0.3977295416245326,-0.4596123327770034,0.1472246674410423,0.086856396659542
CCNC,MRTFB,-0.3954392544824379,0.4511961427991418,0.1592459034683989,0.1552104268214445
CCNC,TNFRSF18,0.8011431866705921,-0.6477929509129515,0.286308541494128,0.2440426611828742
CCNC,NHEJ1,-0.2652475381736802,0.1311230069257352,0.073671678742467,0.0599169000835212
CCNC,TMEM120A,0.2759268611027274,-0.2984100712355554,0.1221054386007056,0.1066098964623194
CCNC,PTPN1,0.1299238604314894,-0.1220878457006526,0.0445266217897487,0.0495034747773355
CCNC,IPO4,-0.4394886859322346,0.4562834318399659,0.1913343891808228,0.1323318826912567
CCNC,MAN2A2,0.233827253664493,-0.3022771167438639,0.0721075915794358,0.0786229620722944
CCNC,HDAC2,-0.1856613112161483,0.1852440794348733,0.0674361790240732,0.0529046566575801
CCNC,RABL6,-0.1251612987364943,0.188613644632219,0.0516602877604518,0.0555134318088969
CCNC,PDLIM7,0.5233295071676505,-0.6164397639467344,0.1886398483182468,0.1240618595324991
CCNC,KIAA1671,0.4501010203125636,-0.3504058185116303,0.1633418161703651,0.1443721320322013
CCNC,PSAP,0.1911348939608767,-0.2049655179808794,0.0722467036216989,0.0779812817154773
CCNC,TFDP1,-0.2097256493141845,0.2116910782812614,0.0861547061028796,0.0565021629952842
CCNC,CARD11,0.2267272105649597,-0.3968823361956701,0.0767765275211003,0.086993573051947
CCNC,C1orf174,-0.189782727281747,0.178302338304259,0.0705311072703589,0.0545493937431733
CCNC,LSM2,-0.2037622632179099,0.0987923089296651,0.0847105866038353,0.044808225172456
CCNC,C6orf47,0.2987780260557708,-0.295851233222163,0.0998154415894983,0.1306051981727423
CCNC,JPT2,-0.2234359474609004,0.2587769674431512,0.0891259340668075,0.0624484388532314
CCNC,SUPT4H1,0.2766212635348357,-0.1489268254669498,0.081778041041602,0.0616558970921238
CCNC,TMX2,-0.1448738173957239,0.1573756676077553,0.0614887091508133,0.0526916248129156
CCNC,SLC35F6,0.5212515089255441,-0.407238033425371,0.092088549675105,0.1189428055169573
CCNC,IFRD2,-0.3803543142212871,0.2484112877945924,0.1355524787321078,0.0967395371427106
CCNC,NDUFAF8,-0.2455379598449743,0.3171579152458065,0.0890789388022596,0.067044759013581
CCNC,SLC26A6,0.3331888630628891,-0.2602027539813129,0.0841072474452006,0.0892166337411744
CCNC,NME1,-0.3278995359576774,0.1729649224537946,0.1336723739159643,0.0678117007641396
CCNC,PSMB9,-0.1734042757214566,0.1969754827682277,0.0655992404538438,0.0529101725203626
CCNC,PLEKHO2,0.3433060150914825,-0.3108489574580628,0.0855686043310982,0.1008447097550569
CCNC,ACY1,-0.4934921814070274,0.3303483475332059,0.1523245120021324,0.0867295209214478
CCNC,GALNT4,0.6660102512110793,-0.2055877600362188,0.1256501814180546,0.0950067768769356
CCNC,AARSD1,-0.3508640816792736,0.1776439709266991,0.1140391841922496,0.070737545686688
CCNC,ACACA,-0.278021131339493,0.1888067113662372,0.1126025269563868,0.0618083734949644
CCNF,TPR,-0.1629616477974248,0.1792791471728354,0.0612564726175014,0.0472855796611421
CCNF,ZFAND1,0.2579751875292671,-0.2676441301340859,0.0953443298137942,0.0785646159004654
CCNF,SMC2,-0.3890503553393087,0.1728991026830069,0.1120884478115455,0.0467042720434186
CCNF,FANCI,-0.4372931068553326,0.2096540767018402,0.1217668540593204,0.0494036846719458
CCNF,ZDHHC12,-0.318770131486839,0.3471121416274236,0.107073798168034,0.1003139314425205
CCNF,USP1,-0.2663046015390416,0.1651274719414091,0.0879625918260361,0.0454207833216305
CCNQ,MT1X,-0.6976168843718178,1.148636218683835,0.2210206204639401,0.1809766088112309
CDK13,MICU1,-0.2571444714134051,0.1547916992878169,0.0912413232488645,0.0567261884753482
CEP43,TBCB,0.1879976816148371,-0.2259248780780227,0.0702578217673502,0.0789308509975539
CEP43,CLEC2B,-0.3044590628725296,0.4502288278472136,0.1129162766709614,0.1494361416547202
CEP43,BTG1,-0.5675677596791231,0.421466427843869,0.1454963501662166,0.1190899378472628
CEP43,CD226,-0.2805399271782446,0.3740591931547429,0.1035523941178409,0.1172259142752197
CEP43,CCT5,0.4843877700881296,-0.3238407641607575,0.1167074369754039,0.0955324425806642
CEP43,CD47,-0.1606160244676913,0.2569032398064205,0.061916070909266,0.0594200894991946
CFAP20,CD44,0.2998884213642612,-0.6486592987592724,0.1018670221470873,0.1517219638435068
CFAP20,BCL3,-0.4427939381866873,0.2515782490072801,0.1398396493421511,0.0980973417202333
CFAP20,SESN2,0.7156277543792265,-0.7677626690694702,0.2236048088560935,0.2322313020564916
CFAP20,PSAT1,0.537295023882188,-0.5673353305250142,0.171067734142524,0.1282930020057651
CFAP20,MFGE8,-0.649959669797396,0.9234518229439946,0.2121236193542691,0.2561216446575999
CFAP20,EFHD2,-0.3347647373777715,0.2748848841085798,0.1026348598272561,0.1039456553161144
CFAP20,DOK2,0.2414680424350659,-0.3043865316221118,0.0863490732273925,0.1218099910856898
CFAP20,PALM2AKAP2,-0.8084872199131455,0.4548967427648169,0.2565372522270687,0.1247584713678851
CFAP20,ORAI2,-0.5487844230539011,0.4835914935047936,0.148461739630276,0.1845543850612063
CFAP20,SLC3A2,0.3510150510831631,-0.6923271054134587,0.1054649167225845,0.1161154046756322
CFAP20,DDIT4,0.6653402697738285,-0.5198117322568836,0.2163052595000132,0.118756383182678
CHD4,EIF1,0.1582684222256721,-0.1799501015829024,0.0554338039896852,0.0588213851002085
CHD4,GNG2,0.1959999801914965,-0.2793463687930182,0.0693012150291398,0.0803446026656128
CHD7,SH3BP1,-0.229583160165031,0.1689637628166309,0.0629249537914207,0.0632076825677603
CHD7,MAPRE2,0.2256854986293434,-0.2514503314050643,0.0643112913338587,0.0790232269679093
CHD7,DDIT4,0.4910935464673466,-0.3248438187158203,0.194949143321143,0.1090214586827586
CLCC1,IVD,0.4384611661056163,-0.3616249445985436,0.1229865166545259,0.1234646244554555
CLCC1,DHX57,0.3922806812233386,-0.3053668002235808,0.1119104920115,0.129792056435375
CNOT11,GLUL,-0.5405060859346869,0.9062661410594748,0.1789602691969063,0.3151061381012665
COMMD10,UBE2O,-0.4119395307076863,0.3229046089416289,0.1176770912490124,0.0875781235304175
COPS8,XBP1,0.733250505312969,-1.170379548638104,0.1808468204735782,0.2892378617907722
COPS8,GZMA,2.364715341404199,-2.3918149813998197,0.3776892065291114,0.6699896295761094
COPS8,DDIT4,1.1192085610493665,-0.6600272590687426,0.2754650013912162,0.1723385501743549
COQ3,NEDD1,-0.4090415440816234,0.6471248651229075,0.1491238915434695,0.141484863562053
COQ3,CCNB2,-0.667808000990427,0.5837430274064245,0.2010212797034093,0.1163054474872922
COX4I1,CCL5,1.210969678791373,-1.290425726789662,0.3199935282583259,0.3181995251594003
COX6C,RRM2,0.5532116150580632,-0.3266983827933099,0.1853538852760964,0.0960385293102297
COX6C,H2AC25,-0.8866495019534989,1.476765476774314,0.288961718783556,0.2337755085809534
CPSF6,FAM107B,0.323285632897648,-0.3040035433082066,0.095769471774392,0.1118878435222131
CPSF6,TRAM1,0.1460640155249389,-0.4161404896803006,0.0600559689469924,0.0919734156139047
CPSF6,IGSF9B,-0.5120645078151482,0.6202635344204583,0.2074766248086997,0.2176575162699396
CPSF6,CDC25B,-0.1914700274279241,0.33638132473431,0.0807208731878092,0.1221679420744082
CPSF6,SLC7A5,0.7553657822400726,-0.7002091595168123,0.2420398612921212,0.1399969155690308
CPSF6,OAZ1,0.126214805196409,-0.2025790364195349,0.0538897288860671,0.0370758151009328
CPSF6,SLC1A5,0.5855051171636868,-0.2505757680470556,0.1500755696938151,0.0958443338888939
CPSF6,EZH2,0.3120874163707396,-0.2889215756814424,0.1238908514516143,0.0992227955929809
CPSF6,XRN1,-0.3639349611344548,0.3208330613776658,0.0940788424240407,0.1040440556979906
CPSF6,MYB,1.2723780820391415,-0.6509373898809712,0.4489256899658436,0.1937583217493426
CPSF6,VAMP8,-0.3205470235723232,0.2167064080006235,0.0738865501740489,0.078882503550627
CPSF6,CHAC1,2.031728601923501,-0.7768116489274178,0.5663289558096631,0.2859142657985142
CPSF6,RBM17,0.2883514092832485,-0.3131037946968134,0.0874105855337195,0.0857379955851645
CPSF6,RAB33A,0.3914478701016338,-0.4118459010914321,0.1488945304019566,0.1398531234851067
CPSF6,PSAT1,0.5308474358900243,-0.6004844981471374,0.1742490425748888,0.1310056891896699
CPSF6,MDFIC,-0.3150636619146956,0.3929597938081566,0.091123913729393,0.1252713207638723
CPSF6,KIAA0513,-0.9086924583557456,1.1167793922028302,0.3504680584705142,0.3779171647611127
CPSF6,FBXL8,-0.6776626412946805,0.7067482463143875,0.2460549075848384,0.2246770801164145
CPSF6,ARPC5L,0.2389439347203827,-0.2020738408537233,0.0804097719028572,0.0808132610639122
CPSF6,STAT4,0.3346129486863567,-0.6663565209114173,0.1364273245478689,0.2090098822569056
CPSF6,ATP8B2,-0.2922695129366839,0.5608517868644853,0.1147550654157535,0.1528605957378456
CPSF6,SURF4,0.2287988093435508,-0.3673698624863706,0.0949606537269829,0.1000207615044146
CPSF6,LYSET,-0.5217790145650782,0.631388063258828,0.223118425430204,0.2036051662911794
CPSF6,PCYT1A,-0.3568000942389174,0.3881853146136121,0.0986099728053579,0.1309621846363736
CPSF6,ITGA5,-1.719601055894986,0.6469490264164125,0.2944892107713291,0.2326207635748136
CPSF6,SGPL1,0.4063850226198413,-0.8201692650419601,0.1668560090406559,0.2796876834020156
CPSF6,MLST8,0.3017486584963106,-0.4992156942090327,0.1179843736086003,0.1585660770317946
CPSF6,SLC3A2,0.3992846972292233,-0.5205961273841924,0.1040350332745295,0.1178827224898446
CPSF6,UBE2V2,0.5761749828584217,-0.6432134019221946,0.1540397597276124,0.1965023678372736
CPSF6,MTSS1,-0.9116929140604652,0.8511796821014488,0.2921586226127665,0.2860470718151068
CPSF6,PSMD1,0.3762319440854106,-0.2870832458681521,0.1014948046251959,0.1092077537070641
CPSF6,PLEC,-0.2802917076720027,0.8179863243154059,0.1078661691592659,0.1593955028036434
CPSF6,TENT5C,0.4334275266778276,-0.5813861182338603,0.1719224664778638,0.2341337104621907
CPSF6,FNBP1,-0.1556719877071171,0.2028081622560629,0.0628344647772508,0.077714042273102
CPSF6,TXNRD1,0.3502814884343072,-0.3276139945595854,0.0829373087325968,0.1206758916728566
CPSF6,MZT1,0.3774708547195568,-0.2120245724279325,0.1086354316233265,0.075666211581691
CPSF6,LAT,-0.2191603338988274,0.3368382912094725,0.0788123700040313,0.0922398993087853
CREBBP,KMT2E,-0.1655153104922919,0.2330244571357371,0.0587103346241441,0.0532045295713147
CREBBP,LAMP2,-0.1712573011240137,0.1352386016886619,0.0602867642248604,0.0566093476407555
CREBBP,ST3GAL1,-0.2216681109135452,0.218184970220302,0.0661797410991092,0.0752643404736633
CREBBP,CD6,-0.3145683486016739,0.558452669482303,0.1142797853615896,0.1365031447123314
CREBBP,ABCF2,0.298114320825818,-0.2595398773508074,0.0883045537419108,0.0878645543708566
CREBBP,ATP2B4,-0.3384906983463223,0.2538828760628455,0.0785446577448725,0.1002142635197195
CREBBP,YBX3,0.4689335105231877,-0.2808788464185986,0.1820507015753718,0.093865220865932
CREBBP,ABCA7,-0.3692963080048088,0.4500615878886505,0.1179623967359104,0.1472772243914204
CREBBP,NTHL1,0.2721047272893632,-0.3200189058717333,0.1010697810748656,0.0970688134785319
CREBBP,WDR18,0.2226346935826264,-0.2660331555343316,0.0902471739096992,0.062911023998462
CREBBP,PRKCQ,-0.2217282574016281,0.1860051835909423,0.0704462593506821,0.0781928172538653
CREBBP,CLEC2D,-0.1932784612807159,0.195020903874308,0.0618121930521352,0.0620216856177578
CREBBP,ME2,0.2709426693490454,-0.1450095991542725,0.0749479891543866,0.0566725763141148
CREBBP,TOMM22,0.1979482292882493,-0.1344396871603768,0.0790981969501109,0.0552337926299935
CREBBP,ACP5,-0.4814893275449298,0.4772572440530344,0.1588658358456079,0.1510910743733137
CREBBP,ANTKMT,0.5917352427759371,-0.3079784265681657,0.1978725947552321,0.1212998919024127
CREBBP,PDCD5,0.2417602565278924,-0.2723435892753348,0.0839061830364569,0.067420743714308
CREBBP,CHCHD2,0.1431379692243954,-0.064330152636236,0.0573145577114284,0.0251869401136203
CREBBP,AKNA,-0.1749640661950148,0.1832902494640421,0.0501004707077636,0.0666888493563891
CREBBP,COX6A1,0.1016913605530792,-0.0825385385278538,0.0383380269336115,0.0276912553832031
CREBBP,C1orf54,-0.5680886398854315,0.9882796779847453,0.2236962367763787,0.3300216346088548
CREBBP,USP35,-0.4529496884331833,0.4106292959526497,0.1782944004976152,0.1379222533388135
CREBBP,SLIRP,0.2736767033405066,-0.2052974713554307,0.1088166809905208,0.0781244197490761
CREBBP,DENND10,-0.1819826104568943,0.310897811667539,0.073687737431715,0.077129530634177
CREBBP,ARMH3,-0.1787025289916503,0.1477265087953055,0.0622517735892638,0.0590746382038318
CREBBP,RIOK1,0.2326469205350503,-0.2600074439212861,0.0907556599318074,0.0910319844670186
CREBBP,PDCD2L,0.3865128342092387,-0.3821439164341377,0.1260786865008176,0.1271161962392789
CREBBP,TRAP1,0.4433095575056478,-0.2310881591382688,0.1400024359472116,0.0647848386789609
CREBBP,MTX2,0.3169806495456217,-0.15873875158782,0.0986906001643733,0.0607531836391193
CREBBP,DTD2,0.3190372245640356,-0.3461383126759823,0.1012129109082581,0.1082615842094722
CREBBP,MACROD1,0.4790230883831516,-0.3821796556691222,0.1523899779044736,0.1034734000032781
CREBBP,NARS1,0.1536079298443157,-0.1857322721224338,0.046390304012158,0.0627536026690879
CREBBP,CD164,-0.2518758191935264,0.2345259113521588,0.0768417408126194,0.055322058066428
CREBBP,MYC,0.3713979140200262,-0.478917572381019,0.1422175808037617,0.1478995731048155
CREBBP,AFG3L2,0.1878605725808975,-0.1828800169911701,0.0775648391482527,0.0626072265092703
CREBBP,PFDN2,0.2117132134539731,-0.2249515690748224,0.0688567164406998,0.0699369694107852
CREBBP,EIF2D,0.2792636963085003,-0.2209144567441553,0.0770491758604526,0.0534983905399844
CREBBP,EIF2A,0.2158233973681873,-0.1208020304637402,0.0661658445640529,0.0426534740569163
CREBBP,TRMT10A,0.3559105588710622,-0.2849382412168421,0.1026738659723434,0.0941708812057155
CREBBP,EIF4A1,0.197619151971249,-0.140273439434213,0.0670907259441705,0.042751233652259
CREBBP,PBXIP1,-0.4110730938176765,0.3969279581306363,0.1547375837364668,0.1538823228830318
CREBBP,UQCRQ,0.1506236192222037,-0.1072568390992911,0.061615467967225,0.038355867900028
CREBBP,STRBP,0.380718817416156,-0.3359428830496903,0.1072942179891281,0.0771973452541618
CREBBP,TMED3,0.1801380666733636,-0.1376906114750032,0.0691439421622855,0.0529828364276225
CREBBP,MARS1,0.2604424322463461,-0.3134040367848101,0.0931370571276286,0.0869126681074371
CREBBP,UBE2V2,0.2436149817128028,-0.154099467628426,0.0973432756980738,0.0618704298477312
CREBBP,GRK2,-0.1514689086931833,0.1468637557400176,0.041825284801066,0.0437856629472233
CREBBP,RNF213,-0.3627074345326571,0.2977787583632967,0.0872342804286429,0.1102915030806279
CREBBP,SLC25A20,-0.2569829665162337,0.2006009351656223,0.0696692501988395,0.0793270933943284
CREBBP,TUFM,0.1886096497900162,-0.1390985400849157,0.0775392968658155,0.0574416181037241
CREBBP,ZBTB2,-0.1998773365644585,0.1653393848071941,0.0695137788582289,0.0657310804835453
CREBBP,UBE2F,-0.2378036591427785,0.2516440309682085,0.0899665266625407,0.0922930061238232
CREBBP,IRF7,-0.3335075607727046,0.4581295910698985,0.1250135828127256,0.1366716452776924
CREBBP,IKZF1,-0.0908273510829649,0.1961814354575766,0.0369224413531296,0.0599780854580045
CREBBP,EIF4EBP1,0.4229748788253037,-0.2247839201135889,0.1322751769870808,0.0939833256828855
CREBBP,CLN3,-0.1867171786343659,0.3172860407981245,0.0768570962207672,0.0894892892740838
CREBBP,BORCS6,-0.2987815482249627,0.3442507251733039,0.0833237885201351,0.0967791930288575
CREBBP,SDHAF3,0.2621871722811712,-0.2157683226156052,0.096121966366793,0.0690510356338285
CREBBP,PRKDC,0.2070534923706249,-0.1510594703584927,0.078832834893334,0.0423541236777355
CRLS1,BTF3L4,0.2723703171618325,-0.216277493337343,0.0827612002179697,0.0766868917866604
CRLS1,PSAT1,1.1876867284090136,-0.401801017384324,0.1754950989625024,0.1220827325142482
CRLS1,SLC7A11,1.998864299821496,-0.5041681586939717,0.3401909124254962,0.175638251969556
CSDE1,INPP4A,0.138410513468203,-0.3469685649474001,0.0545119853281673,0.1069200955623634
CSDE1,TRAFD1,0.3274379352470093,-0.2827955554661845,0.0890796295224552,0.1025869536071702
CSDE1,TRA2B,-0.2703938689966262,0.1684734844249501,0.0799441209801098,0.0621210146658934
CSDE1,ING1,-0.4366248218274214,0.4646256026099875,0.1697745295719926,0.1228904969392999
CSDE1,MSS51,-0.5293917980225679,0.4350384946163095,0.1975395445145832,0.149893261131099
CSDE1,SAMD9L,0.2078225753978561,-0.5835368826707111,0.0886337043810964,0.1918808070811663
CSDE1,HNRNPA0,-0.2019902473947055,0.1295772257754763,0.0514835974074492,0.0409360038669832
CSDE1,TMEM11,-0.1879247239617607,0.1662500173987939,0.0754401271076842,0.0612926531110101
CSDE1,SDHAF3,-0.3625972008146954,0.2480758051173669,0.1188145393878288,0.0804272542317563
CSDE1,SREBF2,-0.2019252351891388,0.1687819562441536,0.0786276614546148,0.0592424615885121
CUL3,STK17B,0.3609225627047121,-0.2550494458800627,0.0781298114035849,0.0773537429594713
CUL3,EIF5,0.2530096119999529,-0.2798252043808659,0.0805225966891487,0.0970528539509427
CUL3,RASSF2,0.2321307454896694,-0.3193942257310174,0.0812808365345678,0.110285898907561
CUL3,TMEM97,0.5766132099672365,-0.5297027653471682,0.2097037446862417,0.17702124766513
CUL3,SMAP1,-0.262866933658281,0.303342685619496,0.0940251353448257,0.091878107616594
CUL3,MICAL1,0.6884835079698488,-0.3862681967877651,0.1188619357817926,0.1337280802063138
CUL3,C9orf78,0.2428378591716665,-0.3841497744346858,0.0668379282256444,0.1129660882921643
CUL3,DUSP6,2.762424525823288,-0.4718397102520257,0.3914034196194738,0.1303065636562776
CXXC1,CLK1,0.3647466986799705,-0.5810190262637662,0.1189538215529064,0.1884154765652101
CXXC1,JMJD6,0.415942747828335,-0.5611518297425264,0.1466778332028574,0.177799503442033
CXXC1,RNF24,0.9484602488270244,-1.080647680249859,0.2800573523702306,0.3931540629774149
CXXC1,SRGN,0.496427363302819,-0.4485167083625592,0.1285773177104933,0.1213027531687355
CXXC1,IL2RA,0.8056110730119435,-0.3885169609838665,0.2663707851226759,0.1012327885491039
CXXC1,IL13,3.397301446675518,-2.066953319524225,0.6970498546947668,0.4191174771889666
CYB5R4,CD99,-0.4183405027247818,0.4304141387861229,0.1200718546171168,0.1111663885744605
CYB5R4,TMEM38B,0.606177101070883,-0.8558680537313078,0.2016051198122249,0.3012305024297237
CYB5R4,LGALS1,-0.5452299079953021,0.4056479432912145,0.1401743057300606,0.1279653797741235
CYB5R4,COTL1,-0.331625703044264,0.4129829722379197,0.1092145970836592,0.1081196851290199
CYB5R4,ABCA2,-0.5152223454833178,0.8327775806731772,0.1742149364027271,0.2321843561433304
CYB5R4,SH3BGRL3,-0.2607080290008579,0.6153726995355913,0.0659304366721707,0.0786908020122105
CYB5R4,JAML,-0.7571471960813044,0.3606278316819538,0.1907514386344377,0.1234217630074817
CYB5R4,ANXA5,-0.3070390886750402,0.2953384057238349,0.0862815531461945,0.0878245880348128
CYB5R4,ATF5,0.683205602323706,-1.1817684250118687,0.2214132477095681,0.3780871898572967
CYB5R4,CD7,-0.5820007444335462,0.4411985970951037,0.171522186021938,0.1470191774925945
CYB5R4,SPN,-0.316045723751286,0.3391456845941042,0.0772920192243852,0.1055408946650071
CYC1,MIF,-0.4880210320042227,0.2063350933742775,0.1133111046716165,0.057438474559258
DCAKD,ANXA2R,-0.5270201943683329,0.7636267768965002,0.1354695187628195,0.2116103361604982
DCP2,ZBTB39,-0.9723511998432648,0.6516570808943202,0.3696804807030174,0.2030512678746886
DDA1,YBX1,-0.2716463008734149,0.1442572728625439,0.0882873927841591,0.0429755238336632
DDA1,NUF2,-0.4495445259696293,0.2322988781692068,0.1551687070740223,0.0620463000318686
DDA1,GZMA,1.8509761565182108,-1.2055454926999238,0.2995159879140924,0.4072444622949989
DDRGK1,GLG1,0.2354956009941866,-0.2696295017150472,0.0688228628807152,0.1035905624204088
DDRGK1,ARMC6,-0.2229456319492276,0.2734711590091001,0.0791881714160388,0.0922703989304278
DDRGK1,PCNA,-0.2678862687915211,0.1751472891567194,0.1058933933181167,0.0727448056453089
DDRGK1,EPSTI1,0.4601759518566836,-0.5852122426354416,0.126994121682777,0.2037403087104928
DDRGK1,EDEM1,0.1413876341592707,-0.189311090803621,0.0555879794865673,0.0562369454226741
DDRGK1,CD226,0.2319496058064956,-0.3093630325792523,0.0703157777411341,0.1140224693355361
DDRGK1,GPRIN3,0.2340858863944404,-0.3537526037397466,0.0919748369278651,0.1070579597800612
DDRGK1,DCP1A,0.1773438232084546,-0.1857727365620555,0.0690121527649816,0.0690213290812436
DDX6,PSME1,-0.2410052703886455,0.1548781543151595,0.0585392204988528,0.0523444278576581
DDX6,GPT2,1.142106537906196,-0.9761527646227648,0.3457398044484326,0.2222043474054734
DDX6,SLFN5,0.3073002407763083,-0.490435002567625,0.1117931508596689,0.169318836838675
DDX6,ZNF248,-1.2048065369300245,0.5628443346836588,0.4213114013623451,0.2006392198716403
DEF8,MAP2K1,0.1621747653458816,-0.2125015496264299,0.0432716259914658,0.0474442696768939
DENR,RHBDD2,0.3891762623878087,-0.4442688525783365,0.1298043046925093,0.1727719698859103
DENR,HERPUD1,0.1685949034549781,-0.3085588619444497,0.0719227930249061,0.1004654782310332
DENR,CST7,0.5311265949828298,-0.2862695664708013,0.1878150285563042,0.1075163954999455
DENR,WDR59,-0.2396445584549494,0.2999205924022095,0.0874797201868445,0.0699516984380557
DENR,CLCN3,0.2077507762732861,-0.2010298759322433,0.064087025683437,0.0823140095467117
DENR,MED23,0.1936198806966353,-0.2201023301651171,0.0753750827918381,0.0847296829451459
DENR,TRAPPC13,0.1599709712072103,-0.2152238315441358,0.0662332142191515,0.0876371455949227
DENR,RRAGC,-0.1782375579657678,0.454110518533408,0.0695455049185811,0.0942910041748823
DENR,SAT1,0.3545003205096218,-0.3804394379138229,0.1018875295242678,0.1379291131901537
DENR,SESN2,0.4295871385077081,-0.7254133115907229,0.1672632806197563,0.1716322754159502
DENR,TMBIM6,0.1454746945496211,-0.1544256527268911,0.0484838419153122,0.0564084909160645
DENR,ANP32A,0.2447391805393061,-0.1688651659246226,0.064878517319597,0.0691774433259953
DENR,GALM,0.3267158642092755,-0.3170036792578286,0.10452992923848,0.1065269476369908
DENR,SLC7A11,0.8603406619246701,-0.5425288858333956,0.2866730833647239,0.1459705185144436
DENR,PPP1R15B,0.124796996605899,-0.2039761119932572,0.0428275818276241,0.0545038958671352
DENR,DTX3L,-0.2731760523751922,0.2801169675176961,0.0769099025958167,0.109235203050989
DENR,GNG8,-2.353872971520832,1.0116680413329435,0.6974576674533223,0.373347554474892
DENR,TMEM43,-0.2435527215105609,0.2864570372288154,0.0948886718017935,0.0991331124353425
DENR,GSTA4,0.8689999582231542,-0.7971339502490657,0.3041807771173839,0.2435176235202568
DENR,VEGFB,-0.3236753135416329,0.1674324294735907,0.1085305730548276,0.0634384770312364
DENR,PER1,0.4297450745223339,-0.3667406491781988,0.1438462416090082,0.137894864395924
DENR,UPP1,0.2371432206126292,-0.3075734223832442,0.0958715340823912,0.1165918987386421
DHPS,SEL1L3,0.3426233994432812,-0.4018074642908849,0.1260140817997296,0.1347343898165586
DHPS,TUBA4A,-0.9740071349467344,0.2514377387227095,0.1400433694326647,0.0779570411525015
DHPS,GPBP1L1,0.3221170984829191,-0.2307529251649817,0.0878313777871071,0.0806172507486551
DHX36,TACC3,-0.8035960141726186,0.2126972321394077,0.1362104096791492,0.0811582355160683
DHX36,RNASET2,0.6021056742441029,-0.7052041614112599,0.1769982944284361,0.2787381983341355
DHX36,BCAT1,-1.9988242119297503,1.4025274906116254,0.8499074296907748,0.2689641162951556
DHX36,NUCKS1,-0.3670274226903623,0.2800934932939661,0.1042900160113121,0.0639742639091626
DHX36,CLEC2D,-0.2708513705500558,0.2003425954513448,0.079112772618814,0.0846916202255779
DHX36,KIF22,-0.8970883648289795,0.2338213221940698,0.1454196114305165,0.0886393930205313
DHX36,KIF4A,-0.7585064721509169,0.5955789979512421,0.2509687187776862,0.1430934233980821
DHX36,NFKBIA,0.3904392399347093,-0.3161195210399255,0.1536588034731133,0.1217912177712243
DHX36,COTL1,-0.3321186217312065,0.2808272612044194,0.1165251096438906,0.1198742566660256
DHX36,NUCB1,-0.1837207668000465,0.316946662374253,0.0805192336449479,0.0891705115892645
DHX36,FOXM1,-1.0646265829207178,0.3793900999857825,0.1851704972892269,0.0884354636500621
DHX36,SH2B3,0.4213509681959725,-0.6699997376771644,0.1814716475493781,0.2392644131748426
DHX36,VDR,-0.6147946978623495,0.2808907906749996,0.2688422443414093,0.0922785023697415
DHX36,NEDD9,-1.0086267558884423,0.4934195174658449,0.3094629953240158,0.1975627921691663
DHX36,HBS1L,-0.2658211727738658,0.2627238323790788,0.0993605071124076,0.065062537636543
DHX36,SMC4,-0.553072845088121,0.3148595983748748,0.132627068296973,0.0653838103428165
DHX36,NEK2,-1.144775014375408,0.335629771381322,0.2822854433383882,0.1468340636440569
DHX36,MASTL,-0.8132239663815445,0.2327529362747405,0.2153516125047999,0.099529511124032
DHX36,UFM1,0.2323786757708479,-0.2510373659307688,0.0983981487830309,0.1037835773118944
DHX36,NCAPH,-0.9335997507473368,0.2540384118912582,0.2278708064798964,0.1115950129758793
DHX36,CIT,-0.5927323725205702,0.7149516619850461,0.1969097884070119,0.1146268111065014
DHX36,TOP2A,-0.6888842203630963,0.3889094735943851,0.1925399724197519,0.1164475130794833
DHX36,LGALS3,-0.6560374752157693,0.8424594270511055,0.1790822941951716,0.1963058426356062
DHX36,KRAS,-0.389772772446505,0.3544440530229519,0.1447875374667502,0.1491846503194259
DHX36,BLOC1S1,-0.2764314018133099,0.2599142238058332,0.0929338560270125,0.0985637347498952
DHX36,MYO1G,-0.1770015449083002,0.3439747649048066,0.0636108407994628,0.0675826508216148
DHX36,NUSAP1,-0.9240375887614056,0.2826399056066369,0.168260514356284,0.1017169841252275
DHX36,PIF1,-2.229377486596848,0.4289391594444721,0.6570777310497962,0.1874920864400662
DHX36,MCTP2,-0.5594375811833098,0.6193157368276352,0.2335659337620894,0.1535741509163333
DHX36,MKI67,-0.4004510877663019,0.962332966886603,0.1557645482086945,0.0731830065881839
DHX36,SPC25,-0.980706085295815,0.3423268167552536,0.2184322914452144,0.1286255629106783
DHX36,SKA1,-0.9918085849006644,0.2746875801389695,0.2304023216170973,0.1079234595041935
DHX36,PABIR2,-0.4009972737503841,0.3889619128020625,0.1538268427106204,0.1138717325225212
DHX36,CDC25C,-1.8004756920326253,0.3839772406306549,0.4985111728611835,0.1638655812906364
DHX36,IFI16,-0.2473614408675173,0.2397443357355291,0.0650843636629203,0.0809084755709627
DHX36,ANXA5,-0.3652669073267865,0.2187895382062155,0.0942793230262931,0.0946462552881607
DHX36,TMEM71,-0.5403254148339572,0.3885602537073561,0.1690630081270037,0.1624904413619113
DHX36,HDHD2,-0.5578102794226155,0.2887009915060174,0.1769215690972797,0.1217496301134062
DHX36,TUBA1A,-1.147520606828427,0.6696217089798828,0.3690672779274214,0.2227041876471292
DHX36,TK1,-0.7136835950796029,0.2278684262696922,0.2103936641051228,0.0999479797583444
DHX36,CNTROB,-0.9935241882301676,0.4329215722063941,0.2982088568775612,0.162107336471412
DHX36,ARL6IP1,-0.5827515819212317,0.5027035496961512,0.1515153947944783,0.1359274154953978
DHX36,KRCC1,0.4541376036124772,-0.8322415092555324,0.1251881826870008,0.2266707501767885
DHX36,GNB2,-0.2808620510778586,0.1707014430252592,0.0817502002589731,0.0721194418688258
DHX36,CFL1,-0.3642123138960212,0.1265738383004252,0.0606785924463266,0.0555038530818745
DHX36,CDCA2,-0.721947668345512,0.7571039209357541,0.1971347481893333,0.1102541329408521
DHX36,PRC1,-1.323778059042197,0.3902354723794459,0.2555746956627336,0.1267295110146102
DHX36,SGMS1,-1.072394886909309,1.258098022125521,0.3423535923893185,0.2669693457582588
DHX36,LTB,0.4222833287240977,-0.478403846690721,0.1368376233803285,0.1975022230954307
DHX36,KIFC1,-1.084242389027251,0.2388265773891612,0.1871348339350012,0.0946797328383713
DHX36,H3C8,-1.2783669614207742,0.7843110940823077,0.3355501130875153,0.2334170763337991
DNAJC24,EMC3,0.195008365241849,-0.2616570703252211,0.0606121782630701,0.0932449933881491
DNAJC8,CLEC2D,-0.2189918475287575,0.2829710406601284,0.065781755810018,0.0674983933450303
DNAJC8,RASAL3,-0.3003816868303219,0.2601881838332798,0.0864349214273576,0.0704433144390565
DNAJC8,ETS1,-0.2437761523490305,0.1524620103363553,0.0608188558534666,0.0624723822661554
DNAJC8,DUSP5,-0.8793710256552596,0.4340827392618588,0.2661411469922772,0.1502759570672213
DNAJC8,USP16,0.2028026759783421,-0.2573799585589088,0.0637691001346577,0.0795497809755693
DNAJC8,C4orf3,-0.1669475372077102,0.2093853501701558,0.0544552321324355,0.0751029753376599
DNAJC8,TRANK1,-0.4193126052423653,1.2369866505175702,0.1350248612735315,0.3056527002747581
DNAJC8,CXCR6,-1.41009234591777,1.850389502719057,0.4127885128251912,0.3254591879303911
DNAJC8,SEPTIN1,-0.1791498620261896,0.1656483550115558,0.0562542446801256,0.0595784718963285
DNAJC8,ATF6B,-0.3639534545244657,0.2185138767901232,0.0774460264013527,0.084513960947103
DNAJC8,MLLT6,-0.2183698242222289,0.2195297569253301,0.0661520865209873,0.073873175217566
DNTTIP1,CBFB,0.2262109045463134,-0.1311698392065888,0.0560878092181695,0.0515056921164558
DNTTIP1,RGCC,-0.3922188286942016,0.7824441219404775,0.1102382819687139,0.133089138274795
DNTTIP1,GPR18,-0.6659489241692663,0.920471896319334,0.2176640824676437,0.2001666961665513
DNTTIP1,TNFAIP8,-0.1976760555701444,0.2554320703149895,0.0536762046896941,0.0719952640004288
DNTTIP1,SH3KBP1,-0.1746584980819173,0.218332880057198,0.0542272822713875,0.0566347098673285
DNTTIP1,RAB8B,-0.1877611586159371,0.2542634435212908,0.0532071460845045,0.0794975719982853
DNTTIP1,PXK,-0.3066676147222703,0.1931217160863353,0.0906642796984756,0.0736896312498811
DNTTIP1,GTF2H5,0.1747008311176301,-0.1296453645107484,0.0560484080555735,0.0520427565183895
DOCK2,DDX1,0.2117133540979487,-0.2000641195424138,0.0696502540208826,0.0568012865913016
DOCK2,ZMPSTE24,0.1645128478892681,-0.2849906719542715,0.0663188851194978,0.0976163876213913
DOCK2,PEBP1,0.264236132008152,-0.1672234104673033,0.07807613752296,0.058961707597274
DOCK2,PSMA3,0.1976610398028497,-0.1654612230648777,0.0701440891596378,0.0518303835549105
DOCK2,EIF3J,0.1636112447219188,-0.1807656689622384,0.057758922522431,0.0605749734018195
DOCK2,HNRNPL,0.129820636719101,-0.0982549246558752,0.0485746892525576,0.0361787815982133
DOCK2,CHCHD3,0.2135400817230574,-0.2516635035803992,0.0716971023156767,0.0692962028285222
DOCK2,HSPA9,0.2787116734415261,-0.2475379089408584,0.0966536211798236,0.0771543446766104
DOCK2,EIF4G1,0.2024267973351561,-0.1726975139281419,0.077641380875182,0.0587653328473893
DOCK2,HSPE1,0.3750137217786093,-0.2416910547164212,0.1426410951529617,0.0803071153103187
DOCK2,ITGB1BP1,0.2228428112537727,-0.2167304135268283,0.0747652118210491,0.0618367448652038
DOCK2,TCP1,0.2823878236924356,-0.2372961636870263,0.1104517865248559,0.0646572029239345
DOCK2,HSPH1,0.2885255798202296,-0.2427034329382198,0.1153412616846531,0.0877663179285808
DOCK2,PRMT1,0.3445710803865886,-0.2576337493357938,0.1320636277666008,0.0710422398890593
DOCK2,CALU,0.202648226040524,-0.1989730272500304,0.0659918528245086,0.060502273444624
DOCK2,TOMM40,0.3782759517631762,-0.2705066415501096,0.1446320021635229,0.1007918357654187
DOCK2,TRIM22,-0.3192651311110273,0.5213556887187547,0.1276333080892938,0.1794130858659
DOCK2,LLPH,0.1834422497022445,-0.265137698287593,0.0696357174288956,0.0752279340179428
DOCK2,CDC123,0.2817423727255264,-0.1716992989781718,0.0694045907700828,0.0585808447788175
DOCK2,GTF3C6,0.1353550845648289,-0.1530766726750541,0.0537733835517944,0.0497525367811571
DOCK2,HEATR3,0.2652700982733031,-0.2920190218312347,0.0743910019804434,0.0894474252111583
DOCK2,LRP8,0.2612863546950245,-0.2131812040184823,0.0939137012659125,0.0717051493728406
DOCK2,LARP4,0.1473110447375022,-0.2171707983461547,0.0529619516918613,0.0695521126647941
DOCK2,POLR3K,0.2442486835096363,-0.2271828156157924,0.0856029024107752,0.0833313617086811
DOCK2,SLC25A32,0.3639270086921375,-0.2541452904672964,0.09232796409984,0.089179813782303
DOCK2,DDX19A,0.2062404482302743,-0.2834569374338642,0.0715389677869903,0.083379524615204
DOCK2,PRELID1,0.2495917108079537,-0.219955939541924,0.0835068806152272,0.0586900980510514
DOCK2,CYCS,0.2639120770615571,-0.2164563616105985,0.0957434421101382,0.0703842172504323
DOCK2,ATP2A2,0.2472885177085134,-0.1944467198983949,0.085388791453293,0.0559265423145494
DOCK2,KLC2,0.2521952472557222,-0.2611811589404719,0.0728627570348077,0.0960929044486926
DOCK2,RAB6A,-0.1457544287281644,0.1553268092462393,0.0441362306001484,0.0500473796771003
DOCK2,TOMM5,0.1942359569355942,-0.202554623010279,0.0780044432669138,0.0630324629546339
DOCK2,ARIH2,0.1954899957721994,-0.1840597541989501,0.059524440002278,0.0573001034107802
DOCK2,PTPN11,0.1596565660939216,-0.2157883430668704,0.0633408714160669,0.0563391992318781
DOCK2,NSMCE3,-0.1900914673466779,0.2323071694695952,0.0636213555670584,0.0746482918098366
DOCK2,HELZ,-0.231728566798202,0.2313297482255112,0.0606376193113137,0.0582696973521074
DOCK2,PJA2,-0.1477077214628696,0.1384756757016397,0.0440133816131248,0.049445122692079
DOCK2,E2F4,0.1616083840011178,-0.2419112791856664,0.052214784368153,0.0655518359417353
DOCK2,PGAM5,0.3338536957877089,-0.296278948959566,0.1065150883369159,0.105015392127159
DOCK2,TXNIP,-0.4455364559174532,0.340187969449078,0.1641007710881342,0.1198203043754258
DOHH,ANKRD10,-0.2931668939736394,0.3345990598282298,0.0998427267527037,0.1311952366584552
DOLPP1,HSPA5,0.4011644814690851,-0.2702879109375127,0.0895032413069215,0.1000437674672296
DOLPP1,TUBE1,0.3323232971836348,-0.4050313074933677,0.0950530429974215,0.098665851717175
DOLPP1,TMEM38B,0.4190880075495702,-0.2317201467283401,0.1080509316346616,0.0902167915170943
DOLPP1,APOL1,-0.2396204237733997,0.2748164898149958,0.0808884009912704,0.0996098459858081
DOLPP1,TRIB3,0.5809476396047368,-0.5515851183988477,0.1345344048554237,0.167347537885616
DOLPP1,GARS1,0.2386686788011296,-0.4229798567337066,0.0738694385661605,0.0753811785512711
DOLPP1,SSR3,0.1925727172074069,-0.1501616321293274,0.0418914463298162,0.0508439989721067
DOLPP1,HSDL2,0.2034576669062587,-0.1605045538740728,0.069835326601119,0.049571674723034
DOLPP1,WDR11,0.1778942735279272,-0.133465489837068,0.0539643102403572,0.0514256006230727
DOLPP1,MTHFD1L,0.4479990197167086,-0.3560930799584959,0.1278956939711882,0.0877195346693479
DOLPP1,SERP1,0.232667872810874,-0.1352405955430516,0.0512601508698817,0.042199091033636
DOLPP1,IRF1,-0.2779630664593595,0.2500331474690307,0.0885368394548957,0.0977344314470867
DOLPP1,CANX,0.1910424321253531,-0.1401476874073411,0.0566551779072948,0.0444806035101316
DOLPP1,ATF4,0.2452320028945541,-0.3110841261573529,0.0606575829435323,0.0604820292778587
DOLPP1,DNAJB9,0.3067975302134049,-0.3018179407661854,0.0902834950073183,0.1181579685391978
DOLPP1,CHAC1,1.7555863792282935,-0.7176468469065168,0.4288728624488945,0.1609155929386731
DOLPP1,SESN2,0.4283591188718011,-0.7472867191947141,0.1381862538762535,0.145575362529914
DOLPP1,SLC38A2,0.3236730220638484,-0.1588669211256051,0.0604449281554205,0.06183211899634
DOLPP1,PSAT1,0.6261429061962742,-0.4452518623452707,0.1379948244214389,0.0991008206185036
DOLPP1,SLC7A1,0.2870518889138258,-0.1563929566521668,0.0871673783679447,0.058319033811521
DOLPP1,FURIN,-0.5066499550671885,0.2262211260558891,0.0953880105129136,0.0664061829732793
DOLPP1,SRPRB,0.3072290512766734,-0.2040101919307602,0.0615607494587598,0.0827863850532641
DOLPP1,HSPA13,0.3035655345069129,-0.1972742253533666,0.0662170905933928,0.0760707194424072
DOLPP1,GBP4,-0.3297249007311008,0.3796484837735146,0.1060820234649124,0.1341037485127774
DOLPP1,MID1IP1,0.2022172336588175,-0.2487452055901131,0.059664551391548,0.0675578334763908
DOLPP1,MIDN,-0.2079257006541205,0.3295398023225452,0.0635633711174306,0.0648702198647132
DOLPP1,ANKRD11,0.124192813012958,-0.1614497144924585,0.0369371426387171,0.0441177498453931
DOLPP1,SLC3A2,0.6248396809056179,-0.239611553031249,0.0671477353692948,0.0740738704388714
DOLPP1,DDIT3,0.7450089213232446,-0.5160184459183541,0.099261939454428,0.157491132162313
DOLPP1,LYSMD3,0.1377891860698143,-0.1432190694627524,0.0486660561326312,0.0572580317733882
DOLPP1,TMEM39A,0.2910004736689502,-0.2269347319000754,0.0633092788358838,0.0673741548320233
DOLPP1,XPOT,0.2116969055698655,-0.3578013819676846,0.0713135035371576,0.0770720600721624
DOLPP1,EIF4EBP1,0.4219812707807111,-0.4058609043290822,0.1141385177409107,0.0905014859976681
DOLPP1,IARS1,0.2682162310467359,-0.2050765131707732,0.0852858527384517,0.0625123065545132
DOLPP1,SLC6A9,1.8253230785193928,-0.5311792759613151,0.2904050625503688,0.1903987178320942
DOLPP1,OSTC,0.2104857611500023,-0.1266343894286594,0.0534176060620803,0.0502069647458004
DOLPP1,ARPC4,-0.1298199835595573,0.1234116470685331,0.0369185930616836,0.0324999874329615
DOLPP1,SEC22B,0.0960108004639552,-0.1204926649862851,0.0315752703287553,0.0420702498961734
DOP1B,SEC62,-0.1967174053403719,0.2365093120677574,0.0727910856421448,0.0707935560503892
DOP1B,SNX1,-0.2132545122013984,0.2145827381517069,0.0396855450269723,0.0445555671985148
DOP1B,THUMPD1,-0.1730411282485037,0.1969738791914845,0.0532706894003048,0.0605519338867126
DOP1B,PFKP,0.4087432778580888,-0.1986375743451465,0.1260341270105309,0.0569110821100152
DOP1B,PIBF1,-0.3560997674372187,0.2436945800175283,0.1077826550294205,0.0932295020441097
DOP1B,NECAP1,-0.3475043616685975,0.274545352137553,0.1084110856823562,0.0822857488342117
DOP1B,PPM1A,-0.1878732835364907,0.1842744673559754,0.0616600248791879,0.0614026066039484
DOP1B,CLASRP,-0.2507342428293347,0.1793995792627806,0.0780516259536691,0.0655046632457272
DOP1B,CHIC2,-0.3689479157055592,0.2826578345212002,0.1116653526589228,0.117768235424028
DOP1B,ZNF451,-0.1881728433119785,0.2499387495504452,0.0653753495434481,0.0661976893331801
DOP1B,FBXL4,-0.3678293833120112,0.328566950716024,0.1212941074527669,0.0944368693657833
DOP1B,GNAI2,0.2161044556131479,-0.2956413450517657,0.0827852047448683,0.0953461790769439
DOP1B,MED28,-0.1809574638429467,0.1578361029732921,0.0680019792244836,0.0529149055117579
DOP1B,RNF114,-0.1818883713185163,0.227062846095456,0.0614177498541916,0.0657224623081786
DOP1B,GGA3,-0.1730262926068898,0.1503813100283164,0.063688749451564,0.0595499040511074
DOP1B,DYNLRB1,0.1537836914845809,-0.179276158242802,0.0482309236187387,0.0594684199096571
DOP1B,ROMO1,0.2000154402899989,-0.1732244192856419,0.0673118510524264,0.0583786504216988
DOP1B,TTBK2,-0.4935303248227137,0.3151267643545625,0.1503829817306818,0.1055118624577014
DOP1B,PPIL4,-0.2646402198415222,0.3906423460920523,0.0823156638584659,0.0822633213527769
DOP1B,PAN2,-0.413805564526843,0.3940721060628867,0.1285803066861961,0.1133487909745417
DOP1B,EIF4E2,0.1391018748881875,-0.1804281176512055,0.0515317955184393,0.0659747648766012
DOP1B,VILL,-0.3500574880021499,0.4178402690705526,0.1305051586434808,0.1408391361529454
DOP1B,ESYT1,0.2024413281537082,-0.4484906325948084,0.0738235122964661,0.0913433048728107
DOP1B,POGZ,-0.2793379377730849,0.1576499485526904,0.0775478299562673,0.0669889848608252
DOP1B,FBXO28,-0.1917342798054857,0.2387999641381975,0.0667289520130683,0.0710480263493924
DOP1B,TMEM168,-0.3092201013372219,0.2732547205505283,0.1103651939019853,0.0884807472382674
DOP1B,ZCCHC7,-0.3350444473000395,0.1858283051919446,0.0950871751484788,0.0808151264846667
DOP1B,YWHAZ,0.1596906284307282,-0.1622313520142199,0.0555501518318057,0.0540652118592529
DOP1B,KIF27,-0.4681166806867354,0.3957995948923004,0.1781200542189264,0.1694179995764141
DOP1B,ZCCHC4,-0.2715531758823855,0.1891015348138408,0.0916708844706444,0.0737258037871022
DOP1B,ZRSR2,-0.2611282321660638,0.2514300789562181,0.0927454050763099,0.100937027306981
DOP1B,PPM1D,-0.3482287734688976,0.5008454545874605,0.118976510182439,0.1218606370620956
DOP1B,TADA3,0.2167064826550273,-0.2640509021875774,0.0757670126230568,0.0788452433643443
DOP1B,MAP3K11,0.2419770429814974,-0.31539809839824,0.0743432786168704,0.0994881212700944
DOP1B,RHOG,0.2588043678331729,-0.1974893222413692,0.0812007048606165,0.0721820253246965
DOP1B,NGRN,-0.3174851075978166,0.3083186814230669,0.1079194917453406,0.1021153886565241
DOP1B,UBOX5,-0.366562210714766,0.4077460055112019,0.1055002327981779,0.0908576439471544
DOP1B,GPRIN3,0.4422627837502906,-0.4498288586736251,0.123352313011928,0.1390902928120228
DOP1B,ARPC4,0.1690385358601256,-0.129385772392408,0.059040215219568,0.0512976654025964
DOP1B,DCP1A,-0.308964334711003,0.1442757323300273,0.0715923866512313,0.0637546111545089
DPH5,XRN2,0.155754486574308,-0.2656603629971802,0.052602247926419,0.0807983282182582
DPH5,UGDH,0.3189332696358758,-0.5678688524930874,0.120233437090259,0.1603256991923206
DPH5,PFKFB3,-0.3550589489376828,0.4246383513887921,0.1213536145702913,0.1043251654511073
DR1,EBP,-0.4418501969557014,0.1833807496846698,0.1087536243268385,0.061638543557241
E2F1,PGK1,-0.4219260599116498,0.3315520645743179,0.1520733080843568,0.0825006032740324
E2F1,GZMA,-1.379553413355877,1.4092877832276969,0.3915890018014771,0.4376055861106924
EDC3,HCFC1R1,-0.1876475825553171,0.2450785312951225,0.0700104009243507,0.0721872496996258
EHMT2,PPP5C,-0.4217237272921103,0.2251271452047505,0.1339562841469822,0.0816115040664002
EHMT2,TRIP13,-0.4683508845932151,0.2877432883770083,0.1460567933646051,0.0723879750340989
EHMT2,DEK,-0.1872514404882142,0.1445509396712353,0.0723580689256492,0.0501690651563739
EHMT2,NUP85,-0.2485031654926713,0.15485393058962,0.091711932370665,0.0560662798728083
EHMT2,MCM8,-0.3431718408304697,0.1580381159765875,0.1218529434348605,0.0593247502531706
EHMT2,DNA2,-0.4258933616752914,0.2061630532962435,0.130201331099384,0.0644565462912254
EHMT2,NCAPD3,-0.44189618229039,0.1325149233798385,0.105537186152717,0.0500810052180886
EHMT2,BSDC1,0.200508228144391,-0.2322592915547072,0.0734670695608937,0.0774943433897621
EHMT2,H3-3A,-0.1262606392273704,0.1554388019295243,0.0480558413518318,0.059001658569165
EHMT2,TET2,0.3749528458893372,-0.3111352463436534,0.1084722040323208,0.1022698481702577
EID2,DUSP4,2.2901399887121365,-0.4682105819622195,0.3315810679306613,0.1343210222899156
EID2,TIGIT,2.872047018644237,-2.1962811084101093,0.8144031634825127,0.5854832587107056
EIF1,EIF3L,0.2078248542262374,-0.2046862797748965,0.0685809894889945,0.0514706297413107
EIF1,C1orf109,0.4947005121428247,-0.5113591937486911,0.1424722556377841,0.1632096839943518
EIF1,FURIN,-0.54000515277611,0.2198403835971547,0.1123316220564302,0.0768369910819089
EIF1,PMAIP1,0.7544850757959326,-0.811069003215439,0.2027620997276134,0.2457174154175903
EIF1,MYO1F,-0.2639578803777858,0.3965698603014765,0.0692427452077466,0.1166951446634207
EIF1,PPP1R18,-0.2148697420283082,0.2021804140586331,0.0622022012105444,0.0678218983827124
EIF1,C9orf72,0.5417507554651045,-0.6285496565903282,0.156046285867251,0.1721534863316614
EIF1,MDM4,0.3079046947413025,-0.2686914661403143,0.0650456327668748,0.0637883600643584
EIF1,APRT,0.2314406028609743,-0.2490426710714142,0.0750437523352099,0.0706375498692272
EIF1,ARPC4,-0.1721702964286984,0.1458277189884077,0.0562530964374508,0.0493131293993444
EIF3H,VIM,0.2651628764658977,-0.6794204987489568,0.0902939269506303,0.2024059549541066
EIF3H,BTG1,-0.3602148468226683,0.504173408285311,0.1377176781124423,0.1552887037768688
EIF3H,WARS1,0.4267041194879292,-0.5448100555777695,0.1434960086389861,0.142200275613317
EIF3H,DTYMK,-0.4869074288958965,0.2919648479999771,0.1590759001723451,0.0934164097916212
EIF3J,ACP1,-0.8567293496269566,0.6135770068328708,0.2869692960178465,0.1735612160178262
EIF3J,PPM1M,0.6718488282543362,-1.1249857901428495,0.1826095842199841,0.3522952869345792
EIF3J,CSF2,1.5915017076765678,-2.9331365272211607,0.5584839429343634,0.6398352603157381
EIF3J,CHD3,-0.5689517427360332,0.5122521757939479,0.1983338996291738,0.1562062639014732
EIF3J,H1-5,-0.8101672307112533,0.4775883202950065,0.2487478598413028,0.1536956228688125
EIF3L,MIF,-0.3377024896114515,0.1385206430762568,0.1110341664472349,0.0453910967687099
EIF4A1,NDUFAF5,0.8375146900306183,-1.625966977364404,0.2587887554252507,0.5482261914102533
EIF4A1,WARS1,0.7248725909419831,-0.3906439549151582,0.1841682156947843,0.1375168194064858
EIF4G2,SYNE2,-0.3128123505734345,0.5233303633521285,0.1070204599212337,0.1580690159664458
EIF4G2,TCF7,-0.9706419199045706,2.1978202180184114,0.2834179293627627,0.6194506813209497
EIF4G2,DLG3,0.4747688484655116,-0.4832717046191778,0.1866134087858704,0.1810299421984014
EIF4G2,NFE2L1,0.275606023980907,-0.3691533450555264,0.0936500376426388,0.1193365744753326
EIF4G2,CAD,0.5313666971741375,-0.7368148047002392,0.1788802528202742,0.2244491426815392
EIF4G2,CD59,-0.3876713652542484,0.5945759904552808,0.1497546291772148,0.1867669471889137
EIF4G2,DLD,0.3343381691506203,-0.232859259621934,0.1016866631015034,0.0944598791620117
EIF4G2,CYTH4,-0.2984000994335178,0.5606270620768504,0.1256134677863092,0.1523180071026729
EIF4G2,LGMN,2.511453797251429,-1.471708032024961,0.8771369100832184,0.5434994650389177
EIF4G2,USP14,0.294021477657557,-0.2345192588976379,0.0841700532147685,0.0842108531592888
EIF4G2,RBBP8,0.3787680746972054,-0.3327168650152601,0.1414577136101467,0.1403515641919265
EIF4G2,GIMAP2,-0.4268587042016729,0.3830526141814064,0.1071203506442011,0.1265816368091662
EIF4G2,GLRX3,0.187680302464369,-0.2587094212572267,0.079865707643153,0.0915022253668372
EIF4G2,HDAC5,-0.7543005052620766,0.5618412698960916,0.310256712663995,0.1792213865785461
EIF4G2,HSPA9,0.3323508643506776,-0.376561030340733,0.1258706895567841,0.1074850129083704
EIF4G2,HSPE1,0.3871473832539209,-0.2517923316219078,0.1669342905430901,0.096548821407098
EIF4G2,SRM,0.3823515824383667,-0.6841680623117149,0.1441191848431936,0.1139228311902502
EIF4G2,C1orf109,0.4285486741997945,-0.6478690806204389,0.1631983544168866,0.2212678620079523
EIF4G2,HSPH1,0.3418736427961166,-0.2888731937317785,0.1365429255057779,0.1087901992491129
EIF4G2,CXCR4,-0.3517679696969448,0.5574470461416398,0.1326048811349849,0.1231143068899224
EIF4G2,HNRNPA2B1,0.2145525469534463,-0.0843364097397843,0.0729963512957511,0.0351780836903542
EIF4G2,RAP2A,-0.5773698893709586,0.3133906937396976,0.1706095297071865,0.1113071854581944
EIF4G2,DKC1,0.3764662959940552,-0.2408251653732641,0.1369303057926449,0.1005882070902176
EIF4G2,TRIM22,-0.3832342879443769,0.64093780431245,0.1448425943603902,0.2034347200174947
EIF4G2,GIMAP4,-0.4446413935362651,0.6656541877539853,0.1294680974191126,0.1894300978456955
EIF4G2,RNF138,0.3128071484565863,-0.2333919893472018,0.1023599580955742,0.0983650634205055
EIF4G2,BICDL1,-0.482186739671966,0.4343944345948662,0.1460627708772286,0.1503687672324282
EIF4G2,CDK4,0.4199439436211569,-0.3015151271938772,0.1218214942525388,0.0967362737271053
EIF4G2,SERPINE2,1.268143520366846,-0.7604689631849836,0.4487119919803877,0.2811920745588404
EIF4G2,MYOF,1.1677417591779051,-0.6615538298974754,0.4348824913476755,0.2201859505184716
EIF4G2,DENR,0.2866121404325848,-0.2643636126265998,0.091039652949356,0.092867981021951
EIF4G2,HSPD1,0.5187933846693669,-0.3160936326084446,0.182007162854383,0.0860905906937024
EIF4G2,GZMA,-1.1256269736318985,1.0707266789460066,0.3286629627305779,0.4366883915771128
EIF4G2,PSPH,0.3851196223742896,-0.3630108413608136,0.1484816040618356,0.1208692501984191
EIF4G2,TMEM140,-0.4881453701390321,0.5347603346048394,0.1953004465756936,0.2178786154923566
EIF4G2,TEX30,0.4650993668754205,-0.2959833535131869,0.1451531583108472,0.1245526406637282
EIF4G2,DGKI,2.081384971490636,-1.834653829671456,0.7410332441197363,0.4192621237384844
EIF4G2,NAA15,0.2967902329406496,-0.25599429633234,0.1041668144467707,0.0988950925129745
EIF4G2,FABP5,0.6316163786198741,-0.4082796169113693,0.257794018715742,0.1319800898225664
EIF4G2,TPP1,-0.2541246691978653,0.4087821787858662,0.1092179168586755,0.1391505191173943
EIF4G2,NUDT16L1,-0.5560600780033182,0.5192372987100962,0.1837182951118644,0.1657408530233445
EIF4G2,ADAM9,0.530802279958638,-0.5801183328231446,0.2263608155786604,0.1678713491174423
EIF4G2,IL13,1.8134527431163865,-1.36863025664154,0.6893944128018195,0.3377278066178805
EIF4G2,B3GALNT1,0.8267867008880808,-2.3718522476056565,0.352013414651859,0.5245716908160214
EIF4G2,CTPS1,0.3293323976621682,-0.4693034876360397,0.1381768285005765,0.1280241056461612
EIF4G2,MAL,-0.2690165758351111,0.6840954649848427,0.112268991594786,0.1525218094451134
EIF4G2,ATP2A2,0.4139371009771553,-0.2539929020452008,0.1120718343854861,0.0929215091803906
EIF4G2,MUC1,-0.7393468582142045,0.6154153031219838,0.236433496707621,0.2200386447526737
EIF4G2,GIMAP5,-0.4011884238128833,0.3822102693961316,0.1273192263994509,0.1547037781054048
EIF4G2,YRDC,0.4403891626680803,-0.4933525986872838,0.1632689810090959,0.1599972123250171
EIF4G2,HELZ,-0.2913874817492108,0.2745489024422815,0.1026812197107054,0.0928224784606459
EIF4G2,TXNRD1,0.2150591842767495,-0.276100083783561,0.0833391105411747,0.1079088146981757
EIF4G2,RNPS1,0.2509362881438249,-0.2480967108040164,0.0982961619855353,0.0964464906258115
EIF4G2,CSNK1E,0.4856683361220427,-0.4457916691387552,0.1651169395889561,0.1785475066172573
EIF4G2,SYNRG,-0.3141570498410577,0.2579199161181312,0.0885571964420928,0.0944960054568097
ELAVL1,PLEKHB1,0.6902434973722145,-1.1041056913916014,0.2392990270292593,0.4701809705736242
ELAVL1,TNFRSF9,-1.1871368867317846,0.6711629689912849,0.4452219697230036,0.1729513379392578
ELAVL1,UFD1,-0.1498671209556308,0.1215188376384584,0.057426103166111,0.0519860091908432
ELAVL1,SH2D3C,0.2054983319604781,-0.2024438040221826,0.0751518753638345,0.0721995812449574
ELAVL1,PSMA7,-0.211163654359599,0.1055367963040341,0.0532096568497845,0.0343266464591416
ELAVL1,ANKRD12,0.2440034542220446,-0.1935402405213589,0.073326164039041,0.0755731980033831
ELAVL1,CMC2,-0.1798351539821983,0.1157005851852125,0.0674956959880147,0.0424284010933379
ELAVL1,LZTS2,0.2765865164202192,-0.4398226882522222,0.1074665548856074,0.1344514168841354
ELAVL1,RAPGEF2,0.3711125017684961,-0.2610938930656412,0.1366797722417733,0.1092438338797653
ELAVL1,C12orf57,0.1947210851574246,-0.2004575245828515,0.0780570373811394,0.0669942024602106
ELAVL1,GOT2,-0.236870859022909,0.1439219038492114,0.0893285688925071,0.053867718739648
ELAVL1,RFC3,-0.324052157913703,0.1364335302745095,0.125727924834953,0.0557970885082114
ELAVL1,RHOF,0.1603535221989833,-0.130375168376101,0.0445715898154703,0.0547386754767493
ELAVL1,KIAA0319L,0.3180319338117259,-0.261345432501293,0.0836312079792398,0.0964074276526994
ELAVL1,USP12,-0.197651174797855,0.1750787441757732,0.0756728278029846,0.0691754810895556
ELAVL1,ELOC,-0.1746180844829005,0.1042416125467252,0.0657068839502048,0.0404400772006074
ELAVL1,PCYT1A,0.1226145960143708,-0.1442554188503512,0.0533696589194868,0.0612350485269811
ELAVL1,ZNF589,0.2701423795736026,-0.2397395022711627,0.1072432691678643,0.1012084536689796
ELAVL1,EEIG1,0.3268009284191313,-0.4503162625899312,0.0915884244428309,0.1890226775487403
ELAVL1,BRWD1,0.2374179559187437,-0.229901274389751,0.0745267093756617,0.0800500302034446
ELAVL1,UBE2H,0.2120725882851008,-0.2032871697648348,0.08487363545247,0.083972135386327
ELAVL1,GALT,0.3054519830376573,-0.3245870757360765,0.1215433760676855,0.107326265729339
ELOB,FAM136A,0.3196469977149473,-0.2292053081576788,0.1082050904428888,0.090746637267848
ELOB,DGKA,-0.2287249991860258,0.2156282679333359,0.0919206872423529,0.0776886139166335
ELOB,SEC31B,-0.4710248459849162,0.6722232953317405,0.1603356927426803,0.1400561104322761
ELOB,PLEKHG2,-0.5851817305064089,0.5186744514738917,0.2024259336647192,0.1672857641696456
ELOB,PUS7,0.6390341717871382,-0.3654876217714058,0.2197529560708493,0.1344415181436685
ELOB,PBX4,-0.5204461684417762,0.5494385237846399,0.1671666677112729,0.1403173843481421
ELOB,TGFBR1,-0.2957477643308317,0.3487685287561722,0.1152506123721909,0.1090327831348409
ELOB,RAB5C,-0.16172861243344,0.2037432576967777,0.0530258390022493,0.0813051070386452
ELOB,GNPDA1,-0.5627669499165863,0.8619608118498335,0.1529789544255986,0.1319886030658766
ELOB,TFG,0.2243141459342913,-0.2065391097832431,0.0743359950982607,0.0894954253581909
ELOB,CTH,2.061928470605725,-0.9495699227446316,0.624939273227304,0.2420578879075365
ELOB,SOCS2,-0.5162691380656164,0.717750514442144,0.1728359133661059,0.1469371117587175
ELOB,APOL3,-0.2286867119524319,0.3951157648882994,0.090034231421951,0.1130322573714085
ELOB,CHAC1,1.5315246597932033,-0.8883884834893684,0.552628147520075,0.2187950062722223
ELOB,GGACT,1.006341428558395,-0.927177432799928,0.237416292452855,0.3229114954894639
ELOB,USP15,-0.1644294772870361,0.2052088099097122,0.0609006851273059,0.05760337881135
ELOB,DYNC2LI1,0.6055702344795542,-0.6910974502537974,0.2216980006398105,0.242706213644445
ELOB,MYOF,1.150634835815062,-0.5987207320527411,0.424227534382141,0.1982844255132382
ELOB,OLA1,0.2995266620643086,-0.2402797770422022,0.0941818655961985,0.072880660181446
ELOB,ITGAX,-0.9151273003336216,0.4728435526806972,0.3673465630990957,0.1807749203323649
ELOB,PRPSAP2,0.3276265001593244,-0.2617869102370147,0.1172185943360301,0.0929189308283908
ELOB,GALM,0.338299466880381,-0.3258877868143878,0.1265623757230801,0.1193495450643638
ELOB,ADK,0.2900238021485462,-0.2302429002464205,0.086817129322488,0.0670484961397292
ELOB,KAT6B,0.3378856070309243,-0.3940312848513725,0.1241635987523803,0.1442477504106282
ELOB,LZIC,0.2749260873832387,-0.1862950629699379,0.0720845400972803,0.0704176199879587
ELOB,SLAMF6,0.3646223998445752,-0.4379112423334876,0.1333089732843451,0.1541358573285931
ELOB,LSM6,0.2547375686659923,-0.2021556469657649,0.0816682142540772,0.0696233348579836
ELOB,CTC1,-0.3809176517510672,0.4493439531624234,0.1417314941789107,0.1834845537775508
ELOB,DAZAP2,-0.2017494973418351,0.2082273836722986,0.0580018203311853,0.0759608089304154
ELOB,TRPV2,-0.178746387818571,0.3131213059262271,0.0706724535469483,0.1144061491806733
ELOB,ACBD6,0.1831463779624114,-0.2860551694175539,0.0738449464774406,0.0687556467816943
ELOB,TBCE,0.3304601134427208,-0.2331934513840938,0.0921953328918142,0.0886815174683633
ELOF1,KPNA6,-0.1144243816833441,0.0998701531344453,0.0342709544101153,0.0394490744557655
ELOF1,INTS13,0.1806317624376653,-0.1972058759165697,0.0455797765692218,0.0574003601608077
ELOF1,GNAI3,0.1013823049995372,-0.0828153152668937,0.0327177238233295,0.0340841280089323
ELOF1,IARS2,0.1487362623872978,-0.1280305377133904,0.0438025688100603,0.0418536504702368
ELOF1,KAT6A,-0.094199253060303,0.0944248923749559,0.0411608354268244,0.0449590124346556
ELOF1,ZNF324,-0.2631954978779202,0.3570988944661016,0.0995315176486791,0.140956115803161
ELOF1,MED15,-0.114788067782553,0.1183006886320621,0.0527560245185135,0.0568950388031961
ELOF1,MAPK1,-0.11700869131011,0.2232716913209457,0.0390790015643773,0.0792955482874546
ELOF1,EIF5,0.2755499998896967,-0.145187897116674,0.0523742469050404,0.0646130732169048
ELOF1,NFATC2,-0.1868938928518884,0.1537729638092648,0.0547404010536515,0.0702367136886342
ELOF1,STK4,-0.1262818525808895,0.0841548400849508,0.0438805644101084,0.0410264192365081
ELOF1,BCKDK,0.1788471806809116,-0.1508056492183834,0.0570987177853383,0.0494241496719629
ELOF1,IL27RA,-0.1533738828558534,0.1674800050934808,0.0580875074799737,0.0649061204117359
ELOF1,GARS1,0.1916983339608448,-0.2120935353140622,0.0689773944326031,0.0788263490412493
ELOF1,TSPAN14,-0.1303689272556694,0.306016283219272,0.0520786104318688,0.0785482374254616
ELOF1,ARHGDIB,-0.1137327137587711,0.0939094106556593,0.0355864627158823,0.0411170400909737
ELOF1,STK38,-0.2098251886344629,0.1762904167291611,0.0752735376460191,0.0673857695858407
ELOF1,TREML2,0.4947457659110325,-0.56485157930691,0.1809620252668062,0.1784524074245363
ELOF1,GNPDA1,0.3972460657562306,-0.2424042250351606,0.0962948360626073,0.1166349904035541
ELOF1,IFT57,0.2633055945536598,-0.1926615420746281,0.0907443432494483,0.087816418270539
ELOF1,EPHA4,-1.0369318043918876,1.175253792110323,0.193157428280556,0.466144837131153
ELOF1,VAMP4,0.2060015555406572,-0.2119426402878057,0.0778595565509575,0.0905389616154779
ELOF1,UBL3,-0.2732721260170383,0.1781689916868083,0.0935051970761178,0.0827627164145609
ELOF1,TNFSF14,0.4051833166544727,-0.6186477848818972,0.1628177892527572,0.1966772149982566
ELOF1,EML2,0.1586064921657541,-0.1812126794116433,0.0618380983005219,0.0545809613839572
ELOF1,KLF2,-0.2654114505827269,1.0341944412235156,0.0843091475351786,0.4437963826068511
ELOF1,TPP2,-0.168533958359615,0.1065015662482257,0.0534873504427298,0.0469970112826164
ELOF1,MPHOSPH6,0.1965123633628509,-0.3034588311499041,0.0715642737873027,0.073680570701221
ELOF1,CNOT6L,-0.1181589470398753,0.1892685508054941,0.0525166871751809,0.0490780201464733
ELOF1,TMEM50B,-0.1550128017732746,0.2319431885561165,0.0528207442327352,0.0842356397727247
ELOF1,TMCO1,-0.0825972433453052,0.1050517937335769,0.0309804384750744,0.0372195264988738
ELOF1,C1orf43,0.1215076580562554,-0.1069546383552672,0.0378194121467261,0.0421061913691648
ELOF1,ASXL2,-0.2209682548339077,0.4121796685376867,0.0538462905097173,0.1137612207610404
ELOF1,RMND5B,0.3105312230849346,-0.5457437655300719,0.1302382742388128,0.1126377925599608
ELOF1,ARMT1,0.1186361933367463,-0.1644751659646024,0.0478273536048693,0.0587271836255804
ELOF1,MSN,-0.1006805611902047,0.1290375140418238,0.0421863226015519,0.0436853076798377
ELOF1,GPR174,-0.3796401289944858,0.4208703006102424,0.1242479576161703,0.1567424399158704
ELOF1,ATM,-0.2660004833829422,0.2702376894596393,0.0837959830133262,0.1027979075938946
ELOF1,MTMR12,0.1249820098749687,-0.1977041278694794,0.0451234065155139,0.0609844800976881
ELOF1,CAST,0.1447783626724458,-0.1320784316339735,0.046565325908813,0.0493630219007601
ELOF1,CD96,-0.2134796411325182,0.3957568108411716,0.0691998533162289,0.1251766764644202
ELOF1,PTDSS1,-0.1385837073014361,0.1402688274639338,0.0516288324274303,0.0480011574205398
ELOF1,RNF111,-0.1237759152130622,0.1190398001683234,0.0518137236477949,0.0558848947103657
ELOF1,AIM2,0.8104167130114664,-0.3904435121171873,0.2641559662922104,0.1324648661320225
ELOF1,CREBRF,-0.334632936047828,0.2764747861099677,0.1248207910524739,0.116662661599574
ELOF1,IL31RA,1.953218700590488,-0.9406464024620224,0.9003734229360648,0.4163638590135647
ELOF1,TMEM65,0.2105639148019967,-0.2679400057298299,0.0720190547149113,0.0770286722661158
ELOF1,ENTR1,0.2471599121863965,-0.2146345960831903,0.0794998317867435,0.0878785702623292
ELOF1,STAT6,0.1997455628354724,-0.3067610418081671,0.0721489782420231,0.0920667039342639
ELOF1,CD3D,-0.1170689803571949,0.1076665786075455,0.0465436537911899,0.0518360757358723
ELOF1,DDIT4,0.5837462267998943,-0.2052593732453511,0.1665817649649719,0.0987179436155735
ELOF1,MMADHC,0.0971978108958343,-0.1508109446823611,0.0415397749799118,0.0418010808676227
ELOF1,IRF2,-0.130497048762942,0.3790639736226632,0.0515106624897521,0.0726721760979558
ELOF1,NABP1,0.2298924723335162,-0.2067545842679418,0.0833375497540203,0.0878085780014394
ELOF1,SLCO3A1,-0.2699599527681613,0.3735925286265723,0.0945018027197526,0.1583454302988323
ELOF1,WDR6,0.099614464059022,-0.1916387448759778,0.044862294565698,0.0639956942385242
ELOF1,COX14,-0.0984271337911345,0.1640258346931023,0.0421191850029214,0.0456526319846671
ELOF1,H2BC21,-0.3103421470201756,0.3479034754422204,0.10561032507378,0.1398469899151755
ELOF1,MCRS1,0.1295396143190507,-0.2623625820375751,0.0435042494150602,0.0509995338570588
ELOF1,SMIM15,0.1070946580713348,-0.2053981014084332,0.047560945567192,0.0483285262538811
ELOF1,H2AC11,-0.4388804755975611,0.4269099816572737,0.1257089415971506,0.1493753120157218
ELOF1,FUT11,0.1517750186976538,-0.2909264413279274,0.0480761554799107,0.071388961141242
ELOF1,GMFB,0.1199045457398345,-0.1481451967418463,0.0485293601912873,0.0579764546365871
ELOF1,MIER1,0.0873478272284529,-0.103452656788204,0.0304944346268367,0.0419221937241226
ELOF1,ZNF334,1.780605633095282,-0.718220166363128,0.6472584569698899,0.279171983043992
ELOF1,PRAF2,-0.1784198105384865,0.3430741170163369,0.0693927593202057,0.0763886895692461
ELOF1,EEF1G,-0.1422370675552913,0.1482659704649134,0.0560143714377674,0.0317243953119708
ELP1,ATF3,1.1213377250011425,-1.0333778125245097,0.2726296640687398,0.2993707818371868
ELP2,CD48,-0.3339698274282079,0.2523211280050613,0.0969323867812374,0.0782379025764472
ELP2,RNF114,0.5001851038571355,-0.3082999410428129,0.0917016129188599,0.1122423840090133
ELP2,PMAIP1,0.9708508653564208,-0.6643509198319715,0.2084769465304786,0.2498518829179274
ELP2,CEBPG,0.5511302000932614,-0.2990975571173183,0.0915978582517795,0.1086361897755157
ELP2,AIMP1,0.2638713386931274,-0.2234135370093379,0.0786573936860756,0.08203591041301
ELP2,ALKBH3,0.6099030219517227,-0.5373969657751712,0.1461868284973638,0.1942664275082362
ELP2,STAT5B,-0.3367372887208931,0.376787593995423,0.1005802362725874,0.0930697863247078
ELP3,UXT,0.2023603151227734,-0.1567159799103913,0.0558867938106181,0.0502299539629463
ELP3,CALCOCO2,0.2399544807147648,-0.2786755596803288,0.0887347923551039,0.0895528838453214
ELP5,CD2,-0.3869244708046138,0.2323518396270223,0.0904842678441789,0.0739131243121548
ERCC4,MTX3,0.6930511694426327,-0.422710035028409,0.185763751399883,0.1456595622577259
EWSR1,GRAMD1B,-0.4468809466181401,0.2601092599805541,0.1163071184013803,0.093076645598243
EWSR1,RELB,0.239417033261411,-0.163076512225912,0.0891420076259321,0.0639642512363179
EWSR1,IL23A,0.4371492095716688,-0.6117555838153563,0.1583863826691384,0.2165228380331604
EWSR1,C12orf57,0.1943588102511141,-0.1970475063679815,0.079517300566653,0.0726412614682359
EWSR1,STMN1,-0.2783803138654099,0.2443009496335346,0.1194245991034829,0.0813020569080524
EWSR1,EXOSC9,-0.1646817449185431,0.1438084755644983,0.0729011631113725,0.0560006820375494
EWSR1,IQCN,-1.226846366681994,1.160504371747498,0.4178050194978305,0.4330332271911159
EWSR1,SCAF11,-0.1309217947417451,0.1377156041671851,0.0508929261632457,0.0529230108804351
EWSR1,CUL4A,0.1455206845246066,-0.2113728559521123,0.0619502214021215,0.0758668918856061
EWSR1,OTULINL,-0.460560730707062,0.5735223501218478,0.1281067661419552,0.1481410809364158
EWSR1,NCAPD3,-0.2558105146196329,0.1946910077329726,0.0987566259824405,0.0522944820438665
EWSR1,ZNF714,-0.4494805894463509,0.3616227079219855,0.1894319661062732,0.1441671207845004
EWSR1,GFI1,-0.465605769549074,0.2913367560132595,0.17862048444848,0.1102210764816429
EWSR1,RBM15,-0.1772951438550726,0.1711386543541491,0.0632851011373627,0.0529667382328157
EWSR1,IFI16,-0.0922196572087193,0.2926957685473598,0.0400983039486943,0.0601641516198296
EWSR1,ERAP2,-0.1596530192630344,0.2832508896989937,0.0707188514262787,0.0962660137891441
EWSR1,TMEM71,-0.257037975263553,0.3375771033408211,0.1014829496751047,0.1140054503753309
EWSR1,LRRC45,-0.2960075550667225,0.3207063517879056,0.1111599704264776,0.1354853204369317
EWSR1,AKIRIN1,0.1442298523983647,-0.1726306219979314,0.053408911560371,0.0673832624809139
EWSR1,RNF41,0.2060575152849751,-0.2177345821272294,0.0715554558885775,0.08064952326035
EWSR1,C5orf24,-0.1698202778650906,0.2812569717204441,0.0734043332328565,0.0673742880972866
EWSR1,GPRIN3,-0.2098834331349514,0.2770265244042785,0.0932190293238084,0.097402378482695
EWSR1,GGNBP2,-0.1337266411724911,0.1363553176419854,0.052451247600852,0.0544096161960794
EXOC7,UCK1,-0.6447189428725968,0.6112562368457717,0.2005213083023856,0.1759038297057296
FAM98B,PRKACA,-0.2305238704270517,0.2178183317428964,0.0765259445326175,0.0813502569023536
FAM98B,COX6A1,-0.1498518238718087,0.1740276819889448,0.0542079494649785,0.0471157369550257
FAM98B,PAIP2,0.2911578796456941,-0.3963583786833393,0.1089086490172475,0.1555153894807436
FAM98B,CDK2,-0.5326590219106752,0.3318470696232295,0.1497192063772084,0.0835133987296598
FAM98B,NARS1,0.1652866960055162,-0.2137606428885129,0.0608017370182427,0.0855165417445111
FAM98B,SDHAF4,0.4040556928695529,-0.444226405234014,0.1507961416000179,0.1519045754491469
FAM98B,ITGB2,-0.3225892332492941,0.4461695331623744,0.1077424956157281,0.1080756190909297
FAM98B,FAAP20,0.4366568435988215,-0.6593902604144536,0.1526419811708104,0.2505862530994216
FAM98B,ZNF672,-0.4349295706200592,0.4194745770358606,0.1636789005520749,0.1715618423248314
FAM98B,DDIT3,0.410797478267176,-0.7021549171793519,0.1576526972392104,0.2254387495466623
FAM98B,LRBA,0.3622955448574327,-0.3150108013462355,0.0756564266060815,0.0959985003302048
FBXL15,POLR3E,0.2459874877826466,-0.3179030239751569,0.0842156108706908,0.0925305170766763
FBXL15,DENND6A,-0.1907187913793934,0.249952810869682,0.0686207674538142,0.0617563372898155
FBXO32,TNFSF14,0.6848456163348949,-1.1891911807885815,0.2370150553829868,0.2851209349031806
FBXO32,RELCH,-0.3013817466317113,0.2616487823425769,0.1007612745900662,0.0894539861728689
FBXO32,NFKBID,0.7922534879218953,-0.6290938454077605,0.2091820768437973,0.2130143567509677
FBXO32,PGAM1,0.4544135151765836,-0.2439657932031303,0.1737265481061481,0.0725483807629828
FBXO32,PARP10,-0.5629629927013708,0.519419603988452,0.146370661489651,0.1543189938007297
FBXO32,GPSM3,-0.1880482204175223,0.2891055611461491,0.0636452955470925,0.0770293578528494
FBXO42,TAP2,0.2612234616128162,-0.2928120105204552,0.072798397179974,0.0974563034000736
FIGNL1,CALM3,-0.2164682329153549,0.1874754724622691,0.0696693173798672,0.0627120459385844
FLI1,UBR5,-0.3025610404513351,0.2890712286852333,0.0999288127343964,0.0819714755162741
FNBP4,RBL2,0.2985604917896909,-0.3303461481424364,0.0871009226135832,0.1100651312614591
FNBP4,LNPEP,0.258483697413304,-0.5833924941637701,0.0904066252747765,0.1494368646472034
FNBP4,NR3C1,0.3056665944139805,-0.5028044254006668,0.1091106834262517,0.1516552197058667
FOXO1,TMSB10,-0.313387873295728,0.2780155257080923,0.0563701760936314,0.0891871641312085
FOXO1,AP1M1,-0.1685743948075943,0.2151702342854711,0.0599096319651444,0.0666489194515188
FOXO1,PRKD2,-0.2562335092281724,0.2266499920868263,0.0973126973228913,0.0790749169825898
FOXO1,PRDX5,0.2822998301889662,-0.2097439908548167,0.0739658218038629,0.0632526788121036
FOXO1,RHBDF2,-0.4931284692873525,0.6391526062249041,0.1816658516796109,0.1714895838655831
FOXO1,PARP9,-0.3340810098180181,0.3997433215463443,0.1139064681910805,0.1429025335608461
FOXO1,C9orf72,0.5207063027585505,-0.4763319872999653,0.168546172188589,0.1657865400048304
FOXO1,LY6E,-0.2800625301810658,0.3442373259935858,0.087397987578983,0.1002924616327917
FOXO1,MTSS1,-0.612038242086614,0.8068693625483288,0.2177052517248569,0.2780987053992289
FOXO1,SPN,-0.2623084036674701,0.3061555014887415,0.0788674767070579,0.1018930019958177
GABPB1,LRRC59,-0.2969016541317766,0.2593199410307312,0.1121632251902818,0.0765298773571802
GABPB1,MFSD10,-0.628269047979735,0.4257105919259456,0.2422317968534739,0.1219513911232225
GABPB1,STING1,-0.2973983205057421,0.3211130440105899,0.0990061216703196,0.10584002473226
GATA3,CLDND1,0.2888371741077974,-0.1973955564487282,0.0904641653022359,0.0663487796171918
GATA3,DLGAP4,0.3052825831988439,-0.2856274714761236,0.1011286388986735,0.1131928540266972
GATA3,STK17B,0.3164857653123804,-0.4232352325969419,0.0755529639132921,0.0709958737836113
GATA3,GLG1,-0.2169848014776114,0.211268588879522,0.0723702817392478,0.0796724902071606
GATA3,ARSB,0.2283087959376043,-0.297590014974277,0.0756426298680661,0.0991616558799378
GATA3,STAT4,0.4189190582808828,-0.3778754149538961,0.1036326625594481,0.1212134752617839
GATA3,FURIN,0.4246184123225558,-0.3317637827517444,0.1028455792251424,0.0721698169023937
GATA3,SIGMAR1,-0.2458172258242185,0.2056323249133413,0.0919656889468309,0.0778226066676327
GATA3,SLAMF6,-0.3491696584772705,0.353396812027533,0.1253741109307736,0.1118360907017185
GATA3,NSMCE1,-0.2146236971071266,0.2377046286457711,0.0665996774973986,0.0616885849760409
GATA3,CANT1,-0.2158153397262115,0.2037540453875276,0.0779436930669788,0.0714815909962481
GATA3,CLSTN1,-0.234119577010764,0.3267565048397487,0.0701557387483655,0.0856756020805903
GATA3,TLK1,-0.1423573486021664,0.1672673203075748,0.054061631474888,0.059000338331345
GDAP2,CNN2,-0.2672143834792508,0.3974168278089071,0.0825528080354158,0.151730035306121
GDAP2,PKM,-0.5462202308059692,0.3274872084033191,0.1750588556287823,0.1047186721469158
GDAP2,TBX21,-1.123629219898195,1.0310109241281131,0.4123889745351101,0.2515966226761268
GDAP2,NKG7,-0.9220747667236076,0.7810279527950368,0.3009151172531563,0.2042938888797861
GDAP2,SPIN1,0.4901392687794744,-0.8543603452848811,0.1833040184469394,0.3069929742296414
GDAP2,ANKRD11,0.2726753478644217,-0.5061795463923032,0.1027613697198681,0.1800874269775519
GDAP2,GNB2,-0.4186794734551265,0.5165267026026412,0.0990202217106845,0.1127972397727946
GDAP2,DDIT3,0.726652730438448,-1.857910032157916,0.246139031284932,0.5670282496379987
GDAP2,WSB2,-0.3421652004851173,0.4210258599471723,0.1274307741513949,0.1319101426697846
GDAP2,ADSL,-0.3399332215985226,0.3486098979399085,0.1054477322893809,0.1253732156363758
GGA3,SETD1B,-0.2247924845294847,0.2958030195861671,0.0933694040280498,0.0827240957071046
GGA3,RHOG,0.2355231744498392,-0.1877435467359698,0.0742406552798819,0.0537186053127389
GJC1,ZIM3,1.0222507014054516,-1.442229574943494,0.3392442874248246,0.3542582315682913
GLIPR2,CAMK1,0.6785490194977429,-0.4452746078418887,0.2502239027466618,0.1386010577277595
GPALPP1,CENPM,-0.6701250237064614,0.4054281251245741,0.211828687524984,0.1188754359427842
GPI,LIMA1,-0.6228386801360161,0.4682844671424336,0.1886492887031013,0.104664495061103
GPI,ZNF264,0.3401262904602036,-0.3111904703229628,0.1038169217359209,0.1337235349958576
GPI,RASSF2,-0.2692384219430099,0.2663326743761857,0.0802810004300481,0.0893644103331366
GPI,ABHD3,-0.2765408924435574,0.2693321177348537,0.087137467374833,0.1080863395842113
GPI,CAPN2,-0.1665932255535677,0.204675740025027,0.054612432027644,0.0848882675304619
GPI,JPT1,-0.3660978798876202,0.3981377120179151,0.1194354482583153,0.10870751811914
GSS,TACC3,-0.4858056440640952,0.2462276620867914,0.1419830110042011,0.0835880839983369
GSS,SPAG5,-1.0412180971054508,0.2792622393049712,0.2262854295961032,0.0982494178644178
GSS,MYH9,-0.2772154224607281,0.3288356794415082,0.081778258261494,0.0813810353439512
GSS,HSDL2,-0.5644569056089369,0.3734424325396064,0.1967423081258431,0.112666303510698
GSS,UFM1,0.2889878358276289,-0.3601242750709856,0.098736924942204,0.1144316007066801
GSS,GPSM2,-0.8516506119436569,0.5717957550549597,0.2547976755834316,0.1776065256959724
GSS,SMC2,-0.8590892433002172,0.3196507430708931,0.1660847119929973,0.0846064077206306
GSS,TICRR,-1.018503175750914,0.4830285215264589,0.3304485687635073,0.1691552162910266
GSS,CALM2,-0.3190117671794584,0.2457900067699572,0.1020516194850792,0.0806754990236122
GSS,NCAPG2,-0.5701333597351921,0.2547765929182494,0.164318212709044,0.08567081899282
HAPSTR1,ARRB2,-0.1298060186170183,0.1278140597243674,0.047586817262965,0.0482975733845844
HCCS,ZBTB32,3.1549450582075296,-0.6709072844651254,0.3221446337180345,0.1932656727522219
HCCS,PSME1,-0.2752172625385496,0.4431381977022515,0.0673694042001245,0.0811654277702141
HCCS,IFNG,1.4787182145345616,-1.8951269461826965,0.3459820058576806,0.5444898673507482
HCCS,MT2A,-0.6868007062551794,1.1928981379074113,0.2320097112799352,0.3104892610876985
HCCS,SLC38A2,0.5098101241249263,-0.4198213399295913,0.0968160825862512,0.1484091076143413
HCCS,RAB11FIP1,0.5127814195629556,-0.7883940058622937,0.1090982236593548,0.2211782542046913
HCCS,C2orf68,0.2737780569982896,-0.9648194607082008,0.1030794508995518,0.2531291558873636
HCCS,MTX3,0.6188908673776555,-0.7117054774699584,0.1788236508479267,0.2168456851619263
HCCS,RAP2B,0.3023995787011416,-0.859122570428347,0.0911854154057634,0.2500884792681904
HCCS,CCL3,4.143159316545198,-1.6051581857867678,0.6084656033769846,0.3997936045342289
HDAC3,PLEKHB2,0.2789653078567888,-0.2768029408039487,0.0887111460011484,0.0775987128569282
HDAC7,UBC,-0.4469082408804753,0.6455948098652883,0.1313382746153447,0.1844211674563321
HMBS,PPT1,-0.1509974199941794,0.1997953054033116,0.0514855929652886,0.0696876197415397
HMBS,GSTK1,-0.2337259312827097,0.2361196557440275,0.0750325766441049,0.0757317579423577
HOXB2,MTM1,0.2382249863157051,-0.3844912201466477,0.0866410709418772,0.1194681047250602
ICOS,ARHGEF18,-0.2868201437653519,0.396945744127626,0.098889947401149,0.111693348185604
INO80,SHC4,3.867924349329245,-1.7546381286074146,0.892634781027211,0.5390114088557386
INO80,CCL4,3.760456881780607,-1.5469128630559013,0.6831644926663577,0.4477564372957939
INO80C,CHMP5,-0.2483555126913319,0.1845339143634582,0.0776222076564921,0.0573069359155515
INSR,ANP32E,0.2229734236220129,-0.0916190105216738,0.0874981477258872,0.0294492514813054
INTS10,DCAF17,-0.4177353765289148,0.3410540627127042,0.1494293461638836,0.1287347014701941
INTS10,ZNF41,-0.6042687678502843,0.4279183332341159,0.2186652542780174,0.1624066916247191
INTS10,OTUB1,-0.3694855827579171,0.379554112798945,0.0888935240474556,0.0679814403325801
INTS14,ODC1,1.314551362477074,-0.4389537547663968,0.2000950499763672,0.1414876786502802
INTS14,LRRC8A,-0.3802091330355271,0.3944968631169311,0.1335137934878321,0.130696768247448
INTS14,RAD21,-0.3894372466968414,0.2179642752530668,0.115832379400016,0.0750742516294357
INTS14,GLI4,0.6451453122366422,-1.3243467455882718,0.216465698499023,0.4805551211088443
IST1,KLF6,0.4183769695834202,-0.4210002080495655,0.0977265594996803,0.1259772000041197
IST1,CST7,0.6674160815355222,-0.4002406379210382,0.2163382058469791,0.1194584249608806
IST1,CTLA4,1.1808490508565053,-1.2844562337919632,0.3961380088990247,0.2126261543663853
IST1,AEN,-0.4466206608299676,0.4468987232445109,0.1091189039951334,0.130176875829946
IWS1,HMMR,-0.6789518603050225,0.4434299370904008,0.1929723218930326,0.0955544698149412
IWS1,CD69,-0.6730658109844582,0.4812657880771507,0.2325089060309004,0.153284145254139
KAT7,CD200,3.876154735761145,-2.013564468148641,0.6668600661754461,0.5318548150410106
KAT7,NEK6,2.4029960370916004,-1.5195439144194665,0.6465919310528442,0.504632722869851
KDM1A,CNN2,-0.15577658881589,0.2272936432196693,0.0590915936472215,0.0784164808888279
KDM1A,ATP2A3,-0.2086456353755061,0.2013402147131718,0.0640485381515304,0.0898366608833327
KDM1A,TUBE1,0.3588541240412323,-0.2937020141514662,0.1482965777526319,0.1185231875628115
KDM1A,SENP1,-0.2517865096454409,0.1658778519870546,0.0859624410162529,0.0629846040668239
KDM1A,MTIF2,0.2648803301306797,-0.1625680320122393,0.0894499518580478,0.0716239663734435
KDM1A,TGDS,0.2628083102492344,-0.2069180390607969,0.1094248817433637,0.0889814646211037
KDM1A,PHGDH,0.6206343876696818,-0.5030304857400543,0.2104785785882323,0.1444687042626488
KDM1A,SUN2,-0.2265785786398609,0.2154633006037573,0.0614149060379842,0.0885108197253091
KDM1A,TRIB3,0.8497209030618076,-0.834142552783846,0.1603815607720413,0.1819665103343082
KDM1A,SPIN1,0.3295349416766681,-0.2714941897544957,0.1191079452093385,0.1061598317500458
KDM1A,RAB35,-0.2112071716945985,0.1907460452522998,0.0819612556134326,0.0689013818403591
KDM1A,RNF7,0.1169472292221751,-0.1078728597433242,0.0493636213865692,0.0432325014788584
KDM1A,CYTIP,0.1644959042383035,-0.3485432289317453,0.0573709475455199,0.0554860742142609
KDM1A,PPM1G,0.4248412103866609,-0.1424330138126025,0.0811257833529102,0.0563418676739401
KDM1A,MESD,-0.2262428089105805,0.2321258375453641,0.076394927701942,0.0712868108364533
KDM1A,CIT,-0.5127218224016544,0.1930451482211475,0.142138500583295,0.0820172044839945
KDM1A,CDKN2C,-0.382797540810702,0.4532555932076287,0.1548179893027858,0.1667665505594135
KDM1A,CHMP1A,-0.2002211494763464,0.1985035758592421,0.0678159673140122,0.0692157401385045
KDM1A,CCM2,-0.2691493557380824,0.1699503604475444,0.0660562389536053,0.0616128785514924
KDM1A,EPRS1,0.1742097525229834,-0.2368300112291175,0.0731045664744907,0.0582614356688831
KDM1A,CENPE,-0.3633328314698173,0.2026906133403456,0.1502102926379848,0.0811203966793815
KDM1A,SLC7A1,0.2880879049341535,-0.2728433912350267,0.1058945366374479,0.0712408051978961
KDM1A,DUSP10,-0.5306211618637958,0.3728267781836175,0.2126070203637256,0.1157766133839826
KDM1A,EIF2A,0.2685829652816671,-0.1203795201437964,0.0730972398054928,0.0503280710495354
KDM1A,BTF3,0.2673703715048544,-0.2123910019713374,0.0931995374767414,0.0746779143450311
KDM1A,EIF3H,0.2221631775691601,-0.1246934522623345,0.0584816356965816,0.0513118693706268
KDM1A,PLCL2,-0.2153046567097128,0.3257804160035983,0.0815640843275948,0.1180907118645661
KDM1A,TSPAN33,-2.804647053984885,0.7704234078689463,0.943156656506774,0.2862774203997255
KDM1A,FBXW5,-0.2281637524072264,0.1679338657558453,0.0709305899966141,0.0742163690437895
KDM1A,THEM4,-0.5683794856155073,0.3477753068977728,0.1307995790585915,0.121970826012734
KDM1A,PBRM1,-0.1563708565164724,0.1788033648904879,0.0647041690262859,0.0703114954478092
KDM1A,DDIT4,0.641497721054315,-0.3995927824329491,0.1862866531351864,0.1003320726532775
KDM1A,PLEC,-0.2197927392437354,0.369730605133112,0.0898077788265215,0.1189084452586019
KDM1A,ZNRF2,-0.2652110143059759,0.3400601624583926,0.0874264958581187,0.0915897253668338
KDM1A,ZDHHC20,-0.187440336493168,0.1916061726787619,0.0597581326773633,0.0594508863444637
KDM1A,H1-2,-0.4292095702650697,0.2227123423820143,0.1515424365026256,0.0952185695361614
KDM1A,SLC6A9,1.0896598024498858,-0.7538251266985215,0.4197497051642294,0.2781629759089936
KDM1A,RTL8A,0.8278951128644647,-1.1360039499743195,0.2631229494668811,0.4261106017088697
KDM1A,AGER,-0.542859748177765,0.5008717930901421,0.2280465459603356,0.1615972291715462
KDM1A,LTB,0.3103958057419729,-0.4172226044217276,0.1274688043952195,0.1625815916328926
KDM1A,EEF1G,0.2237491115533111,-0.111647917231571,0.060599399254788,0.0360029466220113
KHDRBS1,NQO1,0.6398288615152868,-0.6196233903706753,0.1963632808932807,0.2014000203459301
KIF20A,KIF21B,-0.4706709220621318,0.3564431467588144,0.1580583909247604,0.0997687204301717
KIFAP3,FUT8,0.4060947118449246,-0.2650958429219639,0.0874501696312135,0.0991739861825766
KIFAP3,STK17B,0.354261556416592,-0.1798455475733948,0.0776483710905756,0.0689750822706472
KIFAP3,ATP5F1B,-0.1647045856166495,0.1027380441197262,0.064763195425478,0.0395221493745784
KIFAP3,WIPF1,0.2260157212826894,-0.2688709369212881,0.065441259623112,0.0632015960132143
KIFAP3,RAP2C,0.223655306683228,-0.1738493851881602,0.0682066911458697,0.0545746432661648
KIFAP3,ZNF189,0.3987013777525937,-0.3533232460151047,0.122656554378919,0.1355549650745164
KIFAP3,PDE3B,0.281565242822012,-0.4355397628258243,0.1013192757212427,0.1398533192503234
KIFAP3,RAB11FIP1,0.2531453304077548,-0.2240943125200629,0.0892725162070688,0.0863825779970183
KIFAP3,RNF149,0.2193819850209958,-0.2794662534938368,0.0845151463219001,0.0800816402577511
KIFAP3,TUFM,-0.2299028711969922,0.1638369935350452,0.0901970710761533,0.0589255118267158
KIFAP3,MPV17L2,-0.5109144061327567,0.4183263585164123,0.1842288043775571,0.1456572306756968
KMT2E,BAZ1B,0.2585905562236324,-0.2047580359880453,0.074603814374327,0.0771130769896753
KMT2E,PNPLA6,-0.3293556980267688,0.2576413909718305,0.1077315279356094,0.1026810069319677
KMT2E,DDX5,0.2109137823744143,-0.1879120267084824,0.0495510646297259,0.0726725653245167
KMT2E,PPP1R8,0.3926771347863039,-0.562449753152717,0.11301183817196,0.1769514633283311
KMT2E,PLAAT4,-0.4253164973263985,0.7002303304860614,0.1112653340045144,0.2705467568853708
KMT2E,ESYT1,-0.224248581214653,0.2186725084525909,0.0664377357357133,0.081592234974603
KMT2E,PLK4,0.4131001276057137,-0.4488377637791669,0.1452739164528873,0.1375510397653451
KMT2E,C4orf3,-0.2262182512012776,0.290017918843875,0.0621325484720714,0.0787518637342692
KMT2E,OST4,-0.2345839677138422,0.2035828439496316,0.0856026189291647,0.079626640614767
KMT5B,TAPT1,0.31713830561932,-0.4140959429311765,0.1055076560220879,0.1128330936841087
KPNA1,FRMD4B,0.8428208962743688,-0.4967185524173574,0.2018437412875024,0.1306826191340856
L2HGDH,CCDC167,-0.2244191616156091,0.1689912919349634,0.0763866469046273,0.0559831734573948
LAMTOR2,LGALS1,-0.5762124404870196,0.4699704186641346,0.1593305036756944,0.1296710329922018
LAMTOR2,ARHGDIB,-0.157917071383029,0.2608087765392574,0.0512683404375941,0.0548899944626556
LAMTOR2,TOP2A,-0.7778106561301102,0.3869131367857145,0.2106138045458619,0.1127333788465306
LAMTOR2,CCNA2,-0.9008199226664632,0.2326898641848015,0.2143274004610042,0.0897290240090389
LAMTOR2,COMMD7,-0.313081539223874,0.2509064211748371,0.1111583350111409,0.1066434951076466
LAMTOR2,RPIA,0.3710724783075585,-0.6278645508941513,0.1339756052870238,0.1458375174153918
LAMTOR2,CCNB2,-0.6609984617231128,0.2397732560247445,0.2153325670207156,0.101500893497363
LAMTOR2,CALM3,-0.290031987099772,0.2614168074322744,0.0928620616058039,0.0798102083549826
LAMTOR2,GLRX,-0.3331324760094596,0.2659744392672019,0.1132611272200614,0.1070405507160039
LAMTOR2,UBE2F,-0.4753671386308988,0.3678087196766603,0.1609968085258649,0.1427453625826291
LAMTOR2,TUBB4B,-0.649604505185933,0.3640656463000401,0.1734301331647177,0.1098330453953539
LAMTOR2,H3C10,-1.324074835698625,1.169601980731913,0.35544908903861,0.2993660078749047
LCK,TMSB10,-0.2354682697967077,0.2672497551504338,0.0701086892476227,0.0912484093806771
LCK,COTL1,-0.3830265128403189,0.5207080018865167,0.1438417956605832,0.1308735152166787
LCK,ARHGDIB,-0.1846420688348438,0.2173051806043441,0.0575295353443027,0.0629107200458466
LCK,CALM3,-0.4494381593351391,0.2438355653187592,0.1169923626058224,0.0931644449572121
LCK,ARL6IP1,-0.4905360657638789,0.4764484030816104,0.1859586203261261,0.1573485678092673
LCK,ACTG1,-0.3622709629598288,0.2042724832863122,0.0978072747673208,0.0671758059039301
LEO1,ANLN,-0.9403661710621436,0.3945203958052359,0.1885238472175711,0.1355356394503427
LEO1,PHPT1,-0.4746516137567561,0.2308086334682698,0.1023082484211724,0.0971390295718534
LEO1,CLEC2D,-0.2065226930953184,0.2658788730380212,0.069366050650184,0.0764124103636866
LEO1,SMARCA2,-0.2282615487530177,0.5071439852577563,0.0955800353586405,0.1236842813468923
LEO1,STK17B,-0.1807339417361426,0.2919235582439372,0.0807029503010702,0.0771154788567915
LEO1,MAPK1,-0.1502323345307495,0.3015803787335084,0.0658747532170725,0.1200121080877862
LEO1,CDC25B,-0.367518363890358,0.2950373444517503,0.0748721337645062,0.1145010315066478
LEO1,SPG11,0.4195627772795453,-0.3317057029410284,0.1085414669949339,0.1363788456275518
LEO1,RASAL3,-0.222313417325826,0.2681858497420434,0.0929157868136549,0.0869042671612803
LEO1,LIG1,-0.7180180125424788,0.2840095264549908,0.1380901553366841,0.100331694053116
LEO1,CBL,-0.3774624510197348,0.4073377157855193,0.1305467115807594,0.1196604876601956
LEO1,KIF20A,-1.1425474832469,0.5256693209017602,0.2343263951036769,0.1346675408244461
LEO1,ECT2,-0.5048423223745504,0.3432367914052825,0.1568669407883222,0.1050301251461217
LEO1,IFT57,0.5205249372043921,-0.3715496540981211,0.1213971382792286,0.1482646458494698
LEO1,HEMK1,0.8307896024804479,-0.4127463633839199,0.1208866545439364,0.1681662442825971
LEO1,CENPA,-0.8264126739638855,0.3203064303491988,0.1960973802313333,0.1276829204949407
LEO1,CDC20,-0.7630579828401951,0.3789741242713942,0.2136953085350288,0.1084829770130595
LEO1,NEK2,-0.8470526761794004,0.3882565177259276,0.2160596280243622,0.1345448745851672
LEO1,CDKN2C,-0.7335407536080889,0.5792484662273633,0.1716953126552054,0.1986275522339365
LEO1,RALY,-0.1753927636046858,0.2728492506940897,0.0803023429987837,0.0852554615177327
LEO1,LRFN3,-1.123281918762138,0.8321131010058477,0.3824639681691289,0.3528958526078735
LEO1,CASD1,0.491000032841173,-0.5862941754077817,0.1308480959291376,0.2338790871850256
LEO1,CHAC1,1.2642249901532063,-0.8822266362042557,0.5740414529981706,0.2615573540853687
LEO1,BST2,0.2034026083290111,-0.2657817535822587,0.0913378232110754,0.0890152333713726
LEO1,CCNB1,-0.437239770734218,0.2606041764433922,0.1998051735980083,0.0994840460491568
LEO1,TROAP,-0.6535092927447435,0.4147954104328052,0.1955423208926932,0.132803142088601
LEO1,DOCK10,-0.1918163414074785,0.4315963990785251,0.0678473119338732,0.0924095490966017
LEO1,NUSAP1,-0.5286168100176927,0.3128964007246628,0.1370884769512051,0.0933933415817528
LEO1,CCNA2,-0.6466458747779518,0.2062502664263181,0.1669241020914179,0.0814241710185979
LEO1,RBAK,0.4441304749632633,-0.7120973023549507,0.1292070988724137,0.2009124503707867
LEO1,ZC3HAV1L,0.4982887026114971,-0.8298482735920011,0.2103358884350346,0.2436123139783289
LEO1,MSN,-0.1331975839587609,0.139416642165148,0.0519942721841506,0.0590836439107523
LEO1,BTG3,-0.4686869528942203,0.3481432957918576,0.1488633956977201,0.1212318402317375
LEO1,ORAI2,-0.300432560901183,0.5643234053255913,0.1321495187105285,0.1780000274143057
LEO1,PEX19,0.2269197532059299,-0.3574975153481892,0.0903789920386987,0.1162797214156422
LEO1,SLAMF6,-0.355992618730907,0.5692905907480864,0.1464967824900057,0.1626723962724754
LEO1,DPY30,-0.3814568928504281,0.3103948189690148,0.1212623221864855,0.0969953935112351
LEO1,GFM2,0.3833115964437109,-0.3542204217764167,0.1223942649631799,0.1457608376090046
LEO1,TMEM65,0.2700583694507271,-0.7126232324219408,0.1222945578169033,0.1510759113662141
LEO1,PCLAF,-0.4216204595580591,0.2196512149159648,0.1507053782892555,0.0771718118201008
LEO1,PBX3,-0.6798850142847352,0.5323938722193104,0.2505366446560854,0.2126627993135139
LEO1,NSMCE1,-0.2572225783140405,0.2269508660225384,0.0868763695951155,0.0886630759199369
LEO1,HOPX,-0.5974637440724445,0.2713085350400178,0.1680850979121594,0.1150275582041483
LEO1,POP7,-0.3713743733732967,0.4199337461973538,0.1438156642924892,0.1213160355721157
LEO1,TRIB1,-2.0640169590524504,0.8518403358164299,0.8845730140302592,0.2424820361247706
LEO1,DPY19L1,-0.5485196014348273,0.4962293038263461,0.2131584969525815,0.2032820685779254
LEO1,CCNE2,-0.4700588551945749,0.5258736998600312,0.2031941301653878,0.1818075748392571
LEO1,SYNE3,0.2479859114690864,-0.3076554204897908,0.0740772574441566,0.0970707738889839
LEO1,MTHFR,0.3687552835749778,-0.9847652783546068,0.1366462340188292,0.3268856405035573
LEO1,RNF41,0.2982560156977402,-0.571549357215043,0.1144233721605484,0.1626269501536097
LEO1,MUC1,0.8059550112190451,-0.8134509196645692,0.1760495092564055,0.333348074089456
LEO1,SBK1,-0.6041848931175244,1.1417759921460875,0.1899188937820368,0.4142322460065448
LEO1,ZNF292,0.3750334688471106,-0.2931476654587108,0.1133054848906533,0.1241916012450441
LEO1,EVL,-0.3860415291391165,0.2454414393962315,0.0606396734917022,0.0841156321283801
LEO1,HNRNPAB,-0.4006540771820512,0.2631674370448003,0.1185071661168608,0.0926371656593046
LEO1,MDM4,0.1962774514580846,-0.2371479170873798,0.0707803519104015,0.0791641872770115
LEO1,ADGRG1,-1.0484348120063651,1.0794098169006603,0.4768637961792238,0.2381134378303289
LEO1,LTB,-0.3098067288745873,0.4203528296054796,0.1270582000154903,0.1668157324955343
LEO1,ARHGAP11B,-0.5482271416710838,0.3593788482790702,0.162713673495449,0.1262014793390467
LIG1,PRDX2,-0.3416793092759279,0.2512711790054815,0.1218203677362199,0.0800096827235769
LRPPRC,SRCAP,0.1798663052149706,-0.3747825826201525,0.0573816025780448,0.1207252113581714
LRPPRC,RAB10,-0.2216809796622221,0.2024748839608218,0.0561028557897993,0.0710322137209461
LRPPRC,PSME1,-0.2339709909556134,0.1689344276755109,0.0546177585595754,0.0561326233271257
LRPPRC,HMOX1,-2.150453795433587,1.7324533718441149,0.6842468109642028,0.3433032809906566
LRPPRC,NEK2,-0.5101912056107619,0.4844940053676551,0.1828807835695732,0.1270910509683764
LRPPRC,UQCR11,0.2073421504726011,-0.3030693140180619,0.0709173491015631,0.120520057401305
LRPPRC,MTRES1,0.3966590690701778,-0.8174068996212027,0.1445645626354466,0.2955957672860169
LRPPRC,FEM1A,0.2650973472540679,-0.498512420939199,0.0948254081296649,0.2124538022271655
LRPPRC,DEGS1,0.2033849275214927,-0.3924440677684443,0.0624605927438663,0.1131585166370162
LRPPRC,AUH,-0.5481817727901738,0.7178818235143957,0.2078376411217523,0.125674347532947
LRPPRC,TSPAN33,-2.380354353994447,1.2165428140412646,0.8611889836771052,0.3590955852653891
LRPPRC,GNG2,-0.2441400655738953,0.2476826851441802,0.0646000952226584,0.0772980526323519
LRPPRC,TRPV2,0.2019677171682999,-0.8720212354047061,0.0642261614493498,0.1905556454008318
LRPPRC,H2AX,-0.3632837174001614,0.2733676720760594,0.1375418656852761,0.0964296969913753
LRPPRC,MPHOSPH8,0.234843529585065,-0.400473571914415,0.0780536126453702,0.1620041960546462
LRPPRC,APOL6,0.1957653662618952,-0.2501915924961982,0.069969827377422,0.1056826528786882
LRPPRC,MIF,-0.2957022748649776,0.1116276824904901,0.0854236735579478,0.0452974129049231
LSM12,EIF3D,0.3653240318603094,-0.1660204930395135,0.0654575611056352,0.0536380875893845
LSM12,NDUFA10,0.1964229251035074,-0.1915542391815907,0.0606911627098154,0.0605007190566098
LSM12,NFKBID,0.7669455555152807,-0.6936054263609893,0.1963624020599759,0.2001084065223052
LTB4R,BRD9,0.2379672558357553,-0.1872196901039363,0.0636210714520073,0.0676411020908313
LTB4R,DUSP7,0.2254614863758452,-0.3402462185069904,0.0612210652227385,0.0742193197276238
LTB4R,GBA1,0.256129925740928,-0.4175876559696883,0.0764999337451188,0.1375135189176634
MAPRE3,TRAF3IP3,0.2733661698079829,-0.3013900837895231,0.0726177640446499,0.0901924311823489
MBD2,KIF20A,-1.45522624963369,0.616369241449454,0.4445456484503612,0.1948978664573248
MBD2,CD96,0.5138513731579815,-0.9078285434996692,0.1313289449523753,0.2414416910770332
MBD2,LTA,-2.083756939596861,1.2898593922163004,0.6537148012732064,0.3575629136509297
MBD3,IL3,1.4725622824621265,-3.3352089728874077,0.4125473971169286,0.8213872676438853
MBTPS1,PHLDA1,-2.1474563226143157,0.5092941732623257,0.5993086339501719,0.1582388010236524
MCAT,GLRX2,0.2955682893944522,-0.2533879804404703,0.0804395220857911,0.0929724128407554
MCAT,SNRPB2,0.194862828859842,-0.1389569442147654,0.05525333941503,0.0517364816203683
MCAT,DHX9,0.1997211567514304,-0.186145251354579,0.0613949315502539,0.0577253510666719
MCAT,TBRG4,0.3036979472459837,-0.1932675085024915,0.0876100680461063,0.073127034664493
MCAT,SLTM,0.1487849544874137,-0.1484057797691334,0.0403327241160641,0.0494924119118676
MCAT,CHAC2,0.4161534470384763,-0.4099996133588465,0.1275973255130502,0.1366327524417446
MCAT,DLAT,0.3116901501154256,-0.2721141506363786,0.0953031530901016,0.0825558828583683
MCAT,CARNMT1,0.2137442758096857,-0.2410815012817456,0.0662078206629648,0.0663427487045285
MCAT,ATAD3B,0.4298788874543409,-0.5298839337850282,0.1374615459230704,0.1651906191232401
MCAT,FASN,0.4047020640000309,-0.5432889057165212,0.1261739747537311,0.1033861311015566
MCTS1,TTLL5,-0.1915004051497988,0.1706987471275274,0.0712473640141167,0.0599856981700476
MCTS1,ACSS2,0.4830251615341229,-0.3352014180766661,0.1612286546156768,0.1188880525141245
MCTS1,TCF19,-0.3793745138858821,0.2453681365455623,0.1206657321605355,0.0600147768974117
MCTS1,RERE,0.2736458692635852,-0.1957374731079316,0.0845243871072812,0.0672131512872246
MCTS1,HS2ST1,-0.2003697361236351,0.2281247413635477,0.0778121166057342,0.0679114784114901
MED1,ARL5B,0.5631089822280835,-0.6121213831770698,0.1612973327778502,0.1726535894360634
MED1,TXNRD1,0.289869034145004,-0.3551924535151087,0.0918164260717596,0.1184026416107631
MED12,MAD1L1,-0.4873334093845523,0.4696325243803307,0.1392405439377478,0.1721343685689347
MED12,PHTF2,0.541838685592586,-0.4743136471702117,0.136788457784982,0.1572656446797161
MED12,TRAF3IP3,0.3397217954206273,-0.2933463374222551,0.0549409378060329,0.0898148591607488
MED12,RANBP9,0.2904700723130639,-0.2262249442490536,0.0894655859295981,0.0893523972049749
MED12,GRAMD1B,0.5997248357506564,-0.3640374124078447,0.1454667661566725,0.1324161545872056
MED12,TRAF1,-0.6046960005954347,0.4428815353942873,0.1785830033383844,0.1087457919972478
MED12,WNK1,0.2182090057429685,-0.2511772773600028,0.0885252712028837,0.0949860137870976
MED12,OSBPL3,0.4045619141592625,-0.5412339435589688,0.1283922133302413,0.1995221022814912
MED12,PALS1,0.5985505612129275,-0.7305821220743336,0.1983771267316613,0.2692155324510631
MED12,PPP1R15A,0.6467177104700189,-0.7452899599645321,0.1979468978204564,0.2419591099708506
MED12,BAX,-0.2833693502157984,0.392723353153262,0.0784152660843315,0.1065178838311777
MED12,SMOX,1.5190264919285146,-1.171323201076452,0.4953451311554641,0.2144010837806296
MED12,IL2RB,0.4274523517194317,-0.4794375017930273,0.1820817535991043,0.1084143373763854
MED12,ERCC2,-0.7189358862510667,0.3417929323397325,0.2673597255154601,0.1331850373773341
MED12,NOP53,-0.4495615532816143,0.2280280517483172,0.1147366707250751,0.0743429071043175
MED12,TMEM97,-0.6750770499128832,0.4207500232942023,0.3059374666180887,0.1550023522232422
MED12,ENO2,-0.50204769115202,0.4704178345653603,0.1897221345926776,0.1194110763423884
MED12,B4GALT2,-1.2319482743143502,0.4553106729769993,0.4900020684804175,0.1714226918262617
MED12,KDSR,-0.4917730492054385,0.3098529360243371,0.1620967580434098,0.129045161444797
MED12,TRIR,-0.2401186804007937,0.192836093395715,0.0692896681629239,0.0745747418388681
MED12,ITPA,-0.3411440632032272,0.4210025547706367,0.1434908685191118,0.1283807961628802
MED12,UXT,-0.3798750565806694,0.1671608786727567,0.0783000512166219,0.0615519007241978
MED12,CD68,1.1917431144124584,-1.1277348852018565,0.4047392232975321,0.2898673633919853
MED12,SNX9,0.6589896959632281,-0.4727613968665518,0.2558423091168177,0.1800279962580207
MED12,METTL26,-0.3163156230869684,0.2027776711127299,0.1236973162846451,0.0833870943950168
MED12,ACLY,-0.2667475823298141,0.2357210022301565,0.1129443894975263,0.0830390184614829
MED12,NUP210,-0.2331081087135085,0.3153728889068904,0.0945353229656669,0.0932732818360689
MED12,SARAF,0.2836543639667501,-0.2860115872420732,0.0930046044291041,0.1127686387888355
MED12,PTPN22,0.3026645242547137,-0.253113305871212,0.1028204773661769,0.1037179234849308
MED12,SLC38A2,0.3413715522932404,-0.4415431961160788,0.1013231569247086,0.1027782343414265
MED12,MTO1,0.3159442640171178,-0.4600341892330818,0.1227381183632806,0.1452957841733344
MED12,TGFBRAP1,-0.5363297445078468,0.4244747865287537,0.1781238257611033,0.1685377724201035
MED12,CEP55,-0.3863984738790686,0.2559668458197614,0.1754885981492529,0.0787695268446063
MED12,RHOF,-0.3466519198278416,0.3582808580004909,0.0845159359802757,0.084297558319204
MED12,HAPLN3,-0.5464088823129677,0.662615141101181,0.1607884723641195,0.1625996608358304
MED12,NIPSNAP2,0.3309419699322011,-0.3894107246177313,0.1465634024436241,0.1423909727411889
MED12,CRIM1,1.2762918027002546,-1.4427162482137348,0.4901453365451669,0.4275903663193163
MED12,RASSF3,-0.3252318907815439,0.3863332397747088,0.0953707167856819,0.1024730655055685
MED12,DBI,-0.4194977834605222,0.3554647729179784,0.1103309637213223,0.0693943984556305
MED12,AMDHD2,-0.3238889904867769,0.4668456987526034,0.1401609235295381,0.1571943555356706
MED12,EEIG1,-0.3347490173006528,0.8033303564567913,0.1355935412766212,0.2670969343030302
MED12,URM1,-0.3827209990796303,0.649984714496919,0.1724765462946561,0.1420294211760816
MED12,MVD,-0.4558506545775513,0.4541216473760859,0.1975777416032688,0.1079651735498209
MED12,HCFC1,-0.2264812489920059,0.195929672510429,0.0977492220832024,0.0722311024752384
MED12,MTX3,0.7670147233164354,-0.5557467046552358,0.1793748395938412,0.1594517301247052
MED12,GBA1,-0.3604895199018262,0.5409844464439777,0.1466431159285668,0.2251732416387715
MED12,MAF,0.7489020777008055,-0.9560560964254567,0.2409549340993777,0.3060432714215794
MED12,TMEM64,0.4336508676196557,-0.4240573907685449,0.1623802473397413,0.1421771465447459
MED12,HAPSTR1,0.1678894605680235,-0.2285033113241157,0.072361813231891,0.0851442778571698
MED12,DMWD,0.5730395490920479,-0.4496134578970397,0.2548424647568952,0.1915157403914056
MED12,IL1RAP,0.7507574445362875,-0.4872577986496409,0.2340576698336036,0.1395649438474892
MED12,PPIA,-0.3247734041952749,0.2816342935952973,0.1130532586966907,0.0863327050816038
MED12,ANKRD28,0.5060637968875982,-0.4766244806461352,0.1223602207816797,0.1514333648462002
MED15,PIAS1,-0.1734562347705374,0.1911659998605623,0.0752823729675591,0.0756700955473897
MED15,SLC2A3,0.2762713480353091,-0.3610886489354193,0.077845432153246,0.1173674712622676
MED15,VMP1,0.1521234012926177,-0.1602237220624929,0.0475101834208653,0.0485659783813439
MED15,ELAVL1,-0.2010773926026931,0.0986187892845954,0.0564617334614887,0.0309819566871612
MED15,SLC25A1,-0.2051973528134382,0.1855179157197334,0.0902538625032944,0.0603493797676242
MED15,CENPM,-0.4533874113037319,0.1260218072816185,0.1203878794212661,0.0450436031726732
MED15,BRMS1L,-0.3129887529786229,0.3615105208816825,0.1349420016432008,0.1189488994900197
MED15,GTF2H1,0.1472294188164207,-0.1611065831025832,0.0419482923980147,0.0580481804055978
MED15,ACAT2,-0.4119374059857297,0.2299667964753035,0.1147360597923577,0.0614292316493909
MED15,NCAPH,-0.461327134632064,0.1383263691827401,0.1175125571502421,0.0545799814622089
MED15,PRDX4,-0.2933143224795805,0.2937269443369684,0.1051850086126767,0.0757580687926752
MED15,SNRPB,-0.3633354864596997,0.1305757465794162,0.0729980697956028,0.0427813134728738
MED15,ROMO1,-0.1626529738176459,0.1349495452642224,0.0499521036145432,0.0422124485266258
MED15,NDUFA2,-0.1415946739066909,0.1197161980413883,0.0397684518476355,0.0401527325159241
MED15,PCNA,-0.3725432017144165,0.1576582821231385,0.0935603253414459,0.0608487162378213
MED15,MBD2,-0.2153148757284142,0.1908257407517541,0.0786666867229475,0.0402929765392609
MED15,PLCB2,0.1350294968839288,-0.269274138475222,0.0605711548366005,0.0702239100928401
MED15,MINK1,0.2812234209839116,-0.1947427461656025,0.0743160969885662,0.0721063500770967
MED15,PSMB6,-0.2128971063626325,0.1253896643764994,0.0627799205778132,0.0450530719558267
MED15,SYTL1,0.2029979432783337,-0.2661495991888504,0.0893073223733902,0.1030496562216416
MED15,CNOT9,-0.3090459083418541,0.1133729440395016,0.0681814291632292,0.0362616039923352
MED15,FAM168B,-0.1430263744831028,0.1555067880300768,0.0554056130778579,0.0498991799042605
MED15,RAVER1,-0.1511224803781553,0.1567586521495046,0.056168292111327,0.0381450514755551
MED15,LSM6,-0.1788738013928747,0.1565934196536151,0.0647605899766277,0.0515818249193741
MED15,TMC8,0.1470686441153295,-0.1614016681192017,0.0484264963100722,0.0534785663148535
MED15,TK1,-0.3816600090667121,0.1789080217835549,0.1477924489647682,0.0602339679089342
MED15,IRF2BP2,0.2776774979891542,-0.7181198686327794,0.0893179435199295,0.1086703693844311
MED15,CD52,0.3592846387538448,-0.2655784804442189,0.080366895105143,0.1061242137104355
MED15,CFL1,-0.1197392144019942,0.1995000972990566,0.0438114301352468,0.0359159302269442
MED15,HPSE,-0.4408126289410011,0.506926669447344,0.1819193839233673,0.1611476242294605
MED15,CEP83,-0.3526557965826128,0.2676229424009874,0.1025460310633696,0.0711768878340874
MED15,TALDO1,-0.2067515391037903,0.1149754794432863,0.0551980761619217,0.043799494249176
MED15,FLII,-0.1290044279033581,0.1118885763974833,0.0384521042336709,0.0389353095135349
MED15,GNG2,-0.1752041431907771,0.1439920745952547,0.0528937522317568,0.0556875622746274
MED15,NDUFA4,-0.1559437829616667,0.1231290865893973,0.0351926436744796,0.0278858320341689
MED15,COPS8,-0.2005648765708729,0.1513248128584957,0.0714085011726894,0.0582441862265175
MED15,CCDC167,-0.1836271348920963,0.1931640700470656,0.0650464269408091,0.0506770486532629
MED15,PDXP,-0.324062427747052,0.256251919289031,0.1193119257216213,0.0735190739338801
MED19,TPR,-0.1762172864086711,0.1101353844356977,0.0550350786639006,0.0427511771962876
MED19,LY75,-0.3105302078586019,0.6350402983078373,0.1296420575311771,0.1083171968310737
MED19,IL2RB,0.3420830129140033,-0.2314638798882736,0.1447591971312934,0.0825800805457603
MED19,RBM23,-0.1660504848034128,0.1699291314765766,0.0618198504392942,0.0589319703679612
MED19,GPR108,0.2019538701525109,-0.1828819774853649,0.0782820912845851,0.0729100008700689
MED19,CCR7,-1.0699773816943934,0.9936444156105986,0.4117774141979676,0.2142098670254084
MED19,VAMP1,0.3163042648683273,-0.3258133964873895,0.1070465216762218,0.1118677734658356
MED19,ITGB7,0.2651550683997057,-0.2932387197845665,0.0622657080546951,0.1139555301222733
MED19,HAPLN3,-0.6135684328319733,0.3449527636365162,0.1213542460028045,0.1157094386713502
MED19,PPIP5K2,0.2210370671409475,-0.2344490973775923,0.0772240667443546,0.0898035929097771
MED19,MED11,-0.3410702635683054,0.2792784794644026,0.1006772563101369,0.087177025783996
MED19,COG5,0.2556206700130271,-0.2800010178623899,0.0978067466999455,0.0922752176743925
MED19,PEX2,0.2103971535482166,-0.339624402658208,0.0897135697063132,0.0818891004138377
MED19,RAB8B,0.1785817124256792,-0.2271069367335304,0.0622370671425205,0.0881351758456619
MED19,FEZ2,0.2576013987685577,-0.4178555754049495,0.110301676852219,0.1123083745357608
MED19,SUMO3,-0.1819526712249468,0.122850024416623,0.0523291360561619,0.0478819605044057
MED19,NME2,-0.2313126513441284,0.1347650494497184,0.0713278932436945,0.0410724303755562
MED19,CHURC1,-0.1195574652412908,0.1097944332402365,0.0484502286062524,0.0427820439729738
MED23,YIF1B,-0.2188325020129944,0.1711805909894797,0.0714855659524126,0.0474111835954515
MED23,C12orf75,-0.3308561932672935,0.2252102351565423,0.0973000578292179,0.0630420613138584
MED24,AGK,-0.2982911275464251,0.3516552403721706,0.1201196408089785,0.0894245036271304
MED24,RC3H2,0.1878784364821742,-0.2273828480867318,0.0641743888334759,0.0659711452468505
MED24,SLC2A3,0.2393856737754612,-0.3409057026520606,0.086070983514043,0.1245170415088073
MED24,ELAVL1,-0.1799171541184192,0.09847032317317,0.0648156614674794,0.0337880459438086
MED24,PKM,-0.3173652067391761,0.1652214575470296,0.1247098845829536,0.0474339608684819
MED24,FOSL2,0.3474070174318662,-0.5620093510395553,0.127911197523415,0.1330846676705891
MED24,TRAF4,-0.423177868593949,0.5781400027278989,0.1372247970356295,0.0903213686392169
MED24,PTPRC,0.1799305514819479,-0.1803428253291421,0.0510551712327656,0.0677128498159311
MED24,ADA2,0.5642571004629627,-1.1287426301461316,0.1162991149425436,0.3489378044630094
MED24,DDX17,0.1387633090942484,-0.1999843622056443,0.0493891654660932,0.0581832140779925
MED24,GID8,-0.1431248032902247,0.1279333432492289,0.0592009082954668,0.0503878358797373
MED24,RNF125,0.1982894792369216,-0.6172520552519551,0.0675216553393406,0.1104301909107859
MED24,PSMD3,-0.2204885510115516,0.1559337895490451,0.0849790262884906,0.0492336492419103
MED24,PPP6R3,-0.1938575066214359,0.2109141808741422,0.0603883226692653,0.0485175787073985
MED24,PIKFYVE,0.1598494225760443,-0.2438543408624314,0.0665376802831342,0.0702493422855498
MED24,PHF19,-0.3958369986344996,0.1341752129666138,0.0975395506486816,0.0502845103733633
MED24,NCOA3,0.1897229690177326,-0.1759135207895668,0.0700493932201572,0.0717742831282218
MED24,EVI2A,0.3743809643147673,-0.2555437598658029,0.0923344124913614,0.1037202046304733
MED24,PLXNC1,0.4434526162896712,-0.4706745863447359,0.1525914228455678,0.1489020365479097
MED24,UGGT1,-0.1908356227354524,0.1680559316281477,0.0660222194382554,0.0590621023849559
MED24,ATP6V1G1,0.1778785891298109,-0.1909266575174958,0.0569350563346352,0.0776158541468895
MED24,UQCC2,-0.2498548666517771,0.1492484125767132,0.0815017099014317,0.0552933789537557
MED24,GGH,-0.3138466969457377,0.2375665651943911,0.1279176491046482,0.0671831881655548
MED24,RB1,-0.1974847297703462,0.2197050627408944,0.0825519250414784,0.0766270990622191
MED24,DIAPH3,-0.4218129210975679,0.2498198166124601,0.1505112787061883,0.076742555980245
MED24,COMMD4,-0.2103634594356609,0.1863915385534707,0.0778004217103395,0.0762648844104026
MED24,CREG1,0.4931175853182462,-0.2982206373119938,0.1887928940372073,0.1114194997696322
MED24,PDIA6,-0.2285582208312014,0.131701505405044,0.0871332710434623,0.0494655589660487
MED24,ZC3HAV1L,0.4503056983401133,-0.2818918543197808,0.1510691207083087,0.1057658662553795
MED24,TGOLN2,0.1742836159615871,-0.1408828659175507,0.0488813857026201,0.0493469159228456
MED24,CAMK4,0.3383035435999852,-0.2753868616328996,0.0898177207395059,0.1127063955254002
MED24,SKA1,-0.370667042085751,0.197025907273934,0.1412929846253561,0.059912022322548
MED24,GOLGA7B,0.4513775094759847,-0.940846264112358,0.1610710811644688,0.3110003090095568
MED24,CALM3,-0.2567852903024399,0.1487968803185983,0.0630521899068509,0.0528960843164761
MED24,CSTB,0.282295126884744,-0.3941808328931964,0.0664824617468183,0.0874262387915145
MED24,IER2,0.2284792957826734,-0.2062059059881059,0.0622066210556051,0.0664019639672637
MED24,KLHL21,0.2607684056960496,-0.2985513806895503,0.0894813358711919,0.1148211173393949
MED24,LSM6,-0.1898434441248611,0.2374925785034105,0.0747468191811057,0.0557619922848491
MED24,SFXN1,-0.2064039290522503,0.1077503725753826,0.0853321556486837,0.0421556928284473
MED24,FABP5,-0.6701773679105895,0.2762857770300493,0.2453239388067811,0.1083835931316588
MED24,TP53INP1,0.4441802721371538,-0.6887881755033861,0.1569434341290876,0.2071074664854056
MED24,MARF1,0.2800206032451321,-0.3841655891780424,0.1020680941763971,0.1165184592961916
MED24,SRP68,-0.1426990898857414,0.12268245185899,0.059366921790166,0.0492708393951722
MED24,TRABD,-0.2076273967993439,0.1625898266316279,0.057783100411286,0.0491277521451979
MED24,PIK3CD,-0.1538372678578082,0.1863565091518083,0.0509439992530862,0.0622923176074182
MED24,GMPPB,-0.3504724953772085,0.3025571644272383,0.0867529314130534,0.0660138332417625
MED24,MARCKSL1,0.5182595311069956,-0.7479073636317665,0.1498532207828833,0.1628316196481052
MED24,POLR2L,-0.1927176526319926,0.186289007959919,0.0765700998487014,0.0767085766366107
MED24,ACBD3,0.1652483145286592,-0.192336309108707,0.0649471134100544,0.0629915428020292
MED24,SOCS1,0.3522828111140881,-0.253525165543013,0.106127137310417,0.1000055187692937
MED24,TEDC1,-0.3688326087538258,0.3228215772119737,0.1465864577683666,0.1167605605110998
MED24,PARPBP,-0.474906807496658,0.2131150649736696,0.1212978392465074,0.05823114280753
MED24,NDUFA4,-0.0993253162873534,0.1639144347932473,0.041190096789513,0.0297847463864707
MED24,SREBF2,0.182843866848915,-0.1795431813483557,0.0736996761556489,0.0567714652194933
MED24,LTA,-0.5660172492022671,0.850413459729903,0.233148077373007,0.2577895497020105
MED24,PEDS1,-0.1341208564411703,0.1685130634413953,0.0530399374983123,0.0572403808537635
MED24,GNG10,0.1713235315295923,-0.257272466360765,0.0698666392004231,0.0644837533516059
MEN1,VMP1,-0.5321148456464277,0.2077923861057443,0.1109396507697514,0.0749716736208335
MEN1,SPAG5,-0.6206036719512091,0.3022043515494849,0.2175054078514943,0.0916472849786721
MEN1,SH3BP1,-0.3331565373601995,0.3973580870129888,0.0995114128415567,0.0919587759574019
MEN1,CDC25B,-0.3075858740886153,0.6772103444182472,0.0947333220207427,0.1173539290469227
MEN1,BCL6,1.0288326477352716,-1.1293397855273213,0.3508901311449861,0.3738123167476691
MEN1,DLGAP5,-0.6081783184589129,0.4552147084526554,0.217408071061354,0.0962379093457279
MEN1,NDFIP1,0.2494765033668934,-0.2387245432131513,0.0862930918178662,0.1008964470935186
MEN1,SLC38A2,0.3677537621932433,-0.3179959774107836,0.1170233312710843,0.1064541819355563
MEN1,MDFIC,0.4059225720227225,-0.4271889306778819,0.0976969857782774,0.1378862134731397
MEN1,KIF23,-0.6773473151927292,0.5021146413623742,0.2244019060152149,0.1194298043242229
MEN1,PDE3B,-0.4691363667224557,0.5523384387004096,0.1598542150316823,0.1799801296753463
MEN1,STXBP5,0.4396571709912373,-0.5901718411681397,0.140348992930868,0.2180279906210204
MEN1,MAP2K1,0.3087999923907675,-0.2980718320071447,0.0787176589386162,0.0765221312708026
MEN1,CEBPB,1.0002300941969262,-0.6574954881390412,0.343317696392001,0.2284942608245264
MEN1,OTUD7B,0.7619251415267143,-0.8777147563312345,0.2691703796010081,0.2632751935415824
METAP2,FANCI,-0.5733286233192998,0.2698167844445864,0.1498938467745415,0.0820282934787361
METAP2,H1-4,-0.6796896566834143,0.5084920572597438,0.2124104162579579,0.1536838570243024
METAP2,H1-5,-1.1044297309292987,0.4270494184741412,0.2281036149799766,0.1258952403976096
METAP2,H1-2,-0.6753903137774794,0.4361014173410258,0.1641774001643915,0.1128686689837505
METAP2,H4C3,-1.1282852595025163,0.4919999139610131,0.2007679134628421,0.1105767665998886
METAP2,CCL5,1.0931065087727014,-0.9103349064892772,0.3413368107229682,0.2947400015158182
METAP2,H2BC9,-1.235579614594196,0.4004412311080416,0.2224356221316913,0.1431005916640272
METTL1,TUBE1,0.9291512484170208,-0.5421979212027299,0.1701420527047784,0.1745206077180243
METTL1,SLC1A5,0.7085726911630315,-0.2745738354957285,0.1386054474100341,0.0855740408917333
METTL1,CCNG1,-0.3326492222773324,0.222408060700493,0.1014498116344779,0.0795898140803386
METTL1,CDKN1A,-0.6386338376056511,0.5239269823990258,0.1897931796241069,0.1737036789854775
METTL1,CHAC1,2.030680911252832,-0.7995979092804549,0.5233528734846274,0.2493326454068755
METTL1,NARS1,0.452144690002961,-0.2482466848353258,0.0652580928107536,0.0926411930353917
METTL1,CALM3,-0.3040729272212682,0.2053043081728068,0.0765163566664011,0.0704254225564314
METTL1,MIDN,-0.39724697903051,0.5467953503565918,0.1215253552871953,0.122226593171937
METTL1,H2AX,-0.5328629363943046,0.2871859488256775,0.1496273108292652,0.095874257271593
MIOS,PSME1,-0.2711623421874765,0.3533667775513155,0.0852274444550126,0.0962573012316305
MIOS,JUND,-0.3706234701237531,0.4107173029950614,0.1146076211173618,0.1338978193473689
MIOS,ESYT1,-0.3331327970798014,0.4482331650902194,0.1109159203636989,0.1573371152887685
MIOS,RPP30,0.5773104924920907,-0.7386901514422052,0.1539905242923217,0.2381947963665892
MIOS,MLST8,0.6022627526320149,-0.9061715401014374,0.1705733473974919,0.266489263509981
MIOS,C17orf58,1.226928358931909,-1.2450877730249983,0.3820351689057912,0.4373671880798446
MIOS,SMIM30,0.6295530116731437,-0.8357734379620821,0.1945699711498706,0.2544820160052126
MIPEP,CHAC1,1.6717492972231631,-0.4403585605704458,0.4768850138523404,0.18621496210665
MIPEP,DSTYK,0.3476387840617463,-0.509741260761593,0.101194482356985,0.1378694157094183
MIPEP,DNAJB12,0.2748832077316053,-0.2982199110938887,0.0714072964635792,0.114038059650906
MLYCD,SPC24,-0.5262525306207904,0.4016605665223264,0.1623088220142587,0.1159639293807696
MLYCD,COMMD6,0.2415991725471513,-0.3456080539399043,0.0811728586808511,0.1268626869475194
MMAB,CD47,-0.1813731817409968,0.1704401567274725,0.0582846802095714,0.0615806205688609
MOSPD2,UIMC1,-0.2068869977523774,0.1708683779322248,0.0792981794448168,0.0605568221832444
MOSPD2,PPT1,-0.1266703988983616,0.1859288054076159,0.0428976893821184,0.05133959881018
MOSPD2,MBNL2,0.3842479134775319,-0.2935847954998329,0.1074176942162381,0.0979153951504184
MOSPD2,TP53,-0.1880912762506199,0.1619532236567136,0.060554354961529,0.0564953660779392
MOSPD2,CENPS,-0.428005834249993,0.3182510703365602,0.1541026101630494,0.0740957611304497
MOV10,MYCBP2,-0.3931524144251634,0.2657188570472757,0.1143017348992241,0.1018252463468118
MOV10,MYLIP,-0.5835285730853751,0.4409966514055447,0.2075377098778916,0.1780533750757934
MOV10,PGK1,0.3535949513588198,-0.202836134920517,0.0958062248097564,0.069987304439879
MOV10,GPI,0.361163609244528,-0.2948076903266427,0.1339265941218748,0.0739003991783368
MOV10,ABCD4,-0.5842821423121076,0.4497287239672305,0.2084143280981737,0.1676739897959874
MOV10,NDUFA5,-0.1596005231859608,0.1666677721665743,0.0600655629710282,0.0527364860301343
MOV10,RUSF1,-0.377824022872512,0.2051567951982552,0.1251764057392508,0.0751212650643082
MOV10,DSN1,0.3973888557469806,-0.3210644239659393,0.1261427923680598,0.092257396134491
MOV10,APRT,-0.22539782072694,0.1872537423138912,0.0812293577724726,0.0612182722631803
MRC2,NDUFV2,-0.2419178529759838,0.1684541732959324,0.0748202465684053,0.0626433184159334
MTA2,CD44,0.2513221251183757,-0.3652513002854596,0.0997038853396496,0.1339103932056774
MTA2,ENO1,-0.3538140810370618,0.1570615648603112,0.0681546832148443,0.0421730959926753
MTA2,GSDMD,-0.314467501361954,0.7114917193561863,0.1042022973097791,0.1236192915663087
MTA2,ARHGEF18,-0.3013377173250789,0.4513082254942061,0.1202139055916776,0.1526876231341953
MTA2,DUSP6,1.4163319478729188,-1.0870536109435045,0.4338307524954677,0.1467369266996499
MTA2,HAPLN3,-0.4274454005753101,0.6303862241665418,0.1465641515438747,0.1514090071880833
MTA2,SLC7A11,1.0567333393272025,-0.5552477237799699,0.3511144693626152,0.1757597063156033
MTA2,S100A11,-0.2153686386823446,0.279863893730062,0.0721518611520783,0.0719900033371225
MTA2,ARL2,-0.3668670061684635,0.2411932083584266,0.1175730136471355,0.0907819462732218
MYB,ATP2A3,0.1865099901453283,-0.2415165142665098,0.0551335186640006,0.0910028710440786
MYB,SMOX,1.1919139352186228,-0.5717221563096685,0.3932042802625887,0.1439468457459067
MYB,CPD,0.324817081449718,-0.2632439432708311,0.1006883261904152,0.1029148559892574
MYB,CD68,0.9475263120419092,-0.4418247987365674,0.2660867195764774,0.1711180061777855
MYB,TRIM22,-0.3464163466034469,0.4998806792137752,0.1344960932828146,0.185648008548753
MYB,PAN2,-0.2974774862895594,0.2570205954946581,0.1153453170107171,0.0955328161762375
MYB,C9orf78,0.1246731429745506,-0.205711875772395,0.0473598877162752,0.0708579930139121
MYB,CAST,-0.1671258608733876,0.1704561452258652,0.0544415710869975,0.0527510163053871
MYB,TRAPPC10,0.1394941584762934,-0.2636697027711587,0.0511948996745893,0.0654252265984376
MYB,FEZ2,0.2548317713617676,-0.2443446072608194,0.0933902197235666,0.0960022684517865
MYO9A,VIM,-0.2868035800337739,0.4477176728733267,0.0840346209031317,0.1415651420258459
MYO9A,CALM1,-0.2246905734684722,0.1341448911686463,0.0545495195214948,0.0481993081097097
NAA20,FAM111B,-0.9219821802251316,1.00305878963096,0.3208366580304842,0.2726750436825893
NAA30,IGSF9B,-0.7779473898939531,0.7238323789357615,0.2512833983425553,0.2377115102608895
NAA30,NFKBIA,0.4586096246108204,-0.3717515209585775,0.1567016584898752,0.1325530959878902
NAA30,ECT2,0.4235228413423707,-0.6932015614280345,0.1653255181948719,0.1716378957985104
NAA30,CCDC18,0.4663899961369205,-0.6591118400420697,0.1786875062883504,0.2359192145456802
NAA30,TUBA1B,0.4455975927840744,-0.2443963314516936,0.1608092491073246,0.0816593432266886
NAA30,ATP8A1,-0.8949812692564971,0.6160113442193591,0.3035366173038637,0.1637440582162511
NAA30,DSTYK,-1.190816773485637,0.5777830920629514,0.3458505304678927,0.1905726865749113
NAA30,TCF19,0.4415286480327642,-0.5431672261528683,0.1569643823353098,0.1412806146749902
NAA30,GALM,0.5380422829153815,-0.5515331503508203,0.1670866124126361,0.1805460524425747
NAA30,SLC7A11,1.2100978345319968,-0.8579038586699667,0.3910028731379664,0.2437253471780195
NAA30,TK1,0.8773242597102683,-0.385528486244898,0.1852708553366381,0.1288732010494553
NAA30,FEN1,0.5542416144389987,-0.347439349451296,0.1578983594527244,0.1243430809435672
NAA30,CKAP2L,0.5000063776579842,-0.5813234654614198,0.1729583477470411,0.1742929884973713
NCAPG2,TMSB10,-0.1782058525109516,0.2061609317979726,0.06012682774825,0.080650215362503
NCAPG2,RASGRP2,-0.2452650997997703,0.6422865148951663,0.0894716104151489,0.1904314178035296
NCAPG2,TLE5,-0.2810257373242152,0.2402969547698061,0.0812540251182975,0.0961695341560334
NCAPG2,CCL1,3.2734214162228694,-6.611852417967859,0.7158776963860033,2.257059373329975
NCAPG2,TIMMDC1,0.3028173963365905,-0.3119140301050779,0.1068226605154922,0.1101390502537165
NCAPG2,MARCHF8,-0.3749129827954633,0.5486176549117031,0.1358548291306503,0.1946277831013269
NCAPG2,SIN3A,-0.2043697061974512,0.1998050122016969,0.0728873518130315,0.0771303525149692
NCAPG2,FAM43A,2.1131503735160067,-1.8691099825222317,0.4505353494352783,0.7341833932436614
NCKAP1L,BLTP2,0.1465557916780127,-0.1987688151166496,0.0540575329892512,0.0601980271363858
NCKAP1L,PPP5C,0.2789857409763685,-0.3193667996667395,0.1008941354092806,0.0938683871139304
NCKAP1L,UBR2,-0.2109605606436494,0.2181513973108678,0.067066381070415,0.056975722741429
NCKAP1L,CTNS,0.3264478121133932,-0.5447258173922774,0.1002708775132364,0.1472552572848275
NCKAP1L,GPBP1,-0.1580882081048299,0.1185372431204037,0.0517141428661364,0.0409633971901651
NCKAP1L,U2AF2,0.2872178604524449,-0.2448603431038963,0.0726656997067976,0.0800961481440873
NCKAP1L,MCM10,0.5152399245880324,-0.2517909134860492,0.1468993475167822,0.0891197716847159
NCKAP1L,ACAP1,-0.1882442617409229,0.146516291376781,0.0515725878624296,0.0515728607420642
NCKAP1L,HACD3,0.2646003370357082,-0.2391586354305346,0.0855231835518605,0.0752914453671716
NCKAP1L,REXO2,-0.1717451562340895,0.1919253035809665,0.0666738689265384,0.0580668103318187
NCKAP1L,VDAC3,0.2569109758643587,-0.1774767797856965,0.0622949529443073,0.0432575832512816
NCKAP1L,HSP90AA1,0.4117564973627415,-0.3780423448205988,0.1182201273668709,0.0908426524125574
NCKAP1L,BZW1,0.3186874551724642,-0.2126633033002979,0.0758471772751868,0.0763286871176335
NCKAP1L,DNAJA1,0.3064373832141716,-0.2036422639340191,0.0805516617288701,0.0641349720610032
NCKAP1L,NUDC,0.2936325424556779,-0.2080417235312954,0.0869726744575338,0.0692119872057742
NCKAP1L,AHSA1,0.2277302052786798,-0.2065153001003649,0.0805927097733478,0.0707748306955212
NCKAP1L,EIF5,0.3017130799324994,-0.2302988781940862,0.0589060535640442,0.0737896957286409
NCKAP1L,WDR13,-0.1725349888123038,0.29553398185432,0.0771418344503672,0.0762553551187144
NCKAP1L,SQLE,0.9235835201645368,-0.3257857365147873,0.1641260675201424,0.1052771196121749
NCKAP1L,TRMT1,0.2111846389847713,-0.3460051555513452,0.0958758185876783,0.1198445351392215
NCKAP1L,PPP6R1,0.1795942123065766,-0.2015948011032964,0.0540828488281494,0.0463892943097044
NCKAP1L,AKT2,0.1286917315118138,-0.161959993535089,0.0507013013542249,0.0577299844069272
NCKAP1L,NSMCE4A,0.159632872713937,-0.202175408370605,0.0716669141180912,0.0711903376444162
NCKAP1L,LRRC59,0.2485319698472549,-0.2562129763939234,0.0725564832326303,0.0589899274520898
NCKAP1L,YWHAE,0.3147706816065556,-0.1451318206290116,0.072536050968175,0.0499198365606537
NCKAP1L,HSPA8,0.185743958492892,-0.2602768616569582,0.0734265488759507,0.0881923299352925
NCKAP1L,SLC38A1,0.0959574402704864,-0.1499957515777654,0.0337205395600677,0.0441104850080527
NCKAP1L,ASF1A,0.2922232947802188,-0.2111194728874892,0.0711799787179241,0.0662295297330064
NCKAP1L,CCNC,0.1627851586181872,-0.1922646048887086,0.0596596164938369,0.0558923250856712
NCKAP1L,GMNN,0.3021802005712987,-0.1975012106415441,0.1186780886027682,0.0584369115287741
NCKAP1L,HMGCS1,0.5208663130725335,-0.3956769170520103,0.1527323194533633,0.122777155861296
NCKAP1L,EIF4G1,0.3310930263106299,-0.171257230358674,0.0775308511153832,0.0616562051577434
NCKAP1L,KDM3A,-0.2496961676693395,0.2532387194014917,0.0844847663957587,0.0721000337068515
NCKAP1L,PHF19,0.2131929126127132,-0.1541789858464869,0.0955041417915689,0.054535104138152
NCKAP1L,HSPH1,0.4174334020130866,-0.3049553629854105,0.1179372179081256,0.0913441570040789
NCKAP1L,DDX39A,0.3096017838481137,-0.1774196296493329,0.0921533262937125,0.0629875211205874
NCKAP1L,SNRPB2,0.1897042018281773,-0.147581577686835,0.0517623162374774,0.0519871404062603
NCKAP1L,SDF2L1,0.2643748197429104,-0.3889197585927705,0.0959808414190294,0.0946793674334512
NCKAP1L,TOMM40,0.5386257891771814,-0.2964864759941115,0.146058994813322,0.1072447210764422
NCKAP1L,TUBG1,0.3636701668289446,-0.3320542125045981,0.113907358348972,0.0850981851591345
NCKAP1L,SCLY,0.4392477980149936,-0.3563052892550705,0.1005376758289379,0.1043706408777577
NCKAP1L,SLC43A3,0.5094231980311817,-0.3843071841540613,0.1778835399457648,0.1117714665545542
NCKAP1L,TIMM10,0.299780312522701,-0.1862170373750283,0.0876314451238232,0.0664386186918997
NCKAP1L,LTV1,0.2731056590299614,-0.3731303890020541,0.0890105195427549,0.1076068413646321
NCKAP1L,FBXL8,-0.4537010570223591,0.3925328288811057,0.1412320492687628,0.1274927279317943
NCKAP1L,HNRNPD,0.2162209203552225,-0.2222334298717015,0.05738949242946,0.0347600811544046
NCKAP1L,DUSP6,1.4572536522338166,-0.3642568993722658,0.3897774696847035,0.1191138886548365
NCKAP1L,GLYR1,0.1645152301834576,-0.2700786369682658,0.0583570652121829,0.0922714053430844
NCKAP1L,ARHGDIA,0.1448936462872624,-0.1536013395038805,0.0475773032400408,0.0529324300938837
NCKAP1L,SERBP1,0.2306409667789671,-0.1589249648378701,0.0698032912552785,0.055799899870801
NCKAP1L,PSMA5,0.2551750428151093,-0.2280063956959221,0.0732173598685189,0.0736379017276204
NCKAP1L,MANF,0.2331095802219399,-0.2257442483461984,0.0850716843156517,0.0607100498171482
NCKAP1L,ENOPH1,0.2058432052048762,-0.1932541918463546,0.0603719243031655,0.061370644320677
NCKAP1L,NSDHL,0.3971619944963718,-0.2422260164399069,0.0972001756229791,0.0843359890157514
NCKAP1L,ATM,-0.3350553567065433,0.3655868303389208,0.0929624770616827,0.1142754685318755
NCKAP1L,MTA2,0.1526715954595683,-0.1580699545052726,0.0442105042879303,0.046660166730059
NCKAP1L,CCT5,0.3609137552777812,-0.2955028109629968,0.086468265577153,0.0782402934881089
NCKAP1L,HNRNPU,0.1692751780943645,-0.1632462466481632,0.0469947037530931,0.0376579977211744
NCKAP1L,UQCRB,-0.2266876662433392,0.1471826671450648,0.0587173759218933,0.0507642792547894
NCKAP1L,GART,0.2321066262328865,-0.2213400637261704,0.078714139870022,0.0797846972847933
NCKAP1L,ORAI2,0.1899017841615559,-0.3808554355292191,0.0812241658406216,0.1342486690080701
NCKAP1L,SRSF2,0.2621123446941454,-0.2259410399159747,0.0852091213079573,0.0653203661692527
NCKAP1L,SMARCAD1,0.1421753962747541,-0.236355124997826,0.0559561507018099,0.0708089327575023
NCKAP1L,S100A11,-0.150325781396489,0.2762841298236478,0.0595617777142739,0.0573556963157135
NCKAP1L,EOGT,0.2847942647465586,-0.4544640355136463,0.1089444771467047,0.1361364909438463
NCKAP1L,DNAAF5,0.2664214144802734,-0.3476176978398236,0.107129644250509,0.119954353508593
NCKAP1L,BMS1,0.1930362937648105,-0.2443677018249673,0.0832598941270365,0.0720314306468555
NCKAP1L,TUBA1C,0.330040067136024,-0.2327408440847778,0.1454635502454462,0.0823940951016865
NCKAP1L,PCMTD1,-0.2870014914912907,0.3686046650152539,0.097402995531479,0.0838184740790782
NCKAP1L,ZDHHC16,0.1695030140888904,-0.2557228073269077,0.0646262724746849,0.0778786599923201
NCKAP1L,RRM2,0.3932611018288816,-0.2034083259306102,0.1775200443911684,0.0697902036366849
NCKAP1L,CHD2,-0.1347207720863399,0.1695986821066297,0.0560671435513805,0.0551591080391811
NCKAP1L,C11orf68,-0.2547357778162903,0.3449984813263494,0.0949237377718292,0.0860532310096815
NCKAP1L,TMEM70,0.2058346863052717,-0.2498131486986986,0.0768682686046872,0.0832901556996955
NCKAP1L,SYNE3,-0.1494569101108515,0.192384351828107,0.060878690175327,0.0637660527185989
NCKAP1L,C18orf32,-0.1335131520387283,0.1955738044174007,0.0607271437698833,0.0617396831005615
NCKAP1L,COA4,0.1771951171930869,-0.269358463855023,0.0728586205718082,0.0711128849650221
NCKAP1L,UBA7,-0.2061235517171102,0.2885449971202293,0.0777841293566514,0.089508418930647
NCKAP1L,IRAK1,0.2701029123689984,-0.2317850104380731,0.0860657452348026,0.0803354123632376
NCKAP1L,PPP1CC,0.3450645454669595,-0.1775217806648879,0.0691711943872736,0.0606148308399767
NCKAP1L,INSIG1,0.8062427710476608,-0.4565496740151864,0.1521157267989885,0.1321309442564396
NCKAP1L,ISG15,-0.4035698654025518,0.8953856113453434,0.1364310748817013,0.2274882629423284
NCKAP1L,SF3B3,0.2341450925357453,-0.1257304232000297,0.0586871931432233,0.0451506900312756
NCKAP1L,TRAPPC4,0.1396731497616415,-0.1680357231313575,0.0534313116989171,0.0545696558324683
NCKAP1L,ATAD3A,0.3759381701324152,-0.3084006905370369,0.1254856582515617,0.1109647102745571
NCKAP1L,TFDP1,0.3830822801973136,-0.191960565891029,0.0846305241961868,0.0665234162781548
NCKAP1L,PJA2,-0.1118246869812873,0.166189578028898,0.0436966591111726,0.0512178678349017
NCKAP1L,VAMP2,-0.275439541997646,0.219082315381985,0.0784486081325122,0.079058219053104
NCKAP1L,NOL7,0.239259244589356,-0.2029094396406946,0.0759229203868259,0.0706184866748871
NCKAP1L,PRKDC,0.2156804240119965,-0.2481566754186713,0.0790133342431569,0.050187512309732
NCKAP1L,CNPY2,0.2411982271674538,-0.2576626580650066,0.0597578768355164,0.0673288011454807
NCOR1,SLC9A7,-0.7175726047895772,0.2339188946228644,0.2946863125764045,0.0808408272025678
NCOR1,SCAMP1,-0.4852437602619315,0.2850483928369648,0.1866551961076282,0.112654553484486
NCOR1,OAS1,-0.3093819987853187,0.379410969363767,0.1228884440113801,0.1325111953432397
NCOR1,CMTM6,-0.2768653186137728,0.1804920531232448,0.104956238735979,0.0767834466586403
NCOR1,STX1A,0.94536520445913,-0.4234328921339822,0.3687724469680969,0.1585524807472937
NCOR1,NFKB1,0.3361530235228167,-0.2566465881185631,0.0713288114029771,0.0653526695450733
NCOR1,EHD1,-0.2503261764308817,0.3036768262106393,0.0728267637568,0.0817000062101646
NCOR1,ITGA4,-0.4291515550137001,0.4980942660262903,0.108779171273744,0.092224761859055
NCOR1,KCNC4,0.6043626903721224,-0.4680571082113767,0.2523785000913565,0.1989868669431912
NCOR1,KIAA2013,-0.2418483859099199,0.1941559589625693,0.0767926504853138,0.0665078406103981
NCOR1,CD2,-0.2986909622814654,0.3441903375689654,0.0874154142710487,0.0690640757810926
NCOR1,KIF21B,0.2409527584951364,-0.4458832441746237,0.0833917070996526,0.0705850325694466
NCOR1,TMEM9,-0.6091544112287729,0.4373603573759409,0.2440081627038185,0.1526764161218606
NCOR1,HIVEP3,0.9141182699529694,-0.4872309569301032,0.1508998328336248,0.1508891992159665
NCOR1,ATF4,0.2185694789614953,-0.2161748800543185,0.0795519272948001,0.0690758483103685
NCOR1,EMP1,1.2095141349034977,-0.5261702080248236,0.4062271043321539,0.2215200439694771
NCOR1,ATP6V1G1,-0.1701596333298973,0.2693599359047857,0.0636667075521449,0.0705373892213032
NCOR1,SLC16A3,0.5936915097143014,-0.3325451459912278,0.1601870937455468,0.1019286850706126
NCOR1,LRIG1,-1.048735119483423,0.3685861283583261,0.1812480962346954,0.1000539648433711
NCOR1,HSPA13,0.2309630818481284,-0.2771112211256832,0.0906078860110036,0.088286481150659
NCOR1,GBP4,-0.3069447015306502,0.3567220754753519,0.123968475839691,0.1504154201044079
NCOR1,PEX19,-0.2282487311632265,0.1643480502294731,0.0693169317391793,0.0472117175216941
NCOR1,CTSS,-0.2942707126588931,0.2367599296952399,0.0931420044462102,0.098452964502381
NCOR1,ZDHHC3,-0.1807755679024343,0.1758131051287496,0.0695446779001169,0.051332047310823
NCOR1,SUN1,0.2668509813077961,-0.2022689506817951,0.104821477220888,0.0778254043850067
NCOR1,TAF1D,0.2520854975235793,-0.1779847608974707,0.0765400813095117,0.0645546707675056
NCOR1,GOLM2,-0.1501839021018604,0.1887592490018308,0.0623928150847681,0.0586746381190731
NCOR1,MAP3K2,-0.1657347824987164,0.2521100510763595,0.066035542312148,0.0679809775009733
NCOR1,EMB,-0.1784901903183067,0.2524048959163734,0.0646598641900877,0.0813769469013293
NCOR1,RASGRP1,0.3144998246120529,-0.296591702558198,0.0657022820648881,0.0864084784373521
NCOR1,MYD88,-0.2970199690564321,0.2127832770958375,0.0761184704875824,0.0798645965348208
NCOR1,ZBTB21,0.2662339057304817,-0.4103781036492217,0.1030148271212139,0.1032843900625312
NCOR1,SYNE3,0.2127129121801782,-0.1853922186398173,0.0634388960305372,0.0637784067465562
NCOR1,UBA7,-0.3475082099410093,0.2241415082296361,0.0903958714571364,0.0860881618119935
NCOR1,HAPSTR1,0.1215228762381313,-0.1375755854783458,0.0437919077865722,0.0487496485245344
NCOR1,SEMA4B,-0.8001161839882155,0.430083823398104,0.2194896616417422,0.1620149074596579
NCOR1,LAMP1,-0.1729627667261408,0.2386498823966933,0.0567738554061791,0.0672295367887961
NCOR1,CYP2R1,0.3935266556886013,-0.3603107612538397,0.105134366783651,0.0911232654119654
NCOR1,MYO18A,-0.2901103517103303,0.2457746226011911,0.1037223799196515,0.0867478261151397
NCOR1,PDCD1LG2,-1.4601671147056483,0.7185679487032262,0.3869566249016157,0.25794157477838
NCOR1,RCSD1,-0.1996709274412756,0.138703955660641,0.0517015824621394,0.0587445288431683
NCOR1,AGPAT1,-0.212519467435886,0.1749274607853297,0.0629744040709007,0.0580331583920336
NCOR1,TADA2A,0.2463357482443064,-0.1963207768136343,0.0799717191480386,0.0694319830202132
NDUFA8,SPAG5,-0.4282505661881544,0.264025428308515,0.1513703764543069,0.0655324963896499
NDUFA8,DDX6,-0.1874039793828483,0.1368976915885658,0.0579717040546252,0.0537763502453561
NDUFA8,ATF2,-0.2231760720181964,0.2179622185551492,0.0629758981421749,0.0514964684433633
NDUFA8,NUSAP1,-0.3843833662208341,0.2141298254805489,0.1308789012114036,0.0766820966578479
NDUFA8,NCAPG2,-0.3782985131785932,0.2171345518864499,0.1233957383284052,0.0554796448895998
NDUFA8,MKI67,-0.4096854040988222,0.2132351175029358,0.1393567975118926,0.0629330854373461
NDUFA8,RRM1,-0.3420763150306788,0.1632800166150835,0.1092335862616371,0.0448358418462087
NDUFA8,TK1,-0.6373841377178107,0.183205849414577,0.174372617685664,0.0738768415725595
NDUFA8,CDK1,-0.4372657590530355,0.3434862638000289,0.1582056042722625,0.0849510651163237
NDUFS8,MTG2,0.7752163307085873,-0.997322264057471,0.2289114400039033,0.3895790452473502
NDUFS8,KIF20A,-1.0133583860712112,0.4708837051740004,0.2414722689955269,0.1241635897978442
NDUFS8,GPSM2,-0.7857314447762732,0.5313813556409211,0.2068625729539432,0.1392009135558612
NDUFS8,KIF2C,-0.6207477366701548,0.270348594103184,0.176197797078491,0.0923908309261489
NDUFS8,CCNB2,-0.7239974411640111,0.2376685486508823,0.1797684432253119,0.0838008076949134
NDUFS8,HMGB2,-0.4555814027174673,0.3069140656544205,0.1319420678185275,0.0597246958541738
NELFCD,LCOR,-0.7355297516720133,0.5543131872649154,0.2042615157272359,0.1588798230856276
NFKB2,ITGAL,0.2289541672255623,-0.1859263487307263,0.07299012788388,0.0652016569445511
NFRKB,SIKE1,0.1391976348139772,-0.1465925836167258,0.0585917864409743,0.0472619732853973
NFRKB,PSME4,-0.1562678577626662,0.176506090832197,0.0696635969805848,0.0623163352637037
NFRKB,DDX17,-0.1314671975934393,0.1349353145667829,0.0422468451787416,0.0488283746241948
NFRKB,SOS2,-0.2511905630287388,0.1925047901587263,0.1044122741834508,0.0807979757164651
NFRKB,KXD1,0.1109705922234838,-0.135425988980784,0.0489184466761704,0.0390088883569105
NFRKB,NSMCE4A,0.1484625215743117,-0.1369803700347577,0.0664131011865102,0.0564598585531627
NFRKB,RNF141,0.2245913848915921,-0.2168407585422555,0.080905016203865,0.0687564673230819
NFRKB,COX7A2L,0.2009794313639344,-0.1728748324094554,0.0485187250002005,0.0519839773252296
NFRKB,ADGRE5,-0.2219214964260386,0.1833742796845652,0.06396247707119,0.077756259341125
NFRKB,GLO1,0.1593382605953166,-0.1545123589510306,0.0702104738759173,0.0538871885572851
NFRKB,ATP5IF1,-0.3112631146318531,0.3810425135799423,0.0555727204751215,0.044333043556486
NFRKB,ALOX5AP,-0.5224416507430993,0.5437763891781688,0.2199901164802,0.2131001203540576
NFRKB,CREBZF,-0.1288106894453683,0.1039538530443071,0.0520022053037497,0.0450225727996122
NFRKB,NOSIP,-0.2911953469972681,0.1605326161726014,0.115534596520489,0.0673817823006493
NFRKB,ENSA,-0.1205969299290593,0.1230059411072475,0.0537221571199485,0.0478363295740451
NFRKB,TTC13,-0.2147228037219409,0.2914741017255993,0.0914034469987633,0.0940101719536815
NFRKB,ZC3HAV1L,-0.4070344098378442,0.2386627470223403,0.1421515578580199,0.0827134317411744
NFRKB,POLR2K,0.1211766931722641,-0.1526411066802166,0.0470300338886537,0.0466437913594609
NFRKB,TKFC,0.2638632498909682,-0.2420039201428545,0.0986859157020494,0.0916364650007068
NFRKB,LYSET,0.2080955629868263,-0.2876309808102097,0.0846104941682292,0.0959734675591044
NFRKB,UBASH3A,-0.2819978651921639,0.7195112102027105,0.0886908363634327,0.0969865241693523
NFRKB,SIK3,-0.2268594705849405,0.3188916834279032,0.0787020273133732,0.1002412058391532
NFRKB,JAML,-0.3219656870210706,0.3157245596239855,0.1430482131593795,0.0937551194853152
NFRKB,ZBTB38,-0.4051706095518825,0.3059037378713772,0.142439015375701,0.130547881246073
NFRKB,APOBR,-0.5716573712259827,0.3594736641564596,0.1106845107039366,0.1504032045886981
NFRKB,FUT11,-0.1353516150013813,0.1772653290500966,0.0610262300500882,0.0679222044057189
NFRKB,MSH5,-0.3361204441588967,0.2196280704802486,0.138169712959313,0.0753048400898776
NIPBL,MKNK1,0.3299520167910912,-0.2955827371337611,0.1004082223997364,0.1022656253630023
NKAPD1,HSPA5,0.4099139469989546,-0.4359979622864579,0.1358528833873477,0.1600473059785553
NKAPD1,ATP2A3,-0.2500647216076458,0.3344717984925067,0.075473989403549,0.1124560723290988
NKAPD1,RNF125,-0.290063338501525,0.3561452176087319,0.0903556977702168,0.1303366541457662
NKAPD1,LRPPRC,0.2690907408956737,-0.2542874061889232,0.092758265026273,0.080121152527697
NKAPD1,MYO1F,-0.3125206298685318,0.4096927143029104,0.0720271533377281,0.1335448031223425
NPC2,EIF4G3,0.4686253876159522,-0.3670811434602741,0.1358220943217003,0.140655832344385
NPC2,PSAT1,0.5879338081316764,-0.6081606402728411,0.1596044126352428,0.1227768152680317
NPC2,NIBAN1,-0.3631730498431041,0.6361494359248331,0.0930461666716498,0.1655679674699004
NPC2,SLC7A11,1.346104559806453,-0.4652763850090053,0.3103491079819931,0.1857678909059688
NRBP1,TAF12,0.6303548707663785,-0.3593507966732371,0.166156954944611,0.1312804700427003
NRBP1,ROMO1,0.3832929726564851,-0.2128224418066676,0.1282656918808135,0.0786355723140615
NRBP1,ACTR10,0.4883254342039317,-0.3727878733697208,0.1513399870502878,0.1206896660809175
NRBP1,MYO1G,0.2360765600110158,-0.2460535244006141,0.0801179738259866,0.0770800948342167
NRBP1,CRTC2,0.4273917775929725,-0.2645610870237537,0.1315218725854205,0.0964602637395884
NSD1,TMSB10,0.2550207306131241,-0.2708536039501013,0.059980343663476,0.080642502758507
NSD1,OXCT1,0.2977676036260704,-0.2202940137326656,0.0913705124688915,0.0823577477030669
NSD1,ZBTB25,-0.2646324104099385,0.230177298119398,0.079223933279698,0.0778797032936936
NSD1,BBC3,-0.4933392351754051,0.4105682423777309,0.1971499937645655,0.1623520050052692
NSD1,GIMAP2,-0.2451099156410056,0.3255301222839338,0.0959537603536706,0.107247528948771
NSD1,CREB3,0.2435153050089037,-0.195458939518023,0.0806729496660608,0.0844358829298656
NSD1,NUFIP2,-0.1916532485916343,0.139857429964939,0.0510146883747919,0.0514312314157232
NSD1,DDX5,-0.1149315828468821,0.142019183412102,0.0445800548713604,0.0572494676469528
NSD1,RSRP1,-0.2536188544129644,0.1836459422960272,0.0726963433200499,0.0674813346250269
NSD1,NDUFB3,0.1910869408503048,-0.1621856495172137,0.0504774011469886,0.0465007948557722
NSD1,NQO2,0.314351369564996,-0.2763728730222807,0.1111284518795566,0.1029566743298333
NSD1,GGA3,-0.1588015119904459,0.1530719756595799,0.0652192904268504,0.063747025030256
NSD1,MBOAT7,0.4147957603845244,-0.2031681217259358,0.1306497779947553,0.0782455975715644
NSD1,STXBP1,0.6626355538987221,-0.3903672525941771,0.241424712775164,0.1620965160865642
NSD1,COX17,0.2088998054807827,-0.1598504890898089,0.0766799019367236,0.0627965798565598
NSD1,MORN3,-0.8850455653619683,0.6570027742327886,0.2811891785786647,0.2844863177314277
NSD1,CSNK1D,-0.1796310314099217,0.1532371409031289,0.0673654908970946,0.056362720230963
NSD1,STRIP1,-0.2454117965753,0.2147210256686685,0.0817173139298363,0.0851087792933539
NSD1,RHOB,1.0636759428552665,-0.9865872512418912,0.4297303553469955,0.2864888186416154
NSD1,ELOC,0.2238474127472778,-0.2136384372292266,0.0781641324963801,0.0527329596414126
NSD1,ADK,0.2893103376509423,-0.1647544185014135,0.0842806269644869,0.0614244135917627
NSD1,UBXN1,-0.1868425269324996,0.217729548648662,0.0774234527284705,0.0756221179925874
NSD1,FAM234A,0.472328370667384,-0.6265374297950347,0.1493689901100298,0.2648926095085343
NSD1,FEZ2,-0.36445976690408,0.3045596407962732,0.1201564720429157,0.1005239680263245
NSD1,UCP2,0.3102516868580505,-0.5195231513120303,0.0837800870035875,0.1796882967615433
NSD1,LRRC37B,-0.4286075510901087,0.4075306877522995,0.1627027619105435,0.1636443893424738
NSD1,MT1X,-0.6144944507579904,0.4200919771404327,0.1570833078394325,0.1770045473542182
NSD1,ANXA4,0.2898004071520631,-0.3016369520079924,0.1075558725810095,0.0979360896916113
NSD1,TLK1,-0.2057936646890553,0.2468900990966868,0.05899186559743,0.0683819130894462
NSD1,CISD3,0.2202508831657117,-0.2596260867177965,0.0884680901720234,0.0890351823825061
NUDCD1,C4orf3,-0.1402540707968744,0.31308687071686,0.0464047192728337,0.0712465686888871
NUP188,SRM,0.3552585075108093,-0.5650595513790323,0.1326619234173935,0.1084845880052776
NUP188,ATIC,0.2903887168302654,-0.4378852253546025,0.0974579155397557,0.100035441539396
NUP188,SLA,-0.3520163056620715,0.5194923003581189,0.1292217541824813,0.1257049287109263
NUP188,EIF4A1,0.2316117121230599,-0.1748854389478343,0.0737021464934412,0.0556520983284279
NUP188,ANXA5,-0.3393163621049265,0.25154630180589,0.0801761862531035,0.0808545148876295
NUP188,DDIT3,0.604513130173362,-0.6272638580784643,0.1748408022298659,0.2278458559805954
NUP188,RHOG,-0.2308646968825934,0.1991902713807807,0.0804499720418626,0.0723887551012354
NUP188,PYCR1,0.996812285974926,-0.5381835437921411,0.2526051740613919,0.1635090716674804
NUP188,IFRD2,0.4692193349947465,-0.5314002659750855,0.1538404194943104,0.1608963167399006
NUP188,NME2,0.2216295586933271,-0.2080726908009135,0.0749895037783768,0.0529073568212896
OTUB1,EGR1,4.431887846728221,-1.3096349656225337,0.8641018237894391,0.3512597713886654
OXA1L,SLC7A5,1.225039584288672,-0.2469022976080574,0.1969492521901645,0.1032747693688651
OXA1L,SLC1A5,0.7215117305709592,-0.3234845129096375,0.1253096003608813,0.0761414068970082
OXA1L,SLC38A1,0.1972228884189159,-0.1796995165866329,0.0406814136867844,0.0535359640244794
OXA1L,CHAC1,2.691213519147463,-0.7682196123884855,0.4554073830554241,0.2151110936006507
OXA1L,MID1IP1,0.2640068825495992,-0.2282850324936477,0.080447023055563,0.0873061353085106
OXA1L,MICU2,0.2039957086028054,-0.2188399100213058,0.0624732778590569,0.0859077014328085
PARP14,ARL8A,-0.2152937806201349,0.1914538566052912,0.0618902613142115,0.0576786962504528
PARP14,DDX60L,-0.4075271984729998,0.7724314448507841,0.1060655237643231,0.2202452398558468
PARP14,FOCAD,0.3583811550924045,-0.2756735893741597,0.1007314748599902,0.0640347015385018
PARS2,PIM2,-0.484470670093017,0.4810274146106633,0.1401759178573711,0.1165313064460892
PARS2,NSMCE1,-0.2951567371753552,0.3815326752304341,0.0865039784789338,0.0888363744091369
PAXIP1,SLC25A13,-0.6851210643327588,0.4129609852087971,0.2384733544144429,0.1573139237550742
PAXIP1,TRAF1,-0.3919182684231404,0.2392516263427027,0.1341767394488965,0.0811618070952076
PAXIP1,FLT3LG,0.2934560348290424,-0.3114348312564537,0.0954034109822287,0.1205246681530807
PAXIP1,CCR7,-1.2472299220151766,0.7059904749322651,0.4368529452951394,0.214755207630321
PAXIP1,EBP,0.2745795073275602,-0.1796672112989805,0.1053206018295705,0.0655542907705572
PAXIP1,RNF166,0.2495497722465797,-0.3801003697199264,0.0794355411096846,0.1200915876311753
PAXIP1,USP32,-0.1793603940890991,0.171924832684573,0.06745818565054,0.0583505098672281
PAXIP1,LCK,0.1360842987906279,-0.2037611574547913,0.044625248841928,0.0618954000323394
PAXIP1,TRPV2,0.1913399958421044,-0.3022303916959981,0.060871943002321,0.1076807805793559
PAXIP1,CASTOR1,0.5229753804785937,-0.529738066375334,0.148900538972484,0.2091174466176943
PCGF1,RASSF2,-0.2149826791172751,0.2005486438274259,0.0643910823984123,0.0676048075643007
PCYT2,APBB1IP,-0.2442276717981257,0.2362992517676073,0.0668008132629486,0.0769042890117203
PCYT2,OAS1,-0.3518913955762031,0.4228766525648303,0.1287989788724365,0.1401089736603812
PCYT2,ISCU,-0.3226620516656647,0.2571371604669775,0.103446854188676,0.086085334985944
PCYT2,CD226,-0.2229273280995942,0.4408648798122506,0.0844033774028815,0.1091870423609424
PCYT2,OTUD4,-0.3100040982394247,0.2820291497615602,0.1029490738573883,0.098223516405466
PCYT2,DDIT4,0.6933821825709316,-0.40410831367062,0.1892799159909403,0.1012027314827537
PCYT2,HNRNPA3,0.1580421565539921,-0.1915766849895729,0.0567738424991022,0.0540017434378244
PCYT2,SAMD9L,-0.2691240617741405,0.6321531837717289,0.0995857530519969,0.1709719629164175
PCYT2,INSIG1,0.5239077875296614,-0.4984545414301658,0.1582786748733649,0.1300105227517919
PDCL,PARP4,0.1671796675477924,-0.2614005986666929,0.0609335337176723,0.101658286265291
PDCL,TRADD,0.3953314571218929,-0.3743797867027644,0.0971697098555571,0.1267349056264624
PDCL,MAN2B1,0.264310667114508,-0.2157124087379955,0.0826610177137707,0.077735396058654
PDCL,DUSP5,0.7600005029760151,-0.847661307279504,0.221733455655707,0.1550451873406902
PDCL,ARL6IP5,0.15988611223031,-0.1710992156527354,0.0565313982568981,0.0705366968986792
PDCL,CEBPG,-0.243012278282851,0.2172100112762432,0.0814467219575626,0.0822779548213233
PDCL,PTDSS1,0.242347353119611,-0.2010088571926115,0.0648961634734297,0.063331049172773
PDCL,SSR2,0.2294434631783067,-0.1813953770899513,0.0547504921448728,0.0498649541200562
PDCL,MTSS1,0.4295904239978882,-2.37015695882749,0.1554471146326936,0.3636738064225996
PDCL,PTGER4,-0.4148736721541264,0.6569175329373511,0.1307370561998898,0.1236735703471225
PDCL,CASP4,0.3192588302094039,-0.2901349648965751,0.0827444103329286,0.1166013281734369
PDPK1,LSP1,-0.4570223945307899,0.4573001835168435,0.1121778010605602,0.1578619624591952
PDSS2,ADSS2,-0.2720131064899236,0.6039643158567928,0.0790634160617922,0.1484230241988783
PDSS2,RBM7,-0.3097552283873815,0.4799079820677224,0.1196408311838362,0.1552925479570812
PDSS2,HNRNPA2B1,-0.2554674372246662,0.1963217887901084,0.0808121171479496,0.0528477471336777
PDSS2,ARHGEF39,0.6934222807102026,-1.4584274812987958,0.2386430821427049,0.490735815847085
PDSS2,RNPEPL1,0.2320096512164952,-0.3910318112019121,0.0812204708313515,0.154926944251934
PDSS2,DCK,-0.2268614826174521,0.3122012744672729,0.0766595388827611,0.1284611223395299
PDSS2,CD47,-0.1648913450164763,0.3849343843870902,0.059297767910008,0.1028058528404645
PGK1,IFI16,-0.2521395096016691,0.3447890811740276,0.0815101161320511,0.1129848039126451
PGK1,SLC3A2,0.4960256857446761,-0.7038759619983688,0.1465059387400309,0.1815944527148467
PGS1,MYC,0.6692525252894362,-0.7008748489559951,0.1722806669434709,0.2090648261169065
PGS1,SLC7A11,2.051503693460125,-0.8596733423355102,0.3404766748857746,0.2121086635812763
PHF23,SUV39H1,-0.4641143064022149,0.3218927778789078,0.1640138613806662,0.1101885801964693
PHF23,CD48,0.2704199215804934,-0.2141947752965358,0.084523541421765,0.0750483878358139
PKNOX1,ORMDL1,0.2125988526332778,-0.2454209781178457,0.0587269944302144,0.065851035422189
PMVK,MSMO1,0.9046249886745508,-0.2420089052666141,0.144587561259661,0.1063679657590962
PMVK,LRRFIP2,-0.4652553985925904,0.4208353482552204,0.1450359805888007,0.1258717091502283
PMVK,IDH1,0.4288284287033564,-0.4202513570742348,0.1250958512063775,0.1341478709676387
PMVK,NCAPG2,-0.4508971201842213,0.1593163522841126,0.1416976435987228,0.0680348627410062
PNPT1,IL2,4.467392182784898,-3.955044329617099,0.4683349889976527,1.3305703723770446
PNPT1,IFNG,2.454939353298864,-1.4147732534952575,0.3215562413715105,0.4432218763343094
PNPT1,PIK3R4,0.5188164096510226,-0.7072145653518239,0.1318522609781666,0.2676722671132651
POGLUT3,ENDOG,-0.5037627374600864,0.6772776498079542,0.1924809928201515,0.1864863278103034
POLDIP3,COPS5,-0.5430133004026791,0.277869607390693,0.1274332198535609,0.0900539775507816
POLDIP3,HNRNPA2B1,-0.2938454837284756,0.1180514075286067,0.096059359019843,0.0402982169231368
PPHLN1,ZGRF1,-0.4640698441010434,0.2359108959759308,0.1404202834225651,0.0783282744537913
PPHLN1,ITGB7,0.235089924217024,-0.336899148084809,0.0627612292513442,0.1169939667398754
PPM1D,NCAPG2,-0.4656257853008643,0.1536529423804074,0.1179959991032158,0.0496439229720924
PPP1R11,CENPF,-0.7817052616551005,0.4307697513229615,0.2084649671592865,0.1163730202113055
PPP1R11,XPO5,0.4326291930053197,-0.4271369682027139,0.1282183824536233,0.1346880859516782
PPP1R11,NARS1,0.3995878782370581,-0.3937246272547703,0.1054031544316052,0.1242804119196292
PPP1R11,NUSAP1,-0.5240656654360721,0.3757863493837788,0.1820396213021509,0.1124817186723493
PPP1R11,SLC7A11,1.3263725050995925,-0.6989819813723981,0.4531093495652683,0.2392949513879092
PPP1R11,MAD2L1,-0.9290683538736668,0.2163765383968736,0.1981489523932473,0.0726442942846114
PPP1R11,SLC3A2,0.5078144532076303,-0.3430888315112674,0.1440747378797301,0.1277941808302256
PPP1R11,ACTG1,-0.3148190763224904,0.175759285336627,0.0896306138771888,0.0627670916254413
PPP1R11,H1-5,-0.7216929731840692,0.3811504983169657,0.243354366123508,0.1239392374300616
PPP1R11,H1-10,-0.3568853751789335,0.5057450988491791,0.1173395575223149,0.1261541779345536
PPP1R11,FANCA,-0.9893523166768906,0.4440102057768332,0.3064675335576812,0.1583413531358202
PPP1R11,H2BC9,-0.7927451786625318,0.4459063638563836,0.2348189617480296,0.1406523010529648
PPP1R15B,RAD54L,0.6527849861460459,-0.5693398833758604,0.2012707694295624,0.1687130465124335
PPP1R7,KIF21B,0.2829716015808549,-0.3034225759686116,0.0830724927995503,0.0672759330161242
PRKAR1A,PPP1R12A,0.3687518547366406,-0.4982113929313272,0.1374561818481957,0.1769147901437624
PRKAR1A,PSME1,-0.2451702315065479,0.410024321653695,0.0939563338923446,0.0827054183972581
PRKAR1A,SH3BP1,-0.436648546940231,0.5012789455909205,0.1513064425838059,0.1349665514153814
PRKAR1A,CDC25B,-0.3874339995278211,0.4898346632029395,0.1118826513856874,0.1674499452518559
PRKAR1A,GSDMD,-0.6177425810284345,0.5471332065108352,0.1948798559039065,0.1908927349061007
PRKAR1A,PTPN22,0.6232817087332642,-0.5583705779293746,0.1440582611043592,0.1820014660661892
PRKAR1A,SLC38A2,0.4304745836394345,-0.4431215167841218,0.163291728801073,0.1570536833757443
PRKAR1A,MYO1G,-0.4471953034647673,0.5310312039865743,0.0951232998349659,0.0874163761002802
PRKAR1A,SAMSN1,0.5571520213267993,-0.673069118263937,0.1904513256043828,0.2054148704437143
PRKAR1A,CTLA4,2.719148597212634,-0.7877628383054388,0.4396243084830376,0.2889484027543417
PRKAR1A,ANXA6,-0.4578733648213259,0.2545161169327328,0.0896063437262794,0.0789017379598064
PSIP1,MAP2K1,0.1917138086993897,-0.1714919653552518,0.054961390059764,0.0563328638885377
PTEN,LAP3,-0.1989595829588477,0.1916848987886213,0.0760996558834116,0.052235763351924
PTEN,FBXO42,0.1707875257492191,-0.1829694112337134,0.0582517980979235,0.0632934723156282
PTEN,VPS4B,0.1219950251941855,-0.1524414406778147,0.0413413937092786,0.0453022434554778
PTEN,SLC39A8,-0.1937501774459372,0.1518403377496174,0.0632181547387211,0.0452010860187999
PTPN1,TRAM1,0.4840376568908796,-0.3953198088607325,0.0828083317612536,0.1185518400570828
PTPN1,SRGN,0.7964670738642068,-0.451475381644107,0.1781525028548229,0.1523213699479779
PTPN2,GGCT,0.3433797801083025,-0.2813168487272518,0.1186692078853433,0.093283771647564
PTPN2,BRIX1,0.4144805370886543,-0.4696298151420969,0.1337842602192079,0.1144460278698546
PTPN2,SCLY,0.6135661539444426,-0.5459950057369871,0.1527446110995208,0.1588250361956988
PTPN2,FAM241A,0.7565443225583331,-0.7968079442724572,0.2130059656465966,0.2062259769375584
PTPRC,LENG9,0.8131015185424152,-1.146609385332927,0.23642933032884,0.4826387038301595
RASA2,LRRC58,-0.3045578173030989,0.2861891620579836,0.0943213913532592,0.0738187267177899
RASAL3,KIF21B,-0.2555195640906176,0.1597231676647919,0.0754386430612054,0.0598460972386478
RASAL3,MORC3,-0.1864201132437164,0.1631865197836262,0.0546210331275891,0.0475900652639292
RASAL3,BMT2,-0.4134473463793554,0.2885545599281946,0.1019467976850943,0.0792018122978541
RASAL3,TOMM6,0.2552359935512927,-0.1442260389894399,0.073812775385079,0.0531282445094042
RB1CC1,POU2F2,0.6859803595364549,-0.8653550120735238,0.1816584204319864,0.1928108162783948
RB1CC1,PICALM,0.2704470645004647,-0.3131138610411601,0.0770104041136651,0.0996492067682566
RB1CC1,SRGN,0.4864388036943445,-0.2963438045409833,0.1190556185632309,0.1051518514509743
RB1CC1,EMP3,0.1956604874863145,-0.2778920986097328,0.0611588324779235,0.0721813499277107
RB1CC1,SSBP3,0.356850245979793,-0.3311929829490467,0.0937600037259437,0.1145070169976267
RB1CC1,MIDN,0.3645218158797307,-0.3927857821102051,0.1094225494616288,0.1311244021678141
RBM10,MIPEP,0.5167312371297276,-0.4896348327104958,0.1420635911125653,0.1997445120656609
RBM10,TXLNG,0.413143374336729,-0.3765547302568122,0.1185031605875568,0.1352102141953746
RBM10,PUS7,0.5383829309013015,-0.527627231976455,0.1890071514825682,0.1331929538602149
RBM10,CDC45,0.4294601180024686,-0.2028822578843513,0.1468144282953099,0.0814340922654251
RBM10,TIMM13,0.2654938960604789,-0.2670700854983915,0.0892446724985091,0.0848073012840886
RBM10,GNPNAT1,0.3499057694333827,-0.3263138454711473,0.1186131560244288,0.1273466543794486
RBM10,POLR2I,0.2524830648108029,-0.2498093368930467,0.0682376247019519,0.0718020027329632
RBM10,AIMP2,0.3169737192796321,-0.3408268494507264,0.091009880553043,0.1145596255949356
RBM10,PPP2R5D,-0.1742996456586487,0.1535308115939091,0.0580199933512223,0.058759628421443
RBM10,HMGCS1,0.4484490918792787,-0.4375098490178297,0.1487179963147947,0.119634079797391
RBM10,RRP9,0.4828707981488668,-0.3683828410783546,0.1244052131666909,0.1373848364817476
RBM10,RAB3GAP1,-0.4417148825877435,0.2904940677823329,0.1276221973222204,0.0966569479951407
RBM10,FGD3,-0.2858043601544279,0.1774920011026012,0.0717541469247477,0.0717028625290215
RBM10,PTRH2,0.560087252179373,-0.4719625061716907,0.1587684661049409,0.1846428706308984
RBM10,STOML2,0.2384078093431996,-0.1821900805794518,0.0819851555397795,0.0645253912984597
RBM10,DDIAS,0.4760486839784489,-0.3443361931077132,0.1479975121220586,0.1327941353423223
RBM10,FASN,0.4312424635864197,-0.5459887872358268,0.1235393618190429,0.1053503022441311
RBM10,HNRNPF,0.2049542012982949,-0.1800435654134915,0.0489301089058388,0.0550758533668793
RBM10,PA2G4,0.2511518542619226,-0.2644720387334557,0.0754678535061903,0.0634469548267454
RBM10,LRRC37B,-0.5080991424469568,0.4987235919259781,0.1775484183396962,0.1738560094983957
RBM10,ZNF224,-0.3585910375493183,0.3777714133133128,0.1249622200636754,0.1445996974508258
RCC1L,C19orf12,0.1905742318218322,-0.2466846619020469,0.0624507277957874,0.0709828607855425
RCC1L,TALDO1,-0.2017889438003309,0.1914351925931042,0.0645696633433792,0.0512822462688782
RCC1L,GNG2,-0.2134167509320955,0.2007683895245423,0.0584790713884606,0.0601564293576484
RHOF,WDR26,0.2687677973543995,-0.1498867218555121,0.0736593192008111,0.0506230355233198
RICTOR,IFI16,0.1355510967092423,-0.2025140539981034,0.0405201173654115,0.0646186959987174
RO60,HDDC3,0.2289670035688986,-0.2000018958222509,0.0738699216357349,0.0497719470127869
RPRD2,HSPA5,-0.3516200191056833,0.2888216088816849,0.1207784727380203,0.1212694150391966
RPRD2,PRDM1,-0.3265799273900388,0.3662116056325287,0.1304155183009779,0.1102221499660924
RPRD2,PKM,-0.3532345673738744,0.1243854703757895,0.1222289858774609,0.0519170789061342
RPRD2,SMCHD1,0.1276025269496652,-0.1280757788795315,0.0493080940467615,0.0520611358111226
RPRD2,AIP,-0.1107674316852748,0.1319435131412752,0.0405551418008554,0.0503595490524121
RPRD2,DPH5,0.2655138827271602,-0.2789910662308246,0.090686531395405,0.1063746693079608
RPRD2,RXYLT1,0.3678686243702059,-0.3456313573044486,0.1302166551083928,0.1317893900525371
RPRD2,WWP1,0.1723461252632896,-0.2666177880814032,0.0704598079278816,0.1025345480567035
RPRD2,ITFG1,0.1876119666269927,-0.3804146636200097,0.0687981857305576,0.0845626480296982
RPRD2,RAF1,-0.1808949576440119,0.1486370697242997,0.0700751780736138,0.0595241963089961
RPRD2,COP1,0.180169508574336,-0.2599185071354945,0.067178969423007,0.1010199879969198
RPRD2,RAB4A,0.1770270786696559,-0.325546363485418,0.0678372496302693,0.0949977469427841
RPRD2,MOB3A,-0.1229413692498211,0.1645204975785926,0.0494177841428954,0.0648711396811099
RRAGA,FUT8,-0.4451568120102739,0.4521022436944707,0.1298797113153095,0.1336620098307947
RRAGA,CDC25B,-0.3191622294480382,0.3962194917025746,0.0983787057582924,0.123030718730998
RRAGA,DECR1,-0.3111628074577402,0.208261700019619,0.0956747642448023,0.0877462826553694
RRAGA,TMBIM1,-0.3775941912027474,0.2824695118698931,0.1153884723964687,0.112699425841895
RRAGA,NBEAL2,-0.4196591679669156,0.2540203690556048,0.1278215899311435,0.1054242942639536
RTRAF,RPA1,-0.4765833974436498,0.5230131498535245,0.1054115200062632,0.159197963756849
RTRAF,PMAIP1,1.2571561015051462,-1.573879556672126,0.2139532015612606,0.3683733204319989
RTRAF,H1-10,-0.3166717124270252,0.6032535239770777,0.1039499690032156,0.1551130290720926
RTRAF,CRIP1,-0.3866608990975763,0.551298672949647,0.1375830534366477,0.1926227184430976
SEL1L,RNF19B,-0.5812630784626386,0.6190197152554004,0.2215707713642425,0.192388480765661
SEL1L,MAL,-0.3100048865301563,0.6397096308688279,0.123510019276007,0.1770893358360723
SEL1L,ZWILCH,-0.6377533932559803,0.4194488852571685,0.2458323082075119,0.1342342962227489
SEL1L,ACTG1,-0.4030986904815158,0.2055628818782903,0.088533918705231,0.0640887654161831
SEL1L,MDM4,0.8025979745683476,-0.3124779484555643,0.0864413361178534,0.0959773445193953
SENP5,JARID2,0.2719833831434263,-0.1995804360986858,0.0780920804369496,0.0730611641230124
SENP5,TRAF3IP3,0.1422684326884904,-0.148491921949507,0.038087769327421,0.0633960913052613
SENP5,TRAM1,0.1072889155480876,-0.1215155689184716,0.0391239029755416,0.0464721073552101
SENP5,TM9SF3,0.0850766836176368,-0.0972734333004606,0.0334759982742011,0.0409487174611057
SENP5,SMOX,1.751424690075308,-0.3345821729823909,0.3680069319335501,0.1351716793980537
SENP5,USP48,0.1633473995699158,-0.1877239005056198,0.0398872390711627,0.0431258135067165
SENP5,PIK3IP1,-0.5169515738223226,0.5007163329654749,0.1884724107803595,0.1650926919425774
SENP5,IL2RB,0.326306260394568,-0.3163803734365298,0.1459857560312205,0.0827339785051655
SENP5,SUSD6,0.2221937461491178,-0.2357092704477981,0.0625321365865977,0.0534346407280901
SENP5,PSME2,-0.1955707265289634,0.1640410578137298,0.0775415915236788,0.0586304568641871
SENP5,APMAP,0.1450920939944428,-0.146553034093264,0.0540359917672086,0.0518279107322026
SENP5,PGK1,0.2101542178125293,-0.2617673609438685,0.0710386885933124,0.0574062335408421
SENP5,RASAL3,0.1548758888563478,-0.1929145248570005,0.0704193596979725,0.0574395956128419
SENP5,YJU2,-0.129895759754918,0.1090941279798246,0.0453148622120545,0.0430289226111358
SENP5,ABI3,0.2700958593429257,-0.2239466999239316,0.0943327246391403,0.0978661581140677
SENP5,DDX6,-0.1234760583994823,0.0945418223559266,0.0382558886603582,0.0389728469219857
SENP5,BTN3A3,-0.2919640613717329,0.2020395368393615,0.0905574478027211,0.0742539532236503
SENP5,GNPDA1,-0.2518249593977333,0.3546727619566388,0.1031236893736592,0.0993474569734534
SENP5,FKBP1B,-0.7143470356675224,0.6173851363898039,0.3137051454263312,0.2217843076795093
SENP5,P4HA1,0.2017833071409252,-0.1616437806413371,0.0805566660585516,0.0677011262075123
SENP5,NCOA3,0.141550545441821,-0.167560978515217,0.0606237110631881,0.0651656779764857
SENP5,CD68,1.3822780956423204,-0.486740124258214,0.2319615255382327,0.1531544438649962
SENP5,UCK1,-0.1325787253298673,0.1736592764834998,0.0585377512641501,0.0601696908203363
SENP5,CAP1,0.2058047233025799,-0.2090048853752786,0.0642850349066878,0.0766768676215187
SENP5,MKRN1,-0.2535413515721372,0.1978723772854695,0.0735232238432804,0.0564504836474884
SENP5,MICAL2,0.5612445953724854,-0.3447212915291043,0.1881184569406542,0.0977375145659748
SENP5,LOXL2,-0.9753023477024184,0.7057053372493647,0.2869371743015484,0.2946468508559352
SENP5,ITGB7,0.2075798808809356,-0.2836461324330894,0.0625992074772281,0.1124909184787314
SENP5,RHOF,-0.1527951193348871,0.2064440402231739,0.0434513515383859,0.0508422027831584
SENP5,HAPLN3,-0.3735051323820478,0.4722987064124887,0.1113311074389271,0.1007101056726581
SENP5,PTPN7,0.2852031810053307,-0.2082986554576208,0.1182655677945725,0.0605152284515979
SENP5,SURF4,0.1449759894505865,-0.1638056229209402,0.0548862900894362,0.0420006919238652
SENP5,ARFGAP2,-0.0722606042211956,0.1381796560680784,0.0331953177549718,0.0355367254094552
SENP5,TM7SF2,-0.3373667898896373,0.2680638465253377,0.1191103112626257,0.0851115990880292
SENP5,ABTB3,0.6483542123504524,-0.377441594210988,0.1659550589943088,0.1296836330517781
SENP5,RASSF3,-0.2139990767252948,0.1517643790641882,0.0663472556956194,0.0501290092690834
SENP5,UBE2L6,-0.1888816171425923,0.2369788424254138,0.0665541237837185,0.0424830120893937
SENP5,SLC2A6,-1.2127451864344876,1.0590285080367263,0.4986773940500764,0.2888065219047263
SENP5,TTC9C,-0.1465151858972442,0.1372648678231441,0.0653541659039576,0.0529363075715734
SENP5,DHRS3,1.041282681654679,-0.6586643678043153,0.4033287622272395,0.2323891071631707
SENP5,GBP4,-0.2473043627278306,0.3564180289242115,0.1137986220216353,0.1390004391054295
SENP5,CTSS,-0.1936159502277443,0.2130631635673689,0.0789502512749956,0.0854290673082206
SENP5,TGFBR2,0.1805943378294626,-0.2606656327379931,0.0676821746266346,0.0708024589335712
SENP5,CTLA4,1.2397705071361973,-0.4509971639059749,0.3201230330603718,0.1808383317742998
SENP5,BRI3,-0.1848530409392137,0.1010147260548574,0.0551480149536942,0.0433039854261039
SENP5,CIAO2B,0.1778075482872199,-0.08416224264475,0.0425288411948644,0.0358094166523157
SENP5,ENDOG,-0.1682497701691602,0.2381550681632271,0.0774621579325025,0.0738067191345597
SENP5,TRANK1,-0.3466462456793858,0.6172679157798006,0.1016597139500522,0.2449005773013189
SENP5,PFKFB3,0.2980244349399873,-0.1823951462990605,0.0709304479286618,0.080875452773079
SENP5,EMB,-0.1898655671964412,0.2990107304184582,0.0524990233646815,0.0716526195710487
SENP5,TRIB1,1.2196539685636436,-0.4233340818596658,0.4174410671305187,0.1648832876300655
SENP5,ATR,-0.1903695384169859,0.1525097146776036,0.0641795574504903,0.0642938575409243
SENP5,NAP1L5,0.3020782002761322,-0.5059251658788271,0.1214079265713885,0.1135986189105038
SENP5,TBL1XR1,0.1463939381045989,-0.0775182881919901,0.0455834660746204,0.0323650414061462
SENP5,RELL1,0.3425347216142859,-0.1577168904781523,0.0554395882309432,0.0701693816982103
SENP5,JRKL,-0.2243184193556787,0.1496607695912861,0.0875815101214112,0.0641738017546443
SENP5,BTN3A2,-0.2460321420791774,0.2438655371669587,0.0696140770859346,0.0584271512118873
SENP5,IL1RAP,0.693269652109459,-0.2573503197735688,0.1247054372576057,0.0879752180829975
SENP5,MYO18A,-0.2256092211923927,0.2961171330709221,0.0798325717614854,0.0709131259317734
SENP5,FAM3C,0.3330061529417323,-0.2876188333905271,0.1292703814575662,0.1032982562427157
SENP5,LTN1,0.1517987105038831,-0.1254698542000421,0.0473406516669347,0.0444220544317372
SENP5,TAP2,-0.1561329903058895,0.14471496411526,0.0642074145293591,0.0580848693800603
SENP5,APOM,0.4114805128088632,-0.3766226473099596,0.1768467872669915,0.1685008747665868
SENP5,TRIM34,-0.2404002600514682,0.238936285479743,0.1089267270085052,0.0996619057340845
SETDB1,ENPP4,0.5014313280637441,-0.3907817607150821,0.1213423328305046,0.1134096830916846
SETDB1,ERLEC1,0.1232623782633396,-0.1530546543820103,0.0487116546593567,0.0520140432301607
SETDB1,KHSRP,-0.1668867955567096,0.0898361867121493,0.070831349793038,0.0342771222895761
SETDB1,DECR1,-0.1109806225625575,0.1072680579213766,0.0427349512171984,0.0402828181545219
SETDB1,IFT57,0.3669560756590737,-0.2338853634414927,0.0920351293436172,0.0833517110338379
SETDB1,RNF44,0.1746833024724247,-0.1788959401373067,0.0598436962049754,0.0491120969566701
SETDB1,IRF2BP2,0.2486190002482362,-0.2377046565059732,0.0729705452803074,0.0867598471229882
SETDB1,SPNS3,1.1298995966488916,-0.761802790161743,0.3662745963442676,0.2351775522327093
SFXN1,NAMPT,0.9158765714065789,-0.4148640102447661,0.1238765971191279,0.1498653939668646
SGF29,RANBP9,0.2396337435842239,-0.175427432602537,0.0503100283779595,0.0469725008201801
SGF29,HIVEP2,0.4020508299340185,-0.2088346752276688,0.1113633326614186,0.095826090671091
SGF29,ALAS1,0.2422585375454801,-0.2231426969370953,0.0660300281373159,0.0628349454131143
SGF29,PRKCH,0.1149848105928205,-0.4267513582575575,0.0505355471422385,0.0551449238255928
SGF29,RABEP1,-0.1612061120858094,0.1417408247209041,0.0521574541095787,0.0591715345826129
SGF29,CENPQ,0.292188852151562,-0.2273379775595599,0.1009645497508682,0.0709038195237207
SGF29,VCL,-0.2421000861027066,0.3424973886068747,0.0936054538411367,0.0985755007000775
SGF29,DAPK2,1.059615547326492,-0.6655785061791922,0.4425071629860538,0.3101951155112996
SGF29,STAP1,0.4693574202757162,-0.7071111238488524,0.2163617062521283,0.1507654389130732
SGF29,RFC1,0.1382754664893417,-0.5494356986333913,0.0592700568527956,0.0719346810874561
SGF29,INPP4A,0.1484752527784472,-0.198090815960748,0.0489230422643202,0.0884697995612691
SGF29,LCP2,0.1459941858455638,-0.345242979816891,0.0543764326669895,0.0583890172389174
SGF29,TNFRSF1A,0.1663020443522832,-0.222452194484196,0.0749466121397101,0.0646920724790428
SGF29,WIPI1,0.3647170258643354,-0.4318774871465837,0.1347912879075256,0.0822636966835362
SGF29,AFF4,0.1247515432063243,-0.1603626169581486,0.055370691382047,0.0652103219329342
SGF29,ACAP1,0.1628652870871909,-0.1455050134581405,0.0467046856895208,0.0454662580385175
SGF29,TP63,1.379917380937201,-0.9088875678179404,0.5525328908229211,0.3666658524412328
SGF29,DPP8,0.1215484606265359,-0.142753951170709,0.0502312183587484,0.0583361010885483
SGF29,RAB7A,-0.1002233932426105,0.119269476226307,0.0439019716631687,0.0487346228402431
SGF29,NFE2L1,0.1434722792931428,-0.1925320219865589,0.0546891730345295,0.0805271923044814
SGF29,CHMP2B,-0.1311619206935391,0.1166719712900331,0.0590437220976543,0.0581253600524429
SGF29,SNX10,0.2665205547928653,-0.2954461412577789,0.0915569791904215,0.0566603997249154
SGF29,PPP1R15A,0.3563191048408797,-0.6225232981614565,0.119231701293281,0.1514653529054555
SGF29,CRKL,0.1222457090676518,-0.1135008872633187,0.0399959646588132,0.0440312584636487
SGF29,IL2RB,0.393207479972241,-0.5374141025034933,0.1396053275524819,0.078499851446488
SGF29,SOS2,0.2708894756652977,-0.2349526838135526,0.0994152024700823,0.0863726985591834
SGF29,PPP1R16B,0.3044458534480929,-0.1790263446299451,0.0947343787687134,0.0595595098437356
SGF29,MYL12A,0.1158762402531408,-0.1274860379611231,0.04072186486397,0.0490240917088246
SGF29,ARHGEF7,0.148187147744406,-0.1249975777888378,0.0590596272941554,0.0586756976574555
SGF29,N4BP1,0.183822961577199,-0.1507408089153995,0.0602975199763904,0.0577764555323502
SGF29,ATP8B4,1.2096430105553535,-0.5778058027420816,0.2585215483951638,0.1236605523777424
SGF29,GFUS,-0.3329734666196168,0.20365554950817,0.1068193716670197,0.0588901059966919
SGF29,ERI1,0.2669171767729057,-0.2388835397528847,0.1189422336919103,0.0666588178710677
SGF29,PIK3CG,0.3834625129697683,-0.3259109064255848,0.0741366371628671,0.1445416166917305
SGF29,SPIN1,0.2606256362518706,-0.3432042389387961,0.1030894928975189,0.090757021018141
SGF29,DOCK8,0.15688380137726,-0.176326792123652,0.0420977622272487,0.0557217216877273
SGF29,CPD,0.2679707008423246,-0.2050810847279433,0.095453231221439,0.0899861318845765
SGF29,ABI3,0.2259006946578441,-0.32396928753602,0.0999787145475983,0.1066807316854875
SGF29,PRKAR1A,0.1359520032972543,-0.2162559652995407,0.0454101083387183,0.0464634255765573
SGF29,CD69,0.3938858045432757,-0.6626011197555973,0.1759643702635698,0.1224343109149392
SGF29,GNPTAB,0.2262026907825705,-0.3235335143670326,0.0574341331726762,0.074541769513649
SGF29,ITK,0.1392294004883978,-0.4136657546816739,0.0588572085044158,0.0716013981162486
SGF29,GNPDA1,-0.2473303007479268,0.6550126774794113,0.1109560245191731,0.1009216051958705
SGF29,GBE1,0.1935803590110708,-0.2382089817369692,0.0882535008132117,0.0899227290416399
SGF29,SPTBN1,-0.1810007551035018,0.164168474589313,0.0697758522338371,0.0690223867968719
SGF29,IL18RAP,0.5835795233060911,-0.9460616347847264,0.2689723630331841,0.2945754280426895
SGF29,RAB29,-0.1882633047412536,0.2031810221226675,0.0707923898193342,0.086140429619707
SGF29,GPR68,0.3052010807610184,-0.6228587588536549,0.0960879853052356,0.1159542617881935
SGF29,PCMT1,0.1470373828952355,-0.1570085791056134,0.0612011062397194,0.0370892712338717
SGF29,SCPEP1,0.697944356394138,-0.3964777205290556,0.1320145983437196,0.1255773846656857
SGF29,SRGN,0.4134966648521781,-0.3369098771278499,0.1015987669068135,0.0879351021989794
SGF29,PEPD,-0.3831091062940966,0.4143164397612904,0.142987248950976,0.0916094462514308
SGF29,MBOAT7,0.2363424096174825,-0.4038314153663834,0.1050417938817772,0.062214213644309
SGF29,PSD4,0.2227338881504726,-0.156552398572537,0.0498447533262716,0.0458576422915642
SGF29,VASP,0.1487118031297378,-0.3416954960656901,0.0691686800177629,0.0548960278277311
SGF29,TMX4,0.2767564219040449,-0.1835445526001466,0.0909712913823653,0.089025312930004
SGF29,IGFLR1,0.2850593450462301,-0.5027685390643799,0.1068169247273921,0.101908489598219
SGF29,HCST,0.2980100146963432,-0.4864752837169043,0.1247805736043645,0.1183052069425622
SGF29,FGL2,0.5239582003341091,-0.7139683379796572,0.1742863858039053,0.2551495508079012
SGF29,ADORA2A,0.6041081804159557,-0.3084336554256215,0.1518918484759748,0.1098955948644251
SGF29,CALU,0.1523143511336535,-0.1828903871452271,0.0634590287259646,0.0528061322107093
SGF29,SUMF2,-0.1111767780663401,0.1829395986658136,0.0480762677557877,0.0371567098003334
SGF29,ARHGEF6,0.20393407989242,-0.2499378032293911,0.0533603183224794,0.0737729495937395
SGF29,SNX9,0.6684087470695158,-0.3971954039973923,0.1778675686346372,0.1205306664569934
SGF29,SH3BP5,-0.2877779588440495,0.352513404577379,0.0875199352750225,0.1143758394479686
SGF29,VPS4A,-0.1009359279338152,0.0803124291694071,0.0425743959516264,0.039429316020831
SGF29,MORC2,-0.2775188787120137,0.2743595819306365,0.0924218784543919,0.0659449221805011
SGF29,MICAL2,0.619384715418789,-0.4026771408726555,0.1808101344044131,0.0940526673622439
SGF29,PTPN22,0.1597824987496116,-0.4115055239730609,0.0718142397531176,0.0605326129676961
SGF29,AP4B1,0.2652518766198989,-0.1494691561720687,0.0693799677233945,0.0559029864867632
SGF29,RSAD2,0.5073289998201844,-1.3409771328648772,0.1740636066070644,0.6440947512320976
SGF29,BIVM,0.2002952695370034,-0.3383852155069863,0.0733682599029596,0.0692635150122486
SGF29,DMTF1,0.1775184689473592,-0.2327332616250281,0.0508457750103375,0.0533871305407282
SGF29,TES,0.1200292878243371,-0.1953653780895344,0.0415572229835598,0.0610935396670123
SGF29,SMPD2,-0.2505365545541188,0.5104604363410317,0.0994455974395571,0.0997138303800363
SGF29,FBXL8,-0.3011615267086025,0.2445431508004591,0.1330006797199504,0.1087614024675653
SGF29,URB2,-0.4105701510128011,0.4023865699342477,0.1348044668815421,0.1264408434190478
SGF29,GLUL,-0.4918277901429776,0.8037189048222201,0.1364048570198364,0.2579588616809394
SGF29,DOCK10,0.1702371016506967,-0.2490997238916715,0.046466736567351,0.0609850529473669
SGF29,TMBIM1,-0.2592595966314056,0.1452673033286005,0.0702311634575881,0.0660091599235228
SGF29,LRCH1,0.2860539937340244,-0.1556277625552992,0.0687969721612675,0.0663051790373299
SGF29,CALCOCO2,0.1502341266830122,-0.1280021890471443,0.0688409754919256,0.0621912276111738
SGF29,TANK,0.175075867926091,-0.2037261701703875,0.0707791798422547,0.0692505603742161
SGF29,STAT4,0.3073883298535761,-0.5779932705549667,0.0923952077193593,0.1140708159615863
SGF29,PPP3CA,0.2557448135593885,-0.3071659552884815,0.0780776057359693,0.1058822916162908
SGF29,CLSTN3,0.2200165468470019,-0.3030365542965438,0.0923673321901154,0.0891015844939692
SGF29,POC1B,0.2721111461888975,-0.1111541732905628,0.0962040377724241,0.0547005418514685
SGF29,NEDD1,0.156098839925227,-0.2218811405726753,0.0648833081437762,0.071035139353012
SGF29,IQGAP1,0.202458764794898,-0.1292004855588064,0.0652053688289625,0.0468127224239084
SGF29,SLC16A3,0.3954822035046051,-0.2631116116597684,0.1468569161390947,0.0936588189034516
SGF29,EMP3,-0.1460582854408638,0.2770612956983294,0.0489239667378632,0.0477275438798402
SGF29,ITPKB,0.2766094666282755,-0.1660210321829718,0.092478088366558,0.0812712201185191
SGF29,RHOB,0.9816864841251992,-0.7744384323774396,0.3515573673566319,0.2371098799272511
SGF29,PLAC8,-0.5523230400709317,0.7939344371980609,0.2197299609282848,0.2416656499807504
SGF29,SETD7,0.526461858745917,-0.3955554309750466,0.2275340024511819,0.1397562103718199
SGF29,GIN1,0.3167103945285462,-0.3126339567366324,0.1008336910913229,0.1081027639947635
SGF29,CDKAL1,0.1594715933228258,-0.1255533040143424,0.0507780525872447,0.0463841344934344
SGF29,SH3KBP1,0.23263828577357,-0.1267198203016276,0.0527104441737438,0.0555360764489459
SGF29,PTGES2,-0.154809697163427,0.1528380754769386,0.0620483017510116,0.0700892324251114
SGF29,RASSF3,-0.2141745894359543,0.2668980327405225,0.064432448288014,0.0534497294039167
SGF29,CD96,0.2951454526750689,-0.4705061962376321,0.0687142982319412,0.1257545029792674
SGF29,JAZF1,0.5487170845274093,-2.113290075689802,0.2505602800848643,0.7561517238470882
SGF29,TIAM1,-0.2897556320135323,0.3740574515564479,0.1315621116327784,0.1368194479654932
SGF29,PHF6,0.2056868188767363,-0.5721026119514838,0.066294809778473,0.0736642764952957
SGF29,CD109,0.4856018877768522,-0.23540223584977,0.1233011256475493,0.092943034572665
SGF29,PRR14,0.170515649573667,-0.1329914555790748,0.0509376029170082,0.0553642190608367
SGF29,SLC37A3,-0.2712045776733078,0.5588646667887075,0.1086340748698525,0.1002909181682923
SGF29,CNOT11,0.1212535544783096,-0.093975482965317,0.0378832486010044,0.0357770945186799
SGF29,MED8,0.1551529147338009,-0.1575074017761792,0.0553123371919997,0.0594887362349493
SGF29,JAML,0.3855186208798198,-0.2535437774297441,0.1367439148011188,0.0947450492254723
SGF29,PEX13,0.1773920451482773,-0.1303823789481847,0.0647737706226173,0.0539762032881081
SGF29,KBTBD8,0.3762543552003974,-0.4876451309837834,0.1144738196505708,0.1509032395261678
SGF29,RBM47,1.5083307615476245,-0.3865570893300871,0.4192633066526323,0.172481384593791
SGF29,SNRK,0.133765756988006,-0.2856290165724999,0.0532460015461788,0.0716550358288995
SGF29,SPRY1,0.9418200576905535,-0.5036646168781372,0.2711798124083148,0.1352358344032848
SGF29,ITGA2,0.5599796032799669,-0.4960144216017098,0.1756339129706771,0.1760539554839965
SGF29,SYTL3,0.6913895908054787,-0.210098483501846,0.1051817135343003,0.075394363948812
SGF29,NFIL3,0.9075156590732794,-0.1854143879911728,0.1531436693242024,0.0757246695513019
SGF29,AQP3,-1.3414522102344404,0.6657566745727554,0.2219119395172095,0.2303892228904147
SGF29,INTS6L,0.2268741105790437,-0.4806271240728167,0.0798110106414796,0.1053257234617199
SGF29,TRUB1,0.2125671426693464,-0.1604073872980825,0.0708985152678258,0.0663181987176838
SGF29,ILK,0.1556878400877913,-0.2813141845607118,0.0549990068669627,0.0724319344119988
SGF29,URM1,0.1530892234668977,-0.2048923466897859,0.0678137647126744,0.079302228526406
SGF29,TBC1D2B,0.23307371747008,-0.1977508325709538,0.0541238045941223,0.0608475102172227
SGF29,LENG8,0.1816137569022634,-0.1866356118230221,0.0514498449473699,0.0478170623631352
SGF29,DDIT4,0.3842091379947114,-0.6964173799535758,0.1732133639469357,0.0973738271920009
SGF29,INPP5D,0.1555760722076926,-0.240659457539837,0.0685697369747232,0.0782135689327605
SGF29,RGS14,-0.1515092793515067,0.2170241407394929,0.0685619808620543,0.0976372961734357
SGF29,SNUPN,-0.1385931898495216,0.1172732085159083,0.0628995865553597,0.0491035498914284
SGF29,FASN,-0.2757403885648164,0.2803808887341164,0.1223902632221953,0.0891925288448403
SGF29,GUSB,0.1433662160854981,-0.2693526590854936,0.0604114593690337,0.0702268117417713
SGF29,TMEM42,-0.3202663079865677,0.2599582335177279,0.1426594660992841,0.1008532267532444
SGF29,USP32,-0.1344978596515589,0.1850776236699911,0.0525317523169527,0.0465250183562192
SGF29,NDUFA3,-0.0958742409015552,0.1258501194274068,0.0411770067583085,0.041577690236782
SGF29,RBKS,0.5345745606888256,-0.3917317817922329,0.2426349118976738,0.1632397387481591
SGF29,BCL2L1,0.2909544348906789,-0.247267888749201,0.0820032592249441,0.0746812904479206
SGF29,GTPBP2,0.1548298033618783,-0.2261568649546177,0.0609975282545004,0.0649415119555396
SGF29,CHD2,0.1097611463273854,-0.1614832220096332,0.0509979844390477,0.0486874636901954
SGF29,TLR6,0.413018366155542,-0.5633885393724147,0.1444666687423908,0.153990846779801
SGF29,YES1,0.3692168528495824,-0.2844462974394308,0.1579397696339584,0.0895278088108322
SGF29,CRLF3,0.1423385950549545,-0.1741880797821073,0.052665391114749,0.0616063320102365
SGF29,ZC3H12D,0.5087568499832654,-0.6837075756545204,0.2121297079958854,0.1452972800375136
SGF29,MPI,-0.3951392354269034,0.2394708640693834,0.082559192241914,0.0590201219177734
SGF29,RELL1,0.303044745718879,-0.3307541734728058,0.0591588556748668,0.0733435367651975
SGF29,CREB3L2,0.2585330541877849,-0.4911094790016759,0.0908475982548257,0.0865149616447795
SGF29,EXT1,0.5371238376969952,-0.2478778869881035,0.1393701094030668,0.0897067891411798
SGF29,DMWD,0.7327461348826642,-0.3032413698123392,0.1400524604419489,0.0857089739602977
SGF29,NHLRC3,0.2503030355913849,-0.2511086226261269,0.1034393880873555,0.0975003443241315
SGF29,IL1RAP,0.3684258272306122,-0.2387822619379622,0.1388619298577439,0.0855473016787348
SGF29,STK40,0.1471424010118547,-0.1562201854311071,0.0605507015687874,0.0521979009746684
SGF29,EVL,0.1210421037710201,-0.5431077064800863,0.0547685989066492,0.075596333294102
SGF29,HSH2D,0.3685603562029753,-0.2824249756205682,0.1071587626392341,0.1208301413154391
SGF29,CD47,-0.0990057801778099,0.0922987983859839,0.0366961579802138,0.0429871625010848
SGF29,ILRUN,-0.1127563651105649,0.1141772678437973,0.0477721154973311,0.0435962572677341
SGF29,FAM3C,0.3720257735886045,-0.3678881714916808,0.1248153254379359,0.0980669362090487
SGF29,IGF2R,0.2828734666161872,-0.3669811818609941,0.0790857710817932,0.088720739778379
SGF29,FITM2,-0.3641513858391178,0.3992226388230705,0.1555153759723491,0.1435568523157356
SGF29,BLM,0.2823813238262243,-0.2019358431335575,0.0805878019956851,0.0709674256879423
SGF29,S100A10,-0.250152727959277,0.2474038868417238,0.0683199395070257,0.0595216228304893
SGF29,TXNRD1,0.1483439738109084,-0.4542224897193178,0.0615951891493086,0.0825769415286365
SGF29,BAZ1A,-0.1821003626226521,0.1862483105928596,0.0679927884597276,0.0663163765600189
SGF29,PJA2,0.1848803267310116,-0.1134813625528008,0.0400112472719555,0.0446258103803735
SGF29,TAP2,-0.2092412697846449,0.1378065504720687,0.0635125752864486,0.0588628341919473
SGF29,ITGA1,0.951264022174662,-0.9077197233860996,0.4302781466820058,0.4082591353348593
SGF29,ALKBH6,0.2452491795210428,-0.20227889868031,0.0838161976261686,0.0727655184432025
SGF29,PPIL3,0.1575780566015007,-0.260450864294322,0.0668979137695462,0.0623310858696683
SH3GL1,FANCI,-0.4207281266619816,0.2875121694046489,0.1339321836629126,0.0820370201008069
SIK3,OAS1,-0.516403026214322,0.3713595830554605,0.1530015689076469,0.1540302229187406
SIK3,PSME1,-0.223778738256705,0.1303402952253062,0.0648286912744574,0.0513268084043637
SIK3,GSDMD,-0.3335040497586647,0.4603652667013959,0.1041849677926091,0.1226840911927759
SIK3,SASH3,-0.2001432142801796,0.1905853208320594,0.0697268008260036,0.0730692326411327
SIK3,LIF,1.773390173306013,-1.0070534266317968,0.4754831509881843,0.2417445041524305
SIK3,EDEM1,0.2006329351857413,-0.1600187169750376,0.0699479248747057,0.0635694915165202
SIK3,IER3,1.5406009415340316,-1.004279356047825,0.3068139505713568,0.2299355239169919
SIK3,PRSS23,1.21669317240114,-0.7290050135542435,0.4088180331976612,0.2671794679698094
SIK3,MAPRE2,0.2534126781301511,-0.2626684873290218,0.0822644624484529,0.0907300784733953
SIK3,PXK,0.4161131024543062,-0.4151687926479832,0.1345015466261694,0.1146448953522767
SIK3,TAP1,-0.2823819243279433,0.2392696148822724,0.0929925010008958,0.0713247263817243
SIN3B,P2RX5,0.6678140262315404,-0.5770363601179309,0.1932053949621326,0.2180512937766024
SIN3B,EDRF1,0.2378913295649351,-0.3083252428057701,0.0778067390224945,0.1045888774965559
SIN3B,ZRANB2,0.1180787389772103,-0.1741536669832986,0.046293372874794,0.0471295608429303
SIN3B,NIBAN1,-0.2043251339857242,0.3789080419305212,0.0662879764618939,0.1195612992558389
SIN3B,TRAF3IP1,-0.3929446775586595,0.3603891655521652,0.1428054316991883,0.1417445935247425
SIN3B,TAX1BP3,0.3000131664771999,-0.322911064541478,0.08308119085783,0.102337204128369
SKIC8,PSMD8,-0.4675167040089867,0.3853258459283428,0.1803176349673609,0.1439979561908581
SKIC8,LGALS1,0.3972847499823314,-0.519942011615907,0.1505363345605279,0.1588083995713514
SKIC8,PFN1,-0.2627616495007411,0.1777182418602147,0.0607454007002233,0.0471289666439782
SKIC8,HEMK1,0.5944934984549787,-0.7788671202365237,0.1855593770903631,0.2860760292888399
SKIC8,TIA1,0.3066860527389106,-0.4321460908919212,0.1127049391184656,0.1770209049370921
SKIC8,ZNF337,0.6399536239671118,-0.8412741603096465,0.2179905021969761,0.3761075573013751
SKIC8,CMPK2,0.7317192856271983,-1.8462581633379027,0.191189699771047,0.8387026201808117
SKIC8,PCNX2,0.5470552668950406,-1.6281985880478267,0.2085113310750639,0.5966558633995261
SKIC8,TXNL4A,-0.3273961713779681,0.4045509606398534,0.1036141025448926,0.0855519206592691
SKIC8,LYAR,-0.482819059624096,0.608824321355309,0.1616321819680585,0.1567432799079658
SKIC8,CCNA2,-0.5772888442993956,0.3687183722483238,0.2163958224305256,0.1109252869868084
SKIC8,GPR107,0.4345722761259147,-0.4744047432964621,0.1581182780732482,0.2040293418512059
SKIC8,MTA2,-0.2854418325000999,0.282172939520482,0.1015872893025928,0.1043372075181335
SKIC8,HK2,-1.515283999118081,0.6685912817568933,0.502998611048632,0.1306408038385987
SKIC8,SRSF2,-0.368919874155814,0.3614980002598944,0.1418026825016258,0.1253034082194002
SKIC8,TMEM183A,-0.3607200907927552,0.2816791094054233,0.1202829682377704,0.106227317005384
SKIC8,LYSMD3,0.4470753752256312,-0.851390486917737,0.158459881529508,0.257457938657954
SKIC8,GPR132,0.4327237999084392,-0.7006594389285165,0.1465557337241391,0.2661809277710504
SLC25A51,SLC1A5,0.4930585098008407,-0.2708348715124283,0.1288373577870433,0.0689353569163869
SLC25A51,EIF4EBP1,0.4792503623752236,-0.3613251482469099,0.1442615230657718,0.1028444215670031
SLC31A1,PEBP1,-0.3192071024183638,0.2631607093307938,0.1180654642250952,0.0822253253809545
SLC31A1,HDGF,-0.238234559966402,0.2693038939463127,0.0944240274808018,0.0702791297447148
SMARCA5,DAPP1,0.6708905312360351,-1.0426328068639037,0.1190141864580035,0.2608246930326677
SMARCA5,OAS2,0.2303300387970605,-0.7159064000955581,0.0851734277968212,0.1692262820436478
SMARCA5,CHD4,-0.3370353552405156,0.3599306543868403,0.0988596102309886,0.1110364935049464
SMARCA5,CENPE,-0.5913159573378542,0.5011737055564018,0.1956959769999426,0.1506420799428157
SMARCA5,CALM3,-0.1890646135430658,0.3680973683070134,0.0855597372223508,0.0996266628526158
SMARCA5,CDK1,-1.025516472984048,0.4477260346031761,0.1962431730350722,0.136190508369349
SMARCA5,H2AX,-0.7010744946849479,0.4847621751594425,0.1758026033865393,0.1378980761945913
SMARCB1,ZBTB32,1.7832147841695425,-0.4673668839348918,0.3624727978750244,0.1220645944445063
SMARCB1,PRDM1,0.5869696815165135,-0.3413967432515394,0.1590732964901328,0.1251134102401734
SMARCB1,AFF4,0.223290225944578,-0.3840280163063916,0.09041279336857,0.1277460442574352
SMARCB1,IL2RB,0.8923316001477322,-0.5679885253848937,0.172543630966956,0.0921464227921402
SMARCB1,AHR,-0.4595857517764271,0.4235436439280152,0.1650120912494974,0.1282770572765993
SMARCB1,CD2,0.4411677230717479,-0.2240886161275997,0.1012025364329844,0.0725944244809039
SMARCB1,DUSP4,2.3952599299691784,-0.3559412297523923,0.3833299022134278,0.1348611631425859
SMARCB1,SRGN,0.3537495514261102,-0.2873706904112109,0.1285367262501226,0.0920962738232743
SMARCB1,PHF20L1,-0.2965865472620803,0.2614494464578129,0.0872631064441206,0.0997056106098372
SMARCB1,SNX9,0.8791814078482412,-0.4541130477597066,0.2464766042379984,0.1528850721130067
SMARCB1,PPARG,2.5488936213430997,-1.9508732597005995,1.05608336361028,0.6289714871241551
SMARCB1,IL2RA,0.7009807305734964,-0.6532903999522404,0.266154385581832,0.0791321096499318
SMARCB1,PHLDA1,2.0042428631589733,-0.5269491092541625,0.3968205412113484,0.1484102276034136
SMARCB1,FURIN,0.3641208442897748,-0.2422472887596913,0.1225958337408726,0.0788687667094255
SMARCB1,ITGAX,0.8638693218676801,-0.5342499368602407,0.3458787861868618,0.1890470524762489
SMARCB1,LYAR,-0.5492321497102483,0.3292080755790141,0.1399828656519507,0.1093346711665125
SMARCB1,ENDOD1,-0.5472109075217269,0.5889826006577928,0.2054009787492481,0.1682113788833761
SMARCB1,SPRY1,1.0172226452433073,-0.5659177561967672,0.3688417704978342,0.171437551163905
SMARCB1,METRNL,1.294072817676322,-0.8580437513948508,0.5443438766384714,0.2614782699739242
SMARCB1,RXRA,2.355387486168137,-0.9712672462242972,0.5356469134163814,0.3075621639672742
SMARCB1,RASSF5,0.2636738225548629,-0.1720816264532157,0.0624216418526004,0.0662216357635154
SMARCE1,TRAF3IP3,0.3857993114002325,-0.4714096937247237,0.0657704063972412,0.1207213642701315
SMARCE1,CLDND1,0.4115475816017392,-0.2903168478622389,0.1185388301212092,0.1097123331192236
SMARCE1,P2RX7,0.9831154524475342,-1.2977949399271334,0.350475272850614,0.5043728373864147
SMARCE1,BLVRB,1.1581774911047316,-1.250246078074574,0.2423525714319837,0.4713720483417445
SMARCE1,TBL1X,0.7260859593525747,-0.8482550377090649,0.2016226858204126,0.3248124442453781
SMARCE1,NKG7,-1.3984938199536383,0.8135406922164052,0.3703324617720081,0.2194509801672233
SMARCE1,NFKB1,-0.3351426431624284,0.5131793995310739,0.1242936163317944,0.1197080426442115
SMARCE1,ARHGDIB,-0.1900474279513726,0.2571039006005371,0.0564806578350847,0.0693850169604254
SMARCE1,CXCR4,-0.9084703170407524,0.818604615458672,0.1714084146377842,0.1629487346091304
SMARCE1,AHNAK,-0.4597930117353165,0.6778999721522807,0.1356703653694987,0.2694518278536706
SMARCE1,TM9SF2,-0.2308701757726824,0.3998818550660357,0.0951736759034917,0.1233867158046119
SMARCE1,PTGER2,-0.6407561441830659,0.6467394334058375,0.1585222042262582,0.2012885377642899
SMARCE1,EVI2A,-0.4274208249088654,0.6554815889826792,0.1584832522842245,0.1637282306833678
SMARCE1,ADORA2A,0.9824716075243743,-1.4483423075633364,0.2690821496277698,0.3327501884300852
SMARCE1,PGAP6,-0.5447531113524673,0.684051845191333,0.2291766356328604,0.2241132793511498
SMARCE1,GIMAP6,-0.5188748053167803,0.689093385085424,0.2074166592097922,0.2795890664330016
SMARCE1,DGLUCY,0.4307596465625729,-0.6851618933818303,0.146937251095501,0.2616344372493899
SMARCE1,AP4B1,0.6603660069134645,-0.607071131507068,0.1554654691773636,0.1888596134887206
SMARCE1,YWHAQ,-0.5200776613421506,0.5886412496850169,0.2013210305041696,0.1450317731181528
SMARCE1,IL2RA,0.7176967264002101,-0.9911393817571872,0.301093677888767,0.1169190074624633
SMARCE1,CAB39,-0.4269578765745473,0.2412412378306074,0.1034569899568977,0.0867995376026973
SMARCE1,SLC39A8,-0.6367100582863603,0.3791609587426947,0.1290565510837947,0.0933673696882427
SMARCE1,BCL2A1,1.5516429526717903,-0.9769229644082528,0.3787502290288088,0.2581658678613143
SMARCE1,ARL6IP5,-0.2538492263975997,0.3212258248005317,0.0937200771995047,0.113565950184287
SMARCE1,TMEM123,-0.4160063927370565,0.3612545205769609,0.1207965144205849,0.1192047109708212
SMARCE1,SEC11C,-0.6353029539947531,0.3220174965010077,0.1457760187765029,0.1289202175743344
SMARCE1,SMAD3,-0.4964822909694643,0.5335224530805596,0.136479312000888,0.1977992228269094
SMARCE1,CEP120,0.419960418757224,-0.464740468979026,0.124792047141994,0.1727184695514763
SMARCE1,MAL,-0.3604837587847656,1.039099370840188,0.1391578471630019,0.203003302905845
SMARCE1,GPR171,0.4372369438123321,-0.5816239160632588,0.1353978553328658,0.1823348714653687
SMARCE1,MAPK11,-1.631695837573376,1.743438207325341,0.7108668021430006,0.2929099375276007
SMARCE1,EVI2B,-0.6346460735985542,0.6605024723087476,0.1755970759190328,0.2032278832809375
SMARCE1,RXRA,2.2314010892002742,-2.518377316346164,0.675986764390003,0.6549707997482865
SMARCE1,ZC3H6,0.6723743546501524,-0.7633074007515721,0.2342926615802671,0.2998269237815552
SMARCE1,AIF1,1.083794858639606,-1.2081330852972183,0.4321093573324936,0.3473215312261748
SMARCE1,APOL6,0.2485542343056862,-0.3958998993015168,0.1072645115138459,0.1512209015648828
SMG1,TESK1,-0.8111239981021188,0.6585496412880039,0.2943715846699837,0.2263837864536292
SMG1,CXXC1,-0.4347457110634284,0.5874873521343508,0.1520493317586783,0.1873134591721114
SMG1,SPTAN1,-0.2593985841129948,0.3838438282726573,0.0928980778542895,0.121048644702299
SMG7,CD69,-0.6030485586360398,0.3595252455318385,0.2444506748059244,0.1360942853645354
SMG7,DARS1,0.3674631327927428,-0.1924411852479395,0.0831207429392441,0.0700067345639433
SMG7,PRUNE1,0.3887357747504694,-0.7745069993568964,0.1588786205656278,0.2393917392465036
SMG7,FCMR,0.5305544818373662,-0.923006821804052,0.2116974323706985,0.3180193450357598
SMG9,RAC3,-1.1230320163497332,0.3825173099653542,0.3617578715206505,0.1408057199463189
SNUPN,H2AX,-0.9707826997087158,0.4039876349375698,0.2827707147762963,0.1266967714711652
SOCS4,IFNG,2.058120742745914,-1.2879402916736458,0.3194769204762174,0.4114867981535861
SRR,DDIT3,0.7265147520251356,-0.6372981802975902,0.1492061132683702,0.2050639203604903
SRSF11,SEH1L,0.5090257756427907,-0.425028544453434,0.1669665307117564,0.127928831214386
SRSF11,DESI1,0.4959521513128124,-0.4145807210884254,0.1761873856315223,0.1144922091446122
STAT3,CLEC2D,-0.1905741944669787,0.2404644490220587,0.0738802496774588,0.0695045547342129
STAT3,MCM2,-0.6278172032628728,0.2117984257613313,0.1729478575108106,0.0726472359405638
STAT3,CLSPN,-0.7693014890007734,0.2570952366391537,0.1824707844778839,0.1036741281879646
STAT3,CDC45,-0.8030672935726657,0.2220832817667839,0.221122352330774,0.0906338115928143
STAT3,RANGAP1,-0.3651888161665222,0.2420578554259031,0.1387091959885031,0.083817978482323
STAT3,MTHFD1,-0.4887755960663014,0.2733397499219244,0.1308412884969094,0.0653991645521076
STAT3,RASSF2,-0.276262969535789,0.2461852667762417,0.1040547854752915,0.0940797237921153
STAT3,COTL1,-0.4750272525212082,0.3657506590002053,0.1117577352325219,0.0973195297633024
STAT3,ASF1B,-0.8116291662800713,0.2268325761530821,0.1697910849639755,0.0902225409183495
STAT3,LIG1,-0.4237473694209681,0.375974211792562,0.1465770928806844,0.0814251138599369
STAT3,IQCE,-0.6782634933931664,0.5834041441658171,0.2629514607499728,0.2212470994763588
STAT3,PFN1,-0.2744808577890232,0.097662762407207,0.0515692223800045,0.0332601312803184
STAT3,ARHGDIB,-0.2097013481609459,0.1478427070669584,0.0441440420568949,0.0460465228207657
STAT3,MCM3,-0.4624656804177094,0.2187757650845735,0.148272085234501,0.074936563414125
STAT3,WIPF1,-0.3360588546294336,0.2920804207053812,0.0763999950819355,0.0658898145898563
STAT3,NENF,-0.4508679735642095,0.2453391267181942,0.1441048221124733,0.0873133910053676
STAT3,PTBP3,-0.2747235472306509,0.215845057623793,0.079734546419184,0.060206967743251
STAT3,HELLS,-0.474272674977772,0.2638717598545691,0.1383693622601752,0.0605438108052665
STAT3,CXCR4,0.3170460623691364,-0.7744276401568017,0.1230763039637829,0.1230404271466539
STAT3,CDKN2C,-0.6363913704288041,0.5854842561186867,0.1833198008013208,0.1816487304391286
STAT3,DDX39A,-0.4813139320512423,0.2279262448131223,0.1198070519500494,0.0753813064277479
STAT3,DEK,-0.2707635319852454,0.3808625410689999,0.0935802677415234,0.0634743625370128
STAT3,LSM4,-0.4676299454910529,0.2632994742467343,0.110179364371715,0.0475334774633264
STAT3,ETS1,0.2161185190429554,-0.376414235322987,0.064460436279319,0.0679769920483204
STAT3,FANCI,-0.6503815167223601,0.1605845871445389,0.1411428789136375,0.0611197827029177
STAT3,ANAPC11,-0.2851044069271413,0.1689503266359572,0.1031539000022338,0.0523747077825227
STAT3,FBXO28,0.4304436852366436,-0.466951422743038,0.1296340511264843,0.1599314092167254
STAT3,CDCA7,-0.5148765876551975,0.3401595636875639,0.1737854012111792,0.1316414859973667
STAT3,ARL6IP5,0.1939542269239914,-0.2733477528618402,0.0687922232449704,0.0791845847881566
STAT3,TEX30,-0.5457392505268371,0.2949528444436136,0.1888553172307115,0.1007485990206236
STAT3,JMY,0.5856824080037353,-0.6555743662206626,0.209233821222771,0.2525992985624044
STAT3,RAB39B,0.5019451958288855,-0.4303929194187784,0.1672401247406827,0.1361215582954479
STAT3,EIF4E3,-0.3107447477419021,0.2164696469631301,0.0950467767647111,0.0833452456013902
STAT3,SFXN1,-0.2959193945528595,0.2377370344560168,0.1070461258067189,0.0471187285903016
STAT3,BRWD3,0.448595974901822,-0.4506425317882376,0.1515683510249291,0.1650901039866
STAT3,E2F7,-0.8705888011938304,0.6149793867236175,0.2966408987730615,0.2117667355540364
STAT3,LRRC45,-0.5298450213597167,0.5162923917533261,0.1948592864776972,0.1748304153669684
STAT3,MAF,0.6125920169514987,-0.6835085988495274,0.2108889798991765,0.2556251807321935
STAT5B,AGK,0.6276211778872539,-0.6888230633013066,0.2248414793880817,0.2314351984131595
STAT5B,TACC3,-0.4155981972262346,0.3842562421203613,0.1630682612320059,0.0923712757551811
STAT5B,GTSE1,-0.9174462148908205,0.5874711058634424,0.3005121564797729,0.1659047877549156
STAT5B,BIRC5,-0.6829523823388007,0.4727919345018853,0.2472779537981946,0.1088343851158051
STAT5B,CBX5,-0.6069732439168763,0.4729012290546691,0.2068504588399963,0.1315956899113749
STAT5B,CENPM,-0.7092178865461088,0.281069260274489,0.2021774206305815,0.0934564568263312
STAT5B,GTPBP1,0.8304437730090982,-0.3813394573617811,0.1245203166670133,0.1429150307234852
STAT5B,CENPI,-1.023737309669799,0.4341174016270129,0.3169085470098731,0.1598282411985009
STAT5B,FBXO5,-0.9225360794697024,0.5872117394514462,0.3331050098939122,0.1940062226047179
STAT5B,ECT2,-0.746637091155984,0.3968103112952071,0.2671322560102114,0.1352712975206549
STAT5B,GNLY,-2.975820622401673,2.21400360540582,1.0327238224151132,0.7711963043828758
STAT5B,STMN1,-0.8175504161967114,0.6218706167461854,0.2499504212587014,0.1397616678296068
STAT5B,CENPF,-0.6590189710915386,0.4443575150784408,0.2255287713571938,0.1228466848939629
STAT5B,NCAPH,-0.9683200472219622,0.3587950783778523,0.3036800284973898,0.1322197890013714
STAT5B,ZWINT,-1.0407214339922737,0.364561132217543,0.2435148673910495,0.1284402232788148
STAT5B,H1-3,-0.591551836021212,0.5356459160094932,0.202759275746114,0.1316281999837693
STAT5B,DNAJB9,0.6508922502417551,-0.8829026536145302,0.2128829807157337,0.3060131877951161
STAT5B,GLUL,-0.5289008416277913,0.93873118353446,0.2031765618409275,0.3414464854757553
STAT5B,KNL1,-0.6845502518447474,0.4885935925743493,0.2681258070045423,0.1635144719969455
STAT5B,CEP55,-0.5850005648565475,0.2787441147116515,0.2177375773580918,0.0974648839176092
STAT5B,BRCA2,-0.95714237351471,0.5284666120480818,0.3590982177244686,0.1582289048779211
STAT5B,MYO1F,-0.3947030056490557,0.6910612347520376,0.1118812552750246,0.1597841454235281
STAT5B,FANCD2,-1.3679464850938785,0.4103885188483831,0.4165933807892742,0.1547657288270104
STAT5B,BCL2L11,-0.9397316451371128,1.106959752278473,0.3427081093783662,0.2952452352830919
STAT5B,C21orf58,-1.3605615458705165,0.86243557654523,0.5249487353489327,0.2314006118320035
STAT5B,SPC24,-1.0695282095002203,0.3680531048118893,0.2645980665132257,0.1271959013758213
STAT5B,PTTG1,-0.6937790782176082,0.3091925217182755,0.2680313856752475,0.1193609765233994
STAT5B,TMEM71,-0.5948056146793886,0.5850701776587772,0.2228321809988034,0.1806041427286772
STAT5B,ZNF367,-0.9672910900096844,0.7087496136122847,0.321019523613315,0.1714386136372939
STAT5B,CPSF2,0.3848570209734639,-0.5253325721928314,0.1504561061289954,0.1917321561681691
STAT5B,PCLAF,-0.7402230974949363,0.4298069537246105,0.2299197823679703,0.0957100505751569
STAT5B,TK1,-1.003826842364574,0.5647526814064403,0.2902183786305107,0.1117051099439302
STAT5B,HOPX,-0.7774450530302025,0.5046990825938689,0.2345654271138637,0.144011408175069
STAT5B,CFL1,-0.2677238021721639,0.2354877395055161,0.0771606036310701,0.0643733235827901
STAT5B,ATAD5,-0.6989526140789972,0.4839786219070539,0.2694361818969073,0.114217923657003
STAT5B,ARL6IP6,-0.6393755112527656,0.4585071539278381,0.2290106229325964,0.1727745646512151
STAT5B,FUT7,-1.976673973162944,1.4014278635613082,0.512603280056965,0.5430487397640062
STAT5B,KNTC1,-1.1756190378724096,0.4143732295023093,0.2720329583093231,0.1190338475852128
STAT5B,H2AX,-0.923085159475662,0.4475492099917139,0.2184247333435312,0.1235464551636371
STAT5B,FAM111B,-0.8496835766197731,0.7102783879230972,0.2922533240233792,0.2521293723663056
STAT5B,H4C3,-0.7205845935416622,0.320320477346034,0.2347712983839498,0.1209265741827835
STAT5B,H3C8,-1.2418579071322262,1.016432269428298,0.4503988091288479,0.2739998972829043
STIP1,UBR2,-0.1859834117606927,0.1381052890077631,0.0675970045184456,0.0554839126316776
STIP1,LRRFIP2,0.212875636706272,-0.5037665089322589,0.0810888278015909,0.0988739065637574
STIP1,PCIF1,-0.2142242012463998,0.1922100803171692,0.0696193113574558,0.073876617738361
STIP1,ACP5,-0.4774058735835378,0.4233954322343188,0.1586688577593356,0.1596169748485622
STIP1,CORO1A,0.1173395717066496,-0.1443383465512787,0.0393363925716702,0.0447367595014497
STIP1,SLC7A5,0.5440782427525105,-0.4962915531390421,0.2044680497471653,0.097166924338311
STIP1,ARHGEF18,-0.3118493756184509,0.3757230330374458,0.0850114635436367,0.1077735739722188
STIP1,SLC1A5,0.3696031395494047,-0.362441928986609,0.12511176384616,0.0687114518696933
STIP1,CCDC34,0.3542405839846283,-0.281029245022183,0.1285047653540805,0.0950532996075868
STIP1,IL10RA,-0.2576647819016485,0.4253289304809969,0.0931703044941309,0.1021687235216976
STIP1,DNPH1,-0.2817528638871365,0.2060174717698135,0.0930426406134521,0.0614110461969484
STIP1,CISH,-0.228694031937158,0.208435300795384,0.0877214428185605,0.0636996183292998
STIP1,SFPQ,0.2223735613647816,-0.21936713638525,0.07677097453971,0.0751006331187288
STIP1,CXCR4,-0.3997209995826882,0.3939312251582288,0.1254279476800112,0.1132818756378865
STIP1,BBS2,-0.4344888414506155,0.4503057464772508,0.1653857156245342,0.1331588078450738
STIP1,EIF2S2,0.2978954353656566,-0.2019165646359384,0.1111745758714574,0.0808955403846933
STIP1,TRIM22,-0.3663771295020198,0.5484705912261543,0.134348038970275,0.1861810411336999
STIP1,SLC7A1,0.2678555435308837,-0.3354481068432229,0.0980363685092138,0.0680157613179514
STIP1,PTPN7,0.3835130221783058,-0.2089295456221965,0.1219611756386511,0.0671701063561428
STIP1,MFSD14B,0.1696496514459868,-0.2462445094663382,0.0582146175406206,0.0673105455924225
STIP1,NMT2,-0.4235219208313592,0.336850542083844,0.1184330818740407,0.1253567649298906
STIP1,ELOC,0.1738231952637762,-0.1142347775745922,0.0670350524326358,0.0460292707901397
STIP1,UBE2L6,-0.2160068695429249,0.1724292961652531,0.0702706825469996,0.0518554394524634
STIP1,SUSD3,-0.231675240380437,0.2006474700707701,0.0761190650688058,0.0657696996936806
STIP1,PSMC2,0.2114361524731501,-0.1288370816436523,0.0575780474774503,0.0405831593052667
STIP1,SLC25A45,-0.3749441084359682,0.5500728086772669,0.1283867686792995,0.1169400624974991
STIP1,ZYG11B,-0.2695584139106601,0.2484913574384901,0.0937614023603265,0.0844804453875097
STIP1,MED30,0.2678620085858469,-0.1572383854384852,0.0827982869398165,0.0552684114663238
STIP1,GHITM,0.1219738524772208,-0.165657661071199,0.045693039444594,0.0525712188671757
STIP1,TPM4,0.2851074931693261,-0.1565115160006097,0.0846639885667855,0.0540182015009128
STIP1,KIFC2,-0.7427063581731059,0.6780179913781259,0.2398068673384832,0.2207666842468182
STIP1,PCMTD1,-0.3000839439653599,0.2542588494030858,0.0980483189960592,0.0803235595683755
STIP1,NDUFA3,-0.1224430742190529,0.1421302159179327,0.0461420226341832,0.0487493758049713
STIP1,PLRG1,0.1547974345006628,-0.1906040439967832,0.0543266172961621,0.0648241622286549
STIP1,FBXO45,0.270944215588289,-0.1887573266497156,0.0811258788596572,0.0745237119328111
STIP1,MPI,-0.2194904624591808,0.2430358258812907,0.0863921715083727,0.0669475896148474
STIP1,PCGF5,-0.2617001955701683,0.2806197440341157,0.0809082029795861,0.0637164079647831
STIP1,TTC3,-0.2199113982984444,0.1785107192963005,0.0840809504368594,0.0554862081200039
STIP1,RINL,-0.3405663589236049,0.2080467370550316,0.0989116142826493,0.0689916711649123
STIP1,TAF13,0.1555902594128758,-0.232184862775671,0.0613472937308464,0.0731211534256907
STIP1,KIFBP,0.3138629713714962,-0.2842376400763193,0.1043132106649976,0.0932148621948436
STK11,PIK3C2A,0.6112626183316039,-0.6062616908704773,0.2039093670605122,0.198358972463164
STK11,STAU2,0.4025885381302995,-0.2370766687656334,0.1014285701852274,0.0808866515211841
STK11,NFATC3,0.2606067921365662,-0.3978396292735054,0.092559555087674,0.1075487682783548
STK11,MKNK2,-0.4528459492451053,0.3491021496847389,0.1013891260864463,0.1119148143458182
STK11,PIM2,0.8000054121161746,-0.4087690576193822,0.1291763179733601,0.1187458999315291
STK11,PTPN22,0.2711248917510162,-0.3260588321805822,0.1027108925322595,0.0976359505691692
STRAP,UBE2A,-0.2181062694768917,0.2433197439624417,0.0697646215312306,0.0697696658253333
STRAP,CDCA7L,-0.4042511047528613,0.2585849525823276,0.152521158260586,0.0940158504119782
STRAP,ZBED2,-1.417277038450501,0.3698420419754837,0.4975482724803399,0.1006696639774549
STX16,METTL4,0.2594682433504484,-0.2517869925225977,0.0827951187603934,0.0772109063386084
SUGT1,TMSB10,-0.3115609277614044,0.2620393447342006,0.0894993668477331,0.1022886228035227
SUGT1,CDCA2,-1.2715338003906569,0.5043885755689748,0.360547073739823,0.1578398431493764
SUGT1,ARHGAP11A,-0.9450586282826032,0.4573528868612128,0.2720026822025596,0.1225348037746421
SUPT20H,TRAF3IP3,0.0971028425801484,-0.206738248192436,0.0385346811867963,0.0638750519346468
SUPT20H,RANBP9,0.182314717951522,-0.2218799579790895,0.0530065037965174,0.0526729264037813
SUPT20H,BIRC3,0.3772054089873574,-0.5937964129271848,0.1238354416810129,0.1129572557142666
SUPT20H,VCL,-0.3082647378509787,0.3580225820787279,0.0980424398558229,0.1117066413465802
SUPT20H,NSMAF,0.1821524030710623,-0.177476416699289,0.0642267379917616,0.0659228946818036
SUPT20H,STAU2,0.2266771813264484,-0.1396478056209782,0.0739375595156091,0.0562314337461194
SUPT20H,CNN2,-0.124731248543805,0.3045690643075299,0.0546031160203724,0.0745435926130765
SUPT20H,PLPP1,0.5076006832490702,-0.5406050930082887,0.142650634862297,0.1535407962258063
SUPT20H,ERLEC1,0.2734105286507545,-0.141572027292687,0.0545630778851893,0.0603351790833991
SUPT20H,WIPI1,0.5905255718479854,-0.3124017027170833,0.1363957669770875,0.0889076865712022
SUPT20H,TM9SF3,0.1047587925031318,-0.1183398806520202,0.0402381445484091,0.0502278493152903
SUPT20H,MTMR2,0.3103039618980139,-0.1743560881756606,0.1106218029997288,0.0672001655777575
SUPT20H,PSME1,-0.16036631799686,0.2207739434653518,0.0516685464028592,0.0414207407437573
SUPT20H,LRRFIP2,0.2363268885126681,-0.2014230880000133,0.0770406381978404,0.0921234246294385
SUPT20H,CREM,0.3033966211096703,-0.4200124100873414,0.1293667318497842,0.0914009876192365
SUPT20H,IL2RB,0.4131085748843365,-0.3877888579839363,0.1410284803309095,0.0803192331698992
SUPT20H,PSME2,-0.3147228901626132,0.251908769480662,0.0879414863406736,0.0780449243695206
SUPT20H,PPP1R16B,0.3284301998787762,-0.1463354576025083,0.0954957708234315,0.0668266641897075
SUPT20H,CAB39L,0.4892860966851485,-0.3325952245513855,0.1271675447471488,0.1476755655429439
SUPT20H,ERI1,0.2871960407701204,-0.1604696964094093,0.1211133587849663,0.0723187094137495
SUPT20H,TLE5,-0.1680543245330374,0.2410653722171229,0.0589627030685769,0.0638948211337071
SUPT20H,MAP3K8,0.45571701958167,-0.2633806093334017,0.1090091910824591,0.091550481303749
SUPT20H,ICAM2,-0.2373009838914808,0.4345455649974126,0.1060616102615635,0.0844012174732455
SUPT20H,LPXN,0.1334981437976122,-0.3115572238669579,0.0487974695330996,0.0658993020276112
SUPT20H,FGFR1OP2,0.1530826331049519,-0.1918410539517737,0.0458434273036552,0.0603359361066342
SUPT20H,BTN3A3,-0.2267646247320131,0.392301924678748,0.0988416406058628,0.0983713804259256
SUPT20H,MAN1A1,0.3183644242554453,-0.2371701236223172,0.1268521229386922,0.0817203454317997
SUPT20H,ACADM,0.2666427619115224,-0.1292802241396132,0.0565657709854897,0.0521753963681089
SUPT20H,TMED5,0.1447407624333316,-0.1140315274738169,0.0461080762931071,0.0528135342519405
SUPT20H,SLC35A3,0.1843576720962017,-0.1934250418408251,0.0689589794352226,0.073914711209518
SUPT20H,RCN2,0.2843635944690029,-0.2272208644911476,0.0844546071597918,0.1041597687624968
SUPT20H,FBXL5,0.2662705674624734,-0.1818190997279784,0.0630251401599855,0.0800067397224822
SUPT20H,KLF9,0.2383038004383806,-0.3292092883104955,0.0994908118928094,0.1222169157164991
SUPT20H,KDSR,-0.3055353388387455,0.2049884876179536,0.0954995274428437,0.0789129937301667
SUPT20H,MTRF1,0.1817329218807407,-0.2419655281821069,0.0815364337564525,0.0978657412442048
SUPT20H,P4HA1,0.281575266382025,-0.1920558414408726,0.0982772293153792,0.0718982789218719
SUPT20H,NCOA3,0.153473670800442,-0.1563590465491995,0.0645899074459748,0.0701110018327444
SUPT20H,INSIG2,0.1992677685205777,-0.4483022785176344,0.0807933308329704,0.1054351358479483
SUPT20H,GPR108,0.1824676846527527,-0.2871757635223725,0.0664658352285611,0.0713444557454157
SUPT20H,TNFSF14,0.5284205940015283,-0.5757684286423015,0.1786502136786078,0.2063223806929617
SUPT20H,NECAB3,-0.3431057300385028,0.3234023782986734,0.1453764938882367,0.1159144371422352
SUPT20H,HCST,0.3356087824929687,-0.3153545184868279,0.1274129920273423,0.1272698658473591
SUPT20H,UXT,-0.1439167415235795,0.1577572432761097,0.0446391802948146,0.0380824390095908
SUPT20H,ADORA2A,0.4544166514172055,-0.3530266165077255,0.1590432877803053,0.1220842700589652
SUPT20H,APOL3,-0.1589714922124296,0.3457454691999074,0.0711025749771845,0.0916555136156272
SUPT20H,LDLR,-0.2279095908595792,0.307781366556289,0.1027364968756925,0.0987674659860561
SUPT20H,SH3BP5,-0.2274466463353951,0.2819853098124171,0.089780358326252,0.1260185882317172
SUPT20H,ZRANB2,0.0990875820250173,-0.1485101697349482,0.0440826153293576,0.0443172191527104
SUPT20H,MICAL2,0.5002587141539049,-0.2596765428439997,0.1846010106262406,0.0992984253128098
SUPT20H,RNF122,0.7729777692550022,-0.4920634215584246,0.3388195228961436,0.2226247211287
SUPT20H,PTPN22,0.1941311453108424,-0.3126562844140996,0.0725302281536243,0.0665941652399365
SUPT20H,IL2RA,0.7248707179668826,-0.2747111249973719,0.2203386394343885,0.0758546423969413
SUPT20H,FBXL8,-0.4806148904446565,0.5005123660206863,0.1392778063418726,0.1193263241227486
SUPT20H,SDCBP,0.2509250733639867,-0.2043283743848248,0.0822362041945824,0.0896364577754103
SUPT20H,TMBIM6,0.1391498177209587,-0.1275267179959886,0.0454761122397231,0.0519214376538642
SUPT20H,RHOF,-0.2458789224280298,0.1216795844461711,0.0481896927189467,0.056294916056447
SUPT20H,MAP1LC3B,0.1881374962475155,-0.3377975749108791,0.0641589403850864,0.0874858781285338
SUPT20H,NCOR1,0.1083501370271766,-0.1340582912982147,0.0381050716670784,0.045027818206797
SUPT20H,TP53,-0.1337003282100003,0.1376458169345421,0.0537793198684958,0.0536011394333115
SUPT20H,EMP3,-0.1342240479080625,0.2253270779276635,0.0495917523289773,0.051009171504566
SUPT20H,ATP8B2,-0.2292550616778982,0.2494074575957163,0.0893086614601584,0.0895301340725104
SUPT20H,RHOB,1.271659815414196,-0.7558767122861308,0.3518211437155591,0.2441019296564519
SUPT20H,OSBPL10,1.5078114629173307,-0.99926536292196,0.6906336765809847,0.2481911922141772
SUPT20H,GFOD1,0.8913259455962909,-0.4397361299949875,0.3485997155223171,0.1986591764895826
SUPT20H,PRSS23,1.264939373531604,-0.7643426085940404,0.3197873633062549,0.224068720346209
SUPT20H,CRIM1,0.8248638807839758,-0.9624484198018244,0.3763586398965861,0.2256522226814089
SUPT20H,RASSF3,-0.2468924387303308,0.3752960424854322,0.0660656916601081,0.0596270372116729
SUPT20H,SAMSN1,0.2660634080646636,-0.3561962006862751,0.1143411869671512,0.1032415552791439
SUPT20H,TIAM1,-0.2920432328309778,0.3245653472320501,0.1335797882191418,0.1455500590658872
SUPT20H,TNFRSF14,-0.2046667181962645,0.2321159130329138,0.0928974873196268,0.0869812584526202
SUPT20H,MED8,0.1749919635868246,-0.1875341545695819,0.0574171937612139,0.0666187261249265
SUPT20H,ENTREP3,-0.2824571225770984,0.2548158541811886,0.1269807220649508,0.0852859011598969
SUPT20H,LY6E,-0.1715256926978884,0.4253869433723149,0.0704048540488398,0.0727680687765542
SUPT20H,SPRY1,0.9703530097104748,-0.3956408791272133,0.2691656367413057,0.1390984563281689
SUPT20H,SYTL3,0.4540089017406274,-0.2660505058799773,0.1102618678091043,0.0810605009921234
SUPT20H,PEX2,0.177864888017429,-0.2314346274580909,0.0768520964146837,0.0762806804626838
SUPT20H,PIP4P1,-0.1569522072769561,0.1546598967324107,0.056237955394312,0.0683028451227913
SUPT20H,TRUB1,0.2104922040486375,-0.2625073062830054,0.0729895151649417,0.0739889027970799
SUPT20H,MAPRE2,0.1363081398547165,-0.3668549147672509,0.0547107393505633,0.0705637254420411
SUPT20H,TAP1,-0.3079431935251729,0.1959342842185704,0.0781770738504891,0.0608607268964587
SUPT20H,LCMT2,-0.3668202420933485,0.495833389279138,0.162043796869182,0.1643305446471704
SUPT20H,KLF13,-0.1920982015689295,0.2329077089728519,0.0607158149555279,0.0796201148347851
SUPT20H,BCL2L1,0.3070474527894234,-0.2253434992971083,0.0827396799950168,0.0783319005673855
SUPT20H,SPSB1,-0.5501810796212727,0.5919157392687484,0.1359268484956176,0.1484774916236481
SUPT20H,RNF213,-0.2243025227871527,0.2726511023972646,0.0857259631205931,0.1098139186192866
SUPT20H,TLR6,0.6132632847909676,-0.4004676937761843,0.1433998472464787,0.1690628124132304
SUPT20H,MEX3C,0.1835232347620633,-0.3346577341807132,0.0737700954197295,0.0677398253673316
SUPT20H,DEAF1,-0.2623978611479116,0.3431341929321752,0.0850425725675194,0.0770167287175809
SUPT20H,KLHL11,0.3463934872412252,-0.8976165530142015,0.1587571023858982,0.2041507322132606
SUPT20H,MPI,-0.24549762654384,0.1602195009329511,0.0824200406081579,0.0666739605053131
SUPT20H,AEN,-0.2832409165960176,0.4397220585361645,0.077638946644393,0.1025545080937886
SUPT20H,RELL1,0.2421134619895774,-0.2405097854423787,0.0621925575705247,0.0798618281257337
SUPT20H,TTC32,0.3200888516527734,-0.3555045421300656,0.1051532638190058,0.1335771844646511
SUPT20H,APOBR,0.3988133539920415,-0.5477419911668877,0.1048665528230437,0.1806068905054596
SUPT20H,STK40,0.2498280226187814,-0.1309110987361933,0.0610859710289624,0.0597025275544029
SUPT20H,IGF2R,0.3321297585861863,-0.2463542676256579,0.0804697543542505,0.0984767819211448
SUPT20H,LTN1,0.2074629932605137,-0.1401409586733006,0.0620519713855971,0.0625549429825097
SUPT20H,PSMB10,-0.2161834640795936,0.1562151583109465,0.0555768148568905,0.0559804644269283
SUPT20H,PSMB9,-0.1644320925489896,0.3374124765315111,0.0624911629385855,0.0527247530493045
SUPT20H,MYO19,-0.2152325328007839,0.2328807027716448,0.0974555648134624,0.068098013026279
SUPT7L,PHTF2,0.2425034060010179,-0.263711489909404,0.0984261215900637,0.1050039162212515
SUPT7L,JARID2,0.1865834868213001,-0.2766464962987974,0.0761637743404658,0.0747679356878775
SUPT7L,FYN,0.2502367087805368,-0.1895467399166847,0.07394859983409,0.0779658290847974
SUPT7L,ERP44,0.120228211023201,-0.1163034805910416,0.0433865816991014,0.0465281282560126
SUPT7L,RNF19A,0.2356561425410061,-0.4152256753562227,0.0968004959994829,0.111322849635841
SUPT7L,STAP1,0.7062296140482541,-0.5206507584567082,0.2117181333400339,0.1505563743233608
SUPT7L,ATP11B,0.1130974088885182,-0.1294761408556464,0.0316366220000201,0.0365988906778038
SUPT7L,ELOVL1,-0.1520300791556285,0.1352387610945772,0.0623878044552078,0.0553052369513362
SUPT7L,PLPP1,0.6214246823270667,-0.3614543642301916,0.137027417174509,0.1463353089298647
SUPT7L,ERLEC1,0.2294175712414243,-0.1581066997799642,0.049150137000252,0.0541927956228641
SUPT7L,SCARB1,-0.6698014131010068,0.3833219502164364,0.2814157966875292,0.1132289754886244
SUPT7L,BAX,-0.255693722767209,0.2176666151092181,0.0602257809166604,0.0831053376496958
SUPT7L,SMOX,1.6212069226566042,-1.0815189089350985,0.3590403053399659,0.137030212254971
SUPT7L,KIZ,0.239546485989445,-0.2868910947130418,0.1005758314430345,0.0929186388829257
SUPT7L,PSME1,-0.1510596265922517,0.2315951271896097,0.0505691379870313,0.0389783528297015
SUPT7L,LRRFIP2,0.2463986641686777,-0.383434349818005,0.0687685232566125,0.0816729532250486
SUPT7L,CREM,0.3092819569340139,-0.3520793044838683,0.1281040455329942,0.0896472195762415
SUPT7L,LZTR1,-0.1900703514825221,0.1753422503777428,0.0830972075071478,0.0738458421679229
SUPT7L,OSM,0.6937832670488168,-0.882715526848562,0.1664886928494481,0.2052043391035164
SUPT7L,TTLL12,-0.2206543293335414,0.1811133665324558,0.0927529229043751,0.0732417672928982
SUPT7L,L3MBTL2,-0.1875374534697084,0.2127218091289262,0.0615041877407909,0.071671977249423
SUPT7L,DHRS7,0.2184181433482452,-0.1690249560031741,0.0783439900327152,0.0706562751014439
SUPT7L,HIF1A,0.1374145172393611,-0.1841062973653131,0.0566034883287723,0.0638641550442244
SUPT7L,SUSD6,0.2724777581173489,-0.1795427702798973,0.0615299198754142,0.0541382293844038
SUPT7L,PSME2,-0.2507947438474748,0.2279784254821827,0.0780684654617286,0.0616335457331878
SUPT7L,METTL4,0.1771052112978314,-0.1302205304718479,0.0650102185489384,0.0606490066160941
SUPT7L,RP2,0.3192079846696788,-0.19836466900643,0.0619467651764086,0.0775068240079338
SUPT7L,DNAJC3,0.1477207536292147,-0.1320219233007352,0.0561911247835109,0.0619202832737059
SUPT7L,SUPT20H,0.1233109332121027,-0.1252349944865802,0.0448326513802843,0.0455931478243799
SUPT7L,IL21R,-0.5912700784305736,0.3540746062077509,0.1768401298686033,0.126346948314719
SUPT7L,GSDMD,-0.1636509188681056,0.2488413125076581,0.0718933003084977,0.1015014512884451
SUPT7L,TLE5,-0.1598430027091446,0.1383244395850317,0.0559322866530641,0.052877249728606
SUPT7L,TGFB1,-0.2606010151056042,0.1759450066881792,0.0775754864008438,0.0718316215637892
SUPT7L,TMEM106B,0.1866060640600339,-0.1197658584410786,0.0657762874018105,0.05578467049416
SUPT7L,AHR,0.2419478820578056,-0.2515250019287341,0.1082335071822237,0.10844674343495
SUPT7L,CPD,0.2679979308772144,-0.4020072930542274,0.0890784957173585,0.0902646924203448
SUPT7L,CTSC,0.3181073723842267,-0.1616935507314332,0.1077205372551131,0.0706860972111546
SUPT7L,CD69,0.4406597363616609,-0.4144730862988616,0.1741072394839226,0.1230427717259187
SUPT7L,BLTP3B,0.1764617518251579,-0.135447097403398,0.0707200598548804,0.0423200965305263
SUPT7L,GNPTAB,0.3820448925254098,-0.1632632023812244,0.0553604486917691,0.0751064741010212
SUPT7L,FGFR1OP2,0.1715408811542069,-0.1113062722040254,0.0400070305269791,0.0502598734776983
SUPT7L,NEDD9,0.3816887186509239,-0.2993135799200875,0.1138420923576864,0.1266791562666883
SUPT7L,CILK1,0.2929309727296942,-0.3040554469624937,0.0869377201214358,0.1264247335766946
SUPT7L,SLC29A1,-0.4445549972896493,0.2220180893027678,0.1747079735609933,0.0830889407223882
SUPT7L,CCNG1,-0.2862038571227639,0.1416875831830692,0.0739831959430625,0.0555628854492292
SUPT7L,NFE2L2,0.1370695065356026,-0.1475474295750951,0.0443300191145491,0.0460733409005397
SUPT7L,DHCR24,-0.4815823244211349,0.1743360251184757,0.1527902127024613,0.0669672168082491
SUPT7L,TSNAX,0.2168745290028127,-0.1145941361854603,0.0542192069723604,0.0501298851251364
SUPT7L,TMED5,0.0915422916225836,-0.1036441509540563,0.0388559854972718,0.0435639692883032
SUPT7L,SLC35A3,0.1907563373976778,-0.1939786015926882,0.0565131667702456,0.0520069484749737
SUPT7L,FBXL5,0.3124735070091236,-0.1953281256569927,0.0559144390299791,0.0690610104047045
SUPT7L,KLF9,0.2560725485689086,-0.5043968223415283,0.0843326893388309,0.1093090709314043
SUPT7L,PYROXD1,0.2799386006163676,-0.1390436117706466,0.0501127832848758,0.0626859719099064
SUPT7L,SRGN,0.2298307053189544,-0.3547920193817138,0.1013916736680208,0.087664541289577
SUPT7L,STX16,0.1240563479626784,-0.0988925014704421,0.0473909316437066,0.0366058426045438
SUPT7L,INSIG2,0.260722129390325,-0.3054280521197787,0.0647690209949218,0.0994539196510976
SUPT7L,SLC25A23,-0.4623503414588403,0.2819969185591242,0.1329318009186368,0.0979549823317818
SUPT7L,GPR108,0.2574823907922081,-0.2008455653334075,0.0600259860999715,0.0590993200457169
SUPT7L,CCR7,-0.970335973697871,1.091700844044811,0.3963350742191434,0.2056532520016343
SUPT7L,UXT,-0.1580343976514935,0.1004649229258579,0.0422472362334572,0.0343632531422916
SUPT7L,PLEKHG3,-0.4620475811457314,0.3912072691629997,0.1261379660362928,0.1774232339077448
SUPT7L,REEP5,0.1674435417567673,-0.1339450261384321,0.0503997766148593,0.0503152681977217
SUPT7L,SNX9,0.6073868978292482,-0.2643136685948178,0.1764889896039632,0.1214801055005689
SUPT7L,SH3BP5,-0.2043087576006918,0.4276121872000422,0.086399235806119,0.1148383684495149
SUPT7L,TRAF7,-0.1761322222281861,0.1573826032846523,0.0615077159742524,0.055512551949221
SUPT7L,ACTR10,0.1756282394857484,-0.1173618351575953,0.0412127817233735,0.0498659620830572
SUPT7L,IL2RA,0.5334737699682861,-0.2331072104270919,0.2197492753699111,0.0751877190549979
SUPT7L,STK26,0.1442567547435803,-0.1694346472783205,0.0651466590033121,0.0574020923673983
SUPT7L,TES,0.1326339366623946,-0.1313212746255747,0.0390446900537059,0.0603006400901993
SUPT7L,DOCK10,0.1072973627953151,-0.1291484552205462,0.0452435856361035,0.0596724130807693
SUPT7L,SDCBP,0.4136700471882688,-0.3570840473294936,0.0768855367784937,0.0822517583724571
SUPT7L,FBXO11,0.1932454620451678,-0.1300761767560505,0.0527380120018938,0.053730689266546
SUPT7L,MMAB,-0.2841781015812579,0.2678653413726655,0.1287737684545711,0.0691427160359513
SUPT7L,MTMR6,0.1411741363385435,-0.2099303135387603,0.0468324870602257,0.066429320572406
SUPT7L,TMBIM6,0.1725552315728255,-0.1167035557424074,0.0389660976953746,0.0434597613368218
SUPT7L,RHOF,-0.3053255539688472,0.1246140006860615,0.0433102621571602,0.0514283246245873
SUPT7L,GPR65,0.2198439042741043,-0.3833244378352972,0.0806395295938875,0.0875663139541809
SUPT7L,MAP1LC3B,0.1703257534697278,-0.2510408468736234,0.0606877520005208,0.0791283771443501
SUPT7L,TAF4B,-0.3780699348668354,0.2912082797113406,0.1594212509549788,0.1031625687056908
SUPT7L,ARHGDIA,-0.1257030495520968,0.1023895907165587,0.0444918538313902,0.0429794963827002
SUPT7L,TRIM65,-0.2198878010536505,0.2517693711212336,0.0862832411524838,0.0857821399361462
SUPT7L,SAMD1,-0.2370620083020494,0.1998160349607247,0.1060065596472664,0.0602197746111855
SUPT7L,GEMIN7,-0.1390647637698088,0.1360349511948007,0.0609124187966265,0.0578476220662922
SUPT7L,RERE,0.1807279498427486,-0.2992671108563234,0.0792136354195829,0.065052733930647
SUPT7L,NUF2,0.2859216697278136,-0.1866353717984358,0.1265354301791441,0.0567396520771746
SUPT7L,CSRNP1,0.2869715090999848,-0.2533320700707379,0.1063188489461021,0.1108673848840855
SUPT7L,PRSS23,1.1288837069946205,-1.1520101901378037,0.3121339425742045,0.2180812456640473
SUPT7L,RASSF3,-0.1995880615928365,0.2546330542554221,0.0634608208066698,0.0514448961228236
SUPT7L,CEBPG,0.1246348425382775,-0.2082595114878961,0.0562831271589256,0.0728737370323461
SUPT7L,MSI2,0.1527743160920337,-0.2490920593663807,0.0677753683561396,0.0795692391176845
SUPT7L,AK9,0.3557340642985135,-0.5153216762625893,0.1428316425056186,0.1840910331564559
SUPT7L,SAMSN1,0.3807258324109111,-0.4355342158828301,0.1127316159888956,0.1013972182971675
SUPT7L,HEATR3,-0.179604819121406,0.1625299966540911,0.0700292458384996,0.0677402514895613
SUPT7L,CD109,0.4590010320239188,-0.3025402471946706,0.1186740485143893,0.0927134713792663
SUPT7L,RAB11FIP1,0.1849166001085757,-0.5053807192377899,0.0702974442358491,0.0785985165024518
SUPT7L,BSDC1,0.2449478166144841,-0.1309046740944248,0.0530887021754686,0.055763879627732
SUPT7L,FDXR,-0.2801119381978512,0.4382031978658676,0.1121352949139224,0.1227778040834599
SUPT7L,TGFBR2,0.2402695700733056,-0.2986487224559532,0.0653225362520669,0.0705945172724684
SUPT7L,SPRY1,0.9583517430412816,-0.6346344116909308,0.2682125555395686,0.1368778111172699
SUPT7L,COG5,0.151419689091002,-0.1681965940097181,0.0670852413058941,0.06928756058861
SUPT7L,SYTL3,0.3194278199428326,-0.194823095730699,0.1046921858960147,0.0767560364773033
SUPT7L,TRUB1,0.1451708210590904,-0.171198211763075,0.0617916335862967,0.0648280143173599
SUPT7L,ENDOG,-0.335714925405195,0.1970954229690205,0.082244748812199,0.0791650245688458
SUPT7L,DDIT4,0.4588082885707802,-0.3376508825296392,0.1706777781783145,0.0986375485727203
SUPT7L,TAP1,-0.259414216741526,0.1785386292651196,0.0775071526438731,0.0597636206235371
SUPT7L,ADAM9,0.3415798643117904,-0.2260478247119659,0.1319817695628522,0.0735257988088131
SUPT7L,CCDC126,0.3686767876582116,-0.3799354879452538,0.1161122110292763,0.1468525274862417
SUPT7L,B3GALNT1,0.6966152515818205,-0.7131477670971686,0.2678334466666278,0.2691636345729965
SUPT7L,LRRC45,-0.2384403891876259,0.2202529025801934,0.0920731763237012,0.1030233970864498
SUPT7L,TAPT1,0.2818328127661938,-0.2209243240110125,0.0757227254689388,0.0788325410345731
SUPT7L,B3GNT2,0.2070364409204022,-0.2510062977243625,0.0539262790992368,0.0754029293214209
SUPT7L,RBKS,0.5162610012150506,-0.5239759204357027,0.1993002948402693,0.1604643220413816
SUPT7L,BCL2L1,0.2969941880494205,-0.2234103062504264,0.0813150901642918,0.0761594772574292
SUPT7L,SPSB1,-0.4958727493045837,0.5824018086462543,0.1257013430157103,0.1365589346625302
SUPT7L,GTPBP2,0.142715961839155,-0.1344760202678422,0.0544799609145007,0.0616777842974836
SUPT7L,TCAP,1.172160658573446,-1.050642223625895,0.4631643846816551,0.4777089542003941
SUPT7L,TLR6,0.4747854731916174,-0.3991601161018206,0.1314427736881252,0.1408162501605242
SUPT7L,RAB6A,0.1574097944510146,-0.1455870276523626,0.035554265432764,0.0435934121746135
SUPT7L,YES1,0.3437828483318438,-0.3276943600776275,0.1449455255806976,0.0882716071117706
SUPT7L,MEX3C,0.1801098463905865,-0.128728021625539,0.0683184387920493,0.0570066679554553
SUPT7L,MTX3,0.3531212046594117,-0.8934528689047401,0.1271075305519138,0.1168128136221197
SUPT7L,MPI,-0.3052050386459929,0.1590777430961823,0.0751456285224051,0.0574573118543769
SUPT7L,GEMIN4,-0.3030973398089126,0.2100832030757833,0.1070759272685774,0.0627062916517092
SUPT7L,ZNF48,-0.2516329305399981,0.1992985737411967,0.1068515522232216,0.0933542056932161
SUPT7L,TMEM64,0.4702385410085571,-0.1361588097528152,0.0909430831431514,0.0628828092374317
SUPT7L,AEN,-0.3138973076428603,0.4012694040469776,0.0720322077714033,0.0968950113131913
SUPT7L,CREB3L2,0.2696766594525963,-0.2780950156083577,0.0824955562464438,0.0791364691862485
SUPT7L,BCL9L,-0.2813498395172916,0.1671118887661998,0.0723610461471391,0.0745416799455677
SUPT7L,SUMO2,-0.1345695512826049,0.0990874969400006,0.0528467309916009,0.043124870249148
SUPT7L,NHLRC3,0.2000664034335214,-0.1836233438037976,0.0841886862085344,0.0804167397254051
SUPT7L,FAM111B,-0.3622709949719094,0.4219161279342519,0.1543139065299618,0.1413631214905436
SUPT7L,LITAF,-0.2812790406915815,0.199705780273715,0.0887738573180097,0.0686914932320273
SUPT7L,IL1RAP,0.3420404414000941,-0.3522350528408033,0.1284415422235298,0.0876748328136531
SUPT7L,SLC6A9,0.8563149166672462,-0.4636600482860695,0.3266586277080716,0.1873557128822772
SUPT7L,GM2A,-0.2771499759198683,0.5338595733594103,0.1207931308615806,0.1176233468827564
SUPT7L,FAM3C,0.4333447452437189,-0.3129964720068027,0.1228613821151013,0.0980396914460698
SUPT7L,YTHDF2,-0.1019631272101093,0.0752069090361892,0.033328226450561,0.0331120987387856
SUPT7L,APRT,-0.2151912110334438,0.1291358334114413,0.0570361814925359,0.0464899659452943
SUPT7L,PSMB8,-0.1891997324945457,0.0976550466413677,0.0498264625406047,0.0390065639189146
SUPT7L,PBX2,-0.1551885612896194,0.1099060927681865,0.0592382617569058,0.0479147902845467
SUPT7L,PSMB10,-0.2151517405140763,0.1723601843259764,0.0519262117124247,0.0443373022143372
SUPT7L,SNX2,0.135333146577211,-0.1677229760412182,0.0601935895402817,0.0621804826748357
SUPT7L,SACM1L,0.13840783878379,-0.2857281085273894,0.0488867347002102,0.0628249499078754
SUPT7L,AP1G2,-0.1285704367719573,0.1421371397510242,0.0520189643529549,0.0529385605785828
SUPT7L,PSMB9,-0.19035058034073,0.2180016582571629,0.0610819012057258,0.049671491291661
SUPT7L,CHURC1,-0.0823036952170941,0.134623852734576,0.0367516002059973,0.0339911747932306
SUPT7L,EGLN2,-0.1642541395403888,0.1444129506417383,0.0554210673525534,0.0678848723158844
SUPT7L,UHRF1,-0.3374175602301594,0.3510353469740314,0.1381334292498957,0.0704242023420074
TADA1,TRAF3IP3,0.125370575860438,-0.3520295711716013,0.0446084804155411,0.0723713000702615
TADA1,RANBP9,0.1634270003262229,-0.2646870004200138,0.0658052656608108,0.0665384978951336
TADA1,RUNX3,0.1829087739942656,-0.3742673766572175,0.0786985400884191,0.095124479232405
TADA1,BIRC3,0.6095606214901957,-0.3752079432145539,0.1366830000250422,0.1243025364542839
TADA1,SH3YL1,-0.9245881934951732,0.539208568580755,0.2430854547872423,0.1388762470400784
TADA1,VCL,-0.4585482580314912,0.5304781113992862,0.1218682617029471,0.1370936287166203
TADA1,STAP1,1.301429146677473,-0.538053772972878,0.2329223924721205,0.1799678139826831
TADA1,CNN2,-0.1774308117870945,0.1936998385361461,0.0608207772772651,0.0861919986708854
TADA1,PLPP1,0.7812947078863043,-0.4666388376138461,0.1584009266128676,0.1754771504217823
TADA1,HDAC4,-0.3231385018960455,0.5879943682090129,0.1470147403444154,0.1505247525107509
TADA1,WIPI1,0.446457516188195,-0.2944597730669464,0.1645902190430356,0.1063082205730532
TADA1,MAP4K4,-0.1749750629061225,0.2827531721942425,0.0789998854441831,0.1226145403823007
TADA1,SCARB1,-2.0819677105763006,0.4918789842016039,0.5587748784862466,0.1689598618251173
TADA1,TIMM21,-0.3665373041322343,0.233810110239608,0.1463705541464789,0.0969828527416652
TADA1,SNX10,0.3636556400903825,-0.2051994716423858,0.1060028195381695,0.0720265145770311
TADA1,PPP1R15A,0.3818152702280603,-0.455948338726254,0.1523294280262324,0.1826684655142814
TADA1,OSBPL8,0.1370371756420919,-0.2427893836403837,0.052385235173567,0.0691082582988511
TADA1,LRRFIP2,0.2483653328776825,-0.4084488167626732,0.0974105777727148,0.1208333100928947
TADA1,CREM,0.407885601466907,-0.4627585014302314,0.1414764306220132,0.1028341429792736
TADA1,OSM,0.6305221528798459,-0.8509158639662641,0.1819464234098739,0.2336282309767594
TADA1,PICK1,-0.6464379233787183,0.6007100903258098,0.2384766800191553,0.2171773222733548
TADA1,SUSD6,0.5160411894495628,-0.2638559897041301,0.078267600852753,0.0778495732418589
TADA1,PPP1R16B,0.2790158727945055,-0.2114951975942622,0.1128939947401912,0.0841130515309978
TADA1,INTS6,0.2696679980257834,-0.1911339493219875,0.0683770543723697,0.0831382328535206
TADA1,LSR,-2.0095690709470246,1.3318671912269515,0.8798427231245671,0.5664953302854783
TADA1,SPIN1,0.375723271435414,-0.3012070718675357,0.1217067420693241,0.1177870025651374
TADA1,TESK1,0.3491603720914876,-0.3578673796761971,0.1255326895101096,0.1489441376888876
TADA1,KLF3,-0.29057526327905,0.9272967392763036,0.126528112510274,0.251733423818065
TADA1,LPXN,0.1317640681098961,-0.47427255011687,0.0560156384724181,0.0789442336490412
TADA1,SLC35F2,-0.6151331175200457,0.271851592451206,0.2437557093723208,0.1060469453733493
TADA1,CD69,0.7435787787537986,-0.524773695672034,0.1927379232716989,0.1458031692258809
TADA1,GNPTAB,0.335422786248878,-0.215287423736981,0.0696036757473844,0.0940071462071391
TADA1,NEDD9,0.5245388772473925,-0.4689122375733709,0.1415666318604948,0.17033580981083
TADA1,HMGXB3,-0.3876971556366858,0.297522498614103,0.137873665583717,0.13227425722256
TADA1,KLF9,0.3712775759858462,-0.4233363216847665,0.128050020754062,0.1560106226713561
TADA1,KDSR,-0.4053835341330437,0.309769224295871,0.1167196427834754,0.0964753505896324
TADA1,GPR108,0.3097126583043539,-0.2302016237853932,0.0823068940792203,0.0885024325518261
TADA1,CCR7,-1.042286923936547,1.5566911524663347,0.4379748872010238,0.2236284526254751
TADA1,CALU,0.2698582164123588,-0.2691774171812702,0.0815775300241535,0.0760173812649347
TADA1,TRIM22,-0.4825528410985667,0.4291100062588773,0.1369742556893529,0.1911198785388879
TADA1,EPC2,0.2071625255321356,-0.3512037935116832,0.0855332633971624,0.1393484957900751
TADA1,IRF4,-0.6252451378597953,0.3244372565598041,0.2340133141654994,0.1170330669545585
TADA1,SDCBP,0.5314593392279623,-0.3202130520583173,0.0963285127913963,0.1144620873128594
TADA1,SORL1,-0.3916548699055142,0.5281208370111815,0.1423315821701528,0.2175492053996406
TADA1,MMAB,-0.7519442331109674,0.4359834055666964,0.217770555597624,0.1091117511791441
TADA1,GPR65,0.311884378712576,-0.5501329664140683,0.1070452749989533,0.1145115692486815
TADA1,MAP1LC3B,0.2562247393306392,-0.3660411415023621,0.0778119450890196,0.1064458587013032
TADA1,GPR174,0.5130004174475973,-0.4702031589709352,0.145664397113769,0.2091852277294249
TADA1,PTGES2,-0.3426336557801107,0.2553928100865394,0.0878804126727175,0.0952413302748799
TADA1,ITPR1,0.4604319202882027,-0.6106938077230926,0.1702040204567892,0.1234790221700952
TADA1,TEX30,0.282719743195447,-0.8396225750513753,0.1265094831790423,0.1125852896782811
TADA1,GPR180,0.4507302361327624,-0.2067627261132492,0.1113812455225631,0.0946013486586779
TADA1,RASSF3,-0.3254728640903275,0.2948059499902111,0.0752074776786931,0.0768556249040935
TADA1,UBASH3B,0.5376313977581345,-0.5162059492462422,0.2252948588919292,0.2249965705103634
TADA1,SAMSN1,0.2838205802151742,-0.4518886097154315,0.1267577820867936,0.1162165866247724
TADA1,HEATR3,-0.2564589358423238,0.2292517900323919,0.1040177807288004,0.1030427573465326
TADA1,TIAM1,-0.3571539790581974,0.4236111504850644,0.1460952139741586,0.1657343025733347
TADA1,RAB11FIP1,0.3826673410028977,-0.548812325114087,0.0867931362577426,0.1037163279195583
TADA1,TBC1D31,0.3854642589897621,-0.2697270189414406,0.1155555291447004,0.1214285979176634
TADA1,MORC3,0.1674968630106815,-0.2055581805614925,0.0759367337766337,0.0941169944014768
TADA1,GPR155,-0.8752126950930998,0.4899502030121214,0.228153387892758,0.1970603708939955
TADA1,TGFBR2,0.4647929725904881,-0.2384906862993285,0.0760166365992439,0.0894725286568876
TADA1,SPRY1,1.201666977755974,-0.3915746620948099,0.2969445301504426,0.1603733932064066
TADA1,MOCS2,0.1852185473805492,-0.2203366176034876,0.0759352969989945,0.0947061056721456
TADA1,SYTL3,0.5296896188149559,-0.2554229013724233,0.1314913225717955,0.0934293087128505
TADA1,TRUB1,0.2625844913422541,-0.2458887185503219,0.0957472365756852,0.0919458123533658
TADA1,TAF10,-0.1416624231138013,0.2008774122126854,0.0569839703239177,0.0595068045745856
TADA1,MAPRE2,0.1541464647842504,-0.5085132653787714,0.0681230154412519,0.0867289674997373
TADA1,TAP1,-0.3466761354277652,0.1910117911348753,0.0848851083299472,0.0683348428476194
TADA1,B3GALNT1,0.8460578605621896,-0.945668360558613,0.3095766241307212,0.3344485231740046
TADA1,CKAP2L,0.3445785514142173,-0.3779183973628975,0.1418317948168013,0.1141860824333907
TADA1,B3GNT2,0.1905865095157084,-0.3626597391447334,0.07816130284469,0.107033932067865
TADA1,S1PR1,-0.2394778339831204,0.3609072961388894,0.0887862550210184,0.1480773489176644
TADA1,BCL2L1,0.4005012364980032,-0.3573173720901056,0.0933755515192042,0.0894609276556827
TADA1,SPSB1,-0.3753642423017231,0.7188628417740422,0.1564078985286876,0.1757875505545778
TADA1,MUS81,0.1951861315908721,-0.4647125809451796,0.0866479019611068,0.1211868938074361
TADA1,DHCR7,-0.6425011786355239,0.2626214962130891,0.2159143150877989,0.0909239635783171
TADA1,GPR160,-0.7074139189196299,0.7639848432721641,0.2533222430258104,0.1310937675075437
TADA1,AKIRIN1,-0.1874773170705437,0.1828155026219262,0.0673022005453723,0.0700087637508513
TADA1,DEAF1,-0.3493137992445166,0.4638078018214515,0.1118151635317768,0.0926101227972766
TADA1,MPI,-0.4416156700005331,0.3585815083595934,0.1086915458702243,0.0808101289414454
TADA1,GEMIN4,-0.3460032138066366,0.3438574716273073,0.1460604402563334,0.096033785849084
TADA1,AEN,-0.2418497132715994,0.4433529511597508,0.0919889195882535,0.1168388919220038
TADA1,RELL1,0.2565549680250397,-0.4118161404041597,0.0792400557669704,0.1013875964993802
TADA1,COA4,-0.2343683757655762,0.1957691888464964,0.0946370061714249,0.0750030102115433
TADA1,CREB3L2,0.382868499974021,-0.4435815510998968,0.1164378817003747,0.1271125976341643
TADA1,FES,0.6052155563393483,-0.6232731778495078,0.2508696557964803,0.2635385743688463
TADA1,APOBR,0.3516585274430386,-0.5306908456863987,0.1193152784414449,0.2248981296505654
TADA1,SUMO3,-0.1365775043070682,0.1781427263927823,0.0553753994289842,0.0538252928175692
TADA1,FAM111B,-0.4454193649536337,0.3832684036864121,0.1756309632803984,0.17066131538253
TADA1,LITAF,-0.2613590225367014,0.1988696163118371,0.1009224683569,0.0817230356626618
TADA1,STK40,0.2733019649754511,-0.1819468913428361,0.0770163898750931,0.0778620883678783
TADA1,TUBB,-0.2943345160311672,0.1931596794296177,0.1202499327311233,0.0699709789313838
TADA1,FAM3C,0.3154130293728314,-0.3692554137127065,0.1394941742423308,0.1107958194225849
TADA1,IGF2R,0.319415582524528,-0.3636416227245528,0.1017075537101188,0.1276350917352613
TADA1,S100A10,-0.1669030671483212,0.2008895967402119,0.0754500017210064,0.0682348601023535
TADA1,PSMB10,-0.2715782044950589,0.2092233095071722,0.0669877022840985,0.0657347155616964
TADA1,NCKIPSD,-0.5664586475625132,0.2552278743172054,0.1566845999018602,0.0962651783649212
TADA1,MIF,-0.303695017456314,0.0949851506804123,0.0889587432981408,0.0404700411980152
TADA1,MTFP1,-0.3981648862621231,0.2401445086044252,0.1582512589138158,0.0943350134614743
TADA2B,MAD1L1,-0.1888328980143692,0.3093409751732034,0.0754205524314593,0.0874477789213323
TADA2B,MCUB,-0.3134359404726716,0.1395611471052465,0.0507207875053074,0.0547939358617362
TADA2B,RHBDD2,0.2928334427275719,-0.3904598745926073,0.1096954538152046,0.1355335250970579
TADA2B,TRAF3IP3,0.107411004518251,-0.3343426345792991,0.0384989672627066,0.0646061639214926
TADA2B,RANBP9,0.2471202671289199,-0.2023402412667649,0.0492557117626792,0.047424195770064
TADA2B,GRAMD1B,0.4191724177530831,-0.1822277781950245,0.1077636064237421,0.0909934834915054
TADA2B,ALAS1,0.1769733498103345,-0.1632029708083877,0.0633001953332537,0.0609341659384432
TADA2B,BIRC3,0.4779381538555188,-0.6018439736831138,0.1253955189146143,0.1171848337115173
TADA2B,FAS,-0.179741128811027,0.2596339480570767,0.0753336950678696,0.0960955632776548
TADA2B,BRD9,-0.1315083037643689,0.1502396399035265,0.0576110772637642,0.0596580964402049
TADA2B,RNF19A,0.3154684227520578,-0.3681922776091096,0.1010166859979719,0.1139962115016385
TADA2B,SH3YL1,-0.7039797720422181,0.2168628407987855,0.1839044678011114,0.1008111112256291
TADA2B,VCL,-0.3161310354084106,0.598548937247619,0.0954332325940581,0.0965519454728924
TADA2B,NSMAF,0.2232888368065236,-0.1437533642389356,0.0582950970861658,0.0554234125718196
TADA2B,STAP1,0.9037697631947568,-0.5870813217475492,0.2152548651299315,0.1545517305090564
TADA2B,ATP11B,0.0713587950385972,-0.1074756252233364,0.0340613640678903,0.0378736481237385
TADA2B,WNK1,0.1697576844751512,-0.1412224695297733,0.0488404526257687,0.0483972836891006
TADA2B,DGAT2,-1.716067776772355,0.5513523256082563,0.6546606329614777,0.2615371504379228
TADA2B,MTMR1,-0.1318434623389024,0.3792645090434343,0.0605245304173704,0.0607270496354016
TADA2B,NTHL1,-0.2176728491683657,0.348410529072615,0.0989647400912012,0.0825726766816284
TADA2B,MTHFD2,0.2128674354989223,-0.2336709209651908,0.1035471567975057,0.0620412613985912
TADA2B,PLPP1,0.7467916728328137,-0.3584852934824667,0.1403438763932593,0.1503856312755882
TADA2B,HDAC4,-0.3501224386454937,0.2898605761938028,0.1118782568796733,0.1103975671825573
TADA2B,ERLEC1,0.2856710965130909,-0.1343359761162699,0.0513419868554208,0.0556142793926419
TADA2B,JMJD6,0.2228195349519215,-0.3359605510434462,0.051253892885968,0.0654849596659889
TADA2B,WIPI1,0.8009620066393621,-0.2733912907509042,0.131521166214021,0.0842637348168827
TADA2B,MAP4K4,-0.1639988638708103,0.2689614379622759,0.0684001673395063,0.1023702579212467
TADA2B,MAP3K13,-0.3017565807068917,0.3479594754897957,0.1347623165352858,0.1137813319745559
TADA2B,EXOSC7,-0.1373991860725504,0.1085340895934544,0.0661569247371258,0.053511118235864
TADA2B,SNX10,0.5074437543939496,-0.183888907669226,0.0927118514603757,0.0579782385786803
TADA2B,PPP1R15A,0.2453310377307938,-0.8644112989975552,0.1188263263722181,0.1598397398791333
TADA2B,KIZ,0.2655957638429883,-0.2553696400926737,0.1035296434152024,0.102988401770999
TADA2B,LAG3,1.5495439757607428,-0.8360589815145026,0.5364269289682791,0.206030776472403
TADA2B,SEL1L3,0.2353676844446396,-0.3176676555779262,0.0850862128234936,0.0821888993455631
TADA2B,PSME1,-0.238028329160862,0.2584944146417182,0.0526807278324917,0.0409181248887806
TADA2B,EZR,-0.1221852810637504,0.1709356020970351,0.0526751982907023,0.0412412345356052
TADA2B,LRRFIP2,0.175407866575875,-0.314222178427815,0.0727815501766544,0.083577668461751
TADA2B,CREM,0.3409874550277892,-0.4195660754873823,0.1316895988164853,0.0927075964380469
TADA2B,JAK2,-0.3765782660765538,0.2681607876372324,0.1054579882878394,0.0803469300599033
TADA2B,OSM,0.8653753083064958,-0.8709524720705221,0.1697167257428611,0.2137665213573103
TADA2B,TTLL12,-0.2465522506640447,0.2169613196111879,0.0953115714297468,0.0763848222981342
TADA2B,IL2RB,0.5173620191519119,-0.6700317105670048,0.1423516849545237,0.0830156992517093
TADA2B,SUSD6,0.517318440299028,-0.2278237480124478,0.0629647424335236,0.0565383637381517
TADA2B,APEX1,-0.2797393336674264,0.1278153345538935,0.0791149376045281,0.0528044576424244
TADA2B,PRORP,-0.1665866078337715,0.2346917579676414,0.0638249270233983,0.0583880737792185
TADA2B,PSME2,-0.3740568373501177,0.265491437770876,0.0843944800296703,0.0660373597004596
TADA2B,PFDN4,0.1896276404770039,-0.2949923212897656,0.0873660585793194,0.0933427571771174
TADA2B,PPP1R16B,0.1995258505329037,-0.3237536617945794,0.0966010788105643,0.0613247609668206
TADA2B,RIOK3,0.1085736340863224,-0.2941859435990301,0.0497889417439094,0.0663924069591742
TADA2B,HTATSF1,0.2339397446939811,-0.2415826620746999,0.0676327054559605,0.0643198063683085
TADA2B,TNFSF13B,-1.0925136012778365,0.5950573821081768,0.2898275139348051,0.2479368175792316
TADA2B,DNAJC3,0.1438342624181559,-0.1937080628286162,0.0576893669501868,0.0650875794564516
TADA2B,SUPT20H,0.1346903282206472,-0.1004108715769719,0.0497667776639286,0.0502914148888636
TADA2B,RGCC,0.3006548095986441,-0.7288871939811057,0.105530268670476,0.1442415163181502
TADA2B,MON1B,0.097825057941521,-0.1305357795394502,0.0461176261408674,0.0493286228086715
TADA2B,ERI1,0.3604755529963658,-0.1687213862267709,0.121185810026556,0.0679974885083437
TADA2B,TLE5,-0.2136739036506396,0.1165245309257452,0.0584411490978928,0.0574954124992617
TADA2B,RASAL3,0.3767112518228984,-0.1206796138584448,0.0716165932046293,0.0586990726195908
TADA2B,STX1A,0.7673638913496879,-0.6340885504024592,0.3063931655424011,0.1484055766871811
TADA2B,BUD31,0.1742283098080646,-0.106390261629372,0.0530917423225993,0.0443492215053004
TADA2B,NRF1,0.1280406185642708,-0.1393975508123473,0.0632924559558664,0.0679270545466083
TADA2B,TMEM248,0.0785629544984732,-0.0872377153088729,0.030374002986972,0.0346637411692361
TADA2B,MAP3K8,0.274379354576435,-0.3322053486454934,0.1121305492527325,0.0880737998065007
TADA2B,RNF167,0.1301282222705164,-0.1240463743867238,0.060487206406849,0.0503276551304805
TADA2B,CPD,0.4520739526391737,-0.274817820550666,0.0909241704560011,0.0927182627688147
TADA2B,AKAP10,0.2042084258640524,-0.1456114365519,0.0529042845662167,0.0568817913740157
TADA2B,ABI3,0.2001974318168282,-0.2181378060894534,0.098946379529054,0.1053886122274485
TADA2B,TMEM97,-0.3867707706898894,0.3279869176709307,0.1708262112209752,0.0835679852301705
TADA2B,LPXN,0.1310532889513644,-0.4452580957459879,0.0487881278634174,0.0649747483702611
TADA2B,CD69,0.8966395645565473,-0.4213206010590755,0.1776566029143857,0.1259540873373037
TADA2B,GNPTAB,0.3785758663767988,-0.2312829249285422,0.0574115435445897,0.0764035509409032
TADA2B,FGFR1OP2,0.1536556999538222,-0.2878808090763682,0.0423721351239075,0.0536929165334762
TADA2B,BTN3A3,-0.3773159869658488,0.2140331708231451,0.0949355943415342,0.0867767189116176
TADA2B,MAN1A1,0.5711748209608272,-0.3313952753024213,0.1228774804756775,0.0731194686777286
TADA2B,PPARD,0.3846651781310948,-0.3175341664206041,0.1237629240083399,0.1331438999166
TADA2B,PFDN1,-0.1301811480850339,0.1205540872359703,0.0531227071666204,0.0464555023631826
TADA2B,GNPDA1,-0.307308646867485,0.4357622987365497,0.1107960561598291,0.1069855923435938
TADA2B,XRN1,-0.146430788045916,0.1540412792483206,0.0627171588858154,0.0543894001774601
TADA2B,FRMD4B,0.6348985290417142,-0.3161964039022674,0.165176942941798,0.1209860537226725
TADA2B,SLC1A4,0.3505352718302879,-0.4354898581217788,0.1485357915811033,0.1201479517041871
TADA2B,EDEM3,0.1254949522352402,-0.3227578291762861,0.0586920071595866,0.0709233392785169
TADA2B,ZBTB17,0.3517782485393925,-0.2734923827098746,0.0757824856852211,0.090242718670185
TADA2B,RAB29,-0.3409677301821193,0.3436345948363552,0.0718547300331122,0.0849943546267273
TADA2B,APH1A,-0.0981060502804051,0.0970106450786218,0.0409709588125855,0.0473502432780482
TADA2B,TMED5,0.1048671163774366,-0.115585663420821,0.04226300660645,0.0457107810205906
TADA2B,RCOR3,0.1393292195878215,-0.1369913249716533,0.0600794746957158,0.0653212945032824
TADA2B,TXNDC12,0.1338709287986917,-0.114893197960494,0.0479923984463424,0.0546166533988971
TADA2B,TNFAIP3,0.3873971206765498,-0.3825090285712655,0.1385367800408844,0.1102633312941756
TADA2B,MOB3B,1.121484810516744,-0.908431943755666,0.5078328448470681,0.4423843028144892
TADA2B,PCMT1,0.1553834459845298,-0.1070940428935415,0.0610582286181634,0.0361532120656429
TADA2B,SCPEP1,0.5286601416919331,-0.5936828959010483,0.1344645935609252,0.1296696803782135
TADA2B,PYROXD1,0.1301831089654749,-0.3977848335229544,0.05657721059656,0.0695745902433497
TADA2B,TNFSF10,0.2488348469820263,-0.4562380846391113,0.1075675421187481,0.1794367709030196
TADA2B,TMEM156,0.362781036582553,-0.5188140452336436,0.1196022781582036,0.1071301840562378
TADA2B,SRGN,0.5319840921606463,-0.1996561753131945,0.1034531721694304,0.0935961734450192
TADA2B,P4HA1,0.1923361659842181,-0.3805888451701033,0.0897465656437493,0.0693784529876272
TADA2B,PARD6B,-0.3944937308384564,0.4228121672376554,0.1584887738436295,0.1148204745126527
TADA2B,IRF1,-0.5641717099262749,0.2050972522060667,0.0968563124619797,0.1028292382411955
TADA2B,PSD4,0.1431519847666893,-0.1653593627132621,0.05119690217985,0.0468535819863544
TADA2B,GPR108,0.1784858393869847,-0.347350421025227,0.0630371958623899,0.0632734792790835
TADA2B,TNFSF14,0.7331690093480712,-0.6233309015442187,0.1731156354345182,0.1964540050997545
TADA2B,VASP,0.4449238624520656,-0.2270464210102577,0.0700949519136627,0.056627131885517
TADA2B,NECAB3,-0.3864428274598039,0.282910227784268,0.1459933646735177,0.1009794706472844
TADA2B,IGFLR1,0.3298129069889153,-0.3169157665463575,0.1097454129486809,0.1046415188153478
TADA2B,HCST,0.3152300988142609,-0.4358870056923332,0.1286122396193146,0.1193877396203661
TADA2B,CCR7,-1.2252561154622257,1.7172409125105477,0.4050972409670341,0.2195247371758138
TADA2B,SLC35E1,0.196240245622477,-0.198118402598079,0.0603418130883623,0.0510174152031369
TADA2B,ADORA2A,0.5330997073953381,-0.4231582471945166,0.1574875189681563,0.1138646660471129
TADA2B,APOL3,-0.3073866314321596,0.2384201702164372,0.0705614524740873,0.0850200475868893
TADA2B,CALU,0.2897642910929088,-0.1505224174945243,0.0604770663008294,0.0531201792324629
TADA2B,MYO1B,1.562606647385448,-0.787465225364377,0.5102503008207664,0.2018868592702963
TADA2B,CD68,0.6596127764430398,-0.7808914119557561,0.2545060503374708,0.1595220516913525
TADA2B,RHBDF2,-0.408413355082556,0.6940893364126143,0.1144957581275365,0.115958483273746
TADA2B,ARHGEF6,0.1666426476812248,-0.2121673677225135,0.0547371739128515,0.0760042284064077
TADA2B,ASS1,1.2737599761952845,-1.0107564843712642,0.4978164399858529,0.4406628139218187
TADA2B,POMT1,-0.2616537216416842,0.3116844123517147,0.1135311569516233,0.1103951788024209
TADA2B,RBM39,0.0948801412772947,-0.1410126265909432,0.0430392400478355,0.0466130551275347
TADA2B,TRAF3,0.1206041356744282,-0.201255898170638,0.0539135335527546,0.0692080899529662
TADA2B,SH3BP5,-0.385376918705358,0.479327580978251,0.0900718650072054,0.116784370564118
TADA2B,WDR44,0.1376471830860985,-0.2274879641979497,0.0674555140630273,0.0899268368158029
TADA2B,TRIM21,-0.1515857960656398,0.2277036441393942,0.0649603772413637,0.0746350358822531
TADA2B,RRP8,-0.2894480964238699,0.1680356119127816,0.0987803999716397,0.084782175836442
TADA2B,XAF1,-0.2287294626476759,0.6451218716848378,0.0992276469044881,0.1942422658147133
TADA2B,RBM38,0.8744098680397321,-0.197544068928473,0.1242297377300672,0.0647058744531614
TADA2B,MICAL2,0.7942833282406638,-0.2996460982888621,0.1861017872087154,0.0976090073203728
TADA2B,RNF122,1.1415448953464402,-0.4938849934713353,0.2895709372127735,0.1875910503390621
TADA2B,LOXL2,-0.8064210861288023,0.7696050969487971,0.3228892217253773,0.3323177600605888
TADA2B,EDEM1,0.1032279445680551,-0.3254974388354796,0.0510367488936247,0.0512002086965763
TADA2B,PTPN22,0.1497601669341968,-0.4714057585512504,0.0734853687403766,0.0622994828518872
TADA2B,AP4B1,0.144619100816991,-0.2242608342682115,0.0681389342423582,0.0557837233685127
TADA2B,IL2RA,1.128354890823424,-0.2740757829330112,0.2197285333223513,0.0804118652461498
TADA2B,DDB2,-0.17753274166159,0.140020756822455,0.0713744192911077,0.0550517148653184
TADA2B,RAB33A,0.4723736249842294,-0.2066617046857271,0.0924811129134776,0.0601126268448363
TADA2B,BIVM,0.2630218424042476,-0.1833036326065962,0.0706524871427326,0.0664397937732739
TADA2B,TES,0.2430054887226013,-0.2305362548162877,0.0405956077145759,0.0631663104284768
TADA2B,FBXL8,-0.3793415890157043,0.4482916831063498,0.1287458908664369,0.103039592997569
TADA2B,GLUL,-0.4654413089126964,0.7746786898397093,0.1416523134710278,0.274503488798174
TADA2B,NIBAN1,-0.2318295865231927,0.2485289995442329,0.06115019922305,0.103396346862205
TADA2B,DOCK10,0.2175586955140688,-0.1383887859830066,0.0466581400284999,0.0612157950089763
TADA2B,TMBIM1,-0.2491814855417454,0.2839399460422854,0.0719527364311129,0.0662150955899338
TADA2B,RTP4,-0.2497038386912096,0.5175006094407194,0.118286859277223,0.2070393476703869
TADA2B,LRRC8A,-0.2237088457676927,0.1923236508748432,0.0924098308157179,0.0651622185017703
TADA2B,ATP6V1G1,0.1191986473081554,-0.1741898596860707,0.0510229250675453,0.0672680571600209
TADA2B,SDCBP,0.1898809493978277,-0.4766868180740435,0.080969892409753,0.0850445118862495
TADA2B,ENTPD1,1.2828661507407195,-0.8775390162739198,0.6173105958451826,0.4195393166954593
TADA2B,PARP9,-0.1781983647259015,0.7243457491359085,0.0852244427654055,0.0963872746456876
TADA2B,INTS12,0.15792039592814,-0.1711675479441123,0.0731823372582506,0.0721361701861525
TADA2B,CLSTN3,0.2041045721994868,-0.2087272713032858,0.0916147239146474,0.0866933525278836
TADA2B,MTMR6,0.1439618483487115,-0.1728253707140128,0.0498834425160065,0.068723807161628
TADA2B,ITGB7,0.2606720234096472,-0.3608095857135063,0.0617653332096372,0.1138926282635356
TADA2B,TMBIM6,0.1118117112557887,-0.177658846254728,0.0415742861864128,0.045738418206869
TADA2B,MORN3,-0.443859130147289,0.7410181123789992,0.2052277273032562,0.2167863782532105
TADA2B,CUL4A,0.1289273422697818,-0.1778213067554197,0.0519093020122064,0.0567584634564604
TADA2B,HAPLN3,-0.2553493464805825,1.0712905653553717,0.1113002108522275,0.098903291513109
TADA2B,IMPA2,-0.4057714501080441,0.2618791760333357,0.1622131809339965,0.0969696654239975
TADA2B,IGFBP4,-1.2015688674872835,1.4747143394769409,0.5130652472315506,0.3680385926846517
TADA2B,EMP3,-0.1801607613932827,0.2565509262748017,0.0507191119562748,0.0501399854600802
TADA2B,ATP8B2,-0.4495271042124821,0.2477712769066911,0.0910585925257518,0.0820736066292106
TADA2B,RHOB,1.2277968126185936,-0.8953489279921396,0.3581834658799421,0.2525168738341705
TADA2B,CSRNP1,0.3823442589194594,-0.3110167496752814,0.1113302869644056,0.1137103627718423
TADA2B,PLAC8,-0.6282212437701166,0.8568923615029802,0.2298864303327704,0.2495944371338012
TADA2B,PURB,0.1827840774779074,-0.1185226936709293,0.0617119562675279,0.0567247268495052
TADA2B,PSPH,0.2180709880900223,-0.1873026394618362,0.0984799363932144,0.078061803597301
TADA2B,MEPCE,-0.1445226442880619,0.1123337271922992,0.0661262016502185,0.0494827527892221
TADA2B,NOM1,-0.2429047766603822,0.1791200301089043,0.1001152150028962,0.0727774538416191
TADA2B,GPR174,0.48934475877151,-0.4173297588280487,0.1262281628870653,0.1688939006087245
TADA2B,PAXX,-0.172899996823652,0.1308013195746309,0.0732263276996606,0.0601589368297093
TADA2B,ITPRIP,0.2434908750979527,-0.2353232203487818,0.0844969276954082,0.0999501265758424
TADA2B,DIXDC1,-1.0530735941437996,0.3293611978327947,0.4193255376305047,0.1520110258875668
TADA2B,CRIM1,0.8684310564351171,-1.733515359912312,0.3761245619785711,0.226198069545522
TADA2B,TMEM18,-0.1413504559143738,0.1405705323957029,0.0698745886004323,0.0620952950516012
TADA2B,NMT2,-0.2758597757285315,0.4894791992873247,0.1109238505607062,0.1149178634287037
TADA2B,PELO,0.3106167996720654,-0.2813279550119337,0.0925107409804503,0.0676364419755276
TADA2B,RASSF3,-0.4046084439433857,0.3050142066015427,0.0663382203950029,0.0536240517892681
TADA2B,CYRIB,0.19607728356403,-0.1965883575005926,0.0437765168167794,0.0445195270449381
TADA2B,JAZF1,1.0484699855113362,-1.4969627997809989,0.2289043314416876,0.6244829282911859
TADA2B,MSI2,0.1746289033537892,-0.3605073996969368,0.0713978135337813,0.0806773391198961
TADA2B,UBASH3B,0.4389535529896535,-0.6662701576741294,0.2100791580727624,0.2066853156017422
TADA2B,SAMSN1,0.4949032324529634,-0.494138454021467,0.1153082358327527,0.1057788476185572
TADA2B,SLA,0.2361063744844936,-0.6727296682012415,0.1003358847224784,0.1144004837079516
TADA2B,TIAM1,-0.5520342974960556,0.3705900232278954,0.1376199582526348,0.1409532467773311
TADA2B,PHF6,0.1325280580834436,-0.3731076275652917,0.0648991553106781,0.0743845746285458
TADA2B,UBE2L6,-0.2376686533955853,0.4480917601055964,0.0679182229462303,0.0441455073969355
TADA2B,ZFAND3,0.2496577292844623,-0.2134530225614105,0.0489444099621138,0.0644414780667722
TADA2B,RAB11FIP1,0.2061967571652642,-0.6510928200201653,0.0732624010133267,0.0821023433877331
TADA2B,TBC1D31,0.3799667084392112,-0.1801557789934862,0.0804190375982747,0.0800755444744523
TADA2B,SLC37A3,-0.3347922178227771,0.8464316982677409,0.1083536146191116,0.1021811216048896
TADA2B,TNFRSF14,-0.3322145116905419,0.3285735002080534,0.0927588787618374,0.0766568435723734
TADA2B,XKR8,-0.4090802167171311,0.3481190722225542,0.1149866018919151,0.1335746523988082
TADA2B,FBXW5,-0.1918082776857496,0.22045755321494,0.0555471428212065,0.056064435340998
TADA2B,MED8,0.1125228646716341,-0.1807114225179715,0.052064911146644,0.061096440795269
TADA2B,ENTREP3,-0.3948265359006935,0.2478986184924515,0.1148141613039711,0.0718478889877507
TADA2B,LY6E,-0.3697671269325106,0.3009338922209427,0.0725387889821534,0.0754966624230733
TADA2B,UBXN1,-0.1313847623445363,0.1176617477180695,0.0596748141623334,0.0593965953870404
TADA2B,WDR26,0.1247311594507752,-0.2048515737156563,0.053663273009026,0.0410003881854763
TADA2B,RCHY1,0.177335799540815,-0.3042490911207053,0.0579750018053271,0.0693323968650698
TADA2B,CCR1,1.0395551032849466,-2.4933132154729183,0.4889191480355279,0.5024355085940752
TADA2B,DTX3L,-0.1686136141341804,0.7518200032739771,0.072870113519311,0.0944541606368911
TADA2B,SPRY1,1.4721618369582663,-0.3982580388308196,0.2664067959630682,0.1406877824424434
TADA2B,LMBRD2,0.1767512580836638,-0.1316033570208746,0.05479534790618,0.0573819986938166
TADA2B,CGAS,0.2276829157510341,-0.1838936828915496,0.0765977318114622,0.0722888424902392
TADA2B,SYTL3,0.6799367193333833,-0.2786677208261962,0.1059832555256672,0.0795866361021896
TADA2B,PEX2,0.2437340975781396,-0.384524035866758,0.071019245757378,0.0707224293472573
TADA2B,MAPRE2,0.1958764509058973,-0.56057344368624,0.0528112222329719,0.0676045438598564
TADA2B,PHB1,-0.2837244030715231,0.4748974752386939,0.1149035886936143,0.0970317319436859
TADA2B,EEIG1,-0.5889224263389827,0.475622184296474,0.0986926809003673,0.1592349295950003
TADA2B,GOLGA2,0.2460756290311949,-0.1626027452171258,0.0792318838352587,0.0747489281360414
TADA2B,C15orf39,0.2278445178910165,-0.2313835552266963,0.0910528854327068,0.1091491737427347
TADA2B,DDIT4,0.5068348818771276,-0.985364809858215,0.1781243627974585,0.1038993842991767
TADA2B,TAP1,-0.4454378618664025,0.2436650213710647,0.0799074276871113,0.0620527828824022
TADA2B,INPP5D,0.2154309789325454,-0.2695172903713791,0.0679993535170651,0.078713642695081
TADA2B,SLC50A1,-0.331660648146297,0.2375355906528859,0.0989677085377794,0.0488283174513431
TADA2B,KLF13,-0.1318257256278291,0.1472752892392065,0.0556816922987137,0.0687692697748937
TADA2B,S1PR1,-0.3849110410998254,0.3176861450986027,0.0811982257575174,0.1364970748482383
TADA2B,PKIA,0.2928492742917247,-0.458630479405311,0.1046142924945896,0.1319993842946077
TADA2B,RBKS,0.5965939110432986,-0.3904590172858712,0.2213430941417438,0.1638906676225827
TADA2B,BCL2L1,0.3481692570640839,-0.3359315948486184,0.0836079076464489,0.0791415867780342
TADA2B,SPSB1,-0.7711219799705188,0.826374714635187,0.1351527035674204,0.1377627594452609
TADA2B,CTSW,1.3262145727422403,-0.9780030613454868,0.3208597410983803,0.4783168483270593
TADA2B,RAD9A,-0.2994554420899714,0.204294968509917,0.0791363930383579,0.0851225716657463
TADA2B,PHF8,0.1271903052054692,-0.1386523779382873,0.0553255539376458,0.0599475742370451
TADA2B,GRK2,-0.1091344071162284,0.0979223650644909,0.04094207496376,0.043601123743379
TADA2B,COQ2,0.3411286650728303,-0.2169213874365369,0.1118910478196554,0.0853191760713931
TADA2B,CHD2,0.143881029719905,-0.2235014186491404,0.0511126905446587,0.0499809055826664
TADA2B,TLR6,0.5381463679265198,-0.6068724356171075,0.1373768093080184,0.1517572220173411
TADA2B,ATR,-0.1515329779187069,0.1914133103220135,0.0721918268263634,0.0748550313479161
TADA2B,UBE2O,-0.1878497993483215,0.1279117769965846,0.0605034088956997,0.050765009112635
TADA2B,ANXA2R,-0.3316053558856514,0.5809689359149364,0.1003800005967375,0.1908187690351482
TADA2B,MPI,-0.4442510189208879,0.2172942497688654,0.0798834273153761,0.0592494360671425
TADA2B,CYBC1,-0.1397071197398018,0.2669373199980086,0.0479332160303028,0.0571425710894716
TADA2B,SPTY2D1,0.1145068410338104,-0.1887230484516649,0.0564865261712557,0.0674716698766831
TADA2B,GEMIN4,-0.3143135170337129,0.1906670763775448,0.1114269674066766,0.06493302802469
TADA2B,AEN,-0.390442604958172,0.3473092193088983,0.0762234036723814,0.1002056324151121
TADA2B,COPG1,0.0966356930336638,-0.1187187924718576,0.0384073636124464,0.0391117255672905
TADA2B,RELL1,0.2461175544506926,-0.3263312795787292,0.0581190555849834,0.0745075602922318
TADA2B,RNF41,0.2647208993032516,-0.131019518454285,0.0555515140979453,0.0603605625862773
TADA2B,CREB3L2,0.2474925970158363,-0.6090578236148696,0.0876385467981036,0.0872620709213127
TADA2B,NIPSNAP1,-0.2295594795290611,0.2423580187065543,0.1051674099519785,0.0690474607888442
TADA2B,TM2D3,0.1372244959360549,-0.1213909464935439,0.0522857855829539,0.0611147014279242
TADA2B,APOBR,0.3346805362218419,-1.1792643856893412,0.1053399623360011,0.1791516144052808
TADA2B,FAF1,0.1499337104740233,-0.1333255778993498,0.0718391750384477,0.0492557508996856
TADA2B,KCNQ5,0.7574469005822867,-0.5213247115818544,0.3084271108443167,0.1898260097476308
TADA2B,DMWD,0.695377323977309,-0.3104696435669007,0.1385153861927192,0.0841456569904701
TADA2B,AIDA,-0.2378510983146498,0.1185410345867193,0.0499378100520519,0.0487167493566495
TADA2B,BTN3A2,-0.1425269879597197,0.2693795218494504,0.0704405727351334,0.0598902059029229
TADA2B,PABIR1,0.1945932124822114,-0.2248990208557981,0.094592006567964,0.1132627310861095
TADA2B,LITAF,-0.4488076790508583,0.156251834108399,0.0932017697184364,0.0713045667781742
TADA2B,IL1RAP,0.3813571011333615,-0.4638506256734169,0.1353585260792409,0.0910856758602154
TADA2B,STK40,0.2344506956330213,-0.1035679004447574,0.0583915044113152,0.0507627505841612
TADA2B,TPK1,0.2169312350336743,-0.3424073697314377,0.0999481083865497,0.1013304816734684
TADA2B,BORCS6,-0.2392475288612385,0.2681029409136283,0.071638930869549,0.0969650847896461
TADA2B,FAM3C,0.5052107201866441,-0.4316830029022372,0.1267699043588353,0.1036783131427062
TADA2B,ZMYM1,0.2419189063648202,-0.2961897023890169,0.1000102450972603,0.1455981628516879
TADA2B,IGF2R,0.2709074788380223,-0.3384999446231011,0.0765316521808193,0.0889501529856536
TADA2B,S100A10,-0.1502030436113752,0.176857553799243,0.0712831097046535,0.0633388250451464
TADA2B,TAF13,0.1348879402990327,-0.1763757324877005,0.0532576554159007,0.0619443589914308
TADA2B,ERO1A,0.1179400079114536,-0.1450829889414116,0.0426114355623606,0.0484359508845602
TADA2B,MIER1,0.1350615516300778,-0.0946532929372807,0.0346581650163541,0.0415238190831382
TADA2B,YTHDF2,-0.075378158778595,0.1251935131960539,0.0358511805460659,0.0356946926999377
TADA2B,NCR3,0.5250901054899729,-0.4527407570392896,0.1566626039488736,0.1948877685596535
TADA2B,QTRT1,-0.2239694815339583,0.2569537758138147,0.0967243306580553,0.0766771671064993
TADA2B,NDUFAF8,-0.3455990616195968,0.1977173309923086,0.0870971305077431,0.0662542813439288
TADA2B,ADSL,-0.1213474666950215,0.194030705402006,0.050389610191094,0.0506514898328775
TADA2B,PSMB9,-0.206058876804299,0.419667492279973,0.0640126053029686,0.0510577739838259
TADA2B,MTFP1,-0.2687489544950862,0.2002175858214997,0.1059206700913232,0.0632549635311958
TADA2B,CHURC1,-0.1190652309731489,0.1525402388371353,0.038652348179865,0.0359532342678079
TADA2B,DYNLL2,-0.1047666513247113,0.1103389155388079,0.0396384236695289,0.0375693597677386
TADA2B,EGLN2,-0.1679419530238369,0.1901994417991796,0.0590578087952358,0.073084512037983
TAF11,SMARCE1,-0.1166325856445407,0.1288308448842339,0.0452420358973983,0.0450845614218374
TAF11,DNAJC3,0.2023554117449035,-0.2015919673995135,0.0597338679895744,0.0729130427898307
TAF11,TLE5,-0.2028024950413987,0.1928051036683966,0.0584996271010847,0.0627879938763028
TAF11,PIK3R2,-0.2056196668987248,0.2059241135081852,0.0827517681073187,0.086397606486394
TAF11,SLC29A1,-0.4409352863734414,0.2804283912822984,0.1845847876980332,0.0950590612596732
TAF11,PDE1B,-0.6768826413298864,0.5696220930385357,0.2135791119888187,0.1717794792973571
TAF11,PTGER2,0.3149006987545784,-0.3937516160016059,0.0974626018374522,0.1309334015555605
TAF11,TESPA1,-0.3334244629982923,0.2594516910629654,0.0902260845752092,0.08580892831666
TAF11,HAPLN3,-0.298584451092815,0.4765728906562427,0.1099662827519275,0.1086847929309219
TAF11,SLC3A2,0.1758039815761643,-0.2679340856017954,0.0738588048653167,0.0798248643450892
TAF11,DDIT4,0.4902165881641014,-0.3237809093173045,0.1723478208933292,0.0998824403094012
TAF11,AKIRIN1,-0.1589383316890086,0.2498755423631173,0.0518222161744571,0.0573048714739749
TAF11,DDIT3,0.287856240248372,-0.5741870521457209,0.1156354511310179,0.1723100158746154
TAF11,GPR132,-0.2477809572783091,0.2285182461650987,0.0810308523247026,0.0867868498431518
TAF13,STK17B,0.2797703109299179,-0.2392789617252903,0.0717849909271809,0.0730519241262681
TAF13,NFE2L1,0.1534820324047298,-0.3383065563199298,0.0672845161031812,0.1036414067184006
TAF13,ZC3H7B,-0.1825797657806678,0.2850611672972472,0.0710498748574377,0.0821027850501192
TAF13,CHMP4B,0.1287865770089997,-0.1906698826253965,0.0550772223142609,0.0683458441157424
TAF13,TLE5,-0.196816930051104,0.2485961013915278,0.0653571998640034,0.0915955098253044
TAF13,COX6A1,-0.1803579391269604,0.144817812416287,0.0460554924051097,0.0441462811047281
TAF13,FBXL5,0.1742454271168088,-0.3391310667139058,0.0753145913843078,0.1157655448185123
TAF13,PTBP3,0.1394628566070483,-0.1627166247252126,0.0524925136334007,0.0622739145407977
TAF13,FKBP1B,-1.6633760327002545,0.8900672823205883,0.5919121337969516,0.333794975612575
TAF13,PTGER2,0.4013874627479173,-0.372476242811651,0.0984502239191987,0.1427696079379271
TAF13,RAMP1,-0.8246359968356699,0.6091163610845002,0.1905857753377573,0.2463169075887518
TAF13,TESPA1,-0.2931458929670225,0.4440958260151368,0.0991875635482351,0.1117560577402845
TAF13,MARCHF9,-0.4084913242316204,0.4433241012247197,0.1793699467806288,0.1533312071152681
TAF13,RHOF,-0.2518300286832881,0.2074399333348929,0.0547699667309684,0.0701570491475859
TAF13,HAPLN3,-0.2866534601154947,0.5094831882229157,0.1150857246361939,0.1348730782372938
TAF13,ARRB2,-0.1437050071690867,0.1960543568294173,0.0498140625102209,0.0571567024914507
TAF13,ZMYM3,-0.3253996564971801,0.3465237896241275,0.1162223892354082,0.1270118293247994
TAF13,CD96,0.2700050593971385,-0.3745310397327137,0.0715295509810487,0.1392650959667331
TAF13,LY96,0.508078815805301,-0.3845084999008483,0.141429788088689,0.1505620511656029
TAF13,TATDN2,-0.2279220427032659,0.3001629086382777,0.0679074482803917,0.0858391768301191
TAF13,PPP1R35,-0.2079059646539125,0.2694906074155622,0.0755726826262687,0.0790308119197689
TAF13,CTLA4,0.8132587146984932,-0.4476182718807298,0.3415489038377031,0.1797916211332037
TAF13,SEC11C,-0.2122603066908438,0.1901472952484139,0.0839093834758867,0.0823432199131457
TAF13,TUBA1C,-0.324367158905386,0.2821703108503653,0.1409229524261306,0.0822104408847069
TAF13,TMC8,0.2308342146581743,-0.1939006224704394,0.0543454131326767,0.079354652680162
TAF13,DDIT4,0.5572767271073046,-0.7718420430166777,0.1814732822075331,0.1047256260503095
TAF13,CDC42BPG,-2.0123700529464914,1.2672318136350562,0.7029323399965761,0.5265409150585132
TAF13,HCFC1,-0.1878927297727482,0.1568301889579426,0.0663777018675616,0.0590678395610721
TAF13,SAMD4B,-0.252479452366558,0.2931129440570329,0.1106273899653675,0.1060979618007195
TAF13,GPR132,-0.3469604597132301,0.2645863264603296,0.0939264931443441,0.1145552353718996
TAF13,HSF1,-0.1628484949828924,0.2131609885764412,0.0657769024901251,0.067664494615262
TAF13,FAAP100,-0.4713599068558253,0.5733326151016997,0.16333310964814,0.1649011702770088
TAF13,SPTAN1,-0.305490195841833,0.1827006148364484,0.055349163932991,0.0736833990550184
TAF13,ZNF674,0.6164693111307294,-1.5609655846265216,0.2099359118254371,0.6356402809053654
TAF13,GTF2I,-0.2128074238430676,0.3156561281974167,0.084282057313343,0.0992410977461653
TAF6L,PHTF2,0.3445482900057573,-0.2538601231795164,0.1083054672884267,0.1128201709450758
TAF6L,RANBP9,0.2886495485335039,-0.2634590891438418,0.0562486717263627,0.0547950617859434
TAF6L,BIRC3,0.5694483780592724,-0.3283092524175944,0.1316445868273422,0.1192921352962668
TAF6L,STAP1,0.7812214050996317,-0.7169350251056681,0.226316713680749,0.165758909491704
TAF6L,RFC1,0.1633081617154657,-0.4751097421616475,0.0683627126746709,0.0808830724220905
TAF6L,LCP2,0.182705238799377,-0.1979134313840397,0.0597097199639976,0.0647682001107205
TAF6L,YBX3,-0.4509898858231718,0.2183812294666811,0.2022451046338659,0.0959011128381541
TAF6L,MTMR1,-0.1767964525802095,0.2431286374436738,0.071688580340765,0.0762032031885028
TAF6L,CNN2,-0.1911159281058431,0.2028389899642207,0.0583979094743534,0.0786666710689217
TAF6L,WIPI1,0.6540340471067995,-0.2172540829637731,0.1475032097579333,0.0912339362245409
TAF6L,MAP4K4,-0.3396843112588364,0.2904784342267831,0.0750786147042031,0.1104854119484398
TAF6L,PALS1,0.3163637098603064,-0.3307878806196058,0.1224125047922959,0.1366024179546987
TAF6L,DGKD,-0.2484449937892462,0.3868989688491493,0.1040286616384661,0.1032889193916733
TAF6L,SNX10,0.3928233943027059,-0.2317135701261246,0.099579377233777,0.0631264868804954
TAF6L,PPP1R15A,0.3488009931612053,-0.3941829948359525,0.1344915413515087,0.1659535639875673
TAF6L,BAX,-0.3680453154280486,0.3140294156881905,0.0641206911547654,0.0884220805731789
TAF6L,DOCK9,-0.2596087072513061,0.2087559984187004,0.0842464600814807,0.0926024139919663
TAF6L,PSME1,-0.1813797257914984,0.2605820914285329,0.0545121737501917,0.0425145482624515
TAF6L,LRRFIP2,0.2383089974413811,-0.2985617219558834,0.0837702708218806,0.0971615534047565
TAF6L,CREM,0.5601213143886783,-0.2629211810273803,0.1349847620351593,0.0948102466750147
TAF6L,JAK2,-0.2610051993277319,0.2535395416781561,0.1107562314205588,0.0866643763493297
TAF6L,OSM,0.8936633498079355,-0.4776376066344198,0.1722329161618562,0.2162267645184989
TAF6L,DDX17,-0.1080239770017722,0.1833844122343985,0.0500105363464347,0.0557170767765928
TAF6L,IL2RB,0.3865038548910035,-0.4810108304699223,0.1495879096020931,0.084766276316227
TAF6L,PRORP,-0.1854147363808918,0.216140217051311,0.0767335507792186,0.071881233049491
TAF6L,PSME2,-0.2135967082035754,0.2485518069546311,0.094452884924862,0.0806875377397939
TAF6L,SLA2,0.2007743346358678,-0.5936105743335457,0.0696582312060883,0.0772654616729437
TAF6L,TLE5,-0.2496641248856221,0.2318350343556717,0.0656729769610504,0.0657983031011238
TAF6L,MAP3K8,0.3168967518875202,-0.2854435149526634,0.1199773869607623,0.0955760808073463
TAF6L,CPD,0.4719212313348489,-0.3227551651982521,0.1048226089768114,0.1044089966098805
TAF6L,ICAM2,-0.248261160129437,0.3812993886451539,0.1142462035687481,0.0890469300773647
TAF6L,LPXN,0.1914844964854935,-0.3309940604034478,0.0530765535391027,0.069108964242279
TAF6L,BTN3A3,-0.3356687127476013,0.408341576914591,0.1104920147051045,0.1009016396278941
TAF6L,MAN1A1,0.4751445715977546,-0.2802987771555776,0.134565507858217,0.0843228516213959
TAF6L,SLC35A3,0.1884257586997516,-0.1970876177025347,0.0758436905753206,0.0775290077868237
TAF6L,NDUFB3,0.1415094913409183,-0.1335752013325141,0.0474059407853662,0.0437552240005782
TAF6L,IFIT3,1.3769920058656302,-2.031289377419108,0.3540622268865841,0.8083191430205561
TAF6L,IFIT2,3.228147384046962,-3.329799917234413,0.5649941911751137,0.8840322047295943
TAF6L,SCPEP1,0.4937393362894305,-0.4386789329467092,0.152316677361304,0.1443069560224228
TAF6L,TMEM156,0.3607500490652449,-0.327617578058348,0.1324844412619849,0.1199557580826029
TAF6L,MTERF4,-0.2934769564703887,0.1847117618190485,0.102087719989626,0.0805268431343283
TAF6L,IRF1,-0.3108133854693466,0.3733445440282076,0.10104285390073,0.1115769892104271
TAF6L,INSIG2,0.2103304032471017,-0.2631329889658813,0.0879193393147159,0.1079141550799613
TAF6L,GPR108,0.2267744272856816,-0.2393764249215387,0.0735224361358178,0.0729162401883367
TAF6L,CCR7,-1.1727908883037823,1.6146198928425288,0.4229711369136125,0.2205339472108448
TAF6L,STAT5A,-0.3282232869931042,0.4517906980580354,0.1062340764700199,0.0943737922791695
TAF6L,UXT,-0.1685807724246151,0.1270143763688103,0.0499243887403816,0.0397453765415365
TAF6L,ADORA2A,0.4482514856605123,-0.4384930908994645,0.1726170061381096,0.1283951921120159
TAF6L,APOL3,-0.259286453571279,0.4199340630737289,0.0780983388829686,0.0936353123536635
TAF6L,CD68,0.8509324620354572,-0.3864623490160523,0.2835039219194757,0.1700290924449324
TAF6L,THEM6,-0.3504152191849162,0.4024343452741212,0.1629087812080522,0.1784722268850825
TAF6L,MPP1,0.4009666125086832,-0.2255314450522735,0.124083305795097,0.1047469477029334
TAF6L,TRAF3,0.1401331137275171,-0.2069020109175761,0.0637426255621474,0.0777453411239461
TAF6L,SH3BP5,-0.4122719179684779,0.5789580685425701,0.0974259925398362,0.1266124006260839
TAF6L,TRIM22,-0.7797457214976695,0.4447292658253459,0.1323120114166876,0.1847362886282535
TAF6L,RBM38,0.523468529757526,-0.2301457965615262,0.1399075813488937,0.079319196606769
TAF6L,PATJ,-0.5326837186853861,0.4559116467401175,0.1539205443563828,0.1424438793281681
TAF6L,ARL8B,0.1554182552590462,-0.1809531882925643,0.0535949165717337,0.0748094633621678
TAF6L,EDEM1,0.168605973271942,-0.2239814285184816,0.0552607560066169,0.0540550792714555
TAF6L,PTPN22,0.1771438664975688,-0.3078558254398165,0.0788198059507086,0.0683690634485732
TAF6L,IL2RA,0.8697238173213687,-0.2381768984115813,0.2256010578325159,0.0797052702455451
TAF6L,AGTPBP1,-0.1832864320104193,0.1727518288715558,0.0816358742042506,0.0666039434895804
TAF6L,FBXL8,-0.3942801603076042,0.6235298664008656,0.1533587417155912,0.1212736398300242
TAF6L,SDCBP,0.3566867040557492,-0.315378297015142,0.0895324582826444,0.0965905901224131
TAF6L,RHOF,-0.2642603239288659,0.1639322529079053,0.0524862862979369,0.0576179779361869
TAF6L,GPR65,0.282522608177304,-0.3116290798535074,0.0959049623924549,0.0968733650748859
TAF6L,LINS1,-0.3817438629891733,0.200335864231803,0.0997709518772727,0.082340551675891
TAF6L,IGFBP4,-1.8349784636646207,1.3434708448683388,0.5998706521607146,0.3808189555080241
TAF6L,EMP3,-0.1240387583298794,0.2485489444237545,0.0531415958327804,0.052959863649518
TAF6L,PFDN2,0.1907048134351031,-0.1819107999892816,0.0730869592278212,0.0741581636833013
TAF6L,ATP8B2,-0.3215089226072636,0.2108384318390236,0.0966424221128076,0.0937267123925218
TAF6L,PLAC8,-0.7207755881865232,1.0128214990210518,0.2434307569892791,0.26678044340975
TAF6L,SURF4,0.1547675628701816,-0.1999830792054125,0.0664631655466586,0.051400219481915
TAF6L,PELO,0.3717396103767926,-0.2648818580972873,0.1036889858990518,0.0766769089452794
TAF6L,RASSF3,-0.4346694573288403,0.2215194993663538,0.0722440340440821,0.063194094393019
TAF6L,PLCL2,-0.2225816672984377,0.2364694934384912,0.0735395428140271,0.1091072970428411
TAF6L,SAMSN1,0.5167024197144026,-0.349766991958445,0.1198767251479831,0.1082706679931186
TAF6L,SLA,0.3291458032887228,-0.5198048296276004,0.1062323325792072,0.1188844874829281
TAF6L,PHF6,0.2530816569176026,-0.3452038298174859,0.0760824859825534,0.0818400044377637
TAF6L,CD109,0.8217053471344139,-0.2774068772132483,0.1326964536526217,0.106413880867333
TAF6L,RAB11FIP1,0.2770049580900808,-0.5767725661165348,0.0814109598662644,0.090105043510125
TAF6L,TBC1D31,0.374140381467674,-0.2209447008049786,0.0967310979024773,0.0962105132603706
TAF6L,MIS18A,0.274917787914905,-0.1334301164036936,0.1267248350833593,0.0577576409153963
TAF6L,ENTREP3,-0.3228015774186555,0.2582994331363933,0.1405986987580521,0.0874964424906044
TAF6L,SQSTM1,0.2321939021259926,-0.3172461134626652,0.102452981369587,0.0758833775120599
TAF6L,GFI1,0.6459319783332831,-0.263369498228354,0.1564140174267947,0.1164787707995176
TAF6L,ARHGAP25,-0.2784721674256835,0.2316616072802362,0.0816458740714193,0.0999153059794407
TAF6L,RNF168,-0.2059624748484169,0.3192558946554099,0.0872198657175669,0.0804147481524263
TAF6L,BDH2,-0.2700560940853979,0.2576865396495363,0.1185078133141337,0.0819358607232859
TAF6L,SHISA5,-0.2451228428404434,0.3584262776820973,0.1066242231542372,0.1325683316164549
TAF6L,SPRY1,1.5236513294984932,-0.3959013314773071,0.2815446579993135,0.1463674501922023
TAF6L,CFAP97,-0.2576107219399789,0.1938096817565585,0.0890870824478155,0.0791621982053212
TAF6L,BRWD3,-0.2222383408823807,0.3088184908408016,0.1011351922623201,0.0868549673003131
TAF6L,TRUB1,0.3686834947937128,-0.3520643785719515,0.0782927028588759,0.0782247092312335
TAF6L,MAPRE2,0.1485600437305422,-0.3821207969739956,0.0603957508598638,0.0731915823056646
TAF6L,WDR81,-0.26302634954716,0.42734524590451,0.0942051658511357,0.1648552074155088
TAF6L,RAB4A,-0.2192200881004024,0.1717289123915601,0.0711976243834773,0.0750084732440219
TAF6L,TAP1,-0.3099069894422578,0.287636299097942,0.0810914556427162,0.0638271304554558
TAF6L,HEXIM2,-0.9133492892296656,0.6058265441541777,0.3330481043224996,0.2300602017588754
TAF6L,B3GALNT1,0.7965847731137337,-0.9188572749212464,0.2897677913414658,0.3007934251969689
TAF6L,KLF13,-0.2214560056579996,0.2343103826508309,0.0676287302416998,0.082624322503643
TAF6L,B3GNT2,0.1628018807303663,-0.3712382111833675,0.0674774388688024,0.0895629131942226
TAF6L,CDC42BPG,-1.3365661283436945,0.9434719389161,0.512504453479183,0.4126805293080655
TAF6L,SPSB1,-0.7326604578181549,0.4633175292228915,0.1507365242964549,0.1577102471050766
TAF6L,ZMAT3,-0.6924461686834179,0.3824780425594959,0.1640486893660434,0.1790622978035326
TAF6L,GPR160,-0.7594021066177348,0.5991803409594124,0.2278371041460637,0.1187704230453297
TAF6L,FAM91A1,0.1481921752699981,-0.1317501304257011,0.0605167142944867,0.0549074264217812
TAF6L,DEAF1,-0.236096381210956,0.2497176485910421,0.094151633562861,0.0800159449978755
TAF6L,NAP1L5,0.3915504008879601,-0.4444046868428226,0.1685221931785377,0.1902519671557669
TAF6L,ANXA2R,-0.3906540352793088,0.8809346462989006,0.1172456104605172,0.2126113584334405
TAF6L,PLEC,-0.2643371850440471,0.3787732545341743,0.0868272082278951,0.1133499987206207
TAF6L,MPI,-0.5272642349855856,0.1687161800185176,0.0966946571110643,0.0697444702427759
TAF6L,CYBC1,-0.1337967290617802,0.2665498202453476,0.0560211255407853,0.0633896108418242
TAF6L,AEN,-0.3270321379097967,0.4949012005495681,0.0840456817029439,0.1059384155076541
TAF6L,RELL1,0.1747239089426151,-0.3538797264192119,0.0688766916395954,0.0851644850770476
TAF6L,CREB3L2,0.2312435078152557,-0.2631444010345065,0.1037550179678096,0.0984064926971314
TAF6L,APOBR,0.3621968080183728,-0.5399191925875186,0.112593768340786,0.1879861712798265
TAF6L,FAM111B,-0.5200725591869466,0.4262387848954873,0.1675666760548813,0.1533463307429614
TAF6L,IL1RAP,0.6016452000758987,-0.3434833176819671,0.1508267503879161,0.0952316573519629
TAF6L,TMEM63A,-0.2535931798906443,0.3560416042641166,0.106823764169613,0.103801513064313
TAF6L,GAL3ST4,-2.902181304709904,1.2970845301149188,1.043268974863168,0.4060305524624163
TAF6L,SPTAN1,-0.2300375805456401,0.139643016337204,0.0544492293341642,0.0566327289897313
TAF6L,TXNRD1,0.1550907952584192,-0.5239402118383375,0.0675845761098713,0.0916658405542838
TAF6L,DENND4B,-0.2309411412367854,0.2538943972360298,0.0896046534136767,0.0859841714667789
TAF6L,PBX2,-0.1801666672485508,0.2929065984074534,0.0722106178066405,0.0580555491295908
TAF6L,AP1G2,-0.2806961568530158,0.1714315646314662,0.0652351314988957,0.0687233009321503
TAF6L,CPNE1,-0.1149993817106575,0.2233204633119334,0.0531500350457988,0.0529714538789881
TAF6L,PSMB9,-0.1808872057153239,0.3453681902970083,0.0663777951315026,0.0545490782573925
TAF6L,EID1,0.1817354314250557,-0.1565798697230676,0.0584562489017555,0.0620692469447019
TARS2,PSME1,-0.1626722188715112,0.223340698356305,0.0555771057695349,0.0556080692194223
TARS2,ITK,-0.2229900990635304,0.4348993613041516,0.0728672070522493,0.090329573525236
TARS2,SLC25A51,0.3546663744535298,-0.7614471314210809,0.1157298201828124,0.249371707031125
TARS2,GDF11,1.218259932949622,-0.7716064957985166,0.1834585919355749,0.2481965196408799
TARS2,GUCD1,0.2606947044894016,-0.4114758447371297,0.0787507814748768,0.1285424230718397
TARS2,CDC42SE2,-0.1570215788016998,0.1932538068111997,0.0531964867149343,0.0729874596928156
TARS2,NSMCE1,-0.2655687374537535,0.2657684471123739,0.0772665595856168,0.0851823573164741
TARS2,SELENOW,0.2081744295293483,-0.242205060091856,0.069524603102149,0.0831286563463937
TARS2,CPNE1,-0.3296273706163201,0.2283045387280562,0.0681468866930476,0.0789465011939817
TBL1XR1,LRIG1,-0.539899437346292,0.3201266434356143,0.1526633188943221,0.0969052053719436
TFAM,NFYC,-0.2312117135859415,0.2211243059913849,0.0693467703652023,0.0849323402828503
TFAM,ERICH1,0.235253885130188,-0.3855638692435562,0.0799939783081609,0.1405649004833263
TFAM,SLC38A2,0.2216108598980015,-0.1971525777386671,0.0738802935146077,0.0825286409873249
TFAM,TMEM14B,0.2371996768193683,-0.2429378766632692,0.0793557715804805,0.1113485869829376
TFAM,TMOD3,-0.1495914977063714,0.1772649745056858,0.0503635683344488,0.0659069330797979
TFAM,OXA1L,0.1825069725790821,-0.1911307047182465,0.0586997543065423,0.0575507060994437
TFAM,TRAPPC10,0.1849118371782849,-0.2373909184630611,0.0584373077010581,0.0986610566833982
TFAM,GHITM,-0.1574735459679023,0.1683993853016024,0.0522212622533488,0.0640401677831374
TFAM,TALDO1,-0.1881586593580173,0.2307772079819717,0.0644452958690021,0.0644331009789427
TFAM,GNG2,-0.2079207665434824,0.3177325253401004,0.0610233624900802,0.0693053426093393
TFAM,PTPN1,-0.1942676693695544,0.1920801635288826,0.0555496508831085,0.0677591196231939
TFAP4,SLA,-0.439357460302395,0.3485594438292284,0.132176120609138,0.122754609842995
THAP11,EED,0.6335608970825403,-0.3978155680850474,0.1159546998903806,0.1293040192371337
THAP11,BAX,-0.1669012999056011,0.28049304932991,0.0654441484458511,0.090009724192578
THAP11,ST13,0.3042746424431735,-0.341900320796398,0.1077573304469213,0.1005972760574349
THAP11,BCKDK,-0.4585706109944919,0.2232522357647565,0.1054893104175318,0.0597279528662585
THAP11,SSR3,0.1460706448810911,-0.2281860498440137,0.0538732345027268,0.0608059980371902
THAP11,DUSP4,0.9579942818163036,-0.4191410190796438,0.3530281505818263,0.1322782364617159
THAP11,TBC1D4,1.1560912841618296,-0.6006445940588523,0.2885105013447985,0.1906300321818416
THAP11,IER3,0.7661100178450673,-0.5963113197982658,0.2776823833215638,0.2045747480502991
THAP11,RGS16,1.2704805512763484,-0.6306372297394429,0.2831182553482767,0.2137014932343481
THAP11,FUBP1,0.1747807433453166,-0.1460251427273758,0.0567385959671712,0.0477938149835119
THAP11,SUGT1,0.1776630175466756,-0.2616842389633575,0.0726455514395579,0.0637369115910488
THAP11,C8orf33,0.2528097155333336,-0.3419838275238601,0.0984609498788605,0.101960597648749
THRAP3,PSMB1,-0.1399231981924711,0.1320546853764334,0.0511236880151441,0.0353016555726948
THRAP3,MT2A,-0.610407729507761,0.8806357722920969,0.1655932143302426,0.1825791869271834
THRAP3,ANAPC11,-0.2166617502280913,0.1441842822489006,0.0760856989560757,0.0418061306469037
THRAP3,SGSH,0.5075267410656695,-0.5467856439333615,0.158402858194546,0.1818828927494016
TIMM8B,MSMO1,0.8268407978905414,-0.4885572211855425,0.1708201894793158,0.1642403837264539
TIMM8B,MTHFD2,0.5002473096791625,-0.2471397209803791,0.13673848158896,0.0906159343423092
TIMM8B,SLC7A5,1.1803019183610353,-0.4175275132071271,0.2485376307729952,0.1529897396337916
TIMM8B,HMGCS1,0.7477664120553477,-0.4618442359900475,0.1864092529152251,0.1626045362341348
TIMM8B,SLC16A1,0.5578478266725356,-0.5482534258213312,0.1423553735305877,0.1755347368287933
TIMM8B,GPT2,1.9513338306267167,-1.3148942233279135,0.3802204395254132,0.3952832216369962
TIMM8B,SLC3A2,0.4140105913721021,-0.4253072646351618,0.1243241916542236,0.1346752890922085
TIPRL,FAM162A,-0.4145940762084253,0.2253677853521179,0.1250682084883672,0.0748040221794562
TIPRL,ACAT2,-0.4849375064109331,0.3352137932413808,0.1297325253064256,0.0647309881002422
TM2D1,ETHE1,0.2569663449687208,-0.2166738951924178,0.0756841047542585,0.0681517611474708
TM2D1,CASP9,0.4125131013301563,-0.3709899406738168,0.1114701821151896,0.10083845673505
TM2D1,SKIC8,-0.2912280065668297,0.2150451486084777,0.0977373912610566,0.0692276466234366
TM2D1,UEVLD,0.3867836583217331,-0.2255036173038374,0.1050509770842133,0.0816611139718576
TM2D1,SLA,0.3879271856045945,-0.3870024574349174,0.1113954657902619,0.1233332588743506
TM2D1,ATP5MC1,-0.4365929985752449,0.2401472626966657,0.1480854646373391,0.0896894553269192
TM2D1,MLKL,0.2872280107226661,-0.2737158879490149,0.0932386584788921,0.1050679544372561
TM2D1,SAMD9L,0.2919872573856817,-0.4789983546327089,0.0950565262689937,0.1864152612822728
TM2D1,E2F4,-0.1984059687151073,0.2202050547439967,0.0648434727164919,0.0658811294834203
TMED2,AP1S3,0.599415299266495,-0.5461809686379293,0.1827771589461464,0.1528449999237076
TMED9,OGFR,-0.4285309261355569,0.447991809865668,0.1236434136604443,0.1248741997432529
TMED9,RBX1,0.3172399680824836,-0.3160918247566347,0.0959541671105928,0.1030942173088036
TMED9,NDFIP2,1.1628085388200031,-0.365904271722297,0.3229535603794186,0.1128240103603142
TMED9,RGCC,0.5433563192478389,-0.5689440752501046,0.1746847863614266,0.1971874620464343
TMED9,WSB1,0.4670934306369597,-0.3780261548267273,0.128705529976383,0.1195533420561452
TMED9,IVNS1ABP,0.8147136370237508,-0.3224753657636984,0.1430091172155045,0.1127850526298938
TMED9,HAPLN3,-0.5547147467654676,0.9078218246291172,0.1913081364318627,0.1696842240949993
TMED9,LY6E,-0.3149820115987232,0.3642777896870268,0.1093650528380639,0.1028144008480037
TMED9,RAB8B,0.3652895941201514,-0.4938280829650801,0.1047678755970263,0.1413522601385938
TMED9,NFKBID,0.7974842066344286,-0.766611389569572,0.2881977790483617,0.2727461621171237
TMED9,DDIT4,0.9212924879425984,-0.4504494342429745,0.2676632632033947,0.1160542892131291
TMED9,TMEM216,0.7460754930774398,-1.0722836576797832,0.2921055551523051,0.3671705729158338
TNPO1,MYO1G,-0.1639993057127311,0.1620900164977195,0.0505031467997567,0.0526375711754506
TNPO1,SIRT3,-0.5537991986806636,0.370741286597366,0.1972575890251745,0.1165861619487771
TNPO1,ATXN2L,-0.1435662761512071,0.1210664670659797,0.0538420541961425,0.0459033138513204
TNPO1,CBX6,-0.3260121278634446,0.2159882919173711,0.1028063588134751,0.082318985395911
TNPO1,APOL6,0.3276851913390637,-0.2224619451310259,0.0681969143654745,0.0789243047484074
TNRC6A,ASCC1,0.3857226452039704,-0.2393041656225539,0.1094799606729551,0.0900535687957493
TP53,CHIC2,-0.1652873573604387,0.2129573866204116,0.0628190471537354,0.0695358398507339
TP53,AGO2,-0.1191582642185355,0.1651277419838756,0.049951280645311,0.056860260617001
TP53,ZFAND3,-0.1255245100445311,0.1735116652053738,0.0434765316234628,0.0554598766972432
TP53INP2,GNA15,0.7019813280139147,-0.3129887081213847,0.2486435905386972,0.128208249416912
TP53INP2,TRPC4AP,-0.1785627357545438,0.2371699043729447,0.0611894505437222,0.0656209344129052
TP53INP2,SFXN3,0.3204736456744284,-0.3436034800597228,0.0992091063948382,0.1251383588836679
TP53INP2,TMX4,-0.3469253894257243,0.3230138835494714,0.114920590746198,0.1000120635987869
TP53INP2,AMPD3,0.4139606117686349,-0.4192374779444877,0.1339489706964299,0.1424508193924594
TP53INP2,ENOPH1,0.1946469310073874,-0.2215489114216273,0.0665490344955941,0.0640193417951947
TP53INP2,CCR1,1.693934029710067,-1.365192196567085,0.5073853179560035,0.5198462979496535
TP53INP2,TLCD3A,1.129415817925444,-0.7364424121789159,0.2725648185777086,0.1547583114886762
TP53INP2,MAPK1IP1L,0.1294698356438503,-0.2231674489665304,0.0427180572661314,0.040590752622059
TP53INP2,UBE2H,-0.296094025077762,0.3003684505162671,0.105100303336532,0.0854042648988724
TRAF3,MTSS1,-0.3607902760382753,0.591380654027387,0.1179489806052956,0.2109048219464933
TRAF3,INSIG1,0.3662942805590432,-0.4395938753037886,0.1420291481505144,0.1213936023309133
TRIP12,RNF126,-0.2725002650312351,0.2290365541417913,0.0808774385469592,0.0740347346292459
TRIP12,PSMC6,-0.1864354492102629,0.1308047843340891,0.0674551839871152,0.0445301042220852
TRIP12,IDH3B,-0.1959769788984383,0.2009631591126946,0.0535836040235091,0.0457987399303226
TRIP12,BABAM1,-0.1222949727836968,0.1086348471250638,0.0489284786607394,0.0362977670928637
TRIP12,ECSIT,-0.2756788865786729,0.2174295044784218,0.1020737457121182,0.0709730948427241
TRIP12,FCHSD2,0.2281591610594733,-0.2325232817988966,0.0892843121522979,0.0788916049991184
TRIP12,LRPPRC,-0.2095011935682199,0.1652829624585091,0.0825822659902109,0.0611226404123734
TRIP12,CD96,0.1981694192177063,-0.422846809857853,0.0731383928736162,0.1354885978331713
TRIP12,MIX23,-0.5197696687241469,0.2456612951090878,0.167789960643507,0.0897090642895803
TRIP12,GOLGA2,0.2151190293470405,-0.321105862567992,0.0862673673634411,0.0777620597673696
TRIP12,QARS1,-0.230072939648071,0.1199251089809171,0.0582260644629633,0.0368652020660629
TRIP12,LYSMD3,0.1480143080800348,-0.1682306895145577,0.0574664096017437,0.0625530360525094
TSC1,GCLM,-0.2674140251845328,0.275256366779124,0.1051055609508179,0.0908941542243537
TSC1,KCNAB2,0.186986933178785,-0.1812426061041818,0.047985252450278,0.0510654111824204
TSC1,NCK2,-0.2983708779498442,0.3171530542927146,0.1217794085756197,0.1137540611554146
TSC1,HSP90AA1,-0.3069883621029242,0.2406471631149322,0.1213758442049657,0.085625945330899
TSC1,NUDC,-0.2830021709144917,0.2437592600071095,0.094140200900544,0.0676055346045051
TSC1,ORC6,-0.4574817382405606,0.1691990157757876,0.1459321967265451,0.0672909258716618
TSC1,UBE2R2,-0.1823901936576671,0.1188682947095542,0.0522884219307184,0.0430257657836663
TSC1,COX7A2,0.1174182279608592,-0.130394510766318,0.0474406967594497,0.0479876690455582
TSC1,DGUOK,-0.1529270370449763,0.1344942651985145,0.0624233935975137,0.0542641685959583
TSC1,VAMP8,0.1556317407683888,-0.1432765858255311,0.0561337962947194,0.0560233754412234
TSC1,EXOSC8,-0.2924011617438043,0.2986461316469417,0.1006814837779521,0.0645811646231767
TSC1,MXD4,0.8811336094121982,-0.7083099612995046,0.1331805479821087,0.2396466708496792
TSC1,MGME1,0.1536121170930713,-0.2300963620693582,0.0649617826356662,0.0799969461217157
TSC1,IGFLR1,0.3308095142812672,-0.4845958063669847,0.1206543322735371,0.126038142899063
TSC1,HNRNPH2,0.1838136229065353,-0.2500834232229266,0.0674186855285038,0.0921346081389884
TSC1,DSTYK,0.2850134245122561,-0.3415299210201267,0.1195325733700809,0.1367116457801243
TSC1,CCDC59,-0.2925649935049866,0.2181455819101937,0.0841542745366704,0.0725528059224991
TSC1,MICAL2,0.5200368696310644,-0.2948299679264028,0.2022222438419864,0.1090186964309479
TSC1,RBM17,-0.2013264874512342,0.1532526177360361,0.0735930387846419,0.0511054760808515
TSC1,WRAP53,-0.4088594842163996,0.3267637808159968,0.1368215793886457,0.0915302674219397
TSC1,ILF2,-0.2002619595455945,0.158508441869472,0.0806052914499204,0.0544364678885861
TSC1,PDCD4,0.5050416292329201,-0.3854750370827015,0.1433503561114486,0.101537431549239
TSC1,AP1S3,-0.4892296912314544,0.4400287322642233,0.1955530306559638,0.1281894639660707
TSC1,HK2,-0.5519831370219557,0.2094748710044277,0.2104024670074096,0.078049991726149
TSC1,EIF4A1,-0.1918144820395373,0.1974594091818585,0.072263506800947,0.0461430521643268
TSC1,IFI16,0.1157492604106542,-0.1748391849151126,0.0427538608969672,0.0641426014790194
TSC1,C4orf3,0.2084415802049301,-0.2259714047439202,0.0474717350391344,0.0758302590491452
TSC1,VDAC2,-0.2686200414510931,0.2308426548386482,0.1005573334330475,0.0612852078984231
TSC1,FASN,-0.4451786888816293,0.2702339214557599,0.1395714168490932,0.0984662121153398
TSC1,CTU2,-0.4871359264047258,0.3509964202562884,0.1645146260623063,0.1236720982685501
TSC1,KLC2,-0.3029141037155852,0.4000037114919668,0.1103376663178927,0.1006074081302566
TSC1,ANKLE2,-0.1949127056913364,0.1719540398022606,0.0691493528712667,0.0625207487397972
TSC1,GLRX5,-0.2985088893266709,0.3182763544143873,0.1077457492868241,0.0799131580432183
TSC1,CEP63,-0.2592751422099411,0.2834271356096846,0.0984699915897644,0.0932004927251079
TSC1,UBE2H,0.4148590469409458,-0.3172151642261219,0.1017115556870914,0.1268369960745576
TSC1,HNRNPAB,-0.3175865396645483,0.2344110266328374,0.1057389849820618,0.0718692653049093
TSC1,FAR1,-0.1991547141732556,0.1938464800694127,0.0739771461614282,0.0705165234745486
TSC1,SNHG32,-0.2871762226755642,0.3357223452163007,0.1159105512372904,0.1049522623367377
TSC1,MYCBP,-0.669699081928538,0.1645512956100728,0.0998525646745049,0.0598493874572242
TSC2,RANBP3,-0.1805024304863697,0.1810193936452389,0.0638798460991056,0.0551247967868015
TSC2,UQCRC2,-0.2309235551636514,0.1605638650775614,0.0655634466445615,0.0433191246515841
TSC2,CD3G,0.174671058941294,-0.1863191301464302,0.0489519428731772,0.0653694429243406
TSC2,RCSD1,0.1463435970589892,-0.2020757398535414,0.0450644744086764,0.0638225743577223
TUFM,HMGCS1,0.7826122304482108,-0.5760347985682067,0.220689866667292,0.19806199510944
TUFM,DHCR7,0.9197115545801148,-0.7434809632761132,0.2710334960802003,0.2416269156617292
TWNK,ENO1,-0.2348659187398132,0.2555290970649478,0.0594318555205331,0.0424078309155747
TWNK,MIF,-0.412443811633278,0.1805938025068902,0.0875113485814398,0.0435776987703952
UBAP2L,IDS,0.3248163526779561,-0.2592045496856262,0.0847045514063567,0.0700880491853318
UBAP2L,ASXL1,-0.1390573839564294,0.1435829100499384,0.0517243112991243,0.0433876279655678
UBAP2L,AGTRAP,0.5355051104134757,-0.4446916207130326,0.1512453599689625,0.1666188930830555
UBAP2L,KMT2B,-0.1754243709088671,0.2199059659633159,0.0637973873426032,0.0701170978672677
UBE2I,FOXO1,-0.4875552437882855,0.494691957016904,0.1469382723826059,0.1235815960168965
UBE2I,NSMF,0.5257146099438459,-0.4690425235768343,0.1735490396792306,0.14737131163857
UBE2I,HPSE,-1.160241139164686,0.8649617128654713,0.3966351452666193,0.2166263757746254
UBE2L3,HDAC7,0.2603192283190277,-0.1800817642549604,0.073910114133857,0.0645415273459173
UBE2L3,PSME1,-0.1493737814648857,0.1373736666821065,0.0510811361885093,0.0414301920046656
UBE2L3,ENO2,-0.3055222625963157,0.2971507752850411,0.1227919974881299,0.095848587402426
UBE2L3,SFPQ,0.1941417792006536,-0.1946030557381472,0.0710584357950994,0.0671477119447684
UBE2L3,SOCS2,-0.5385372874768442,0.5277980579047505,0.1481038781402368,0.1235993592410023
UBE2L3,LGALS3,-0.4548143673955764,0.6135814232275222,0.1407730340061566,0.1501587941730011
UBE2L3,FBXL8,-0.4510661888541183,0.295955522864181,0.1299604839281311,0.1098482632749183
UBE2L3,CASP6,0.1645079152056411,-0.202760960721823,0.0660569791352407,0.0783618307689158
UBE2L3,TTYH2,-0.4427118741926507,0.7988250845410986,0.1658055205424293,0.2213395308142432
UBE2L3,NACC1,0.131416530892103,-0.1423128614907668,0.0531800845398154,0.0472482340019973
UBE2L3,DTX3L,-0.1794612292047484,0.3789169036970671,0.0712479739493726,0.0981530265481565
UBE2L3,TAF9B,0.2264057151804271,-0.3042283229418371,0.0816753804513369,0.0983131490287295
UBE2L3,CD47,-0.1114113868650741,0.2034758555011788,0.0368553124807542,0.0456350149880317
UBE2N,MYC,-0.8931159883987134,0.8070942865282694,0.2609977284157148,0.2185329548921482
UBE2N,CD53,0.2593510648005108,-0.4210247860621827,0.0837688158632452,0.1215717576623101
UBE2N,RASGRP1,0.3180630816753867,-0.4951017600856838,0.0962288170332287,0.1438979464956442
UBE2N,H1-2,-0.7043838725526832,0.5056650734888987,0.1956067065321834,0.1355992470874773
UBR4,TACC3,-0.365762973583559,0.236468715275993,0.1127701486931009,0.0711948147895737
UBR4,TMSB10,-0.3526559781754669,0.211291587303519,0.0534086772135179,0.0764982056805274
UBR4,KIF4A,-0.460036942813578,0.3565864373811968,0.1773860342412904,0.1325245039916088
UBR4,PGK1,-0.3358676176366164,0.3332697719570737,0.1107183620443417,0.0725306894852984
UBR4,RELB,0.2922153728216853,-0.2789456403259033,0.1085682578241671,0.0943992114537229
UBR4,PFN1,-0.1640166824698917,0.1663242119414497,0.0488995644901391,0.0354654978780066
UBR4,IL23A,0.5383809287062239,-0.8250645112415441,0.2035948949829776,0.2681834319718458
UBR4,LMNB1,-0.5338681329269352,0.2305033814853749,0.1287489877695493,0.0837158760192894
UBR4,IFI6,-0.3924374203131368,0.5042829805966627,0.1102103937081586,0.1669845140654596
UBR4,GEMIN7,0.2768172092938631,-0.3636919339009671,0.1088347984381394,0.1278910506130152
UBR4,LYAR,0.3786223202152948,-0.4307073223880255,0.1056507302022274,0.1280008980175282
UBR4,HMGB2,-0.3377450003923544,0.3025567635403051,0.1270203305637866,0.062790628232108
UBR4,STXBP5,0.2566780428007585,-0.6799423156002841,0.1047920777824637,0.1925720032004399
UBR4,YWHAZ,-0.1536257127384477,0.1348707417971855,0.0479519152010714,0.0528138142746185
UBR4,FAM111A,-0.3179051869335097,0.256613442961016,0.0998403909456773,0.0976764896638648
UBR4,CFL1,-0.2164639646378222,0.1657474372126965,0.0507804920881836,0.047956272180536
UBR4,COX8A,-0.294978452837588,0.1497005414755575,0.0694956976379462,0.0558558119653812
UBR4,JUN,-1.1701337334192763,0.568679873610122,0.3557171694176229,0.2073605592888395
UBR4,IDH2,-0.3427160883479857,0.2795613938019214,0.0929085255107688,0.1043135889835061
UBR4,ACTG1,-0.176235624949631,0.1541160790975366,0.0718382673336466,0.0544792641508588
UBR4,S100A6,-0.1862905717500595,0.1985263781140091,0.0748141682235828,0.077154527684824
UBR5,CLEC2D,0.1699563617141143,-0.1622583079990299,0.0596834154592488,0.0635002947178102
UBR5,SESN2,0.4926732065684503,-0.4288518779333495,0.1558173360344142,0.1527366594911543
UBR5,EDEM1,0.1684628285046446,-0.1502876874615647,0.0512724020798898,0.0515767928450956
UBR5,EPG5,0.2644631199500986,-0.311179849146958,0.0969426479645209,0.1243413614445905
UBR5,COX6C,-0.1307987956515508,0.09221931112323,0.0398378278153815,0.0313367004730425
UBR5,DDIT4,0.4497047721273001,-0.2913096519075162,0.176420411824441,0.0996026538059504
UBR5,S1PR1,0.2137862957965081,-0.5711946499222454,0.0790475092731279,0.1423085829205478
UBR5,NHLRC3,0.2759208585077707,-0.4320710050603896,0.1057706877216393,0.1199957445920321
UBR5,ZSWIM8,0.211144365181375,-0.3275825313889035,0.0833414667172394,0.1310491843912011
UBXN1,LIMA1,0.4782926637764897,-0.3274186839129591,0.2017680955133262,0.108863773955772
UBXN1,DHPS,0.1985218245690871,-0.1884319464307466,0.0835067833789979,0.0605951336089772
UBXN1,SNX16,-0.4023625039579158,0.5519773372521443,0.1664662922563727,0.1200322322816932
UBXN1,STK38,-0.5160499405719493,0.2424457992103681,0.1236342696579727,0.0810950703241835
UBXN1,THG1L,0.4974216660841531,-0.3373399023232571,0.1619390614275842,0.0899495959871683
UBXN1,FAM162A,0.527924949715426,-0.2685641327652064,0.1492234809305677,0.0862731602764427
UBXN1,SNX17,-0.1083116433981413,0.1708683326195172,0.0497758025782116,0.0511444508136138
UBXN1,CDK7,0.4260723489902366,-0.2779674192549257,0.1064765779005802,0.0853360323327892
UBXN1,ORC3,0.2754788565633765,-0.1954665483517648,0.1068775635253709,0.0685134828057896
UBXN1,PRPSAP2,0.3894543191080636,-0.2411866843488023,0.1298833937419804,0.0818807034362825
UBXN1,AZIN2,-1.832441971576816,0.9337881115753688,0.4923257865613319,0.3216074676471335
UBXN1,ARL8A,-0.2159631043904032,0.3239564911783117,0.0885219374814052,0.0694160800874925
UBXN1,CD3G,-0.1573290265511156,0.2086034608806895,0.0743478900195809,0.0626291717910828
UBXN1,NFIL3,0.6266470004725513,-0.2571312322936109,0.2359427272511018,0.0871490483780568
UBXN1,MYD88,-0.2343233549657264,0.3685819935645957,0.0990738975178396,0.0853484361468777
UBXN1,ERCC6L2,-0.2820545608982603,0.4368993600071275,0.126042336502236,0.1148615372450743
UBXN1,SOCS1,-0.3255373773269598,0.3052088372500885,0.1603255994200925,0.1022805745839539
UBXN1,MIF,0.2552470391197277,-0.175889635879033,0.11814259804386,0.0411346367292788
UFL1,NEMP2,-0.4565836349776654,0.4045803563883974,0.144844515690806,0.116536733827838
UFM1,HACD3,-0.243358268558745,0.378047571157435,0.0921993750475971,0.0654934785602341
UFM1,PTPRC,0.1691829975959445,-0.1796997285786098,0.0504254934871249,0.0694993455977868
UFM1,HSPA8,-0.2346459020051039,0.3494554585867122,0.0709550359362941,0.0869074265080985
UFM1,DNAJB1,-0.2417905815046026,0.500289787889336,0.1015553267256909,0.1312569135346213
UFM1,XAF1,0.263948184411592,-0.6976627661318918,0.0987211730133734,0.2256014428995795
UFM1,CLSTN3,0.2967942551211344,-0.3571033708611807,0.0987838073444194,0.1066440949748514
UFM1,RNF145,0.2223496593648925,-0.2571492263133891,0.0598247102992501,0.080360659538415
UFM1,SUV39H2,-0.2852537718432811,0.1755366172357388,0.1207784366793113,0.0649567092463679
UFM1,TRA2A,-0.1477011940224532,0.1618443213828321,0.0543618182040659,0.0548246799530837
UFM1,MTSS1,0.4637361072086026,-0.8353988082957464,0.1359801848132071,0.2739077154621983
UFM1,PTEN,0.1587329441352981,-0.2903925001071478,0.0652335029861133,0.0986826735400264
UFM1,RCC1,-0.3000274437363572,0.2393265679815197,0.1137405793763101,0.067182637131064
UFM1,PLSCR1,0.2333323169379898,-0.3343902132491331,0.0936334709242954,0.132818245229554
UFM1,ANKRD13B,-0.4299460398971887,0.4027309625333804,0.1551664832061817,0.1242705140443457
UFM1,HSPA1B,-0.4890802386663312,1.172164395012218,0.1429175480287852,0.2284278533181901
UNC45A,CTSB,-1.2316353630876542,0.8118904823301772,0.3755001939334897,0.2075430936402863
UNC45A,ISG20,-1.274177224383957,1.245962481738236,0.4434662682475319,0.338329181165733
UNC45A,CCL5,-1.717802038125231,1.3927577642706832,0.6339308927585248,0.3909633841168451
UPF2,C1orf112,-0.6305037847278072,0.4263604193301795,0.2164147394534672,0.1287647820197007
UQCRB,PSME1,-0.3072714652786362,0.2157061848616998,0.0661911736346483,0.0646274173900856
USO1,SLC1A5,0.6608604316634985,-0.5816455697123839,0.2023677408574948,0.12071628370089
USO1,PSAT1,0.8591778806607673,-0.5007800388130805,0.2163546507409844,0.1492021895166129
USP22,PRKCQ,-0.200265355093214,0.261528289028616,0.0684767633920985,0.0835777338657491
USP22,IL4R,-0.3458173125459494,0.424906695406332,0.1384990836861714,0.1327407481399783
USP22,ITGA6,-0.3659525610980075,0.8966054053705859,0.1507069436650839,0.3412505309977808
USP22,BLMH,-0.2380487350620384,0.1466909218302964,0.0669784171711566,0.0603352802769908
USP22,CILK1,0.2747005956607371,-0.4716659641469014,0.0974609899725408,0.1445922368316763
USP22,ARL1,0.1566254874352358,-0.1941850539293932,0.0597661423020919,0.0572660247481532
USP22,ERGIC3,-0.147508855387663,0.1128764999085381,0.0607485659275381,0.0452561460962924
USP22,HIVEP3,0.4787739867282198,-0.4650637204765735,0.1440828750060028,0.1479228210993509
USP22,TRIM5,-0.3292059215794913,0.4434206398546406,0.0929786684067775,0.1034672666884849
USP22,HILPDA,0.3892450586698568,-0.5838204857977175,0.1641011030650267,0.2076826061375468
USP22,WARS1,0.3978072717683801,-0.279409670241653,0.1287946338438849,0.1016388967025685
USP22,SGSM2,-0.5407228541436442,0.3046477239540783,0.1353009834418729,0.128219155195216
USP22,ATM,-0.4325269497619382,0.3569464816612923,0.0937969222684294,0.1101537675643037
USP22,TRUB1,0.3420625251681267,-0.3165310238481696,0.0672864414506736,0.074254778454236
USP22,PDE4B,-0.3209599762334865,0.3886682703220205,0.113537600666,0.1548958687909091
USP22,ANKRD46,-0.2776354011822206,0.2318080595558859,0.1145590543276617,0.0949231625278354
USP22,PDCD1LG2,-0.6294692441237149,0.6694475501655754,0.2622472683620617,0.2545454174264967
USP22,R3HDM4,-0.1982581325715588,0.2130582640221799,0.0747691526881317,0.0692354515346032
USP7,CBFB,-0.2726767875757135,0.2296145569921738,0.1051148674425162,0.0899339381745235
USP7,CD59,-0.8457304532935223,0.6056678784805514,0.2094605349994055,0.2297375871641378
USP7,SH3BP1,-0.4333334187215292,0.2682442406334473,0.1032032887132459,0.1008614210060386
USP7,STX4,-0.4635679662867867,0.3531674972667029,0.1620976021020804,0.1338557788843288
USP7,LDHB,0.2244497985997808,-0.1742049377049384,0.0814311639170408,0.0575937254240745
USP7,EMP3,-0.4087568163440673,0.2364387031648796,0.0856642572740381,0.085754610548196
USP7,PCSK7,0.2990362930506962,-0.4962972208150749,0.1079642386749892,0.1751661391704752
USP7,SLAMF6,0.5568163088448024,-0.7266262959779836,0.1839186551358294,0.2517622584072679
USP7,AIM2,1.5361607112554854,-0.6768891403219675,0.4718007671341892,0.2209808394418293
USP7,JMJD1C,0.4886663065479559,-0.429146233749036,0.1203334210704114,0.1668499605227476
USP7,FAM241A,0.7665105905510764,-0.7990504996929307,0.2841091550109307,0.2805155660320272
USP7,EVI2B,0.492182015748835,-0.567213573321559,0.1429372986153628,0.2184572433319409
USP7,FAM111B,-0.9428045126583952,0.6563425504500722,0.2799389019096734,0.2331971552209148
USP7,FLNA,-0.2767929866987472,0.3523330648997146,0.1004668401729473,0.1088801610307176
VARS2,RAB10,-0.2497592635589946,0.2338904179076313,0.0717093573794961,0.0872677798416962
VAV1,CCR5,-1.6392007704871694,2.2315097903672405,0.3683584085903115,0.4183036104200291
VEZT,TMSB10,-0.3231499621274522,0.411282559848433,0.0720068416056201,0.0905828046300241
VEZT,MIF,-0.3703416650803548,0.1722917504613393,0.133807978286795,0.0576816491151318
VPS41,TNFAIP3,0.5902151196421349,-0.5388057677109015,0.1944648248646922,0.1394338809737331
VPS41,PMAIP1,1.2169195946633795,-0.8784203523150723,0.2405666580227097,0.2712504055970742
WAC,TTC7A,0.2196374808467304,-0.3453352336137831,0.0870551355683735,0.0894116130830861
WAC,DGKD,-0.3541730575793306,0.3027799305494383,0.1158970471832908,0.1103181674357252
WAC,SMARCA2,0.2182955485199148,-0.3457521854487878,0.0806777833123639,0.1092765036859655
WAC,PATZ1,0.3161905289530444,-0.4308474260132026,0.1235260810968156,0.1650981851558352
WAC,GZMH,-2.6974691559068944,1.2550231807497176,0.8716253025957985,0.336577625318486
WAC,RIOK3,-0.2478361749611246,0.3154399951480768,0.0901514220118406,0.0726575552513593
WAC,GNLY,-2.1293630638925287,1.641821910660329,0.7255224034032888,0.6059341294589422
WAC,RAB3GAP2,0.2172704994192902,-0.2350523519606488,0.0755298426698085,0.0748072165995265
WAC,WBP4,0.2839930394571922,-0.2053137736678945,0.1062715731577793,0.0855389911803617
WAC,MGME1,-0.2564129804614768,0.1685465571000674,0.080032975866799,0.0679099741534475
WAC,FLOT1,0.3771927093921272,-0.1835140733714687,0.1257132391063428,0.0566327505055722
WAC,ARID5B,0.3483347078348472,-0.2892296097516155,0.0948367701992238,0.0833890206112833
WAC,ACSL1,-0.7193195487182538,0.4225386815589037,0.2240707315947458,0.1214139624106233
WAC,MGAT5,0.3571224560475801,-0.4437068395374803,0.1383257460715039,0.1740618232124568
WAC,TK1,-0.4505766879734268,0.3336049150046142,0.1639661286585169,0.0661015517345116
WAC,CHCHD1,-0.29290792763872,0.175025354479746,0.0895373582114757,0.0603488868794082
WAC,RAB1B,-0.1796024530602802,0.1463140499187639,0.0547850792121923,0.0468475675387538
WAC,GPR132,-0.2871259138668581,0.3348314224427742,0.1024798054208389,0.0943751399304105
WAC,PDE4B,0.3110981969903266,-0.3949705774437468,0.1140031694571027,0.1617028005615371
WAC,S100A10,-0.2144500351426943,0.1557646517053567,0.0726860271850783,0.0634690522803461
WAPL,DDIT4,1.075319980672752,-0.5367005512154137,0.3380285197686338,0.1384153256341258
WAPL,MTX3,1.0149694118696535,-1.0976616598361186,0.2573420058676626,0.2031454434119193
WAPL,TUBB,-0.8895864386629336,0.3490642279599933,0.2587992182938215,0.1167280090154254
WASF2,FAM136A,0.2498255356220336,-0.2176857893635969,0.0897891948719363,0.0749752286748962
WASF2,UBE2V1,0.1369574407007815,-0.11881747244634,0.0413358299329472,0.0395700303782108
WDR59,TGFBR3,-1.344879472733489,0.5596125437406865,0.3634110489579977,0.2161144420663115
WDR59,DHX40,0.492322106136431,-0.666153364814485,0.1551288306064628,0.1638546073242217
WDR59,TNFAIP3,0.5496516382444331,-0.33038946377344,0.1817858121223583,0.1205211247443375
WDR59,SLC38A2,0.3603416487782995,-0.2509407369205397,0.102868592438488,0.0883282884625907
WDR59,TMEM267,0.4488220528241384,-0.5507497302736043,0.1604720644804369,0.1605569083318072
WDR59,JMY,0.7659944666582416,-0.8790018476821287,0.2074999542345723,0.2790314629943496
WDR59,SLC3A2,0.397780111299221,-0.7755162612833814,0.1158676889129121,0.1048846788151543
WDR59,DDIT3,0.6285477616436277,-1.1592258581140822,0.2004463656146883,0.2512635629572655
WDR59,SNHG32,0.4651040213749652,-0.4905586795495754,0.1430044805976977,0.1561665109635322
WDR82,TACC3,-0.4030320198697495,0.279532280510703,0.1230673277444028,0.0699107172350051
WDR82,POU2F2,0.479775031260176,-0.6230579125448621,0.1707425909964896,0.1735703429295896
WDR82,ASPM,-0.7506855860806353,0.3318900699761015,0.1882927962326053,0.1007925920759595
WDR82,HMMR,-0.75860945683186,0.3437393801559416,0.1975665383411685,0.0911850590683812
WDR82,KIF22,-0.392702816302294,0.2068475471945861,0.1195347510230364,0.069578480626265
WDR82,TPX2,-0.7297497556239936,0.2155516075279011,0.1614560422451713,0.0780255298998109
WDR82,TMEM147,0.2514633861876525,-0.3444578466128508,0.0964012676716978,0.1002812313232934
WDR82,TMEM106B,0.3028972424193749,-0.2349553458317745,0.0943697667540822,0.0962730647252889
WDR82,UFM1,0.1972854661877433,-0.2628108356789869,0.0753188022744805,0.0836101573581292
WDR82,E2F8,-0.541330424272849,0.3742492547644299,0.2126924593527167,0.1398737915649177
WDR82,TOP2A,-0.6556497793838669,0.3439194103735661,0.1860602640487093,0.1088899173359509
WDR82,IER3IP1,0.3797987474504714,-0.3549343556894553,0.1073368491585623,0.1244435222502202
WDR82,CDCA8,-0.6820427638670234,0.2655807258627996,0.1858369105036932,0.1018894624579517
WDR82,NUSAP1,-0.4886004912108772,0.3245023572307995,0.1456069792005235,0.0849892843107924
WDR82,C18orf21,0.2694950536909012,-0.3240454145209421,0.1062370785745931,0.1293150973611981
WDR82,PLK4,-0.5750565297430217,0.2501024648873195,0.1860582456624074,0.097228475625684
WDR82,CAMK2D,0.3762996002316911,-0.4266833408362964,0.1379178539860977,0.1376261449784411
WDR82,MCPH1,0.2802169781728109,-0.3668973277427908,0.1085192098532304,0.1382981323711586
WDR82,CCNB2,-0.885249846404628,0.256042247650864,0.1894315092834383,0.0852663650796011
WDR82,RACGAP1,-0.5152968698184817,0.3729231019897441,0.2018773622261501,0.1277124496144091
WDR82,HMGB2,-0.6656653791927387,0.1952330429606701,0.1407694840669458,0.0639203075603621
WDR82,OXR1,0.345001428913501,-0.4072163910621426,0.1262636988725225,0.1539392714931637
WDR82,ASMTL,0.2898837853805198,-0.2381837980145062,0.1057832686328392,0.0866784628084084
WDR82,BUB1,-0.6917341889491988,0.2020336015298992,0.1646927824991579,0.0812019687286504
WDR82,CFL1,-0.1654508416420856,0.2234638491404114,0.0551112350943234,0.0462726050499469
WDR82,ACTG1,-0.4024203645135175,0.220462535453892,0.0785582153063122,0.0555502730224592
WDR82,TUBB,-0.3626731452130528,0.2228901597130747,0.1358568174625974,0.0770630335546546
WDR82,PRC1,-0.6224453409537275,0.2530277441433588,0.1714671449685807,0.0980963946881888
WDR82,MXD3,-0.6377311727336357,0.5262372177267293,0.24664067968643,0.2155735579777759
WDR82,KIFC1,-0.4519953233084775,0.2140042522812145,0.1602445342712782,0.0786662638879682
XRCC2,TBC1D1,-0.7276387284024695,0.6843680206065709,0.2525658187543515,0.205559277348733
XRCC2,ASPM,-0.7000942557606952,0.3665202378221849,0.2311783431034755,0.1245400239763275
YEATS2,STK17B,0.2732672648550061,-0.3739221237070481,0.0855973109636767,0.1115788211340165
YEATS2,MCM5,-0.5101182965906482,0.3006972746817323,0.1681993035943264,0.1115728900271793
YEATS2,GPI,-0.5508845370225803,0.5933261111420189,0.1851637401071694,0.1090294818652294
YEATS2,PFN1,-0.1469153124962405,0.1740635236912732,0.0535943682148001,0.0471331317579661
YEATS2,DNPH1,-0.4224974499300995,0.556198917731869,0.1531549288033452,0.1468594482912249
YEATS2,NPC2,0.3623787663754415,-0.7382517295229762,0.1202617544349739,0.268966868269837
YEATS2,CDK2,-0.7159680340226958,0.5240899014797527,0.1974680065452232,0.1426802080065818
YEATS2,CALCOCO2,0.2875248949754818,-0.5631613526151644,0.1081064088784978,0.2029591329987953
YEATS2,IFI44,0.6406446524333683,-1.2853855282313702,0.1586340327022555,0.3378445674448277
YEATS2,RPP30,-0.4409531463516297,0.4520650069453208,0.1461885686982274,0.1483635676545758
YEATS2,CUL5,-0.3906414558379722,0.48660087189443,0.1397395660060824,0.1676982410725317
YEATS2,SLFN5,0.3571118356269709,-0.8049691343171442,0.1222918322874513,0.3032809600684436
YEATS2,APOL6,0.2799371282511892,-0.9025690056528728,0.0877897592792055,0.1852393411740862
YEATS2,CCL5,0.8877629805850957,-1.077960535667459,0.3385239846875962,0.3311257533588493
YTHDF2,SLC25A40,0.2195384961817614,-0.2060933861880981,0.0827505567137228,0.0834386858837314
YTHDF2,CDS2,0.2080908909442589,-0.2392580732006578,0.0524479331257078,0.079957040275423
YTHDF2,STX4,0.1911523026758697,-0.2408810244764301,0.0721536458909814,0.085909142835594
YTHDF2,KDM3A,-0.2552632352528401,0.3290552007206975,0.0911380728295229,0.0716496780386767
YTHDF2,APH1A,0.1908436986452752,-0.3053876876524719,0.047855752496993,0.0697718894810401
YTHDF2,FKBP11,-0.3543161609904016,0.275818395599618,0.1157286774174631,0.0901386986670548
YTHDF2,CAB39,0.1618465197844057,-0.1365329420842927,0.0564920920347954,0.047548059152034
YTHDF2,SEC31A,-0.2331412551528543,0.1435503117848056,0.053895365173233,0.0610745148293089
YTHDF2,STT3B,0.1928726219588841,-0.1325315335690806,0.0655642761574277,0.0571680081660561
YTHDF2,GBA1,0.3389073805751187,-0.5284374233921391,0.0749963691039246,0.1902568165404581
YTHDF2,UPP1,-0.2986462968077463,0.3894488187416327,0.0967569814544158,0.1059646759829647
YTHDF2,INSIG1,0.4156861684856255,-0.876827674351753,0.1512574654054573,0.1276626905492704
YTHDF2,PEX26,-0.2655787139857757,0.1803203802358954,0.090490164240226,0.0756675336450958
YY1,DEPDC1B,-0.5017729942725508,0.2223440869645243,0.1561544443502615,0.0743927933960277
YY1,SMC4,-0.406178159447251,0.1656996703809634,0.1170923950377119,0.0477242730955133
YY1,NUSAP1,-0.4047756771720469,0.353740194760733,0.1352895029228058,0.0746805757446626
YY1,NCAPG2,-0.3849394460414285,0.1546641142323711,0.1279224906771195,0.0531258228095687
YY1,HMGB2,-0.5234959209285954,0.2071307278774741,0.1360770965883667,0.0569852259183646
YY1,S100A10,-0.2370528537692618,0.2150204113259604,0.0779450084827347,0.0678594792359643
ZAP70,ITM2A,-0.6460757094589947,0.7046421982168831,0.1864813322421239,0.2764944691041052
ZAP70,TRIB3,1.242703938850458,-2.2602164797506927,0.268512966209111,0.6743058410563978
ZAP70,GLCCI1,-1.2615745765886717,2.1146177226986818,0.3094574355044495,0.4273468604713399
ZAP70,ST8SIA4,-0.7443030946170045,0.5054929664653326,0.2217891744339246,0.2119218696081706
ZAP70,MFSD6,-0.5533641745369138,0.8166707280333945,0.1692733499344173,0.3284771532052108
ZAP70,CCR5,-1.8704821570573025,3.620503491423064,0.5572708623455567,0.6492558360400075
ZC3HC1,CCR4,1.4853666058553527,-0.8271724887340237,0.2803408156888263,0.2492332011915665
ZMYM2,SPATA13,-0.2456089382634086,0.288283107047529,0.0926791799687362,0.0877362744698669
ZNF613,MED11,-0.3101001667904359,0.2598278294202044,0.100764322504717,0.0892364021554991
ZNF644,KLHL6,0.3590828410154189,-0.2611986389418461,0.071357850152539,0.0909424908320088
ZNF649,EVI5,2.414599173104558,-1.212029356763251,0.6900596021991755,0.2625716480071717
ZNF649,NSA2,-0.2933174422595185,0.268722770368318,0.0800532650057416,0.0535758541280159
ZNF649,EEF1G,-0.387659415647987,0.1290395033617929,0.0874440228846269,0.0433103903998619
ZNF71,SPAG5,-1.4054205111697995,0.534261181315909,0.3061564801889954,0.1676175855062762
ZNF710,PHF19,-0.4053693949921267,0.3203886608931143,0.1211931643290608,0.1068443226673169
ZNF710,PPP1R15B,-0.3607279873147466,0.3268448152375192,0.1062567474033186,0.1079118996930275
ZNF92,TNFAIP8,-0.2056423453414873,0.2582829303150635,0.0586353931645275,0.0739185483704749
