regulator	regulator_ensg	target	target_ensg	direction	lfc_Rest	adjp_Rest	lfc_Stim48	adjp_Stim48	weaker_endpoint_abs_lfc	signed_weaker_endpoint_abs_lfc	display_score_sqrt
CREBBP	ENSG00000005339	NARS1	ENSG00000134440	lost_on_activation	0.1536079298443157	0.015690440695001	-0.1857322721224338	0.030758713253214	0.1536079298443157	-0.1536079298443157	-0.26340114363158934
CREBBP	ENSG00000005339	EIF4EBP1	ENSG00000187840	lost_on_activation	0.4229748788253037	0.0206299945620053	-0.2247839201135889	0.0923653107952523	0.2247839201135889	-0.2247839201135889	-0.31863498531654455
CREBBP	ENSG00000005339	PRKDC	ENSG00000253729	lost_on_activation	0.2070534923706249	0.0693685542611412	-0.1510594703584927	0.0071452622891735	0.1510594703584927	-0.1510594703584927	-0.2612070034075165
MED24	ENSG00000008838	SLC2A3	ENSG00000059804	lost_on_activation	0.2393856737754612	0.0484885067081624	-0.3409057026520606	0.05186433406946	0.2393856737754612	-0.2393856737754612	-0.32882128046031284
MED24	ENSG00000008838	NCOA3	ENSG00000124151	lost_on_activation	0.1897229690177326	0.0558978051537533	-0.1759135207895668	0.0917064599152189	0.1759135207895668	-0.1759135207895668	-0.2818775243226717
MED24	ENSG00000008838	CALM3	ENSG00000160014	gained_on_activation	-0.2567852903024399	0.0020895294973263	0.1487968803185983	0.0442076043754928	0.1487968803185983	0.1487968803185983	0.2592434253216643
WAPL	ENSG00000062650	DDIT4	ENSG00000168209	lost_on_activation	1.075319980672752	0.0464696407366199	-0.5367005512154137	0.0147272778261497	0.5367005512154137	-0.5367005512154137	-0.49235330640707664
WAPL	ENSG00000062650	MTX3	ENSG00000177034	lost_on_activation	1.0149694118696535	0.0052460083924618	-1.0976616598361186	0.0001091127654007	1.0149694118696535	-1.0149694118696535	-0.6770758368273347
WAPL	ENSG00000062650	TUBB	ENSG00000196230	gained_on_activation	-0.8895864386629336	0.0238835883922923	0.3490642279599933	0.0902359388407582	0.3490642279599933	0.3490642279599933	0.3970667401985056
CYB5R4	ENSG00000065615	COTL1	ENSG00000103187	gained_on_activation	-0.331625703044264	0.0859716886451637	0.4129829722379197	0.0057260761303672	0.331625703044264	0.331625703044264	0.3870213557586953
CYB5R4	ENSG00000065615	ANXA5	ENSG00000164111	gained_on_activation	-0.3070390886750402	0.0267838939176523	0.2953384057238349	0.0189807779590314	0.2953384057238349	0.2953384057238349	0.3652336649067758
CBFB	ENSG00000067955	PPP1R16B	ENSG00000101445	lost_on_activation	0.5241818321309744	0.0325788087613362	-0.3592919772741531	0.0441811488157846	0.3592919772741531	-0.3592919772741531	-0.40284186510976483
CBFB	ENSG00000067955	CENPF	ENSG00000117724	gained_on_activation	-0.5939682785518396	0.044366513804693	0.354811094552293	0.0157210239471109	0.354811094552293	0.354811094552293	0.4003219778869982
CBFB	ENSG00000067955	IL2RA	ENSG00000134460	lost_on_activation	2.683368775028389	3.82377968796642e-22	-0.5014075050693492	5.77914263659656e-05	0.5014075050693492	-0.5014075050693492	-0.47588964305931253
CBFB	ENSG00000067955	CEP55	ENSG00000138180	gained_on_activation	-0.5476154726101227	0.056467966910025	0.327387127971701	0.0019609167123586	0.327387127971701	0.327387127971701	0.38454010286577256
CBFB	ENSG00000067955	HMGB2	ENSG00000164104	gained_on_activation	-0.543393284039143	0.0160354666425415	0.1939267168124405	0.0631419211181706	0.1939267168124405	0.1939267168124405	0.2959577115622753
NUP188	ENSG00000095319	ANXA5	ENSG00000164111	gained_on_activation	-0.3393163621049265	0.0033106068093156	0.25154630180589	0.0447479167454979	0.25154630180589	0.25154630180589	0.337069771400859
NUP188	ENSG00000095319	DDIT3	ENSG00000175197	lost_on_activation	0.604513130173362	0.0213585892229985	-0.6272638580784643	0.0882487720830827	0.604513130173362	-0.604513130173362	-0.522532981004959
BTAF1	ENSG00000095564	SLC38A2	ENSG00000134294	lost_on_activation	0.1850202445938164	0.0805292475577305	-0.2718902989437882	0.0034383305818032	0.1850202445938164	-0.1850202445938164	-0.2890816091303802
BTAF1	ENSG00000095564	IER3	ENSG00000137331	lost_on_activation	0.7272556615590611	0.0623742846028738	-0.9614662004584852	0.0001333068138871	0.7272556615590611	-0.7272556615590611	-0.5731316518562017
BTAF1	ENSG00000095564	DDIT4	ENSG00000168209	lost_on_activation	0.6104170481802953	0.0109758674714798	-0.5210205874183103	2.7817187606110475e-05	0.5210205874183103	-0.5210205874183103	-0.4851078251888305
BTAF1	ENSG00000095564	MAP2K1	ENSG00000169032	lost_on_activation	0.1354337532172197	0.0439469281631449	-0.1776199499677509	0.0112585707465369	0.1354337532172197	-0.1354337532172197	-0.24732857491588792
BTAF1	ENSG00000095564	SPSB1	ENSG00000171621	gained_on_activation	-0.5594617373501245	0.0029780188073505	0.5209383440433496	0.0191852233252521	0.5209383440433496	0.5209383440433496	0.4850695364145594
BTAF1	ENSG00000095564	MTX3	ENSG00000177034	lost_on_activation	0.6381274865814658	0.0001029700287178	-0.4809111890438592	0.0019225269307835	0.4809111890438592	-0.4809111890438592	-0.4660615540168132
BTAF1	ENSG00000095564	SPTAN1	ENSG00000197694	gained_on_activation	-0.2218398641558633	0.0011935357603773	0.1964174308054856	0.0156969220745668	0.1964174308054856	0.1964174308054856	0.29785222667942124
BTAF1	ENSG00000095564	CPNE1	ENSG00000214078	gained_on_activation	-0.14561702429323	0.0625999311353161	0.1629092235876524	0.0377391803035175	0.14561702429323	0.14561702429323	0.2564583915129816
MCAT	ENSG00000100294	SNRPB2	ENSG00000125870	lost_on_activation	0.194862828859842	0.0562505270909432	-0.1389569442147654	0.0880806843698175	0.1389569442147654	-0.1389569442147654	-0.25052493932871084
GSS	ENSG00000100983	SPAG5	ENSG00000076382	gained_on_activation	-1.0412180971054508	0.0015668361046756	0.2792622393049712	0.0794746258273516	0.2792622393049712	0.2792622393049712	0.3551541928445735
GSS	ENSG00000100983	UFM1	ENSG00000120686	lost_on_activation	0.2889878358276289	0.0877663616427589	-0.3601242750709856	0.0460517062813059	0.2889878358276289	-0.2889878358276289	-0.36128557296423974
GSS	ENSG00000100983	GPSM2	ENSG00000121957	gained_on_activation	-0.8516506119436569	0.0411361143417769	0.5717957550549597	0.0401473330727181	0.5717957550549597	0.5717957550549597	0.5081960692150739
GSS	ENSG00000100983	NCAPG2	ENSG00000146918	gained_on_activation	-0.5701333597351921	0.0322467115799763	0.2547765929182494	0.0637051287924874	0.2547765929182494	0.2547765929182494	0.33922714783112456
EIF3J	ENSG00000104131	H1-5	ENSG00000184357	gained_on_activation	-0.8101672307112533	0.0453594631721687	0.4775883202950065	0.0877536877089997	0.4775883202950065	0.4775883202950065	0.46444863065426145
AHR	ENSG00000106546	BLTP2	ENSG00000007202	lost_on_activation	0.1563947607508388	0.0247978659080959	-0.1813815601767874	0.012011840668669	0.1563947607508388	-0.1563947607508388	-0.2657797803258682
AHR	ENSG00000106546	VDAC3	ENSG00000078668	lost_on_activation	0.1491436098280906	0.0758711938333766	-0.1268551789377532	0.014195887589336	0.1268551789377532	-0.1268551789377532	-0.23936736511726928
AHR	ENSG00000106546	DDX1	ENSG00000079785	lost_on_activation	0.262047493231292	0.0032075262761429	-0.1633697998210675	0.0266452340218209	0.1633697998210675	-0.1633697998210675	-0.27164187941240475
AHR	ENSG00000106546	CD59	ENSG00000085063	gained_on_activation	-0.2548533674045858	0.0793232784490804	0.582930880417765	0.0016663434627801	0.2548533674045858	0.2548533674045858	0.3392782554073674
AHR	ENSG00000106546	CORO1A	ENSG00000102879	lost_on_activation	0.1440278769476057	0.0046785781465478	-0.1907037395061195	0.0007033363235658	0.1440278769476057	-0.1440278769476057	-0.2550551620417131
AHR	ENSG00000106546	TLE5	ENSG00000104964	gained_on_activation	-0.271272851198668	0.000353433791428	0.1521075576773608	0.0737018366537962	0.1521075576773608	0.1521075576773608	0.2621115958858663
AHR	ENSG00000106546	EIF4G1	ENSG00000114867	lost_on_activation	0.2840566942995651	0.0046383167603647	-0.2603000086606538	0.0002293543713866	0.2603000086606538	-0.2603000086606538	-0.3428845600018835
AHR	ENSG00000106546	IVNS1ABP	ENSG00000116679	lost_on_activation	0.4413488164642515	0.0005678469744559	-0.298633129800773	0.0246564949568885	0.298633129800773	-0.298633129800773	-0.3672652440411629
AHR	ENSG00000106546	HSPH1	ENSG00000120694	lost_on_activation	0.3968655707210495	0.0102005893268992	-0.2463239258788162	0.0467296440338551	0.2463239258788162	-0.2463239258788162	-0.3335524515250839
AHR	ENSG00000106546	SNRPB2	ENSG00000125870	lost_on_activation	0.1307069658851652	0.0602751920603168	-0.1961838918219942	0.0014576240479634	0.1307069658851652	-0.1307069658851652	-0.24297422459749282
AHR	ENSG00000106546	TOMM40	ENSG00000130204	lost_on_activation	0.4267512081289371	0.0259167030038251	-0.2871137674408482	0.0266452340218209	0.2871137674408482	-0.2871137674408482	-0.36011221018529227
AHR	ENSG00000106546	MKRN1	ENSG00000133606	gained_on_activation	-0.3063309676407073	0.0034098533089469	0.3443416887043964	3.160318417396837e-05	0.3063309676407073	0.3063309676407073	0.37196860801050347
AHR	ENSG00000106546	TESPA1	ENSG00000135426	gained_on_activation	-0.3295716501420906	0.0063149500259781	0.2193657333828226	0.0713158119186507	0.2193657333828226	0.2193657333828226	0.31477137582766734
AHR	ENSG00000106546	PAN2	ENSG00000135473	gained_on_activation	-0.3613809535419174	0.011839405645377	0.2610810880673188	0.034684747692001	0.2610810880673188	0.2610810880673188	0.34339861964355906
AHR	ENSG00000106546	DUSP6	ENSG00000139318	lost_on_activation	1.58037547409462	0.0010204021762561	-0.4472159765164497	0.0033174135286559	0.4472159765164497	-0.4472159765164497	-0.4494376935681266
AHR	ENSG00000106546	CYRIB	ENSG00000153310	lost_on_activation	0.1350710677170299	0.0263493163516138	-0.1229415460897382	0.0684174252598109	0.1229415460897382	-0.1229415460897382	-0.2356460548831492
AHR	ENSG00000106546	MED11	ENSG00000161920	gained_on_activation	-0.190796127559086	0.0472197476665077	0.1936514329801056	0.0790839688692041	0.190796127559086	0.190796127559086	0.2935591463113951
AHR	ENSG00000106546	PCMTD1	ENSG00000168300	gained_on_activation	-0.4286138369404139	0.0004450225477448	0.2240525278492103	0.0335647992493125	0.2240525278492103	0.2240525278492103	0.31811618254352775
AHR	ENSG00000106546	STAT5B	ENSG00000173757	gained_on_activation	-0.1298111007261743	0.0994093289103161	0.2433405691205925	0.0095932105426337	0.1298111007261743	0.1298111007261743	0.24214012059379234
AHR	ENSG00000106546	ATP2A2	ENSG00000174437	lost_on_activation	0.3140923025454219	0.0039951599536044	-0.1829354219806506	0.0070828153969104	0.1829354219806506	-0.1829354219806506	-0.2874482979146493
AHR	ENSG00000106546	ANXA2R	ENSG00000177721	gained_on_activation	-0.3638940185427319	0.0079822515109042	0.6629788753035669	0.017211463823313	0.3638940185427319	0.3638940185427319	0.4054135842888435
AHR	ENSG00000106546	PCGF5	ENSG00000180628	gained_on_activation	-0.2802904146537387	0.0060107024039573	0.191176838168004	0.0208946691875764	0.191176838168004	0.191176838168004	0.29385188125024336
AHR	ENSG00000106546	LTN1	ENSG00000198862	lost_on_activation	0.1477058646473919	0.0520067016653503	-0.1709846495984199	0.0239212125517624	0.1477058646473919	-0.1477058646473919	-0.2582912581480097
EIF4G2	ENSG00000110321	NFE2L1	ENSG00000082641	lost_on_activation	0.275606023980907	0.0271265353493921	-0.3691533450555264	0.0209388718889654	0.275606023980907	-0.275606023980907	-0.35282162105264525
EIF4G2	ENSG00000110321	CD59	ENSG00000085063	gained_on_activation	-0.3876713652542484	0.0578074387432813	0.5945759904552808	0.0168300249798473	0.3876713652542484	0.3876713652542484	0.41844915959272105
EIF4G2	ENSG00000110321	HSPH1	ENSG00000120694	lost_on_activation	0.3418736427961166	0.0693921200214257	-0.2888731937317785	0.0567386430479007	0.2888731937317785	-0.2888731937317785	-0.3612139044739606
EIF4G2	ENSG00000110321	TRIM22	ENSG00000132274	gained_on_activation	-0.3832342879443769	0.05169762128559	0.64093780431245	0.0182321777970991	0.3832342879443769	0.3832342879443769	0.4160475963975157
EIF4G2	ENSG00000110321	B3GALNT1	ENSG00000169255	lost_on_activation	0.8267867008880808	0.0932424694376532	-2.3718522476056565	0.000268491193493	0.8267867008880808	-0.8267867008880808	-0.6110933803178941
EIF4G2	ENSG00000110321	MAL	ENSG00000172005	gained_on_activation	-0.2690165758351111	0.0852615603884295	0.6840954649848427	0.0003082683737894	0.2690165758351111	0.2690165758351111	0.34857830868702383
EIF4G2	ENSG00000110321	ATP2A2	ENSG00000174437	lost_on_activation	0.4139371009771553	0.0036787618966386	-0.2539929020452008	0.047908246739936	0.2539929020452008	-0.2539929020452008	-0.33870501593279084
EIF4G2	ENSG00000110321	TXNRD1	ENSG00000198431	lost_on_activation	0.2150591842767495	0.0588327983413135	-0.276100083783561	0.0691950397449824	0.2150591842767495	-0.2150591842767495	-0.3116662928149355
NDUFS8	ENSG00000110717	KIF20A	ENSG00000112984	gained_on_activation	-1.0133583860712112	0.0120021814435551	0.4708837051740004	0.0059488128356127	0.4708837051740004	0.4708837051740004	0.4611770310870189
NDUFS8	ENSG00000110717	GPSM2	ENSG00000121957	gained_on_activation	-0.7857314447762732	0.0375299772411659	0.5313813556409211	0.005652033271105	0.5313813556409211	0.5313813556409211	0.4899073941906126
NDUFS8	ENSG00000110717	CCNB2	ENSG00000157456	gained_on_activation	-0.7239974411640111	0.0199268167849187	0.2376685486508823	0.0586275813254855	0.2376685486508823	0.2376685486508823	0.32763983245253153
NDUFS8	ENSG00000110717	HMGB2	ENSG00000164104	gained_on_activation	-0.4555814027174673	0.083465077807001	0.3069140656544205	7.607775501903874e-05	0.3069140656544205	0.3069140656544205	0.3723224590140476
CCNC	ENSG00000112237	RHBDD2	ENSG00000005486	lost_on_activation	0.2796489612222155	0.0673234105615686	-0.5644848076820207	0.0003599829452082	0.2796489612222155	-0.2796489612222155	-0.3554000162586329
CCNC	ENSG00000112237	RANBP9	ENSG00000010017	lost_on_activation	0.215754955163045	0.0007821066305948	-0.1186411783482383	0.0490145802311467	0.1186411783482383	-0.1186411783482383	-0.23148804322957978
CCNC	ENSG00000112237	RNF19A	ENSG00000034677	lost_on_activation	0.3892250750100806	0.0035183774566262	-0.3300096922562237	0.0201008394153588	0.3300096922562237	-0.3300096922562237	-0.38607722737417505
CCNC	ENSG00000112237	ATP11B	ENSG00000058063	lost_on_activation	0.0908708227034513	0.0454307010398269	-0.1144918249279963	0.0161002420339792	0.0908708227034513	-0.0908708227034513	-0.2025923621145782
CCNC	ENSG00000112237	SLC2A3	ENSG00000059804	lost_on_activation	0.2367963993682152	0.0296670047852544	-0.4074304676125092	0.0066533315505408	0.2367963993682152	-0.2367963993682152	-0.32703812583921577
CCNC	ENSG00000112237	AFF4	ENSG00000072364	lost_on_activation	0.1840139281114475	0.0072916060750287	-0.1918848993214014	0.015183541906852	0.1840139281114475	-0.1840139281114475	-0.2882943865584922
CCNC	ENSG00000112237	CLDND1	ENSG00000080822	lost_on_activation	0.3718541249838804	0.0006629755335826	-0.1922522829356246	0.0177703414526497	0.1922522829356246	-0.1922522829356246	-0.2946772382355628
CCNC	ENSG00000112237	BAX	ENSG00000087088	gained_on_activation	-0.2654259132883475	0.000825897131498	0.241081426880059	0.0255833286252145	0.241081426880059	0.241081426880059	0.3299838724055467
CCNC	ENSG00000112237	TTLL12	ENSG00000100304	gained_on_activation	-0.2588081286383023	0.046372137325903	0.3435108689152883	0.0001083082864113	0.2588081286383023	0.2588081286383023	0.3419005460215705
CCNC	ENSG00000112237	SUSD6	ENSG00000100647	lost_on_activation	0.2146439023273521	0.0122778003407869	-0.3887563708460566	4.151011444453591e-09	0.2146439023273521	-0.2146439023273521	-0.3113652316700371
CCNC	ENSG00000112237	PSME2	ENSG00000100911	gained_on_activation	-0.3881982356660221	0.0002423737430711	0.145996206613244	0.0850578941531118	0.145996206613244	0.145996206613244	0.25679207936718784
CCNC	ENSG00000112237	ERI1	ENSG00000104626	lost_on_activation	0.3054298779311294	0.0686126378001102	-0.2952116243373989	0.0003599829452082	0.2952116243373989	-0.2952116243373989	-0.36515526365594686
CCNC	ENSG00000112237	GNPTAB	ENSG00000111670	lost_on_activation	0.222429647014743	0.0029518979251731	-0.2053995042655285	0.0361524764246275	0.2053995042655285	-0.2053995042655285	-0.3045864180823369
CCNC	ENSG00000112237	MAN1A1	ENSG00000111885	lost_on_activation	0.302093353439475	0.086782139658242	-0.2213890190371271	0.013387772297503	0.2213890190371271	-0.2213890190371271	-0.31621966633663884
CCNC	ENSG00000112237	DNPH1	ENSG00000112667	gained_on_activation	-0.3919674110930533	0.0004575689828557	0.2853070711125495	4.017394245838522e-06	0.2853070711125495	0.2853070711125495	0.3589773984317126
CCNC	ENSG00000112237	CCNG1	ENSG00000113328	gained_on_activation	-0.28097459492643	0.0050264416159652	0.2400278405014752	0.0003960039081284	0.2400278405014752	0.2400278405014752	0.3292620266843631
CCNC	ENSG00000112237	CYTIP	ENSG00000115165	lost_on_activation	0.2131409443461834	0.0028504499017313	-0.5082411581772568	2.938710770900207e-16	0.2131409443461834	-0.2131409443461834	-0.31027321152248766
CCNC	ENSG00000112237	ACAT2	ENSG00000120437	gained_on_activation	-0.3409085349576133	0.037014267607796	0.4564183069006362	2.977454814881367e-11	0.3409085349576133	0.3409085349576133	0.3924007016570404
CCNC	ENSG00000112237	TNFSF10	ENSG00000121858	lost_on_activation	0.4243786229617934	0.0021859800361512	-0.5128077801142624	0.0197430546087226	0.4243786229617934	-0.4243786229617934	-0.4378119261647026
CCNC	ENSG00000112237	P4HA1	ENSG00000122884	lost_on_activation	0.2223404917838916	0.0786402189796153	-0.2068097211181681	0.0162947395618591	0.2068097211181681	-0.2068097211181681	-0.3056302330556134
CCNC	ENSG00000112237	GPR108	ENSG00000125734	lost_on_activation	0.1892369165998356	0.0256289378511537	-0.3477011848928716	1.9718459059408748e-06	0.1892369165998356	-0.1892369165998356	-0.2923571837167926
CCNC	ENSG00000112237	PPT1	ENSG00000131238	gained_on_activation	-0.1286384158374998	0.0097931445702219	0.2683730852560689	4.093629843865075e-07	0.1286384158374998	0.1286384158374998	0.24104391901128558
CCNC	ENSG00000112237	ACTR10	ENSG00000131966	lost_on_activation	0.153202986187769	0.0070870461648835	-0.1382690522894463	0.0352542203442601	0.1382690522894463	-0.1382690522894463	-0.24990407113865004
CCNC	ENSG00000112237	RBM38	ENSG00000132819	lost_on_activation	0.5720730218438789	0.0003768806519733	-0.1626257014250136	0.0403566905028415	0.1626257014250136	-0.1626257014250136	-0.2710225514508187
CCNC	ENSG00000112237	MICAL2	ENSG00000133816	lost_on_activation	0.6217952549607944	0.0114517239978365	-0.7525192664497463	5.648237516210591e-11	0.6217952549607944	-0.6217952549607944	-0.5299495648460387
CCNC	ENSG00000112237	IL2RA	ENSG00000134460	lost_on_activation	0.6038051095780468	0.0540864849910388	-0.3378642919876716	0.0002892927601005	0.3378642919876716	-0.3378642919876716	-0.39064474407744587
CCNC	ENSG00000112237	SDCBP	ENSG00000137575	lost_on_activation	0.2098449597642545	0.0594082810642186	-0.3020540466868275	0.0037932426062393	0.2098449597642545	-0.2098449597642545	-0.30786485177143014
CCNC	ENSG00000112237	CLSTN3	ENSG00000139182	lost_on_activation	0.2586784415020776	0.0396045517042959	-0.3665107333084733	0.0005573742272993	0.2586784415020776	-0.2586784415020776	-0.3418148731739869
CCNC	ENSG00000112237	GPR65	ENSG00000140030	lost_on_activation	0.4069890724889207	0.0001255402706753	-0.3328567413758684	0.0022745951850078	0.3328567413758684	-0.3328567413758684	-0.38773902750156264
CCNC	ENSG00000112237	TP53	ENSG00000141510	gained_on_activation	-0.2444750789260625	0.000265407152865	0.10989974710379	0.0937513648555979	0.10989974710379	0.10989974710379	0.22279692096887413
CCNC	ENSG00000112237	CRIM1	ENSG00000150938	lost_on_activation	0.857208276936022	0.098441454661077	-0.7809168921476635	0.0008243422776781	0.7809168921476635	-0.7809168921476635	-0.5938998925843243
CCNC	ENSG00000112237	CYRIB	ENSG00000153310	lost_on_activation	0.1892456734542524	0.0007008798890429	-0.1764274043858316	0.0010146118649428	0.1764274043858316	-0.1764274043858316	-0.28228893841655783
CCNC	ENSG00000112237	JAZF1	ENSG00000153814	lost_on_activation	0.6277504818769868	0.0565050262355019	-1.2277627904109183	0.0763124515307901	0.6277504818769868	-0.6277504818769868	-0.5324813060463286
CCNC	ENSG00000112237	FDXR	ENSG00000161513	gained_on_activation	-0.3832519097789212	0.0133544799234766	0.4287339769231461	0.0056475259297547	0.3832519097789212	0.3832519097789212	0.41605716161370265
CCNC	ENSG00000112237	WDR26	ENSG00000162923	lost_on_activation	0.1637114137043466	0.0205507941560608	-0.2402255102225017	5.597760134568418e-07	0.1637114137043466	-0.1637114137043466	-0.2719257390287956
CCNC	ENSG00000112237	TGFBR2	ENSG00000163513	lost_on_activation	0.3963053939513337	9.43870582191082e-07	-0.2350593749020431	0.0088976839967825	0.2350593749020431	-0.2350593749020431	-0.32583642082164566
CCNC	ENSG00000112237	AIM2	ENSG00000163568	lost_on_activation	0.8017941439887933	0.041707311752061	-0.5435958726337127	0.0006821046982276	0.5435958726337127	-0.5435958726337127	-0.49550599516359894
CCNC	ENSG00000112237	CTLA4	ENSG00000163599	lost_on_activation	1.103871693603487	0.0104729092109896	-0.6480438189841227	0.0026950389327522	0.6480438189841227	-0.6480438189841227	-0.5410196317587739
CCNC	ENSG00000112237	CCR1	ENSG00000163823	lost_on_activation	1.5187023119527054	0.0171712347208868	-1.1260017320053366	0.0427236100514461	1.1260017320053366	-1.1260017320053366	-0.7131491474980439
CCNC	ENSG00000112237	DDIT4	ENSG00000168209	lost_on_activation	0.6730151714836544	0.0025989371729513	-0.5460627644814249	4.030191388326596e-06	0.5460627644814249	-0.5460627644814249	-0.4966290500854009
CCNC	ENSG00000112237	INPP5D	ENSG00000168918	lost_on_activation	0.600895459151223	8.246482998599166e-16	-0.230331005819522	0.0193370849682372	0.230331005819522	-0.230331005819522	-0.32254256859017516
CCNC	ENSG00000112237	RBKS	ENSG00000171174	lost_on_activation	0.551196175534346	0.060606847901192	-0.599011333500958	0.003089994476167	0.551196175534346	-0.551196175534346	-0.4989579375638891
CCNC	ENSG00000112237	BCL2L1	ENSG00000171552	lost_on_activation	0.4980971910059874	4.645912019861089e-07	-0.3669289630584955	7.761898792595246e-05	0.3669289630584955	-0.3669289630584955	-0.407100686654504
CCNC	ENSG00000112237	MEX3C	ENSG00000176624	lost_on_activation	0.335677475206688	0.0001625288571926	-0.1347084536890344	0.0808804269567637	0.1347084536890344	-0.1347084536890344	-0.24666541631773503
CCNC	ENSG00000112237	DEAF1	ENSG00000177030	gained_on_activation	-0.2220311143694507	0.0414153808948081	0.2104949689177399	0.0177703414526497	0.2104949689177399	0.2104949689177399	0.30834129934491006
CCNC	ENSG00000112237	MTX3	ENSG00000177034	lost_on_activation	0.3607005346477432	0.0455744721727645	-0.3096654322841537	0.038039115943494	0.3096654322841537	-0.3096654322841537	-0.373987599372124
CCNC	ENSG00000112237	MAF	ENSG00000178573	lost_on_activation	0.4911426813127736	0.0901886780996293	-0.7333056326496176	0.0201866043596197	0.4911426813127736	-0.4911426813127736	-0.47099324286858263
CCNC	ENSG00000112237	GEMIN4	ENSG00000179409	gained_on_activation	-0.4140745254045163	0.0049532177229062	0.1859264953725559	0.0204562101581152	0.1859264953725559	0.1859264953725559	0.28978872205886413
CCNC	ENSG00000112237	RELL1	ENSG00000181826	lost_on_activation	0.1870059699568066	0.0184865172777565	-0.218265589111247	0.0205998213372997	0.1870059699568066	-0.1870059699568066	-0.2906287497847093
CCNC	ENSG00000112237	HAPSTR1	ENSG00000182831	lost_on_activation	0.1168468831253325	0.0069415003036811	-0.1213260352410175	0.0285960930517233	0.1168468831253325	-0.1168468831253325	-0.22973089481249773
CCNC	ENSG00000112237	DMWD	ENSG00000185800	lost_on_activation	0.3977295416245326	0.040365028014695	-0.4596123327770034	2.728195666172414e-06	0.3977295416245326	-0.3977295416245326	-0.4238427540841026
CCNC	ENSG00000112237	PSMB9	ENSG00000240065	gained_on_activation	-0.1734042757214566	0.0453259601300261	0.1969754827682277	0.0014638450187819	0.1734042757214566	0.1734042757214566	0.27985994153253546
ACTR8	ENSG00000113812	ASPM	ENSG00000066279	gained_on_activation	-0.5794969432375644	0.0830640154881893	0.5743600340970958	0.0033216044406124	0.5743600340970958	0.5743600340970958	0.5093343242203806
ACTR8	ENSG00000113812	HMMR	ENSG00000072571	gained_on_activation	-0.6946069349025531	0.0506839019897144	0.4140514176841942	0.0446398831818361	0.4140514176841942	0.4140514176841942	0.4324520658515256
ACTR8	ENSG00000113812	TRIB3	ENSG00000101255	lost_on_activation	0.7004082621217464	0.0689736927462982	-1.5048144892499895	0.0009657022766415	0.7004082621217464	-0.7004082621217464	-0.5624532988896945
ACTR8	ENSG00000113812	COTL1	ENSG00000103187	gained_on_activation	-0.475711204257752	0.0111722656026628	0.4715115897464356	0.0256626101688192	0.4715115897464356	0.4715115897464356	0.4614843994202496
ACTR8	ENSG00000113812	CENPF	ENSG00000117724	gained_on_activation	-0.6149086671166265	0.0379296585818426	0.4203400916600087	0.0410132882712899	0.4203400916600087	0.4203400916600087	0.4357237627790167
ACTR8	ENSG00000113812	TOP2A	ENSG00000131747	gained_on_activation	-0.6343025093785503	0.0429274828905366	0.5112200926986896	0.0094448205750067	0.5112200926986896	0.5112200926986896	0.48052368122731776
ACTR8	ENSG00000113812	HOPX	ENSG00000171476	gained_on_activation	-0.6992925625699479	0.0191839232988996	0.4230292269144711	0.0774395265443793	0.4230292269144711	0.4230292269144711	0.43711531702174766
ACTR8	ENSG00000113812	H2AX	ENSG00000188486	gained_on_activation	-0.5365933322662608	0.0511460368202447	0.3666431354773554	0.095656955056238	0.3666431354773554	0.3666431354773554	0.4069420956389086
ZAP70	ENSG00000115085	TRIB3	ENSG00000101255	lost_on_activation	1.242703938850458	0.0036171380786193	-2.2602164797506927	0.0065826634517715	1.242703938850458	-1.242703938850458	-0.7491946640281558
NDUFA8	ENSG00000119421	SPAG5	ENSG00000076382	gained_on_activation	-0.4282505661881544	0.0902921881990038	0.264025428308515	0.0024925256065934	0.264025428308515	0.264025428308515	0.3453295287815278
NDUFA8	ENSG00000119421	NUSAP1	ENSG00000137804	gained_on_activation	-0.3843833662208341	0.0732738072502139	0.2141298254805489	0.0546826472219283	0.2141298254805489	0.2141298254805489	0.310992144873966
NDUFA8	ENSG00000119421	NCAPG2	ENSG00000146918	gained_on_activation	-0.3782985131785932	0.0559500037295947	0.2171345518864499	0.0035331049333491	0.2171345518864499	0.2171345518864499	0.31316650570381316
SUPT7L	ENSG00000119760	PHTF2	ENSG00000006576	lost_on_activation	0.2425034060010179	0.0597536612605907	-0.263711489909404	0.0471276288571032	0.2425034060010179	-0.2425034060010179	-0.3309556193723867
SUPT7L	ENSG00000119760	RNF19A	ENSG00000034677	lost_on_activation	0.2356561425410061	0.0633179984862973	-0.4152256753562227	0.0017943616019594	0.2356561425410061	-0.2356561425410061	-0.3262497746215538
SUPT7L	ENSG00000119760	STAP1	ENSG00000035720	lost_on_activation	0.7062296140482541	0.0069308921191965	-0.5206507584567082	0.0041745596238852	0.5206507584567082	-0.5206507584567082	-0.4849356258790659
SUPT7L	ENSG00000119760	ATP11B	ENSG00000058063	lost_on_activation	0.1130974088885182	0.0034414352978969	-0.1294761408556464	0.0032761769308235	0.1130974088885182	-0.1130974088885182	-0.22601494933654
SUPT7L	ENSG00000119760	PLPP1	ENSG00000067113	lost_on_activation	0.6214246823270667	0.0001244278503322	-0.3614543642301916	0.0515223986818088	0.3614543642301916	-0.3614543642301916	-0.40405229187566505
SUPT7L	ENSG00000119760	ERLEC1	ENSG00000068912	lost_on_activation	0.2294175712414243	7.416375446209865e-05	-0.1581066997799642	0.0184661680742093	0.1581066997799642	-0.1581066997799642	-0.2672304696288345
SUPT7L	ENSG00000119760	BAX	ENSG00000087088	gained_on_activation	-0.255693722767209	0.0003638820815965	0.2176666151092181	0.0373085110105201	0.2176666151092181	0.2176666151092181	0.3135499601799525
SUPT7L	ENSG00000119760	SMOX	ENSG00000088826	lost_on_activation	1.6212069226566042	0.0001336377028968	-1.0815189089350985	9.965716030241973e-13	1.0815189089350985	-1.0815189089350985	-0.6989206893198419
SUPT7L	ENSG00000119760	CREM	ENSG00000095794	lost_on_activation	0.3092819569340139	0.0656261069870206	-0.3520793044838683	0.0009219755476644	0.3092819569340139	-0.3092819569340139	-0.3737559631644509
SUPT7L	ENSG00000119760	OSM	ENSG00000099985	lost_on_activation	0.6937832670488168	0.0004796547423014	-0.882715526848562	0.0002529797990758	0.6937832670488168	-0.6937832670488168	-0.5597869228021422
SUPT7L	ENSG00000119760	TTLL12	ENSG00000100304	gained_on_activation	-0.2206543293335414	0.0706638250936445	0.1811133665324558	0.051226744384511	0.1811133665324558	0.1811133665324558	0.28601320839033173
SUPT7L	ENSG00000119760	SUSD6	ENSG00000100647	lost_on_activation	0.2724777581173489	0.0001857070397337	-0.1795427702798973	0.0063254621907478	0.1795427702798973	-0.1795427702798973	-0.28477036970328085
SUPT7L	ENSG00000119760	PSME2	ENSG00000100911	gained_on_activation	-0.2507947438474748	0.0098057380062173	0.2279784254821827	0.0019744383343219	0.2279784254821827	0.2279784254821827	0.3208911303513601
SUPT7L	ENSG00000119760	DNAJC3	ENSG00000102580	lost_on_activation	0.1477207536292147	0.0421637392708089	-0.1320219233007352	0.0990151151865156	0.1320219233007352	-0.1320219233007352	-0.24419336850854476
SUPT7L	ENSG00000119760	GSDMD	ENSG00000104518	gained_on_activation	-0.1636509188681056	0.0862019136421591	0.2488413125076581	0.0533329806984682	0.1636509188681056	0.1636509188681056	0.27187549322544485
SUPT7L	ENSG00000119760	TLE5	ENSG00000104964	gained_on_activation	-0.1598430027091446	0.0246799428426327	0.1383244395850317	0.0375363136108145	0.1383244395850317	0.1383244395850317	0.2499541189424048
SUPT7L	ENSG00000119760	CPD	ENSG00000108582	lost_on_activation	0.2679979308772144	0.0168597920076372	-0.4020072930542274	0.0001420912176068	0.2679979308772144	-0.2679979308772144	-0.34791772800874987
SUPT7L	ENSG00000119760	GNPTAB	ENSG00000111670	lost_on_activation	0.3820448925254098	8.55043690517099e-10	-0.1632632023812244	0.0917186404460871	0.1632632023812244	-0.1632632023812244	-0.2715532429143677
SUPT7L	ENSG00000119760	FGFR1OP2	ENSG00000111790	lost_on_activation	0.1715408811542069	0.0003141681379199	-0.1113062722040254	0.0846648636223156	0.1113062722040254	-0.1113062722040254	-0.22421809430808526
SUPT7L	ENSG00000119760	CCNG1	ENSG00000113328	gained_on_activation	-0.2862038571227639	0.0013634839155744	0.1416875831830692	0.0430713312765182	0.1416875831830692	0.1416875831830692	0.2529744930845611
SUPT7L	ENSG00000119760	TMED5	ENSG00000117500	lost_on_activation	0.0915422916225836	0.0738769789405812	-0.1036441509540563	0.0617580376849287	0.0915422916225836	-0.0915422916225836	-0.20333948916673242
SUPT7L	ENSG00000119760	FBXL5	ENSG00000118564	lost_on_activation	0.3124735070091236	1.204315627556516e-06	-0.1953281256569927	0.0231221892397201	0.1953281256569927	-0.1953281256569927	-0.2970251538062422
SUPT7L	ENSG00000119760	KLF9	ENSG00000119138	lost_on_activation	0.2560725485689086	0.0157074723334396	-0.5043968223415283	7.557426384621963e-05	0.2560725485689086	-0.2560725485689086	-0.34008881589192175
SUPT7L	ENSG00000119760	INSIG2	ENSG00000125629	lost_on_activation	0.260722129390325	0.0007981502792133	-0.3054280521197787	0.0124365559366124	0.260722129390325	-0.260722129390325	-0.3431624701897099
SUPT7L	ENSG00000119760	GPR108	ENSG00000125734	lost_on_activation	0.2574823907922081	0.000312284310564	-0.2008455653334075	0.0050120581898964	0.2008455653334075	-0.2008455653334075	-0.3011909800164433
SUPT7L	ENSG00000119760	CCR7	ENSG00000126353	gained_on_activation	-0.970335973697871	0.0615620154373653	1.091700844044811	3.646533087099347e-06	0.970335973697871	0.970335973697871	0.6620212109949377
SUPT7L	ENSG00000119760	SNX9	ENSG00000130340	lost_on_activation	0.6073868978292482	0.0051249108409546	-0.2643136685948178	0.0913743248697815	0.2643136685948178	-0.2643136685948178	-0.34551797792253225
SUPT7L	ENSG00000119760	SH3BP5	ENSG00000131370	gained_on_activation	-0.2043087576006918	0.0725630348339026	0.4276121872000422	0.0018230479235852	0.2043087576006918	0.2043087576006918	0.30377660878617374
SUPT7L	ENSG00000119760	ACTR10	ENSG00000131966	lost_on_activation	0.1756282394857484	0.0003452832767826	-0.1173618351575953	0.0648258583466275	0.1173618351575953	-0.1173618351575953	-0.23023655801454604
SUPT7L	ENSG00000119760	IL2RA	ENSG00000134460	lost_on_activation	0.5334737699682861	0.0640457902572117	-0.2331072104270919	0.0115707673804303	0.2331072104270919	-0.2331072104270919	-0.32448056664641445
SUPT7L	ENSG00000119760	TES	ENSG00000135269	lost_on_activation	0.1326339366623946	0.0058609795607333	-0.1313212746255747	0.0910362729912105	0.1313212746255747	-0.1313212746255747	-0.2435445317034508
SUPT7L	ENSG00000119760	SDCBP	ENSG00000137575	lost_on_activation	0.4136700471882688	3.290523328377325e-06	-0.3570840473294936	0.0002187168707489	0.3570840473294936	-0.3570840473294936	-0.4016021807438094
SUPT7L	ENSG00000119760	TMBIM6	ENSG00000139644	lost_on_activation	0.1725552315728255	0.0001857070397337	-0.1167035557424074	0.0322684196565767	0.1167035557424074	-0.1167035557424074	-0.22958995467597365
SUPT7L	ENSG00000119760	GPR65	ENSG00000140030	lost_on_activation	0.2198439042741043	0.0340537015000539	-0.3833244378352972	0.0001892210622647	0.2198439042741043	-0.2198439042741043	-0.3151142565817321
SUPT7L	ENSG00000119760	PRSS23	ENSG00000150687	lost_on_activation	1.1288837069946205	0.0030140014130221	-1.1520101901378037	4.1203799794108185e-06	1.1288837069946205	-1.1288837069946205	-0.7140612085187764
SUPT7L	ENSG00000119760	RASSF3	ENSG00000153179	gained_on_activation	-0.1995880615928365	0.0117418601046929	0.2546330542554221	1.8340560824376828e-05	0.1995880615928365	0.1995880615928365	0.3002466139119408
SUPT7L	ENSG00000119760	SAMSN1	ENSG00000155307	lost_on_activation	0.3807258324109111	0.0062087171680371	-0.4355342158828301	0.0002586035903783	0.3807258324109111	-0.3807258324109111	-0.4146837436335458
SUPT7L	ENSG00000119760	CD109	ENSG00000156535	lost_on_activation	0.4590010320239188	0.0013661413482938	-0.3025402471946706	0.0072927362690275	0.3025402471946706	-0.3025402471946706	-0.369659963944877
SUPT7L	ENSG00000119760	RAB11FIP1	ENSG00000156675	lost_on_activation	0.1849166001085757	0.0420237910787972	-0.5053807192377899	9.807877949835005e-09	0.1849166001085757	-0.1849166001085757	-0.2890006290414328
SUPT7L	ENSG00000119760	FDXR	ENSG00000161513	gained_on_activation	-0.2801119381978512	0.0557092968847333	0.4382031978658676	0.0029775600524738	0.2801119381978512	0.2801119381978512	0.35569408847289985
SUPT7L	ENSG00000119760	TGFBR2	ENSG00000163513	lost_on_activation	0.2402695700733056	0.0024929490834227	-0.2986487224559532	0.0003246826079296	0.2402695700733056	-0.2402695700733056	-0.32942778316387034
SUPT7L	ENSG00000119760	SPRY1	ENSG00000164056	lost_on_activation	0.9583517430412816	0.0034618584279851	-0.6346344116909308	6.956374680007729e-05	0.6346344116909308	-0.6346344116909308	-0.5353929481706412
SUPT7L	ENSG00000119760	SYTL3	ENSG00000164674	lost_on_activation	0.3194278199428326	0.0151766903271224	-0.194823095730699	0.0443740885852416	0.194823095730699	-0.194823095730699	-0.29664091912720675
SUPT7L	ENSG00000119760	TRUB1	ENSG00000165832	lost_on_activation	0.1451708210590904	0.0748304783057959	-0.171198211763075	0.0355732857439022	0.1451708210590904	-0.1451708210590904	-0.2560651670236091
SUPT7L	ENSG00000119760	ENDOG	ENSG00000167136	gained_on_activation	-0.335714925405195	0.0006512594513987	0.1970954229690205	0.0494039392693319	0.1970954229690205	0.1970954229690205	0.2983658458370083
SUPT7L	ENSG00000119760	DDIT4	ENSG00000168209	lost_on_activation	0.4588082885707802	0.0372777985482498	-0.3376508825296392	0.0046364584546155	0.3376508825296392	-0.3376508825296392	-0.3905213506709304
SUPT7L	ENSG00000119760	TAP1	ENSG00000168394	gained_on_activation	-0.259414216741526	0.0067356012169897	0.1785386292651196	0.0154586715909109	0.1785386292651196	0.1785386292651196	0.2839729258909938
SUPT7L	ENSG00000119760	B3GALNT1	ENSG00000169255	lost_on_activation	0.6966152515818205	0.0447774619008072	-0.7131477670971686	0.0349075137642606	0.6966152515818205	-0.6966152515818205	-0.5609282687319508
SUPT7L	ENSG00000119760	LRRC45	ENSG00000169683	gained_on_activation	-0.2384403891876259	0.0457991194045882	0.2202529025801934	0.0979998751818634	0.2202529025801934	0.2202529025801934	0.31540724016601096
SUPT7L	ENSG00000119760	B3GNT2	ENSG00000170340	lost_on_activation	0.2070364409204022	0.001496040992553	-0.2510062977243625	0.0061040098108159	0.2070364409204022	-0.2070364409204022	-0.3057977141710523
SUPT7L	ENSG00000119760	RBKS	ENSG00000171174	lost_on_activation	0.5162610012150506	0.045748119377053	-0.5239759204357027	0.007248934205381	0.5162610012150506	-0.5162610012150506	-0.4828869822509399
SUPT7L	ENSG00000119760	BCL2L1	ENSG00000171552	lost_on_activation	0.2969941880494205	0.0027050329696055	-0.2234103062504264	0.017706929119456	0.2234103062504264	-0.2234103062504264	-0.31765993307139634
SUPT7L	ENSG00000119760	SPSB1	ENSG00000171621	gained_on_activation	-0.4958727493045837	0.0010542575232921	0.5824018086462543	0.0002861919592106	0.4958727493045837	0.4958727493045837	0.4732558153431353
SUPT7L	ENSG00000119760	TLR6	ENSG00000174130	lost_on_activation	0.4747854731916174	0.0030573180767364	-0.3991601161018206	0.0227810987127194	0.3991601161018206	-0.3991601161018206	-0.42460431981368213
SUPT7L	ENSG00000119760	MEX3C	ENSG00000176624	lost_on_activation	0.1801098463905865	0.0415787858351564	-0.128728021625539	0.077876890394117	0.128728021625539	-0.128728021625539	-0.24112785649678267
SUPT7L	ENSG00000119760	MTX3	ENSG00000177034	lost_on_activation	0.3531212046594117	0.0300852827053606	-0.8934528689047401	5.285536494928712e-12	0.3531212046594117	-0.3531212046594117	-0.39936751577290275
SUPT7L	ENSG00000119760	MPI	ENSG00000178802	gained_on_activation	-0.3052050386459929	0.0007013086334531	0.1590777430961823	0.0266120632362957	0.1590777430961823	0.1590777430961823	0.2680498376562977
SUPT7L	ENSG00000119760	GEMIN4	ENSG00000179409	gained_on_activation	-0.3030973398089126	0.0265440366945399	0.2100832030757833	0.0057395466530216	0.2100832030757833	0.2100832030757833	0.3080395663213748
SUPT7L	ENSG00000119760	AEN	ENSG00000181026	gained_on_activation	-0.3138973076428603	0.0002424986512598	0.4012694040469776	0.000442721579069	0.3138973076428603	0.3138973076428603	0.37653437761065844
SUPT7L	ENSG00000119760	CREB3L2	ENSG00000182158	lost_on_activation	0.2696766594525963	0.0083565057271516	-0.2780950156083577	0.0035362016343419	0.2696766594525963	-0.2696766594525963	-0.3490056984495174
SUPT7L	ENSG00000119760	NHLRC3	ENSG00000188811	lost_on_activation	0.2000664034335214	0.0709941173376864	-0.1836233438037976	0.0743758791196469	0.1836233438037976	-0.1836233438037976	-0.28798826005928974
SUPT7L	ENSG00000119760	FAM111B	ENSG00000189057	gained_on_activation	-0.3622709949719094	0.0750798903509694	0.4219161279342519	0.0155553774164836	0.3622709949719094	0.3622709949719094	0.40450847029798914
SUPT7L	ENSG00000119760	LITAF	ENSG00000189067	gained_on_activation	-0.2812790406915815	0.0110482152530005	0.199705780273715	0.0189664624599139	0.199705780273715	0.199705780273715	0.30033514482141277
SUPT7L	ENSG00000119760	IL1RAP	ENSG00000196083	lost_on_activation	0.3420404414000941	0.0394648858126861	-0.3522350528408033	0.0006778807438869	0.3420404414000941	-0.3420404414000941	-0.39305159884007557
SUPT7L	ENSG00000119760	SLC6A9	ENSG00000196517	lost_on_activation	0.8563149166672462	0.0428262744479982	-0.4636600482860695	0.0510341679876946	0.4636600482860695	-0.4636600482860695	-0.4576259844682499
SUPT7L	ENSG00000119760	FAM3C	ENSG00000196937	lost_on_activation	0.4333447452437189	0.0039628108071111	-0.3129964720068027	0.0089073459534522	0.3129964720068027	-0.3129964720068027	-0.3759936923506385
SUPT7L	ENSG00000119760	PSMB10	ENSG00000205220	gained_on_activation	-0.2151517405140763	0.0005217093756782	0.1723601843259764	0.0010587108967947	0.1723601843259764	0.1723601843259764	0.2790161315164394
SUPT7L	ENSG00000119760	PSMB9	ENSG00000240065	gained_on_activation	-0.19035058034073	0.0127187059791838	0.2180016582571629	0.0001816244684368	0.19035058034073	0.19035058034073	0.293216186237085
SUPT7L	ENSG00000119760	CHURC1	ENSG00000258289	gained_on_activation	-0.0823036952170941	0.092753180466532	0.134623852734576	0.0008316962701488	0.0823036952170941	0.0823036952170941	0.19280598247615313
NCKAP1L	ENSG00000123338	BLTP2	ENSG00000007202	lost_on_activation	0.1465557916780127	0.0349890755671071	-0.1987688151166496	0.0390508713415205	0.1465557916780127	-0.1465557916780127	-0.25728373454717185
NCKAP1L	ENSG00000123338	UBR2	ENSG00000024048	gained_on_activation	-0.2109605606436494	0.0132163125095853	0.2181513973108678	0.0131753961577458	0.2109605606436494	0.2109605606436494	0.30868211950980456
NCKAP1L	ENSG00000123338	VDAC3	ENSG00000078668	lost_on_activation	0.2569109758643587	0.0010416107657179	-0.1774767797856965	0.0076238215658198	0.1774767797856965	-0.1774767797856965	-0.2831272092349466
NCKAP1L	ENSG00000123338	EIF5	ENSG00000100664	lost_on_activation	0.3017130799324994	3.991482930832732e-05	-0.2302988781940862	0.0548463756885481	0.2302988781940862	-0.2302988781940862	-0.322520072947063
NCKAP1L	ENSG00000123338	HMGCS1	ENSG00000112972	lost_on_activation	0.5208663130725335	0.0070426383687248	-0.3956769170520103	0.0453925932567515	0.3956769170520103	-0.3956769170520103	-0.42274764378959406
NCKAP1L	ENSG00000123338	EIF4G1	ENSG00000114867	lost_on_activation	0.3310930263106299	0.0006998053180637	-0.171257230358674	0.0970911959525678	0.171257230358674	-0.171257230358674	-0.2781219695278084
NCKAP1L	ENSG00000123338	KDM3A	ENSG00000115548	gained_on_activation	-0.2496961676693395	0.0201884266304856	0.2532387194014917	0.0285763269009525	0.2496961676693395	0.2496961676693395	0.33582790217339736
NCKAP1L	ENSG00000123338	HSPH1	ENSG00000120694	lost_on_activation	0.4174334020130866	0.0051422780976628	-0.3049553629854105	0.0366354948198671	0.3049553629854105	-0.3049553629854105	-0.3711324903246092
NCKAP1L	ENSG00000123338	SNRPB2	ENSG00000125870	lost_on_activation	0.1897042018281773	0.0036323688219393	-0.147581577686835	0.0873812979760369	0.147581577686835	-0.147581577686835	-0.2581825658106001
NCKAP1L	ENSG00000123338	TOMM40	ENSG00000130204	lost_on_activation	0.5386257891771814	0.00340225910044	-0.2964864759941115	0.0984784167070761	0.2964864759941115	-0.2964864759941115	-0.36594286356530653
NCKAP1L	ENSG00000123338	FBXL8	ENSG00000135722	gained_on_activation	-0.4537010570223591	0.0112291791753069	0.3925328288811057	0.0605372731339704	0.3925328288811057	0.3925328288811057	0.4210646964747986
NCKAP1L	ENSG00000123338	DUSP6	ENSG00000139318	lost_on_activation	1.4572536522338166	0.0029562168584238	-0.3642568993722658	0.0621148237358308	0.3642568993722658	-0.3642568993722658	-0.4056156763153019
NCKAP1L	ENSG00000123338	ATM	ENSG00000149311	gained_on_activation	-0.3350553567065433	0.0042783816934683	0.3655868303389208	0.0474175005756111	0.3350553567065433	0.3350553567065433	0.3890174842072245
NCKAP1L	ENSG00000123338	PCMTD1	ENSG00000168300	gained_on_activation	-0.2870014914912907	0.0204988050271296	0.3686046650152539	0.0034681769956654	0.2870014914912907	0.2870014914912907	0.3600417922910012
NCKAP1L	ENSG00000123338	INSIG1	ENSG00000186480	lost_on_activation	0.8062427710476608	2.1323029284788992e-05	-0.4565496740151864	0.0310994617129657	0.4565496740151864	-0.4565496740151864	-0.4541035077261664
NCKAP1L	ENSG00000123338	PRKDC	ENSG00000253729	lost_on_activation	0.2156804240119965	0.0336035138692484	-0.2481566754186713	0.0003844144633598	0.2156804240119965	-0.2156804240119965	-0.3121161221507914
UBR4	ENSG00000127481	PFN1	ENSG00000108518	gained_on_activation	-0.1640166824698917	0.017071709009643	0.1663242119414497	0.0005978159428153	0.1640166824698917	0.1640166824698917	0.27217914767006984
UBR4	ENSG00000127481	HMGB2	ENSG00000164104	gained_on_activation	-0.3377450003923544	0.0701200646614008	0.3025567635403051	0.0003863498434221	0.3025567635403051	0.3025567635403051	0.36967005408736775
DOCK2	ENSG00000134516	DDX1	ENSG00000079785	lost_on_activation	0.2117133540979487	0.0390811055137137	-0.2000641195424138	0.0212376226347562	0.2000641195424138	-0.2000641195424138	-0.30060447513780497
DOCK2	ENSG00000134516	EIF4G1	ENSG00000114867	lost_on_activation	0.2024267973351561	0.0811568404348616	-0.1726975139281419	0.0648497154154602	0.1726975139281419	-0.1726975139281419	-0.27928903211347716
DOCK2	ENSG00000134516	HSPH1	ENSG00000120694	lost_on_activation	0.2885255798202296	0.0967913518392719	-0.2427034329382198	0.0871757888772946	0.2427034329382198	-0.2427034329382198	-0.33109208424616343
DOCK2	ENSG00000134516	CALU	ENSG00000128595	lost_on_activation	0.202648226040524	0.0371465460995966	-0.1989730272500304	0.0335362434971836	0.1989730272500304	-0.1989730272500304	-0.29978364920143047
DOCK2	ENSG00000134516	TOMM40	ENSG00000130204	lost_on_activation	0.3782759517631762	0.0804016892366519	-0.2705066415501096	0.0982887675209488	0.2705066415501096	-0.2705066415501096	-0.3495423521348001
DOCK2	ENSG00000134516	TRIM22	ENSG00000132274	gained_on_activation	-0.3192651311110273	0.0967913518392719	0.5213556887187547	0.0686769203338836	0.3192651311110273	0.3192651311110273	0.3797402069211323
DOCK2	ENSG00000134516	ATP2A2	ENSG00000174437	lost_on_activation	0.2472885177085134	0.0497381805303107	-0.1944467198983949	0.0229804465625222	0.1944467198983949	-0.1944467198983949	-0.2963542425204952
ARNT	ENSG00000143437	ZBTB32	ENSG00000011590	lost_on_activation	1.0205170027233166	0.0085525787125415	-0.3121632850013152	0.0343591490118867	0.3121632850013152	-0.3121632850013152	-0.37549291702980686
ARNT	ENSG00000143437	UBR2	ENSG00000024048	gained_on_activation	-0.2473070215740478	0.0038423112399426	0.2725515392813118	8.35281380977082e-06	0.2473070215740478	0.2473070215740478	0.334217404082044
ARNT	ENSG00000143437	VDAC3	ENSG00000078668	lost_on_activation	0.1481574557578681	0.0828924410767003	-0.4037323482552061	5.833514632530188e-19	0.1481574557578681	-0.1481574557578681	-0.2586858024608166
ARNT	ENSG00000143437	DDX1	ENSG00000079785	lost_on_activation	0.1990924307158819	0.0307664016496122	-0.134591468432378	0.0680958894723518	0.134591468432378	-0.134591468432378	-0.24655828686932313
ARNT	ENSG00000143437	EIF5	ENSG00000100664	lost_on_activation	0.1529928461651861	0.0670785532536467	-0.1691721959922321	0.0749198817410398	0.1529928461651861	-0.1529928461651861	-0.2628732533857526
ARNT	ENSG00000143437	CDC25B	ENSG00000101224	gained_on_activation	-0.2637179859296277	0.0021761505162674	0.3184884565483956	0.0032924926762656	0.2637179859296277	0.2637179859296277	0.3451284120606579
ARNT	ENSG00000143437	CORO1A	ENSG00000102879	lost_on_activation	0.0894810187013214	0.0832700076387199	-0.1970008560389516	0.0001398137070319	0.0894810187013214	-0.0894810187013214	-0.20103714032759123
ARNT	ENSG00000143437	ARHGEF18	ENSG00000104880	gained_on_activation	-0.3090176088914059	0.0048010881040286	0.2844685466199968	0.0479946250340274	0.2844685466199968	0.2844685466199968	0.3584494885638899
ARNT	ENSG00000143437	SFPQ	ENSG00000116560	lost_on_activation	0.1825172526194161	0.0801482949915815	-0.1705191379714043	0.0768696317880286	0.1705191379714043	-0.1705191379714043	-0.2775219908672334
ARNT	ENSG00000143437	IVNS1ABP	ENSG00000116679	lost_on_activation	0.549203527276134	2.4089380682155664e-06	-0.2518041263466481	0.0373479728113689	0.2518041263466481	-0.2518041263466481	-0.3372424684377975
ARNT	ENSG00000143437	TNFAIP3	ENSG00000118503	lost_on_activation	0.3426178915202753	0.0781133472449501	-0.3188721465389242	0.0220448032526589	0.3188721465389242	-0.3188721465389242	-0.37950642317992933
ARNT	ENSG00000143437	TNFSF10	ENSG00000121858	lost_on_activation	0.3038674734936939	0.0343811216292936	-0.4564172737760776	0.0423339843253038	0.3038674734936939	-0.3038674734936939	-0.370469914892706
ARNT	ENSG00000143437	MBOAT7	ENSG00000125505	lost_on_activation	0.3897281490367709	0.0062973340067924	-0.2404719877502366	0.0056163555515878	0.2404719877502366	-0.2404719877502366	-0.3295665189351834
ARNT	ENSG00000143437	TNFSF14	ENSG00000125735	lost_on_activation	0.6680272227563921	0.0038423112399426	-0.4872168216119988	0.0909508952047196	0.4872168216119988	-0.4872168216119988	-0.4691070666901212
ARNT	ENSG00000143437	SNRPB2	ENSG00000125870	lost_on_activation	0.1253959545233114	0.0806198497028178	-0.1151230585622898	0.0824970069230935	0.1151230585622898	-0.1151230585622898	-0.22803000552327057
ARNT	ENSG00000143437	RBM38	ENSG00000132819	lost_on_activation	0.6139915438529402	0.0001381878117123	-0.1827569972812197	0.0596577740369443	0.1827569972812197	-0.1827569972812197	-0.2873080834402839
ARNT	ENSG00000143437	MKRN1	ENSG00000133606	gained_on_activation	-0.2955845656866191	0.0072690690655559	0.2510312554699236	0.0075295603443541	0.2510312554699236	0.2510312554699236	0.3367245158627402
ARNT	ENSG00000143437	IL2RA	ENSG00000134460	lost_on_activation	1.021120781539828	0.0001248074438632	-0.2010120416702488	0.0417371774580095	0.2010120416702488	-0.2010120416702488	-0.30131577934931225
ARNT	ENSG00000143437	TES	ENSG00000135269	lost_on_activation	0.1297783513870351	0.0292048346258758	-0.3176039483383561	0.0001290163681582	0.1297783513870351	-0.1297783513870351	-0.24210957455767923
ARNT	ENSG00000143437	DUSP6	ENSG00000139318	lost_on_activation	1.7651300522439493	6.322076822156241e-05	-0.4256959862651729	0.0023661529372185	0.4256959862651729	-0.4256959862651729	-0.43849093122351845
ARNT	ENSG00000143437	PRPSAP2	ENSG00000141127	lost_on_activation	0.4084703821467376	0.0003971928812142	-0.2018385241178077	0.0369295794878035	0.2018385241178077	-0.2018385241178077	-0.3019345899066789
ARNT	ENSG00000143437	PELO	ENSG00000152684	lost_on_activation	0.2681889532701073	0.0442571673597907	-0.4695496427330682	1.1631998307755276e-07	0.2681889532701073	-0.2681889532701073	-0.34804169955986336
ARNT	ENSG00000143437	UBXN1	ENSG00000162191	gained_on_activation	-0.2086834420032971	0.0172308896850144	0.1639364644465885	0.0676368743223899	0.1639364644465885	0.1639364644465885	0.27211258022350693
ARNT	ENSG00000143437	CTLA4	ENSG00000163599	lost_on_activation	1.6410469066423672	1.1857840656249507e-05	-0.4205125455941331	0.0708336909814693	0.4205125455941331	-0.4205125455941331	-0.43581313632790447
ARNT	ENSG00000143437	MAP2K1	ENSG00000169032	lost_on_activation	0.1030824091127301	0.0952527000045935	-0.6376921745477336	3.262152660988016e-28	0.1030824091127301	-0.1030824091127301	-0.21577599006754436
ARNT	ENSG00000143437	NDUFA3	ENSG00000170906	gained_on_activation	-0.1351879883845523	0.017071046430644	0.1245113336588684	0.0418285493842998	0.1245113336588684	0.1245113336588684	0.23714571435379975
ARNT	ENSG00000143437	STAT5B	ENSG00000173757	gained_on_activation	-0.1505009462576854	0.0691175386439371	0.2740404815821356	0.00181053283724	0.1505009462576854	0.1505009462576854	0.2607236655894253
ARNT	ENSG00000143437	PCGF5	ENSG00000180628	gained_on_activation	-0.2563194685575192	0.0135181830839617	0.2329881460099343	0.0028564868083003	0.2329881460099343	0.2329881460099343	0.32439768842049016
ARNT	ENSG00000143437	RXRA	ENSG00000186350	lost_on_activation	1.3527215542067657	0.0174584165608641	-1.2621651995006242	2.4760959179139632e-05	1.2621651995006242	-1.2621651995006242	-0.7550382248084463
ARNT	ENSG00000143437	LTN1	ENSG00000198862	lost_on_activation	0.1463046590377354	0.0841591497261136	-0.2502949290664854	0.0008961004227622	0.1463046590377354	-0.1463046590377354	-0.25706320403829724
ARNT	ENSG00000143437	CPNE1	ENSG00000214078	gained_on_activation	-0.1335330572392296	0.0435226362774935	0.2809743692819559	4.257514739169087e-06	0.1335330572392296	0.1335330572392296	0.24558692100011015
ARNT	ENSG00000143437	PRKDC	ENSG00000253729	lost_on_activation	0.1781148296553232	0.0953539182323839	-0.1814007353321821	0.0020461649425405	0.1781148296553232	-0.1781148296553232	-0.28363569041912823
TIMM8B	ENSG00000150779	SLC7A5	ENSG00000103257	lost_on_activation	1.1803019183610353	0.0016169367673145	-0.4175275132071271	0.088893652160006	0.4175275132071271	-0.4175275132071271	-0.4342635592366373
TIMM8B	ENSG00000150779	HMGCS1	ENSG00000112972	lost_on_activation	0.7477664120553477	0.0173581177694451	-0.4618442359900475	0.0726499773185734	0.4618442359900475	-0.4618442359900475	-0.45672901474241284
ATP5F1A	ENSG00000152234	MID1IP1	ENSG00000165175	lost_on_activation	0.3404293802931624	0.0195175868087536	-0.2781316657888722	0.0229562427092395	0.2781316657888722	-0.2781316657888722	-0.3544345553818565
ATP5F1A	ENSG00000152234	EIF4EBP1	ENSG00000187840	lost_on_activation	0.5798941430301215	0.0495597250820507	-0.2993169455751042	0.0675021960776397	0.2993169455751042	-0.2993169455751042	-0.3676854890496163
BATF	ENSG00000156127	CNN2	ENSG00000064666	gained_on_activation	-0.2662761036128999	0.0980284283807827	0.3875394871971272	0.0151090063651846	0.2662761036128999	0.2662761036128999	0.3467982799426396
BATF	ENSG00000156127	COTL1	ENSG00000103187	gained_on_activation	-0.6058519623437911	0.0036786395345108	0.3314579759721003	0.0861616225599765	0.3314579759721003	0.3314579759721003	0.38692347105273606
BATF	ENSG00000156127	ARHGDIB	ENSG00000111348	gained_on_activation	-0.1842780455522834	0.0449466047417912	0.1767252837416296	0.0409632450654905	0.1767252837416296	0.1767252837416296	0.2825271456946861
BATF	ENSG00000156127	EDEM1	ENSG00000134109	lost_on_activation	0.3051225763015445	0.0664388693209669	-0.2444946593666658	0.0468265236185946	0.2444946593666658	-0.2444946593666658	-0.33231161925760205
BATF	ENSG00000156127	DDIT4	ENSG00000168209	lost_on_activation	0.9446979151927012	0.025516028292783	-0.3599464258724109	0.0649573664313436	0.3599464258724109	-0.3599464258724109	-0.403208585445034
BATF	ENSG00000156127	H4C3	ENSG00000197061	gained_on_activation	-0.711951362270847	0.064492020298658	0.3680637946381527	0.0179588692685398	0.3680637946381527	0.3680637946381527	0.4077297376478557
CARMIL2	ENSG00000159753	MID1IP1	ENSG00000165175	lost_on_activation	0.3888038683870745	0.0439862340398658	-0.3617763816828904	0.0215213719255012	0.3617763816828904	-0.3617763816828904	-0.40423223564809163
CCNF	ENSG00000162063	TPR	ENSG00000047410	gained_on_activation	-0.1629616477974248	0.0896416214707647	0.1792791471728354	0.0210401276317294	0.1629616477974248	0.1629616477974248	0.2713023413894413
CCNF	ENSG00000162063	FANCI	ENSG00000140525	gained_on_activation	-0.4372931068553326	0.0176974307390655	0.2096540767018402	0.0059207788423469	0.2096540767018402	0.2096540767018402	0.30772479704755124
TAF6L	ENSG00000162227	PHTF2	ENSG00000006576	lost_on_activation	0.3445482900057573	0.0088359850931492	-0.2538601231795164	0.0801261362147255	0.2538601231795164	-0.2538601231795164	-0.3386164726180685
TAF6L	ENSG00000162227	RANBP9	ENSG00000010017	lost_on_activation	0.2886495485335039	5.863174699573534e-06	-0.2634590891438418	2.570138661523193e-05	0.2634590891438418	-0.2634590891438418	-0.34495896101468054
TAF6L	ENSG00000162227	BIRC3	ENSG00000023445	lost_on_activation	0.5694483780592724	0.0001855441418581	-0.3283092524175944	0.0264796872918461	0.3283092524175944	-0.3283092524175944	-0.38508127333521563
TAF6L	ENSG00000162227	STAP1	ENSG00000035720	lost_on_activation	0.7812214050996317	0.0038923898960382	-0.7169350251056681	0.0001879854537373	0.7169350251056681	-0.7169350251056681	-0.5690504053863725
TAF6L	ENSG00000162227	CNN2	ENSG00000064666	gained_on_activation	-0.1911159281058431	0.0067432841507649	0.2028389899642207	0.0399067744975535	0.1911159281058431	0.1911159281058431	0.29380506605443724
TAF6L	ENSG00000162227	WIPI1	ENSG00000070540	lost_on_activation	0.6540340471067995	0.0001207733900766	-0.2172540829637731	0.0614983003430592	0.2172540829637731	-0.2172540829637731	-0.31325269184791255
TAF6L	ENSG00000162227	MAP4K4	ENSG00000071054	gained_on_activation	-0.3396843112588364	8.34814712098094e-05	0.2904784342267831	0.0355611291815798	0.2904784342267831	0.2904784342267831	0.3622161295119431
TAF6L	ENSG00000162227	SNX10	ENSG00000086300	lost_on_activation	0.3928233943027059	0.0007520504559524	-0.2317135701261246	0.0019355029112454	0.2317135701261246	-0.2317135701261246	-0.3235091528725199
TAF6L	ENSG00000162227	BAX	ENSG00000087088	gained_on_activation	-0.3680453154280486	2.970649622729598e-07	0.3140294156881905	0.0028002499254381	0.3140294156881905	0.3140294156881905	0.37661360413910316
TAF6L	ENSG00000162227	CREM	ENSG00000095794	lost_on_activation	0.5601213143886783	0.0003631465555624	-0.2629211810273803	0.0251422130513161	0.2629211810273803	-0.2629211810273803	-0.34460662730780783
TAF6L	ENSG00000162227	OSM	ENSG00000099985	lost_on_activation	0.8936633498079355	4.428802555173605e-06	-0.4776376066344198	0.0869337791587012	0.4776376066344198	-0.4776376066344198	-0.4644725952083873
TAF6L	ENSG00000162227	IL2RB	ENSG00000100385	lost_on_activation	0.3865038548910035	0.0405368320525409	-0.4810108304699223	4.243117292707966e-07	0.3865038548910035	-0.3865038548910035	-0.4178185841190117
TAF6L	ENSG00000162227	PSME2	ENSG00000100911	gained_on_activation	-0.2135967082035754	0.0805597904120618	0.2485518069546311	0.0111885143840121	0.2135967082035754	0.2135967082035754	0.31060476630931066
TAF6L	ENSG00000162227	TLE5	ENSG00000104964	gained_on_activation	-0.2496641248856221	0.0012425349066275	0.2318350343556717	0.003054389161437	0.2318350343556717	0.2318350343556717	0.32359393349575183
TAF6L	ENSG00000162227	MAP3K8	ENSG00000107968	lost_on_activation	0.3168967518875202	0.0353720495386355	-0.2854435149526634	0.0144278813681939	0.2854435149526634	-0.2854435149526634	-0.35906322595772944
TAF6L	ENSG00000162227	CPD	ENSG00000108582	lost_on_activation	0.4719212313348489	9.181099343684872e-05	-0.3227551651982521	0.0108446246748771	0.3227551651982521	-0.3227551651982521	-0.3818101229822235
TAF6L	ENSG00000162227	ICAM2	ENSG00000108622	gained_on_activation	-0.248261160129437	0.0956711758712474	0.3812993886451539	0.0002216073002008	0.248261160129437	0.248261160129437	0.33486150776099355
TAF6L	ENSG00000162227	LPXN	ENSG00000110031	lost_on_activation	0.1914844964854935	0.0023722779445408	-0.3309940604034478	2.791195943265971e-05	0.1914844964854935	-0.1914844964854935	-0.29408823214190855
TAF6L	ENSG00000162227	BTN3A3	ENSG00000111801	gained_on_activation	-0.3356687127476013	0.0130546436299347	0.408341576914591	0.0005288129134398	0.3356687127476013	0.3356687127476013	0.3893733912540451
TAF6L	ENSG00000162227	MAN1A1	ENSG00000111885	lost_on_activation	0.4751445715977546	0.0030227522094232	-0.2802987771555776	0.0056089795167047	0.2802987771555776	-0.2802987771555776	-0.355812695403466
TAF6L	ENSG00000162227	NDUFB3	ENSG00000119013	lost_on_activation	0.1415094913409183	0.015090503002246	-0.1335752013325141	0.0120395821481128	0.1335752013325141	-0.1335752013325141	-0.24562567253404616
TAF6L	ENSG00000162227	SCPEP1	ENSG00000121064	lost_on_activation	0.4937393362894305	0.0073962745203932	-0.4386789329467092	0.0124720247573243	0.4386789329467092	-0.4386789329467092	-0.4451272965201741
TAF6L	ENSG00000162227	IRF1	ENSG00000125347	gained_on_activation	-0.3108133854693466	0.0117774765098275	0.3733445440282076	0.0052333528538255	0.3108133854693466	0.3108133854693466	0.37468015828622914
TAF6L	ENSG00000162227	INSIG2	ENSG00000125629	lost_on_activation	0.2103304032471017	0.0617974085996387	-0.2631329889658813	0.0545684521635983	0.2103304032471017	-0.2103304032471017	-0.3082207446482945
TAF6L	ENSG00000162227	GPR108	ENSG00000125734	lost_on_activation	0.2267744272856816	0.0115516700183668	-0.2393764249215387	0.0062808910032186	0.2267744272856816	-0.2267744272856816	-0.3200426645520042
TAF6L	ENSG00000162227	CCR7	ENSG00000126353	gained_on_activation	-1.1727908883037823	0.0258181165957859	1.6146198928425288	2.4981422760172405e-11	1.1727908883037823	1.1727908883037823	0.7278152140187314
TAF6L	ENSG00000162227	ADORA2A	ENSG00000128271	lost_on_activation	0.4482514856605123	0.0393468214646381	-0.4384930908994645	0.0042820319237579	0.4384930908994645	-0.4384930908994645	-0.4450329996153658
TAF6L	ENSG00000162227	APOL3	ENSG00000128284	gained_on_activation	-0.259286453571279	0.005832305386727	0.4199340630737289	0.0001002937834631	0.259286453571279	0.259286453571279	0.34221634766116077
TAF6L	ENSG00000162227	CD68	ENSG00000129226	lost_on_activation	0.8509324620354572	0.0144544027067748	-0.3864623490160523	0.076643792930924	0.3864623490160523	-0.3864623490160523	-0.4177961491661788
TAF6L	ENSG00000162227	SH3BP5	ENSG00000131370	gained_on_activation	-0.4122719179684779	0.0002669487880772	0.5789580685425701	6.94920842725614e-05	0.4122719179684779	0.4122719179684779	0.4315217744514196
TAF6L	ENSG00000162227	TRIM22	ENSG00000132274	gained_on_activation	-0.7797457214976695	1.2991233817174338e-07	0.4447292658253459	0.058142367564955	0.4447292658253459	0.4447292658253459	0.4481864195491733
TAF6L	ENSG00000162227	RBM38	ENSG00000132819	lost_on_activation	0.523468529757526	0.0015267006704407	-0.2301457965615262	0.0180429557183048	0.2301457965615262	-0.2301457965615262	-0.3224128642040241
TAF6L	ENSG00000162227	EDEM1	ENSG00000134109	lost_on_activation	0.168605973271942	0.0126077440290457	-0.2239814285184816	0.0003702585245733	0.168605973271942	-0.168605973271942	-0.2759607498509374
TAF6L	ENSG00000162227	PTPN22	ENSG00000134242	lost_on_activation	0.1771438664975688	0.0827399886795572	-0.3078558254398165	9.353767211886489e-05	0.1771438664975688	-0.1771438664975688	-0.2828615377092203
TAF6L	ENSG00000162227	IL2RA	ENSG00000134460	lost_on_activation	0.8697238173213687	0.0010315413540504	-0.2381768984115813	0.0143822480730596	0.2381768984115813	-0.2381768984115813	-0.32799004005244337
TAF6L	ENSG00000162227	FBXL8	ENSG00000135722	gained_on_activation	-0.3942801603076042	0.0418313760324114	0.6235298664008656	5.938004786876505e-06	0.3942801603076042	0.3942801603076042	0.42200082533730554
TAF6L	ENSG00000162227	SDCBP	ENSG00000137575	lost_on_activation	0.3566867040557492	0.0006578056998639	-0.315378297015142	0.0066217012640403	0.315378297015142	-0.315378297015142	-0.3774215900762551
TAF6L	ENSG00000162227	GPR65	ENSG00000140030	lost_on_activation	0.282522608177304	0.0166869331424919	-0.3116290798535074	0.0076387221774585	0.282522608177304	-0.282522608177304	-0.35722137808900856
TAF6L	ENSG00000162227	ATP8B2	ENSG00000143515	gained_on_activation	-0.3215089226072636	0.0057224690578004	0.2108384318390236	0.0802100440581981	0.2108384318390236	0.2108384318390236	0.30859275580153245
TAF6L	ENSG00000162227	PLAC8	ENSG00000145287	gained_on_activation	-0.7207755881865232	0.0160143466665023	1.0128214990210518	0.0012693054854875	0.7207755881865232	0.7207755881865232	0.5705725481629215
TAF6L	ENSG00000162227	SURF4	ENSG00000148248	lost_on_activation	0.1547675628701816	0.0702866618871274	-0.1999830792054125	0.0009179550273227	0.1547675628701816	-0.1547675628701816	-0.2643935219224673
TAF6L	ENSG00000162227	PELO	ENSG00000152684	lost_on_activation	0.3717396103767926	0.0025460343729951	-0.2648818580972873	0.0037773228977679	0.2648818580972873	-0.2648818580972873	-0.34588915489607475
TAF6L	ENSG00000162227	RASSF3	ENSG00000153179	gained_on_activation	-0.4346694573288403	6.764412829661243e-08	0.2215194993663538	0.0032147454862923	0.2215194993663538	0.2215194993663538	0.3163128380050246
TAF6L	ENSG00000162227	SAMSN1	ENSG00000155307	lost_on_activation	0.5167024197144026	0.0001965002790312	-0.349766991958445	0.0073264520864972	0.349766991958445	-0.349766991958445	-0.39746624246819073
TAF6L	ENSG00000162227	PHF6	ENSG00000156531	lost_on_activation	0.2530816569176026	0.0057257888087861	-0.3452038298174859	0.0002824886269006	0.2530816569176026	-0.2530816569176026	-0.33809688747923533
TAF6L	ENSG00000162227	CD109	ENSG00000156535	lost_on_activation	0.8217053471344139	2.5533710886265312e-08	-0.2774068772132483	0.0374288837667583	0.2774068772132483	-0.2774068772132483	-0.353972440266448
TAF6L	ENSG00000162227	RAB11FIP1	ENSG00000156675	lost_on_activation	0.2770049580900808	0.0045488980236892	-0.5767725661165348	7.816377576100785e-09	0.2770049580900808	-0.2770049580900808	-0.3537159220021381
TAF6L	ENSG00000162227	TBC1D31	ENSG00000156787	lost_on_activation	0.374140381467674	0.0009914051141417	-0.2209447008049786	0.0731141285460615	0.2209447008049786	-0.2209447008049786	-0.315902187335181
TAF6L	ENSG00000162227	ENTREP3	ENSG00000160767	gained_on_activation	-0.3228015774186555	0.0750813873260559	0.2582994331363933	0.0157718926130011	0.2582994331363933	0.2582994331363933	0.34156437262202916
TAF6L	ENSG00000162227	SPRY1	ENSG00000164056	lost_on_activation	1.5236513294984932	1.5736052557310095e-06	-0.3959013314773071	0.0296455001177317	0.3959013314773071	-0.3959013314773071	-0.42286751080407187
TAF6L	ENSG00000162227	TRUB1	ENSG00000165832	lost_on_activation	0.3686834947937128	3.819856510366242e-05	-0.3520643785719515	9.435079412646336e-05	0.3520643785719515	-0.3520643785719515	-0.3987694516163377
TAF6L	ENSG00000162227	MAPRE2	ENSG00000166974	lost_on_activation	0.1485600437305422	0.0535492849900117	-0.3821207969739956	4.118533970750299e-06	0.1485600437305422	-0.1485600437305422	-0.25903702724651984
TAF6L	ENSG00000162227	TAP1	ENSG00000168394	gained_on_activation	-0.3099069894422578	0.0011593488724526	0.287636299097942	9.237813508645187e-05	0.287636299097942	0.287636299097942	0.36043975367890907
TAF6L	ENSG00000162227	B3GALNT1	ENSG00000169255	lost_on_activation	0.7965847731137337	0.0275043574022022	-0.9188572749212464	0.0119711212332948	0.7965847731137337	-0.7965847731137337	-0.5998281430747574
TAF6L	ENSG00000162227	KLF13	ENSG00000169926	gained_on_activation	-0.2214560056579996	0.0067089218807934	0.2343103826508309	0.0214785652563979	0.2214560056579996	0.2214560056579996	0.3162675026857878
TAF6L	ENSG00000162227	B3GNT2	ENSG00000170340	lost_on_activation	0.1628018807303663	0.0592232832315565	-0.3712382111833675	0.0003687582954421	0.1628018807303663	-0.1628018807303663	-0.2711693168126929
TAF6L	ENSG00000162227	SPSB1	ENSG00000171621	gained_on_activation	-0.7326604578181549	1.9648348490236087e-05	0.4633175292228915	0.0164022727076156	0.4633175292228915	0.4633175292228915	0.4574569224767196
TAF6L	ENSG00000162227	DEAF1	ENSG00000177030	gained_on_activation	-0.236096381210956	0.0481919439546518	0.2497176485910421	0.010022450879904	0.236096381210956	0.236096381210956	0.32655437255965936
TAF6L	ENSG00000162227	NAP1L5	ENSG00000177432	lost_on_activation	0.3915504008879601	0.071012471557862	-0.4444046868428226	0.0675239795410316	0.3915504008879601	-0.3915504008879601	-0.4205374477091995
TAF6L	ENSG00000162227	ANXA2R	ENSG00000177721	gained_on_activation	-0.3906540352793088	0.0056312243548287	0.8809346462989006	0.0003702585245733	0.3906540352793088	0.3906540352793088	0.4200558094704427
TAF6L	ENSG00000162227	PLEC	ENSG00000178209	gained_on_activation	-0.2643371850440471	0.012839771948393	0.3787732545341743	0.0053027699117582	0.2643371850440471	0.2643371850440471	0.3455333482499638
TAF6L	ENSG00000162227	MPI	ENSG00000178802	gained_on_activation	-0.5272642349855856	1.288229743516242e-06	0.1687161800185176	0.0567078241099554	0.1687161800185176	0.1687161800185176	0.2760509239051262
TAF6L	ENSG00000162227	AEN	ENSG00000181026	gained_on_activation	-0.3270321379097967	0.0009122007438471	0.4949012005495681	4.566261162780277e-05	0.3270321379097967	0.3270321379097967	0.38433156543767716
TAF6L	ENSG00000162227	RELL1	ENSG00000181826	lost_on_activation	0.1747239089426151	0.0453119426658447	-0.3538797264192119	0.0003546699966979	0.1747239089426151	-0.1747239089426151	-0.2809228118230975
TAF6L	ENSG00000162227	CREB3L2	ENSG00000182158	lost_on_activation	0.2312435078152557	0.085552986244179	-0.2631444010345065	0.0319229425271497	0.2312435078152557	-0.2312435078152557	-0.323180845252046
TAF6L	ENSG00000162227	FAM111B	ENSG00000189057	gained_on_activation	-0.5200725591869466	0.010939162287375	0.4262387848954873	0.024762331831072	0.4262387848954873	0.4262387848954873	0.4387703988029686
TAF6L	ENSG00000162227	IL1RAP	ENSG00000196083	lost_on_activation	0.6016452000758987	0.000647192056196	-0.3434833176819671	0.0023711227597269	0.3434833176819671	-0.3434833176819671	-0.3938797582094929
TAF6L	ENSG00000162227	SPTAN1	ENSG00000197694	gained_on_activation	-0.2300375805456401	0.0002740262192086	0.139643016337204	0.0514140820591742	0.139643016337204	0.139643016337204	0.251142636221839
TAF6L	ENSG00000162227	TXNRD1	ENSG00000198431	lost_on_activation	0.1550907952584192	0.0752600548757673	-0.5239402118383375	3.4746462786742e-07	0.1550907952584192	-0.1550907952584192	-0.2646694711373448
TAF6L	ENSG00000162227	CPNE1	ENSG00000214078	gained_on_activation	-0.1149993817106575	0.0972441687003511	0.2233204633119334	0.0002846345572073	0.1149993817106575	0.1149993817106575	0.22790748614290207
TAF6L	ENSG00000162227	PSMB9	ENSG00000240065	gained_on_activation	-0.1808872057153239	0.0290302740164174	0.3453681902970083	1.1834791681571261e-08	0.1808872057153239	0.1808872057153239	0.28583457666309503
YEATS2	ENSG00000163872	PFN1	ENSG00000108518	gained_on_activation	-0.1469153124962405	0.0781943082464166	0.1740635236912732	0.0080392940444745	0.1469153124962405	0.1469153124962405	0.2575991168298539
YEATS2	ENSG00000163872	DNPH1	ENSG00000112667	gained_on_activation	-0.4224974499300995	0.076724778673208	0.556198917731869	0.0062477617612575	0.4224974499300995	0.4224974499300995	0.43684048853824703
YEATS2	ENSG00000163872	APOL6	ENSG00000221963	lost_on_activation	0.2799371282511892	0.0355690491223235	-0.9025690056528728	0.0001207934564543	0.2799371282511892	-0.2799371282511892	-0.3555830818355526
TSC1	ENSG00000165699	IGFLR1	ENSG00000126246	lost_on_activation	0.3308095142812672	0.0489840037161764	-0.4845958063669847	0.0035894548211812	0.3308095142812672	-0.3308095142812672	-0.3865447987868727
TSC1	ENSG00000165699	MICAL2	ENSG00000133816	lost_on_activation	0.5200368696310644	0.0670121758112032	-0.2948299679264028	0.0626167084820266	0.2948299679264028	-0.2948299679264028	-0.3649191467346758
DOLPP1	ENSG00000167130	TUBE1	ENSG00000074935	lost_on_activation	0.3323232971836348	0.024278519339251	-0.4050313074933677	0.0023505420550035	0.3323232971836348	-0.3323232971836348	-0.38742820298817593
DOLPP1	ENSG00000167130	TRIB3	ENSG00000101255	lost_on_activation	0.5809476396047368	0.0025121147695484	-0.5515851183988477	0.0176817878383404	0.5515851183988477	-0.5515851183988477	-0.4991339474087174
DOLPP1	ENSG00000167130	IRF1	ENSG00000125347	gained_on_activation	-0.2779630664593595	0.053950554316926	0.2500331474690307	0.0771622223982946	0.2500331474690307	0.2500331474690307	0.3360544356130843
DOLPP1	ENSG00000167130	CHAC1	ENSG00000128965	lost_on_activation	1.7555863792282935	0.0051087101612602	-0.7176468469065168	0.0008672174881661	0.7176468469065168	-0.7176468469065168	-0.5693328312524891
DOLPP1	ENSG00000167130	SESN2	ENSG00000130766	lost_on_activation	0.4283591188718011	0.0568536699523608	-0.7472867191947141	0.0001388469386087	0.4283591188718011	-0.4283591188718011	-0.43986038132843236
DOLPP1	ENSG00000167130	SLC38A2	ENSG00000134294	lost_on_activation	0.3236730220638484	4.363121192495724e-05	-0.1588669211256051	0.0756249222997537	0.1588669211256051	-0.1588669211256051	-0.26787215871325615
DOLPP1	ENSG00000167130	PSAT1	ENSG00000135069	lost_on_activation	0.6261429061962742	0.0011961886719827	-0.4452518623452707	0.000806854846494	0.4452518623452707	-0.4452518623452707	-0.44844967172750616
DOLPP1	ENSG00000167130	SLC7A1	ENSG00000139514	lost_on_activation	0.2870518889138258	0.0395601362191125	-0.1563929566521668	0.0627735663200898	0.1563929566521668	-0.1563929566521668	-0.2657782473642484
DOLPP1	ENSG00000167130	GBP4	ENSG00000162654	gained_on_activation	-0.3297249007311008	0.0564151068888192	0.3796484837735146	0.0471727642316174	0.3297249007311008	0.3297249007311008	0.38591060309511277
DOLPP1	ENSG00000167130	MID1IP1	ENSG00000165175	lost_on_activation	0.2022172336588175	0.0324648708734881	-0.2487452055901131	0.0070361736485645	0.2022172336588175	-0.2022172336588175	-0.3022177170354315
DOLPP1	ENSG00000167130	DDIT3	ENSG00000175197	lost_on_activation	0.7450089213232446	9.355153437015784e-11	-0.5160184459183541	0.0183257982453605	0.5160184459183541	-0.5160184459183541	-0.4827735313456318
DOLPP1	ENSG00000167130	LYSMD3	ENSG00000176018	lost_on_activation	0.1377891860698143	0.0906786725674695	-0.1432190694627524	0.0835957021753075	0.1377891860698143	-0.1377891860698143	-0.2494700450582016
DOLPP1	ENSG00000167130	EIF4EBP1	ENSG00000187840	lost_on_activation	0.4219812707807111	0.0151521924423987	-0.4058609043290822	0.000806854846494	0.4058609043290822	-0.4058609043290822	-0.4281534496229238
DOLPP1	ENSG00000167130	SLC6A9	ENSG00000196517	lost_on_activation	1.8253230785193928	3.886836415666277e-07	-0.5311792759613151	0.0510412916213308	0.5311792759613151	-0.5311792759613151	-0.48981423158504367
STIP1	ENSG00000168439	UBR2	ENSG00000024048	gained_on_activation	-0.1859834117606927	0.0660572586346599	0.1381052890077631	0.09445024528711	0.1381052890077631	0.1381052890077631	0.2497560364373439
STIP1	ENSG00000168439	CORO1A	ENSG00000102879	lost_on_activation	0.1173395717066496	0.0447187413238474	-0.1443383465512787	0.0206046994196743	0.1173395717066496	-0.1173395717066496	-0.23021471912874306
STIP1	ENSG00000168439	SLC7A5	ENSG00000103257	lost_on_activation	0.5440782427525105	0.0778181247132934	-0.4962915531390421	3.674548740545022e-05	0.4962915531390421	-0.4962915531390421	-0.47345562418411274
STIP1	ENSG00000168439	ARHGEF18	ENSG00000104880	gained_on_activation	-0.3118493756184509	0.01068799792554	0.3757230330374458	0.0105256843576084	0.3118493756184509	0.3118493756184509	0.3753040729168951
STIP1	ENSG00000168439	SLC1A5	ENSG00000105281	lost_on_activation	0.3696031395494047	0.0469621014364563	-0.362441928986609	1.7771604819716215e-05	0.362441928986609	-0.362441928986609	-0.40460389072003705
STIP1	ENSG00000168439	DNPH1	ENSG00000112667	gained_on_activation	-0.2817528638871365	0.0412355991754694	0.2060174717698135	0.0151121278162991	0.2060174717698135	0.2060174717698135	0.3050442652135041
STIP1	ENSG00000168439	SFPQ	ENSG00000116560	lost_on_activation	0.2223735613647816	0.0516198929051598	-0.21936713638525	0.0401747530959741	0.21936713638525	-0.21936713638525	-0.3147723824212939
STIP1	ENSG00000168439	TRIM22	ENSG00000132274	gained_on_activation	-0.3663771295020198	0.0684367493548466	0.5484705912261543	0.0381570838607858	0.3663771295020198	0.3663771295020198	0.4067944470675275
STIP1	ENSG00000168439	SLC7A1	ENSG00000139514	lost_on_activation	0.2678555435308837	0.0677824045873311	-0.3354481068432229	7.642654372104553e-05	0.2678555435308837	-0.2678555435308837	-0.34782529135513535
STIP1	ENSG00000168439	UBE2L6	ENSG00000156587	gained_on_activation	-0.2160068695429249	0.037559714805301	0.1724292961652531	0.016096844876595	0.1724292961652531	0.1724292961652531	0.279072064925526
STIP1	ENSG00000168439	PCMTD1	ENSG00000168300	gained_on_activation	-0.3000839439653599	0.0385596780407938	0.2542588494030858	0.0235024055876501	0.2542588494030858	0.2542588494030858	0.33888229281016313
STIP1	ENSG00000168439	NDUFA3	ENSG00000170906	gained_on_activation	-0.1224430742190529	0.0787877275527321	0.1421302159179327	0.0406355301394915	0.1224430742190529	0.1224430742190529	0.23516785105306806
STIP1	ENSG00000168439	MPI	ENSG00000178802	gained_on_activation	-0.2194904624591808	0.0965058941091751	0.2430358258812907	0.0073006918515172	0.2194904624591808	0.2194904624591808	0.3148608509774143
STIP1	ENSG00000168439	PCGF5	ENSG00000180628	gained_on_activation	-0.2617001955701683	0.027284004332342	0.2806197440341157	0.0005624143420865	0.2617001955701683	0.2617001955701683	0.34380553302147776
STAT3	ENSG00000168610	COTL1	ENSG00000103187	gained_on_activation	-0.4750272525212082	0.0012908641158707	0.3657506590002053	0.0034110303864528	0.3657506590002053	0.3657506590002053	0.4064465081075918
STAT3	ENSG00000168610	PFN1	ENSG00000108518	gained_on_activation	-0.2744808577890232	2.493150685192463e-05	0.097662762407207	0.0338603716330463	0.097662762407207	0.097662762407207	0.21002710214385373
STAT3	ENSG00000168610	ARHGDIB	ENSG00000111348	gained_on_activation	-0.2097013481609459	0.0002451173413575	0.1478427070669584	0.0168522901017553	0.1478427070669584	0.1478427070669584	0.25841087769792614
STAT3	ENSG00000168610	CDKN2C	ENSG00000123080	gained_on_activation	-0.6363913704288041	0.014055491219589	0.5854842561186867	0.0163320764661849	0.5854842561186867	0.5854842561186867	0.5142430710972495
STAT3	ENSG00000168610	FANCI	ENSG00000140525	gained_on_activation	-0.6503815167223601	0.0003842220701576	0.1605845871445389	0.0670398344689944	0.1605845871445389	0.1605845871445389	0.2693163797353072
STAT3	ENSG00000168610	LRRC45	ENSG00000169683	gained_on_activation	-0.5298450213597167	0.074923163924048	0.5162923917533261	0.0325072408354614	0.5162923917533261	0.5162923917533261	0.4829016626663246
STAT3	ENSG00000168610	MAF	ENSG00000178573	lost_on_activation	0.6125920169514987	0.0520313354045872	-0.6835085988495274	0.0606760985523731	0.6125920169514987	-0.6125920169514987	-0.5260130327731025
ATP5ME	ENSG00000169020	MAPK1	ENSG00000100030	gained_on_activation	-0.2338633764250029	0.0374602138876998	0.2842949030917985	0.0884243002220785	0.2338633764250029	0.2338633764250029	0.32500642449974015
ATP5ME	ENSG00000169020	SLC1A5	ENSG00000105281	lost_on_activation	0.87306632554649	1.8815600148461658e-08	-0.2132692333470915	0.0847324147175528	0.2132692333470915	-0.2132692333470915	-0.31036657381066834
ATP5ME	ENSG00000169020	CHAC1	ENSG00000128965	lost_on_activation	3.021811649585661	6.123046714968161e-08	-0.7216175502589083	0.034245548762276	0.7216175502589083	-0.7216175502589083	-0.5709057033376336
ATP5ME	ENSG00000169020	PMAIP1	ENSG00000141682	lost_on_activation	1.9444182131300665	2.399149324344604e-21	-0.7481392155196506	0.028287218104041	0.7481392155196506	-0.7481392155196506	-0.5813023090695093
ATP5ME	ENSG00000169020	RHOB	ENSG00000143878	lost_on_activation	1.56294491675503	0.008234095357463	-0.8605542054281937	0.0345851498812044	0.8605542054281937	-0.8605542054281937	-0.6234475947237538
ATP5ME	ENSG00000169020	MID1IP1	ENSG00000165175	lost_on_activation	0.5360110079636589	8.896578713185882e-07	-0.373721382295971	0.0062540456724604	0.373721382295971	-0.373721382295971	-0.41085143800838647
TADA2B	ENSG00000173011	RHBDD2	ENSG00000005486	lost_on_activation	0.2928334427275719	0.0235555990433746	-0.3904598745926073	0.0117621846060003	0.2928334427275719	-0.2928334427275719	-0.3636814708269583
TADA2B	ENSG00000173011	TRAF3IP3	ENSG00000009790	lost_on_activation	0.107411004518251	0.0173269919876696	-0.3343426345792991	1.8691581127193704e-06	0.107411004518251	-0.107411004518251	-0.22025979323292652
TADA2B	ENSG00000173011	RANBP9	ENSG00000010017	lost_on_activation	0.2471202671289199	5.049934268343103e-06	-0.2023402412667649	0.0001082554115826	0.2023402412667649	-0.2023402412667649	-0.30230962173156006
TADA2B	ENSG00000173011	BIRC3	ENSG00000023445	lost_on_activation	0.4779381538555188	0.0007266065246874	-0.6018439736831138	2.268766830527221e-06	0.4779381538555188	-0.4779381538555188	-0.4646187038826234
TADA2B	ENSG00000173011	RNF19A	ENSG00000034677	lost_on_activation	0.3154684227520578	0.0068415467546288	-0.3681922776091096	0.004250863160626	0.3154684227520578	-0.3154684227520578	-0.3774755141564079
TADA2B	ENSG00000173011	VCL	ENSG00000035403	gained_on_activation	-0.3161310354084106	0.0038375715539754	0.598548937247619	7.778039741212968e-09	0.3161310354084106	0.3161310354084106	0.3778717326592344
TADA2B	ENSG00000173011	STAP1	ENSG00000035720	lost_on_activation	0.9037697631947568	0.0001703461306298	-0.5870813217475492	0.0006398924241008	0.5870813217475492	-0.5870813217475492	-0.5149439615330668
TADA2B	ENSG00000173011	ATP11B	ENSG00000058063	lost_on_activation	0.0713587950385972	0.0857348167756398	-0.1074756252233364	0.0132468407411676	0.0713587950385972	-0.0713587950385972	-0.17952899184609572
TADA2B	ENSG00000173011	PLPP1	ENSG00000067113	lost_on_activation	0.7467916728328137	1.1675339917270336e-06	-0.3584852934824667	0.0413214203794797	0.3584852934824667	-0.3584852934824667	-0.4023893798991816
TADA2B	ENSG00000173011	ERLEC1	ENSG00000068912	lost_on_activation	0.2856710965130909	3.412809856080925e-07	-0.1343359761162699	0.0383230738035616	0.1343359761162699	-0.1343359761162699	-0.2463241573518442
TADA2B	ENSG00000173011	WIPI1	ENSG00000070540	lost_on_activation	0.8009620066393621	1.9337404481718817e-08	-0.2733912907509042	0.0040575682278977	0.2733912907509042	-0.2733912907509042	-0.35140114788137494
TADA2B	ENSG00000173011	MAP4K4	ENSG00000071054	gained_on_activation	-0.1639988638708103	0.0454676616232309	0.2689614379622759	0.0228960581223255	0.1639988638708103	0.1639988638708103	0.272164362640994
TADA2B	ENSG00000173011	SNX10	ENSG00000086300	lost_on_activation	0.5074437543939496	5.459727988530106e-07	-0.183888907669226	0.005073140251866	0.183888907669226	-0.183888907669226	-0.2881964352347344
TADA2B	ENSG00000173011	CREM	ENSG00000095794	lost_on_activation	0.3409874550277892	0.028782145966162	-0.4195660754873823	3.707836947295725e-05	0.3409874550277892	-0.3409874550277892	-0.39244611926273204
TADA2B	ENSG00000173011	OSM	ENSG00000099985	lost_on_activation	0.8653753083064958	3.423582464090861e-06	-0.8709524720705221	0.0002294046141121	0.8653753083064958	-0.8653753083064958	-0.6251915331024709
TADA2B	ENSG00000173011	TTLL12	ENSG00000100304	gained_on_activation	-0.2465522506640447	0.0289473289201403	0.2169613196111879	0.013156486247135	0.2169613196111879	0.2169613196111879	0.31304155697828107
TADA2B	ENSG00000173011	IL2RB	ENSG00000100385	lost_on_activation	0.5173620191519119	0.0013416760099149	-0.6700317105670048	2.349756361893293e-14	0.5173620191519119	-0.5173620191519119	-0.48340162897124683
TADA2B	ENSG00000173011	SUSD6	ENSG00000100647	lost_on_activation	0.517318440299028	1.2710447631234694e-14	-0.2278237480124478	0.0002727039574956	0.2278237480124478	-0.2278237480124478	-0.32078225371137
TADA2B	ENSG00000173011	PSME2	ENSG00000100911	gained_on_activation	-0.3740568373501177	6.642265159733854e-05	0.265491437770876	0.0002824435763475	0.265491437770876	0.265491437770876	0.3462869281374799
TADA2B	ENSG00000173011	PPP1R16B	ENSG00000101445	lost_on_activation	0.1995258505329037	0.0907698382656521	-0.3237536617945794	1.121797655547925e-06	0.1995258505329037	-0.1995258505329037	-0.3001998172355953
TADA2B	ENSG00000173011	DNAJC3	ENSG00000102580	lost_on_activation	0.1438342624181559	0.0363006784701161	-0.1937080628286162	0.0090195899575654	0.1438342624181559	-0.1438342624181559	-0.25488367096167075
TADA2B	ENSG00000173011	ERI1	ENSG00000104626	lost_on_activation	0.3604755529963658	0.0104962984383291	-0.1687213862267709	0.0326856572770118	0.1687213862267709	-0.1687213862267709	-0.27605518303282617
TADA2B	ENSG00000173011	TLE5	ENSG00000104964	gained_on_activation	-0.2136739036506396	0.0012490166967867	0.1165245309257452	0.0897542081834264	0.1165245309257452	0.1165245309257452	0.2294137900584818
TADA2B	ENSG00000173011	MAP3K8	ENSG00000107968	lost_on_activation	0.274379354576435	0.0405152361962471	-0.3322053486454934	0.0007037901160692	0.274379354576435	-0.274379354576435	-0.352035574854207
TADA2B	ENSG00000173011	CPD	ENSG00000108582	lost_on_activation	0.4520739526391737	6.2447597718111465e-06	-0.274817820550666	0.0093235675608919	0.274817820550666	-0.274817820550666	-0.3523167439760433
TADA2B	ENSG00000173011	ABI3	ENSG00000108798	lost_on_activation	0.2001974318168282	0.0986160272660176	-0.2181378060894534	0.0821330731443353	0.2001974318168282	-0.2001974318168282	-0.3007046120157856
TADA2B	ENSG00000173011	LPXN	ENSG00000110031	lost_on_activation	0.1310532889513644	0.0225630123518807	-0.4452580957459879	1.3692515750633855e-10	0.1310532889513644	-0.1310532889513644	-0.24329590566461373
TADA2B	ENSG00000173011	GNPTAB	ENSG00000111670	lost_on_activation	0.3785758663767988	9.984280899245206e-10	-0.2312829249285422	0.0077859668084579	0.2312829249285422	-0.2312829249285422	-0.32320838832406257
TADA2B	ENSG00000173011	FGFR1OP2	ENSG00000111790	lost_on_activation	0.1536556999538222	0.0013800468532236	-0.2878808090763682	7.446043734297384e-07	0.1536556999538222	-0.1536556999538222	-0.2634420976480105
TADA2B	ENSG00000173011	BTN3A3	ENSG00000111801	gained_on_activation	-0.3773159869658488	0.0003981846953345	0.2140331708231451	0.0338617860709341	0.2140331708231451	0.2140331708231451	0.31092194859950506
TADA2B	ENSG00000173011	MAN1A1	ENSG00000111885	lost_on_activation	0.5711748209608272	2.6300275927685955e-05	-0.3313952753024213	3.610199882877523e-05	0.3313952753024213	-0.3313952753024213	-0.38688687288656215
TADA2B	ENSG00000173011	TMED5	ENSG00000117500	lost_on_activation	0.1048671163774366	0.0373307658846507	-0.115585663420821	0.0291055392514158	0.1048671163774366	-0.1048671163774366	-0.2176358826553288
TADA2B	ENSG00000173011	TNFAIP3	ENSG00000118503	lost_on_activation	0.3873971206765498	0.017033803271912	-0.3825090285712655	0.0019801422456911	0.3825090285712655	-0.3825090285712655	-0.415653731178114
TADA2B	ENSG00000173011	SCPEP1	ENSG00000121064	lost_on_activation	0.5286601416919331	0.0004664107008707	-0.5936828959010483	2.949142330435949e-05	0.5286601416919331	-0.5286601416919331	-0.48865137159287214
TADA2B	ENSG00000173011	TNFSF10	ENSG00000121858	lost_on_activation	0.2488348469820263	0.0547347432976415	-0.4562380846391113	0.0281668011418065	0.2488348469820263	-0.2488348469820263	-0.3352481868371578
TADA2B	ENSG00000173011	P4HA1	ENSG00000122884	lost_on_activation	0.1923361659842181	0.0779329378253299	-0.3805888451701033	3.925647947111728e-07	0.1923361659842181	-0.1923361659842181	-0.29474151765278006
TADA2B	ENSG00000173011	IRF1	ENSG00000125347	gained_on_activation	-0.5641717099262749	8.440347813791114e-08	0.2050972522060667	0.0958737695109521	0.2050972522060667	0.2050972522060667	0.3043622311607779
TADA2B	ENSG00000173011	GPR108	ENSG00000125734	lost_on_activation	0.1784858393869847	0.0155208762450153	-0.347350421025227	3.854356958217734e-07	0.1784858393869847	-0.1784858393869847	-0.28393094056687906
TADA2B	ENSG00000173011	TNFSF14	ENSG00000125735	lost_on_activation	0.7331690093480712	0.0001482403730985	-0.6233309015442187	0.0050548000692359	0.6233309015442187	-0.6233309015442187	-0.5306035690236014
TADA2B	ENSG00000173011	IGFLR1	ENSG00000126246	lost_on_activation	0.3298129069889153	0.0096418699052377	-0.3169157665463575	0.0077526510277544	0.3169157665463575	-0.3169157665463575	-0.3783404369181438
TADA2B	ENSG00000173011	HCST	ENSG00000126264	lost_on_activation	0.3152300988142609	0.0401230057520249	-0.4358870056923332	0.0010696805394568	0.3152300988142609	-0.3152300988142609	-0.3773329032935319
TADA2B	ENSG00000173011	CCR7	ENSG00000126353	gained_on_activation	-1.2252561154622257	0.0091316827032412	1.7172409125105477	1.514386266323755e-13	1.2252561154622257	1.2252561154622257	0.7439166474844158
TADA2B	ENSG00000173011	ADORA2A	ENSG00000128271	lost_on_activation	0.5330997073953381	0.0030451997860176	-0.4231582471945166	0.000850030686293	0.4231582471945166	-0.4231582471945166	-0.437181970148236
TADA2B	ENSG00000173011	APOL3	ENSG00000128284	gained_on_activation	-0.3073866314321596	9.097701730113704e-05	0.2384201702164372	0.0145254280488774	0.2384201702164372	0.2384201702164372	0.3281575003845752
TADA2B	ENSG00000173011	CALU	ENSG00000128595	lost_on_activation	0.2897642910929088	1.4108849879282402e-05	-0.1505224174945243	0.0134017902147573	0.1505224174945243	-0.1505224174945243	-0.26074226301377657
TADA2B	ENSG00000173011	CD68	ENSG00000129226	lost_on_activation	0.6596127764430398	0.028604302668848	-0.7808914119557561	7.150295634513127e-06	0.6596127764430398	-0.6596127764430398	-0.5458274435616546
TADA2B	ENSG00000173011	SH3BP5	ENSG00000131370	gained_on_activation	-0.385376918705358	0.000124622200179	0.479327580978251	0.0002044509412059	0.385376918705358	0.385376918705358	0.41720901891443374
TADA2B	ENSG00000173011	RBM38	ENSG00000132819	lost_on_activation	0.8744098680397321	5.7027639911403926e-11	-0.197544068928473	0.0072096162713902	0.197544068928473	-0.197544068928473	-0.29870523611658767
TADA2B	ENSG00000173011	MICAL2	ENSG00000133816	lost_on_activation	0.7942833282406638	0.000130119945372	-0.2996460982888621	0.0068576227113663	0.2996460982888621	-0.2996460982888621	-0.36788760160039413
TADA2B	ENSG00000173011	EDEM1	ENSG00000134109	lost_on_activation	0.1032279445680551	0.0986814662877866	-0.3254974388354796	3.0531483098520675e-09	0.1032279445680551	-0.1032279445680551	-0.21592825649718478
TADA2B	ENSG00000173011	PTPN22	ENSG00000134242	lost_on_activation	0.1497601669341968	0.0960711422849816	-0.4714057585512504	9.92390843085422e-13	0.1497601669341968	-0.1497601669341968	-0.26008122129363115
TADA2B	ENSG00000173011	AP4B1	ENSG00000134262	lost_on_activation	0.144619100816991	0.0810689241831891	-0.2242608342682115	0.0002824435763475	0.144619100816991	-0.144619100816991	-0.2555781172831326
TADA2B	ENSG00000173011	IL2RA	ENSG00000134460	lost_on_activation	1.128354890823424	2.87889812655352e-06	-0.2740757829330112	0.002415698431079	0.2740757829330112	-0.2740757829330112	-0.35184077595240654
TADA2B	ENSG00000173011	TES	ENSG00000135269	lost_on_activation	0.2430054887226013	3.483323962545481e-08	-0.2305362548162877	0.0010749277672443	0.2305362548162877	-0.2305362548162877	-0.32268624615722036
TADA2B	ENSG00000173011	FBXL8	ENSG00000135722	gained_on_activation	-0.3793415890157043	0.0113373691055444	0.4482916831063498	7.696389040088715e-05	0.3793415890157043	0.3793415890157043	0.41392920336656946
TADA2B	ENSG00000173011	GLUL	ENSG00000135821	gained_on_activation	-0.4654413089126964	0.0041753091508068	0.7746786898397093	0.0138290812311494	0.4654413089126964	0.4654413089126964	0.4585041814918431
TADA2B	ENSG00000173011	NIBAN1	ENSG00000135842	gained_on_activation	-0.2318295865231927	0.0007791052301302	0.2485289995442329	0.0394524644877926	0.2318295865231927	0.2318295865231927	0.32359013144766546
TADA2B	ENSG00000173011	TMBIM1	ENSG00000135926	gained_on_activation	-0.2491814855417454	0.0023830933307021	0.2839399460422854	9.921998854333648e-05	0.2491814855417454	0.2491814855417454	0.33548161376014785
TADA2B	ENSG00000173011	SDCBP	ENSG00000137575	lost_on_activation	0.1898809493978277	0.0511673880557156	-0.4766868180740435	2.108084463737016e-07	0.1898809493978277	-0.1898809493978277	-0.2928542529196307
TADA2B	ENSG00000173011	CLSTN3	ENSG00000139182	lost_on_activation	0.2041045721994868	0.0655668865728007	-0.2087272713032858	0.0390813855999539	0.2041045721994868	-0.2041045721994868	-0.30362477424284884
TADA2B	ENSG00000173011	ITGB7	ENSG00000139626	lost_on_activation	0.2606720234096472	0.0001565738105828	-0.3608095857135063	0.0051262945342298	0.2606720234096472	-0.2606720234096472	-0.34312949385905417
TADA2B	ENSG00000173011	TMBIM6	ENSG00000139644	lost_on_activation	0.1118117112557887	0.0223867733084237	-0.177658846254728	0.0004666660055693	0.1118117112557887	-0.1118117112557887	-0.22472660211470588
TADA2B	ENSG00000173011	HAPLN3	ENSG00000140511	gained_on_activation	-0.2553493464805825	0.0569435825195509	1.0712905653553717	3.4398191905492405e-25	0.2553493464805825	0.2553493464805825	0.33960823559455616
TADA2B	ENSG00000173011	ATP8B2	ENSG00000143515	gained_on_activation	-0.4495271042124821	7.339567596133311e-06	0.2477712769066911	0.007972089456185	0.2477712769066911	0.2477712769066911	0.3345309606080624
TADA2B	ENSG00000173011	RHOB	ENSG00000143878	lost_on_activation	1.2277968126185936	0.0026622702609603	-0.8953489279921396	0.0015333130792259	0.8953489279921396	-0.8953489279921396	-0.6359266084149835
TADA2B	ENSG00000173011	PLAC8	ENSG00000145287	gained_on_activation	-0.6282212437701166	0.0200901653770663	0.8568923615029802	0.0022272609838841	0.6282212437701166	0.6282212437701166	0.5326809275015443
TADA2B	ENSG00000173011	CRIM1	ENSG00000150938	lost_on_activation	0.8684310564351171	0.0552720360152798	-1.733515359912312	4.954931745110809e-13	0.8684310564351171	-0.8684310564351171	-0.626294375025671
TADA2B	ENSG00000173011	PELO	ENSG00000152684	lost_on_activation	0.3106167996720654	0.0033305110508344	-0.2813279550119337	0.0001655087954122	0.2813279550119337	-0.2813279550119337	-0.35646531869675563
TADA2B	ENSG00000173011	RASSF3	ENSG00000153179	gained_on_activation	-0.4046084439433857	1.841656398472992e-08	0.3050142066015427	1.358684321499298e-07	0.3050142066015427	0.3050142066015427	0.37116829511287436
TADA2B	ENSG00000173011	CYRIB	ENSG00000153310	lost_on_activation	0.19607728356403	5.423460534721203e-05	-0.1965883575005926	5.92487453118577e-05	0.19607728356403	-0.19607728356403	-0.29759421110130047
TADA2B	ENSG00000173011	JAZF1	ENSG00000153814	lost_on_activation	1.0484699855113362	3.5186941474108924e-05	-1.4969627997809989	0.040043532015166	1.0484699855113362	-1.0484699855113362	-0.6881590716654686
TADA2B	ENSG00000173011	SAMSN1	ENSG00000155307	lost_on_activation	0.4949032324529634	0.0001183566356464	-0.494138454021467	1.9685150366565376e-05	0.494138454021467	-0.494138454021467	-0.4724274937266697
TADA2B	ENSG00000173011	TIAM1	ENSG00000156299	gained_on_activation	-0.5520342974960556	0.0003468378121299	0.3705900232278954	0.0228069040466219	0.3705900232278954	0.3705900232278954	0.409126584031025
TADA2B	ENSG00000173011	PHF6	ENSG00000156531	lost_on_activation	0.1325280580834436	0.0952249911948805	-0.3731076275652917	4.032582751483696e-06	0.1325280580834436	-0.1325280580834436	-0.24466100495896237
TADA2B	ENSG00000173011	UBE2L6	ENSG00000156587	gained_on_activation	-0.2376686533955853	0.0021138283719877	0.4480917601055964	3.3425524372767762e-22	0.2376686533955853	0.2376686533955853	0.3276399046508374
TADA2B	ENSG00000173011	RAB11FIP1	ENSG00000156675	lost_on_activation	0.2061967571652642	0.0162303622217655	-0.6510928200201653	6.670333623818259e-14	0.2061967571652642	-0.2061967571652642	-0.30517696776543146
TADA2B	ENSG00000173011	TBC1D31	ENSG00000156787	lost_on_activation	0.3799667084392112	1.8842271334310336e-05	-0.1801557789934862	0.0560336037426145	0.1801557789934862	-0.1801557789934862	-0.2852560978860001
TADA2B	ENSG00000173011	SLC37A3	ENSG00000157800	gained_on_activation	-0.3347922178227771	0.0075518588196313	0.8464316982677409	4.600836334829763e-15	0.3347922178227771	0.3347922178227771	0.38886469492799186
TADA2B	ENSG00000173011	MED8	ENSG00000159479	lost_on_activation	0.1125228646716341	0.0753241491855417	-0.1807114225179715	0.009483317086306	0.1125228646716341	-0.1125228646716341	-0.22544013103227167
TADA2B	ENSG00000173011	ENTREP3	ENSG00000160767	gained_on_activation	-0.3948265359006935	0.0025769685113815	0.2478986184924515	0.0021052785016337	0.2478986184924515	0.2478986184924515	0.33461691534712296
TADA2B	ENSG00000173011	LY6E	ENSG00000160932	gained_on_activation	-0.3697671269325106	3.446455357202996e-06	0.3009338922209427	0.0003212432233569	0.3009338922209427	0.3009338922209427	0.36867729232125823
TADA2B	ENSG00000173011	UBXN1	ENSG00000162191	gained_on_activation	-0.1313847623445363	0.0692572272033397	0.1176617477180695	0.0986676679054141	0.1176617477180695	0.1176617477180695	0.23053054957400182
TADA2B	ENSG00000173011	WDR26	ENSG00000162923	lost_on_activation	0.1247311594507752	0.0534423031747383	-0.2048515737156563	4.43779726672739e-06	0.1247311594507752	-0.1247311594507752	-0.2373549633992388
TADA2B	ENSG00000173011	CCR1	ENSG00000163823	lost_on_activation	1.0395551032849466	0.0804768638873959	-2.4933132154729183	5.227682142671301e-06	1.0395551032849466	-1.0395551032849466	-0.6852272025158784
TADA2B	ENSG00000173011	DTX3L	ENSG00000163840	gained_on_activation	-0.1686136141341804	0.0546730551230894	0.7518200032739771	5.3633329419732044e-14	0.1686136141341804	0.1686136141341804	0.27596700275569336
TADA2B	ENSG00000173011	SPRY1	ENSG00000164056	lost_on_activation	1.4721618369582663	4.1561649328221713e-07	-0.3982580388308196	0.0135104894334507	0.3982580388308196	-0.3982580388308196	-0.4241242586311815
TADA2B	ENSG00000173011	SYTL3	ENSG00000164674	lost_on_activation	0.6799367193333833	2.9507835414858667e-09	-0.2786677208261962	0.0017791513427457	0.2786677208261962	-0.2786677208261962	-0.35477594939273405
TADA2B	ENSG00000173011	PEX2	ENSG00000164751	lost_on_activation	0.2437340975781396	0.0026295437150097	-0.384524035866758	5.060992472275169e-07	0.2437340975781396	-0.2437340975781396	-0.33179434746536385
TADA2B	ENSG00000173011	MAPRE2	ENSG00000166974	lost_on_activation	0.1958764509058973	0.0010391244133761	-0.56057344368624	4.378965909807151e-15	0.1958764509058973	-0.1958764509058973	-0.2974417662406597
TADA2B	ENSG00000173011	DDIT4	ENSG00000168209	lost_on_activation	0.5068348818771276	0.014922357019781	-0.985364809858215	1.8323318583855928e-19	0.5068348818771276	-0.5068348818771276	-0.47845829294156006
TADA2B	ENSG00000173011	TAP1	ENSG00000168394	gained_on_activation	-0.4454378618664025	3.227402242324013e-07	0.2436650213710647	0.0003993823161153	0.2436650213710647	0.2436650213710647	0.33174732753796393
TADA2B	ENSG00000173011	INPP5D	ENSG00000168918	lost_on_activation	0.2154309789325454	0.0059764311638646	-0.2695172903713791	0.0022943487447221	0.2154309789325454	-0.2154309789325454	-0.3119355810671452
TADA2B	ENSG00000173011	KLF13	ENSG00000169926	gained_on_activation	-0.1318257256278291	0.048699384246631	0.1472752892392065	0.070791335491473	0.1318257256278291	0.1318257256278291	0.24401185326283004
TADA2B	ENSG00000173011	RBKS	ENSG00000171174	lost_on_activation	0.5965939110432986	0.0220440809591776	-0.3904590172858712	0.041440218239751	0.3904590172858712	-0.3904590172858712	-0.4199509485707035
TADA2B	ENSG00000173011	BCL2L1	ENSG00000171552	lost_on_activation	0.3481692570640839	0.0001944408455131	-0.3359315948486184	0.000117877464957	0.3359315948486184	-0.3359315948486184	-0.389525832125386
TADA2B	ENSG00000173011	SPSB1	ENSG00000171621	gained_on_activation	-0.7711219799705188	1.6039301633541708e-07	0.826374714635187	2.4356919269501093e-08	0.7711219799705188	0.7711219799705188	0.5901635451651924
TADA2B	ENSG00000173011	TLR6	ENSG00000174130	lost_on_activation	0.5381463679265198	0.0004912928022045	-0.6068724356171075	0.0003061312850584	0.5381463679265198	-0.5381463679265198	-0.49301603524773735
TADA2B	ENSG00000173011	ANXA2R	ENSG00000177721	gained_on_activation	-0.3316053558856514	0.0039436448167494	0.5809689359149364	0.007387970905958	0.3316053558856514	0.3316053558856514	0.3870094825751115
TADA2B	ENSG00000173011	MPI	ENSG00000178802	gained_on_activation	-0.4442510189208879	3.452861353924881e-07	0.2172942497688654	0.0010115939130037	0.2172942497688654	0.2172942497688654	0.31328164821579974
TADA2B	ENSG00000173011	GEMIN4	ENSG00000179409	gained_on_activation	-0.3143135170337129	0.0159574025247666	0.1906670763775448	0.0100485927649876	0.1906670763775448	0.1906670763775448	0.29345985036817646
TADA2B	ENSG00000173011	AEN	ENSG00000181026	gained_on_activation	-0.390442604958172	3.060301194346093e-06	0.3473092193088983	0.0019996892731867	0.3473092193088983	0.3473092193088983	0.3960673056797834
TADA2B	ENSG00000173011	RELL1	ENSG00000181826	lost_on_activation	0.2461175544506926	0.0001483498518943	-0.3263312795787292	6.853903855489643e-05	0.2461175544506926	-0.2461175544506926	-0.33341269628349335
TADA2B	ENSG00000173011	RNF41	ENSG00000181852	lost_on_activation	0.2647208993032516	1.5761043651411913e-05	-0.131019518454285	0.0665568265802488	0.131019518454285	-0.131019518454285	-0.24326455676408057
TADA2B	ENSG00000173011	CREB3L2	ENSG00000182158	lost_on_activation	0.2474925970158363	0.0158313717758187	-0.6090578236148696	5.948922096691293e-11	0.2474925970158363	-0.2474925970158363	-0.33434277640505894
TADA2B	ENSG00000173011	DMWD	ENSG00000185800	lost_on_activation	0.695377323977309	4.994180545132779e-06	-0.3104696435669007	0.0009373557645457	0.3104696435669007	-0.3104696435669007	-0.3744729135122732
TADA2B	ENSG00000173011	LITAF	ENSG00000189067	gained_on_activation	-0.4488076790508583	1.2714731387532896e-05	0.156251834108399	0.0636941394014443	0.156251834108399	0.156251834108399	0.26565830664495693
TADA2B	ENSG00000173011	IL1RAP	ENSG00000196083	lost_on_activation	0.3813571011333615	0.0161090203143108	-0.4638506256734169	2.7860932881509367e-06	0.3813571011333615	-0.3813571011333615	-0.4150273878438826
TADA2B	ENSG00000173011	STK40	ENSG00000196182	lost_on_activation	0.2344506956330213	0.0003418854535127	-0.1035679004447574	0.087358763388773	0.1035679004447574	-0.1035679004447574	-0.21628351758049924
TADA2B	ENSG00000173011	FAM3C	ENSG00000196937	lost_on_activation	0.5052107201866441	0.0003824062355577	-0.4316830029022372	0.0001628384359162	0.4316830029022372	-0.4316830029022372	-0.44156364801807424
TADA2B	ENSG00000173011	IGF2R	ENSG00000197081	lost_on_activation	0.2709074788380223	0.0018461413403049	-0.3384999446231011	0.0006244880179167	0.2709074788380223	-0.2709074788380223	-0.349801232549681
TADA2B	ENSG00000173011	S100A10	ENSG00000197747	gained_on_activation	-0.1502030436113752	0.0837091002950378	0.176857553799243	0.0149824946044736	0.1502030436113752	0.1502030436113752	0.2604654986302623
TADA2B	ENSG00000173011	PSMB9	ENSG00000240065	gained_on_activation	-0.206058876804299	0.0050992676567807	0.419667492279973	7.591272165853296e-15	0.206058876804299	0.206058876804299	0.3050749173073985
TADA2B	ENSG00000173011	CHURC1	ENSG00000258289	gained_on_activation	-0.1190652309731489	0.0077680755134256	0.1525402388371353	0.0001187394675414	0.1190652309731489	0.1190652309731489	0.23190137170199332
STAT5B	ENSG00000173757	CENPM	ENSG00000100162	gained_on_activation	-0.7092178865461088	0.0103628334657056	0.281069260274489	0.0414647317174681	0.281069260274489	0.281069260274489	0.3563013874035027
STAT5B	ENSG00000173757	GNLY	ENSG00000115523	gained_on_activation	-2.975820622401673	0.0486239870713824	2.21400360540582	0.0551975177318232	2.21400360540582	2.21400360540582	1.0
STAT5B	ENSG00000173757	CENPF	ENSG00000117724	gained_on_activation	-0.6590189710915386	0.0448651836617501	0.4443575150784408	0.0083022924207141	0.4443575150784408	0.4443575150784408	0.4479990600904913
STAT5B	ENSG00000173757	NCAPH	ENSG00000121152	gained_on_activation	-0.9683200472219622	0.024005915108053	0.3587950783778523	0.0757834338810152	0.3587950783778523	0.3587950783778523	0.4025632046500084
STAT5B	ENSG00000173757	GLUL	ENSG00000135821	gained_on_activation	-0.5289008416277913	0.087647703271536	0.93873118353446	0.0709562030381026	0.5289008416277913	0.5289008416277913	0.4887626008681743
STAT5B	ENSG00000173757	CEP55	ENSG00000138180	gained_on_activation	-0.5850005648565475	0.0744914544481801	0.2787441147116515	0.0564111127908242	0.2787441147116515	0.2787441147116515	0.3548245751466104
STAT5B	ENSG00000173757	MYO1F	ENSG00000142347	gained_on_activation	-0.3947030056490557	0.0098098201608105	0.6910612347520376	0.0009662377741359	0.3947030056490557	0.3947030056490557	0.42222705186914855
STAT5B	ENSG00000173757	SPC24	ENSG00000161888	gained_on_activation	-1.0695282095002203	0.0020724240411405	0.3680531048118893	0.0528246619637061	0.3680531048118893	0.3680531048118893	0.40772381667468655
STAT5B	ENSG00000173757	TMEM71	ENSG00000165071	gained_on_activation	-0.5948056146793886	0.0769901428746264	0.5850701776587772	0.0233445386340537	0.5850701776587772	0.5850701776587772	0.5140611920463337
STAT5B	ENSG00000173757	HOPX	ENSG00000171476	gained_on_activation	-0.7774450530302025	0.0172299001867209	0.5046990825938689	0.0113055284590682	0.5046990825938689	0.5046990825938689	0.47744911840505044
STAT5B	ENSG00000173757	H2AX	ENSG00000188486	gained_on_activation	-0.923085159475662	0.0010984964543059	0.4475492099917139	0.0082021656949992	0.4475492099917139	0.4475492099917139	0.4496051068580618
STAT5B	ENSG00000173757	FAM111B	ENSG00000189057	gained_on_activation	-0.8496835766197731	0.0460019970708998	0.7102783879230972	0.062161867391702	0.7102783879230972	0.7102783879230972	0.5664024696035087
STAT5B	ENSG00000173757	H4C3	ENSG00000197061	gained_on_activation	-0.7205845935416622	0.032310254181589	0.320320477346034	0.0859939688032434	0.320320477346034	0.320320477346034	0.3803673138679361
EIF1	ENSG00000173812	PMAIP1	ENSG00000141682	lost_on_activation	0.7544850757959326	0.0184750111540039	-0.811069003215439	0.0391197561528259	0.7544850757959326	-0.7544850757959326	-0.583762462036177
EIF1	ENSG00000173812	MYO1F	ENSG00000142347	gained_on_activation	-0.2639578803777858	0.01412745649192	0.3965698603014765	0.0316928156912204	0.2639578803777858	0.2639578803777858	0.3452853516214496
EIF1	ENSG00000173812	MDM4	ENSG00000198625	lost_on_activation	0.3079046947413025	0.000559954216793	-0.2686914661403143	0.0044407663775061	0.2686914661403143	-0.2686914661403143	-0.3483676145189964
UBE2N	ENSG00000177889	H1-2	ENSG00000187837	gained_on_activation	-0.7043838725526832	0.019154036996463	0.5056650734888987	0.0460856517425438	0.5056650734888987	0.5056650734888987	0.47790581729660825
RBM10	ENSG00000182872	HMGCS1	ENSG00000112972	lost_on_activation	0.4484490918792787	0.0774785874734978	-0.4375098490178297	0.0065781229028392	0.4375098490178297	-0.4375098490178297	-0.4445337663728428
ARHGAP30	ENSG00000186517	BLTP2	ENSG00000007202	lost_on_activation	0.1297909726632587	0.050879485753758	-0.171432534605859	0.0082022482504923	0.1297909726632587	-0.1297909726632587	-0.24212134715878486
ARHGAP30	ENSG00000186517	IL2RB	ENSG00000100385	lost_on_activation	0.3950936534171927	0.0366421059686462	-0.2608109731258785	0.0153346673517029	0.2608109731258785	-0.2608109731258785	-0.34322093327262226
ARHGAP30	ENSG00000186517	ICAM2	ENSG00000108622	gained_on_activation	-0.2421837087957957	0.0835414354151587	0.2055636801811854	0.0463523481001572	0.2055636801811854	0.2055636801811854	0.3047081217978599
ARHGAP30	ENSG00000186517	CHIC2	ENSG00000109220	gained_on_activation	-0.2045660702830778	0.0356838223454252	0.3131448125893212	0.0016629530052743	0.2045660702830778	0.2045660702830778	0.30396784135845584
ARHGAP30	ENSG00000186517	NDUFB3	ENSG00000119013	lost_on_activation	0.1357430294647607	0.012663327823393	-0.140028160926961	0.0014467386260406	0.1357430294647607	-0.1357430294647607	-0.24761081339707453
ARHGAP30	ENSG00000186517	BTG1	ENSG00000133639	gained_on_activation	-0.4169814355544279	0.0097885130825244	0.2411817632604831	0.0961875601394844	0.2411817632604831	0.2411817632604831	0.33005253373613447
ARHGAP30	ENSG00000186517	IL2RA	ENSG00000134460	lost_on_activation	0.6711876440119077	0.0272011741903429	-0.2685485344807682	0.0105584744424807	0.2685485344807682	-0.2685485344807682	-0.3482749443169529
ARHGAP30	ENSG00000186517	INSIG1	ENSG00000186480	lost_on_activation	0.3501035434001276	0.0726573942361769	-0.294637508260037	0.0874638751685037	0.294637508260037	-0.294637508260037	-0.36480002098391234
PPP1R11	ENSG00000204619	CENPF	ENSG00000117724	gained_on_activation	-0.7817052616551005	0.0143707315685093	0.4307697513229615	0.011194132422728	0.4307697513229615	0.4307697513229615	0.44109632338211185
PPP1R11	ENSG00000204619	NARS1	ENSG00000134440	lost_on_activation	0.3995878782370581	0.0131367672264158	-0.3937246272547703	0.0379832670366728	0.3937246272547703	-0.3937246272547703	-0.42170342507809544
PPP1R11	ENSG00000204619	NUSAP1	ENSG00000137804	gained_on_activation	-0.5240656654360721	0.0961448981725943	0.3757863493837788	0.027023649784844	0.3757863493837788	0.3757863493837788	0.4119849374951822
PPP1R11	ENSG00000204619	SLC7A11	ENSG00000151012	lost_on_activation	1.3263725050995925	0.08666398298999	-0.6989819813723981	0.0620430997837469	0.6989819813723981	-0.6989819813723981	-0.5618803294003795
PPP1R11	ENSG00000204619	H1-5	ENSG00000184357	gained_on_activation	-0.7216929731840692	0.0792431406725006	0.3811504983169657	0.0456605986399792	0.3811504983169657	0.3811504983169657	0.41491495065122386
ATP5PO	ENSG00000241837	TUBE1	ENSG00000074935	lost_on_activation	0.7980084699891079	2.775900094639119e-05	-0.326893597934119	0.0974502025378546	0.326893597934119	-0.326893597934119	-0.38425015000506607
ATP5PO	ENSG00000241837	TRIB3	ENSG00000101255	lost_on_activation	0.7921456540820233	0.0006965688911401	-0.4738113312914673	0.077771209766518	0.4738113312914673	-0.4738113312914673	-0.46260844804419343
ATP5PO	ENSG00000241837	NARS1	ENSG00000134440	lost_on_activation	0.2731766301931788	0.0006618894038908	-0.2243700415116792	0.0382236762595743	0.2243700415116792	-0.2243700415116792	-0.31834151022792107
ATP5PO	ENSG00000241837	FDXR	ENSG00000161513	gained_on_activation	-0.3906326081728163	0.080070815698649	0.4004768429249969	0.0522733407122173	0.3906326081728163	0.3906326081728163	0.42004428942563093
ATP5PO	ENSG00000241837	MID1IP1	ENSG00000165175	lost_on_activation	0.3018177351449622	0.0158330125225261	-0.2467636297403964	0.036996971313335	0.2467636297403964	-0.2467636297403964	-0.3338500249490416
BRK1	ENSG00000254999	MAL	ENSG00000172005	gained_on_activation	-0.5458843896806471	0.000725582355941	0.6805917331412699	0.0056535604944697	0.5458843896806471	0.5458843896806471	0.4965479299751181
