display_rank,regulator,regulator_ensg,target,target_ensg,direction,lfc_Rest,lfc_Stim48,programme_order,programme,programme_label,programme_source_terms,programme_memberships_on_edge,is_unclassified_complement
1,CCNC,ENSG00000112237,CASP10,ENSG00000003400,lost_on_activation,0.3320237800880865,-0.2018479180903955,3,stress_survival,Stress/survival,KEGG_APOPTOSIS,1,False
1,CCNC,ENSG00000112237,FKBP4,ENSG00000004478,gained_on_activation,-0.4074621539315616,0.2892599448728125,7,unclassified,Outside six programmes,,0,True
1,CCNC,ENSG00000112237,TSPOAP1,ENSG00000005379,gained_on_activation,-1.0542298172993672,0.6312814785322903,7,unclassified,Outside six programmes,,0,True
1,CCNC,ENSG00000112237,RHBDD2,ENSG00000005486,lost_on_activation,0.2796489612222155,-0.5644848076820207,7,unclassified,Outside six programmes,,0,True
1,CCNC,ENSG00000112237,KDM7A,ENSG00000006459,lost_on_activation,0.3425697927032642,-0.3648235788902433,7,unclassified,Outside six programmes,,0,True
1,CCNC,ENSG00000112237,GGCT,ENSG00000006625,gained_on_activation,-0.2365675973892539,0.1309251864381362,7,unclassified,Outside six programmes,,0,True
1,CCNC,ENSG00000112237,RANBP9,ENSG00000010017,lost_on_activation,0.215754955163045,-0.1186411783482383,7,unclassified,Outside six programmes,,0,True
1,CCNC,ENSG00000112237,CALCOCO1,ENSG00000012822,lost_on_activation,0.3331536937530752,-0.4027718279335624,7,unclassified,Outside six programmes,,0,True
1,CCNC,ENSG00000112237,RUNX3,ENSG00000020633,lost_on_activation,0.334410452247477,-0.4064489484694224,7,unclassified,Outside six programmes,,0,True
1,CCNC,ENSG00000112237,SH2D2A,ENSG00000027869,lost_on_activation,0.2488977984491605,-0.4723780703491718,7,unclassified,Outside six programmes,,0,True
1,CCNC,ENSG00000112237,TNFRSF1B,ENSG00000028137,lost_on_activation,0.5181575885476285,-0.5565326266887611,1,tcr_cytokine_signalling,TCR/cytokine signalling,KEGG_CYTOKINE_CYTOKINE_RECEPTOR_INTERACTION,1,False
1,CCNC,ENSG00000112237,RABEP1,ENSG00000029725,gained_on_activation,-0.1231349411399103,0.1399353756805522,6,synapse_trafficking,Synapse/trafficking,KEGG_ENDOCYTOSIS,1,False
1,CCNC,ENSG00000112237,CHPF2,ENSG00000033100,lost_on_activation,0.2668220377953372,-0.4265228618089013,7,unclassified,Outside six programmes,,0,True
1,CCNC,ENSG00000112237,FUT8,ENSG00000033170,lost_on_activation,0.3061637380848899,-0.2527435550557582,7,unclassified,Outside six programmes,,0,True
1,CCNC,ENSG00000112237,GAB2,ENSG00000033327,lost_on_activation,0.3510191753825115,-0.3066776072814762,7,unclassified,Outside six programmes,,0,True
1,CCNC,ENSG00000112237,TMSB10,ENSG00000034510,lost_on_activation,0.1473590480060135,-0.2035069670656576,7,unclassified,Outside six programmes,,0,True
1,CCNC,ENSG00000112237,RNF19A,ENSG00000034677,lost_on_activation,0.3892250750100806,-0.3300096922562237,7,unclassified,Outside six programmes,,0,True
1,CCNC,ENSG00000112237,FAM136A,ENSG00000035141,gained_on_activation,-0.2340027122237524,0.1969515617927198,7,unclassified,Outside six programmes,,0,True
1,CCNC,ENSG00000112237,RCN1,ENSG00000049449,gained_on_activation,-0.2492209238342761,0.3996370003033715,7,unclassified,Outside six programmes,,0,True
1,CCNC,ENSG00000112237,PHPT1,ENSG00000054148,gained_on_activation,-0.1837806500556976,0.1864153269899331,7,unclassified,Outside six programmes,,0,True
1,CCNC,ENSG00000112237,ATP11B,ENSG00000058063,lost_on_activation,0.0908708227034513,-0.1144918249279963,7,unclassified,Outside six programmes,,0,True
1,CCNC,ENSG00000112237,SLC2A3,ENSG00000059804,lost_on_activation,0.2367963993682152,-0.4074304676125092,7,unclassified,Outside six programmes,,0,True
1,CCNC,ENSG00000112237,ZNF275,ENSG00000063587,lost_on_activation,0.2257752087484583,-0.2461939613999431,7,unclassified,Outside six programmes,,0,True
1,CCNC,ENSG00000112237,DDX20,ENSG00000064703,gained_on_activation,-0.2572523421434077,0.2314399497706197,7,unclassified,Outside six programmes,,0,True
1,CCNC,ENSG00000112237,YBX1,ENSG00000065978,gained_on_activation,-0.2227753333637215,0.1665575047910446,7,unclassified,Outside six programmes,,0,True
1,CCNC,ENSG00000112237,PPP2R5A,ENSG00000066027,lost_on_activation,0.1546943618961601,-0.140016412587098,7,unclassified,Outside six programmes,,0,True
1,CCNC,ENSG00000112237,RASSF1,ENSG00000068028,lost_on_activation,0.1849004425062971,-0.3013727837571519,7,unclassified,Outside six programmes,,0,True
1,CCNC,ENSG00000112237,GRIPAP1,ENSG00000068400,lost_on_activation,0.1616329712537472,-0.1909659399918515,7,unclassified,Outside six programmes,,0,True
1,CCNC,ENSG00000112237,NUCKS1,ENSG00000069275,gained_on_activation,-0.2190130470059724,0.0892064658950111,7,unclassified,Outside six programmes,,0,True
1,CCNC,ENSG00000112237,OSBPL3,ENSG00000070882,lost_on_activation,0.1941440539411458,-0.2472864154604609,7,unclassified,Outside six programmes,,0,True
1,CCNC,ENSG00000112237,TCF3,ENSG00000071564,gained_on_activation,-0.26843605668247,0.1585336984974431,7,unclassified,Outside six programmes,,0,True
1,CCNC,ENSG00000112237,MBD3,ENSG00000071655,gained_on_activation,-0.281006699956258,0.2622768157345594,7,unclassified,Outside six programmes,,0,True
1,CCNC,ENSG00000112237,AFF4,ENSG00000072364,lost_on_activation,0.1840139281114475,-0.1918848993214014,7,unclassified,Outside six programmes,,0,True
1,CCNC,ENSG00000112237,BCS1L,ENSG00000074582,gained_on_activation,-0.3096258187475026,0.3512073367793712,7,unclassified,Outside six programmes,,0,True
1,CCNC,ENSG00000112237,TIMM21,ENSG00000075336,gained_on_activation,-0.3820447190804835,0.267554225987453,7,unclassified,Outside six programmes,,0,True
1,CCNC,ENSG00000112237,FOSL2,ENSG00000075426,lost_on_activation,0.3760168683583792,-0.6413409432661931,7,unclassified,Outside six programmes,,0,True
1,CCNC,ENSG00000112237,APBB1IP,ENSG00000077420,lost_on_activation,0.1525558190485374,-0.1326014137372932,7,unclassified,Outside six programmes,,0,True
1,CCNC,ENSG00000112237,CPOX,ENSG00000080819,lost_on_activation,0.2911760707394469,-0.2095220829765539,7,unclassified,Outside six programmes,,0,True
1,CCNC,ENSG00000112237,CLDND1,ENSG00000080822,lost_on_activation,0.3718541249838804,-0.1922522829356246,7,unclassified,Outside six programmes,,0,True
1,CCNC,ENSG00000112237,OSTM1,ENSG00000081087,lost_on_activation,0.2107724382550263,-0.2700734188423855,7,unclassified,Outside six programmes,,0,True
1,CCNC,ENSG00000112237,STK17B,ENSG00000081320,lost_on_activation,0.6342348252125004,-0.2332466471658314,7,unclassified,Outside six programmes,,0,True
1,CCNC,ENSG00000112237,TRAF5,ENSG00000082512,lost_on_activation,0.4649687402317852,-0.1944544672941879,7,unclassified,Outside six programmes,,0,True
1,CCNC,ENSG00000112237,TUT7,ENSG00000083223,lost_on_activation,0.1696442965913726,-0.1407201966694297,7,unclassified,Outside six programmes,,0,True
1,CCNC,ENSG00000112237,AGBL5,ENSG00000084693,gained_on_activation,-0.3623120669786658,0.40020024116578,7,unclassified,Outside six programmes,,0,True
1,CCNC,ENSG00000112237,BAX,ENSG00000087088,gained_on_activation,-0.2654259132883475,0.241081426880059,3,stress_survival,Stress/survival,KEGG_APOPTOSIS,1,False
1,CCNC,ENSG00000112237,RTRAF,ENSG00000087302,gained_on_activation,-0.1034385813145778,0.1194765817852316,7,unclassified,Outside six programmes,,0,True
1,CCNC,ENSG00000112237,PXN,ENSG00000089159,lost_on_activation,0.1839518029432924,-0.3232830106876291,6,synapse_trafficking,Synapse/trafficking,KEGG_CHEMOKINE_SIGNALING_PATHWAY;KEGG_LEUKOCYTE_TRANSENDOTHELIAL_MIGRATION;KEGG_REGULATION_OF_ACTIN_CYTOSKELETON,1,False
1,CCNC,ENSG00000112237,FXYD5,ENSG00000089327,lost_on_activation,0.2350720926166682,-0.194418012971373,7,unclassified,Outside six programmes,,0,True
1,CCNC,ENSG00000112237,FH,ENSG00000091483,gained_on_activation,-0.2174578195638299,0.1403949503566201,5,metabolism_mitochondria,Metabolism/mitochondria,KEGG_CITRATE_CYCLE_TCA_CYCLE,1,False
1,CCNC,ENSG00000112237,PSME1,ENSG00000092010,gained_on_activation,-0.1891933058388526,0.1895715639079535,2,antigen_processing_proteasome,Antigen processing/proteasome,KEGG_ANTIGEN_PROCESSING_AND_PRESENTATION;KEGG_PROTEASOME,1,False
1,CCNC,ENSG00000112237,OSGEP,ENSG00000092094,gained_on_activation,-0.2857119821440041,0.2001073397388673,7,unclassified,Outside six programmes,,0,True
1,CCNC,ENSG00000112237,XYLB,ENSG00000093217,gained_on_activation,-0.8455293901978216,0.2928019107482755,7,unclassified,Outside six programmes,,0,True
1,CCNC,ENSG00000112237,NUBP2,ENSG00000095906,gained_on_activation,-0.2101273704061365,0.1507572050972651,7,unclassified,Outside six programmes,,0,True
1,CCNC,ENSG00000112237,SMARCB1,ENSG00000099956,gained_on_activation,-0.1950384335303801,0.1262699631624393,7,unclassified,Outside six programmes,,0,True
1,CCNC,ENSG00000112237,DERL3,ENSG00000099958,gained_on_activation,-0.7049272932676391,0.5377477940177949,7,unclassified,Outside six programmes,,0,True
1,CCNC,ENSG00000112237,TOMM22,ENSG00000100216,gained_on_activation,-0.1832173891429461,0.2025500475782702,7,unclassified,Outside six programmes,,0,True
1,CCNC,ENSG00000112237,TTLL12,ENSG00000100304,gained_on_activation,-0.2588081286383023,0.3435108689152883,7,unclassified,Outside six programmes,,0,True
1,CCNC,ENSG00000112237,SAMM50,ENSG00000100347,gained_on_activation,-0.1460203288990584,0.1203247139628804,7,unclassified,Outside six programmes,,0,True
1,CCNC,ENSG00000112237,PRMT5,ENSG00000100462,gained_on_activation,-0.4145217849598375,0.1829408737467648,7,unclassified,Outside six programmes,,0,True
1,CCNC,ENSG00000112237,SUSD6,ENSG00000100647,lost_on_activation,0.2146439023273521,-0.3887563708460566,7,unclassified,Outside six programmes,,0,True
1,CCNC,ENSG00000112237,VRK1,ENSG00000100749,gained_on_activation,-0.2473015038652521,0.1446099010341804,7,unclassified,Outside six programmes,,0,True
1,CCNC,ENSG00000112237,PSME2,ENSG00000100911,gained_on_activation,-0.3881982356660221,0.145996206613244,2,antigen_processing_proteasome,Antigen processing/proteasome,KEGG_ANTIGEN_PROCESSING_AND_PRESENTATION;KEGG_PROTEASOME,1,False
1,CCNC,ENSG00000112237,ADISSP,ENSG00000101220,gained_on_activation,-0.5613235478305385,0.3450997817459395,7,unclassified,Outside six programmes,,0,True
1,CCNC,ENSG00000112237,AHCY,ENSG00000101444,gained_on_activation,-0.3769581807347019,0.1509714999247618,7,unclassified,Outside six programmes,,0,True
1,CCNC,ENSG00000112237,RBFA,ENSG00000101546,gained_on_activation,-0.3184988265623364,0.2490232978876355,7,unclassified,Outside six programmes,,0,True
1,CCNC,ENSG00000112237,NDFIP2,ENSG00000102471,lost_on_activation,1.8619174785526689,-0.2645429294416024,7,unclassified,Outside six programmes,,0,True
1,CCNC,ENSG00000112237,NUTF2,ENSG00000102898,gained_on_activation,-0.3060513190166866,0.1342477944173124,7,unclassified,Outside six programmes,,0,True
1,CCNC,ENSG00000112237,TRIP4,ENSG00000103671,lost_on_activation,0.2130366741820897,-0.1578248213111742,7,unclassified,Outside six programmes,,0,True
1,CCNC,ENSG00000112237,ERI1,ENSG00000104626,lost_on_activation,0.3054298779311294,-0.2952116243373989,7,unclassified,Outside six programmes,,0,True
1,CCNC,ENSG00000112237,TRMT1,ENSG00000104907,gained_on_activation,-0.3177596742411711,0.2978839419562447,7,unclassified,Outside six programmes,,0,True
1,CCNC,ENSG00000112237,RASAL3,ENSG00000105122,lost_on_activation,0.2686819335616837,-0.2695775168857857,7,unclassified,Outside six programmes,,0,True
1,CCNC,ENSG00000112237,ARMC6,ENSG00000105676,gained_on_activation,-0.1905385109211126,0.2434322323678989,7,unclassified,Outside six programmes,,0,True
1,CCNC,ENSG00000112237,DOCK8,ENSG00000107099,lost_on_activation,0.1866402535392416,-0.1289481349048788,7,unclassified,Outside six programmes,,0,True
1,CCNC,ENSG00000112237,TASOR2,ENSG00000108021,gained_on_activation,-0.1655879705785573,0.2562865016630886,7,unclassified,Outside six programmes,,0,True
1,CCNC,ENSG00000112237,C1QBP,ENSG00000108561,gained_on_activation,-0.3217573510984836,0.2591399967088497,7,unclassified,Outside six programmes,,0,True
1,CCNC,ENSG00000112237,BLMH,ENSG00000108578,gained_on_activation,-0.2890452418647419,0.1924693432431903,7,unclassified,Outside six programmes,,0,True
1,CCNC,ENSG00000112237,AKAP10,ENSG00000108599,lost_on_activation,0.1224464985716861,-0.1124268927208662,7,unclassified,Outside six programmes,,0,True
1,CCNC,ENSG00000112237,RAB5C,ENSG00000108774,lost_on_activation,0.100850540769203,-0.1700204157865366,6,synapse_trafficking,Synapse/trafficking,KEGG_ENDOCYTOSIS,1,False
1,CCNC,ENSG00000112237,PRKAR1A,ENSG00000108946,lost_on_activation,0.2007707026513666,-0.1065783836178102,3,stress_survival,Stress/survival,KEGG_APOPTOSIS,1,False
1,CCNC,ENSG00000112237,RANGRF,ENSG00000108961,gained_on_activation,-0.1552238935567201,0.1260604154849247,7,unclassified,Outside six programmes,,0,True
1,CCNC,ENSG00000112237,CLCN3,ENSG00000109572,lost_on_activation,0.1614254352955195,-0.1785447034788623,7,unclassified,Outside six programmes,,0,True
1,CCNC,ENSG00000112237,CTSC,ENSG00000109861,lost_on_activation,0.4232390467791835,-0.2980434872553064,7,unclassified,Outside six programmes,,0,True
1,CCNC,ENSG00000112237,VDR,ENSG00000111424,lost_on_activation,0.5152042804629986,-0.6571129654175715,7,unclassified,Outside six programmes,,0,True
1,CCNC,ENSG00000112237,GNPTAB,ENSG00000111670,lost_on_activation,0.222429647014743,-0.2053995042655285,7,unclassified,Outside six programmes,,0,True
1,CCNC,ENSG00000112237,RWDD1,ENSG00000111832,gained_on_activation,-0.1239226082468857,0.1377117015770399,7,unclassified,Outside six programmes,,0,True
1,CCNC,ENSG00000112237,MAN1A1,ENSG00000111885,lost_on_activation,0.302093353439475,-0.2213890190371271,7,unclassified,Outside six programmes,,0,True
1,CCNC,ENSG00000112237,DNPH1,ENSG00000112667,gained_on_activation,-0.3919674110930533,0.2853070711125495,7,unclassified,Outside six programmes,,0,True
1,CCNC,ENSG00000112237,HBEGF,ENSG00000113070,lost_on_activation,0.8508374913988244,-0.8829167679743658,7,unclassified,Outside six programmes,,0,True
1,CCNC,ENSG00000112237,CCNG1,ENSG00000113328,gained_on_activation,-0.28097459492643,0.2400278405014752,7,unclassified,Outside six programmes,,0,True
1,CCNC,ENSG00000112237,RAD1,ENSG00000113456,gained_on_activation,-0.238548664430031,0.1556763232834163,7,unclassified,Outside six programmes,,0,True
1,CCNC,ENSG00000112237,BRIX1,ENSG00000113460,gained_on_activation,-0.3053247320906047,0.1674153577380388,7,unclassified,Outside six programmes,,0,True
1,CCNC,ENSG00000112237,ZAP70,ENSG00000115085,lost_on_activation,0.1215778324235873,-0.278200217843789,1,tcr_cytokine_signalling,TCR/cytokine signalling,KEGG_T_CELL_RECEPTOR_SIGNALING_PATHWAY,1,False
1,CCNC,ENSG00000112237,CYTIP,ENSG00000115165,lost_on_activation,0.2131409443461834,-0.5082411581772568,7,unclassified,Outside six programmes,,0,True
1,CCNC,ENSG00000112237,CCT4,ENSG00000115484,gained_on_activation,-0.231013075142864,0.1392316984141336,7,unclassified,Outside six programmes,,0,True
1,CCNC,ENSG00000112237,MSH6,ENSG00000116062,gained_on_activation,-0.2829249183866536,0.1270147760762669,7,unclassified,Outside six programmes,,0,True
1,CCNC,ENSG00000112237,EDEM3,ENSG00000116406,lost_on_activation,0.1525733212475599,-0.1482569919979199,7,unclassified,Outside six programmes,,0,True
1,CCNC,ENSG00000112237,RAP1A,ENSG00000116473,lost_on_activation,0.2535242219316596,-0.2282917148468008,6,synapse_trafficking,Synapse/trafficking,KEGG_CHEMOKINE_SIGNALING_PATHWAY;KEGG_LEUKOCYTE_TRANSENDOTHELIAL_MIGRATION,1,False
1,CCNC,ENSG00000112237,ARHGEF2,ENSG00000116584,lost_on_activation,0.2650227763184881,-0.209170406859327,7,unclassified,Outside six programmes,,0,True
1,CCNC,ENSG00000112237,KIF21B,ENSG00000116852,lost_on_activation,0.4331828893594486,-0.6218751792705748,7,unclassified,Outside six programmes,,0,True
1,CCNC,ENSG00000112237,SLAMF1,ENSG00000117090,lost_on_activation,0.3578191447602536,-0.2381735047049884,7,unclassified,Outside six programmes,,0,True
1,CCNC,ENSG00000112237,CTBS,ENSG00000117151,lost_on_activation,0.235906594953207,-0.2589667390950663,7,unclassified,Outside six programmes,,0,True
1,CCNC,ENSG00000112237,HSD11B1,ENSG00000117594,lost_on_activation,2.2668174599478443,-1.067757634505888,7,unclassified,Outside six programmes,,0,True
1,CCNC,ENSG00000112237,KPTN,ENSG00000118162,gained_on_activation,-0.3205227526903338,0.319236985625055,7,unclassified,Outside six programmes,,0,True
1,CCNC,ENSG00000112237,IRAG2,ENSG00000118308,gained_on_activation,-0.3921501061784723,0.4154485180676945,7,unclassified,Outside six programmes,,0,True
1,CCNC,ENSG00000112237,DYNC2I2,ENSG00000119333,gained_on_activation,-0.4460951548866003,0.411265892389216,7,unclassified,Outside six programmes,,0,True
1,CCNC,ENSG00000112237,ACAT2,ENSG00000120437,gained_on_activation,-0.3409085349576133,0.4564183069006362,5,metabolism_mitochondria,Metabolism/mitochondria,KEGG_FATTY_ACID_METABOLISM,1,False
1,CCNC,ENSG00000112237,ENY2,ENSG00000120533,gained_on_activation,-0.138772686542228,0.1240072804382427,7,unclassified,Outside six programmes,,0,True
1,CCNC,ENSG00000112237,TNFSF10,ENSG00000121858,lost_on_activation,0.4243786229617934,-0.5128077801142624,1,tcr_cytokine_signalling,TCR/cytokine signalling,KEGG_CYTOKINE_CYTOKINE_RECEPTOR_INTERACTION,2,False
1,CCNC,ENSG00000112237,TNFSF10,ENSG00000121858,lost_on_activation,0.4243786229617934,-0.5128077801142624,3,stress_survival,Stress/survival,KEGG_APOPTOSIS,2,False
1,CCNC,ENSG00000112237,GTF3A,ENSG00000122034,gained_on_activation,-0.1386748432712148,0.1346510861262215,7,unclassified,Outside six programmes,,0,True
1,CCNC,ENSG00000112237,SRGN,ENSG00000122862,lost_on_activation,0.2932260788478254,-0.2112338019826685,7,unclassified,Outside six programmes,,0,True
1,CCNC,ENSG00000112237,P4HA1,ENSG00000122884,lost_on_activation,0.2223404917838916,-0.2068097211181681,7,unclassified,Outside six programmes,,0,True
1,CCNC,ENSG00000112237,NLN,ENSG00000123213,gained_on_activation,-0.6662380942827291,0.4322200326615623,7,unclassified,Outside six programmes,,0,True
1,CCNC,ENSG00000112237,FAM199X,ENSG00000123575,lost_on_activation,0.1630529850156875,-0.2987369652713569,7,unclassified,Outside six programmes,,0,True
1,CCNC,ENSG00000112237,DNPEP,ENSG00000123992,gained_on_activation,-0.2298003017264961,0.289709692444297,7,unclassified,Outside six programmes,,0,True
1,CCNC,ENSG00000112237,RNF114,ENSG00000124226,gained_on_activation,-0.1224545565162315,0.1111758017022477,7,unclassified,Outside six programmes,,0,True
1,CCNC,ENSG00000112237,SNRPC,ENSG00000124562,gained_on_activation,-0.1505872628451237,0.1250631945926867,7,unclassified,Outside six programmes,,0,True
1,CCNC,ENSG00000112237,GPR108,ENSG00000125734,lost_on_activation,0.1892369165998356,-0.3477011848928716,7,unclassified,Outside six programmes,,0,True
1,CCNC,ENSG00000112237,TRAP1,ENSG00000126602,gained_on_activation,-0.346491560746583,0.2342042902088791,7,unclassified,Outside six programmes,,0,True
1,CCNC,ENSG00000112237,DNAJC8,ENSG00000126698,gained_on_activation,-0.0977740285739412,0.0948663656897729,7,unclassified,Outside six programmes,,0,True
1,CCNC,ENSG00000112237,DUT,ENSG00000128951,gained_on_activation,-0.3153230560727801,0.1216881829801733,7,unclassified,Outside six programmes,,0,True
1,CCNC,ENSG00000112237,ILF3,ENSG00000129351,gained_on_activation,-0.2112900514965087,0.0999203213908783,7,unclassified,Outside six programmes,,0,True
1,CCNC,ENSG00000112237,GAMT,ENSG00000130005,gained_on_activation,-0.4229236554753899,0.2879966155585535,7,unclassified,Outside six programmes,,0,True
1,CCNC,ENSG00000112237,SLC27A1,ENSG00000130304,lost_on_activation,1.3646972413382483,-1.1600547209448504,7,unclassified,Outside six programmes,,0,True
1,CCNC,ENSG00000112237,METTL26,ENSG00000130731,gained_on_activation,-0.2069457073641846,0.1019686085764324,7,unclassified,Outside six programmes,,0,True
1,CCNC,ENSG00000112237,COX4I1,ENSG00000131143,gained_on_activation,-0.1020584221393464,0.0756328158718571,5,metabolism_mitochondria,Metabolism/mitochondria,KEGG_OXIDATIVE_PHOSPHORYLATION,1,False
1,CCNC,ENSG00000112237,PPT1,ENSG00000131238,gained_on_activation,-0.1286384158374998,0.2683730852560689,7,unclassified,Outside six programmes,,0,True
1,CCNC,ENSG00000112237,NDUFA2,ENSG00000131495,gained_on_activation,-0.0921682680876868,0.1818862244661031,5,metabolism_mitochondria,Metabolism/mitochondria,KEGG_OXIDATIVE_PHOSPHORYLATION,1,False
1,CCNC,ENSG00000112237,NDFIP1,ENSG00000131507,lost_on_activation,0.1293261712124219,-0.2782472599377196,7,unclassified,Outside six programmes,,0,True
1,CCNC,ENSG00000112237,ACTR10,ENSG00000131966,lost_on_activation,0.153202986187769,-0.1382690522894463,7,unclassified,Outside six programmes,,0,True
1,CCNC,ENSG00000112237,PTPRE,ENSG00000132334,lost_on_activation,0.2427806195959156,-0.4437124725918517,7,unclassified,Outside six programmes,,0,True
1,CCNC,ENSG00000112237,RBM38,ENSG00000132819,lost_on_activation,0.5720730218438789,-0.1626257014250136,7,unclassified,Outside six programmes,,0,True
1,CCNC,ENSG00000112237,SRRM1,ENSG00000133226,gained_on_activation,-0.1529307215281041,0.1153683027972443,7,unclassified,Outside six programmes,,0,True
1,CCNC,ENSG00000112237,MICAL2,ENSG00000133816,lost_on_activation,0.6217952549607944,-0.7525192664497463,7,unclassified,Outside six programmes,,0,True
1,CCNC,ENSG00000112237,NOTCH2,ENSG00000134250,lost_on_activation,0.2347671150088583,-0.2584630707788271,7,unclassified,Outside six programmes,,0,True
1,CCNC,ENSG00000112237,IL2RA,ENSG00000134460,lost_on_activation,0.6038051095780468,-0.3378642919876716,1,tcr_cytokine_signalling,TCR/cytokine signalling,KEGG_CYTOKINE_CYTOKINE_RECEPTOR_INTERACTION;KEGG_JAK_STAT_SIGNALING_PATHWAY,2,False
1,CCNC,ENSG00000112237,IL2RA,ENSG00000134460,lost_on_activation,0.6038051095780468,-0.3378642919876716,6,synapse_trafficking,Synapse/trafficking,KEGG_ENDOCYTOSIS,2,False
1,CCNC,ENSG00000112237,EMP1,ENSG00000134531,lost_on_activation,0.8974137967891908,-0.6338338094208158,7,unclassified,Outside six programmes,,0,True
1,CCNC,ENSG00000112237,MDFIC,ENSG00000135272,lost_on_activation,0.2451448179398594,-0.3004886764593281,7,unclassified,Outside six programmes,,0,True
1,CCNC,ENSG00000112237,ATP5MC2,ENSG00000135390,gained_on_activation,-0.1025466306924915,0.1615558383518302,5,metabolism_mitochondria,Metabolism/mitochondria,KEGG_OXIDATIVE_PHOSPHORYLATION,1,False
1,CCNC,ENSG00000112237,AGAP2,ENSG00000135439,lost_on_activation,0.1995716025520412,-0.333190090208195,6,synapse_trafficking,Synapse/trafficking,KEGG_ENDOCYTOSIS,1,False
1,CCNC,ENSG00000112237,NUDT15,ENSG00000136159,gained_on_activation,-0.2721361000490449,0.4007235758483787,7,unclassified,Outside six programmes,,0,True
1,CCNC,ENSG00000112237,BZW2,ENSG00000136261,gained_on_activation,-0.4294759628168717,0.2219489539499151,7,unclassified,Outside six programmes,,0,True
1,CCNC,ENSG00000112237,MYO1G,ENSG00000136286,lost_on_activation,0.3178417713479312,-0.1512710352580606,7,unclassified,Outside six programmes,,0,True
1,CCNC,ENSG00000112237,TM6SF1,ENSG00000136404,lost_on_activation,0.3853571724083456,-0.4884682546895015,7,unclassified,Outside six programmes,,0,True
1,CCNC,ENSG00000112237,IL18BP,ENSG00000137496,lost_on_activation,0.456892301718058,-0.550985522249098,7,unclassified,Outside six programmes,,0,True
1,CCNC,ENSG00000112237,SDCBP,ENSG00000137575,lost_on_activation,0.2098449597642545,-0.3020540466868275,7,unclassified,Outside six programmes,,0,True
1,CCNC,ENSG00000112237,TUBGCP4,ENSG00000137822,gained_on_activation,-0.2544613825908923,0.1178561821363808,7,unclassified,Outside six programmes,,0,True
1,CCNC,ENSG00000112237,CALHM2,ENSG00000138172,lost_on_activation,0.4146801997559551,-0.3195519345983459,7,unclassified,Outside six programmes,,0,True
1,CCNC,ENSG00000112237,GSTCD,ENSG00000138780,gained_on_activation,-0.3377280469497129,0.1971658956876991,7,unclassified,Outside six programmes,,0,True
1,CCNC,ENSG00000112237,CLSTN3,ENSG00000139182,lost_on_activation,0.2586784415020776,-0.3665107333084733,7,unclassified,Outside six programmes,,0,True
1,CCNC,ENSG00000112237,SNRPF,ENSG00000139343,gained_on_activation,-0.2786169099250769,0.110152145280292,7,unclassified,Outside six programmes,,0,True
1,CCNC,ENSG00000112237,GPR65,ENSG00000140030,lost_on_activation,0.4069890724889207,-0.3328567413758684,7,unclassified,Outside six programmes,,0,True
1,CCNC,ENSG00000112237,PSTPIP1,ENSG00000140368,lost_on_activation,0.2802453350184809,-0.528280815362264,7,unclassified,Outside six programmes,,0,True
1,CCNC,ENSG00000112237,NDUFB10,ENSG00000140990,gained_on_activation,-0.1094839374738592,0.1547702966094551,5,metabolism_mitochondria,Metabolism/mitochondria,KEGG_OXIDATIVE_PHOSPHORYLATION,1,False
1,CCNC,ENSG00000112237,PTRH2,ENSG00000141378,gained_on_activation,-0.3218974826271908,0.2151141056952191,7,unclassified,Outside six programmes,,0,True
1,CCNC,ENSG00000112237,TP53,ENSG00000141510,gained_on_activation,-0.2444750789260625,0.10989974710379,3,stress_survival,Stress/survival,KEGG_APOPTOSIS,2,False
1,CCNC,ENSG00000112237,TP53,ENSG00000141510,gained_on_activation,-0.2444750789260625,0.10989974710379,4,proliferation,Proliferation,KEGG_CELL_CYCLE,2,False
1,CCNC,ENSG00000112237,CSNK1D,ENSG00000141551,lost_on_activation,0.1309555313154761,-0.1285740063864332,7,unclassified,Outside six programmes,,0,True
1,CCNC,ENSG00000112237,RETREG3,ENSG00000141699,lost_on_activation,0.1551766886836031,-0.2473992046265467,7,unclassified,Outside six programmes,,0,True
1,CCNC,ENSG00000112237,SYTL1,ENSG00000142765,lost_on_activation,0.3004950146474349,-0.2928522440579461,7,unclassified,Outside six programmes,,0,True
1,CCNC,ENSG00000112237,WDTC1,ENSG00000142784,lost_on_activation,0.1582853058938298,-0.1748683094813621,7,unclassified,Outside six programmes,,0,True
1,CCNC,ENSG00000112237,SERBP1,ENSG00000142864,gained_on_activation,-0.2474175851673605,0.1238955419571002,7,unclassified,Outside six programmes,,0,True
1,CCNC,ENSG00000112237,CD53,ENSG00000143119,lost_on_activation,0.1940364792634461,-0.1603467476748988,7,unclassified,Outside six programmes,,0,True
1,CCNC,ENSG00000112237,CHAC2,ENSG00000143942,gained_on_activation,-0.3133053206982224,0.559007347044603,7,unclassified,Outside six programmes,,0,True
1,CCNC,ENSG00000112237,CDCA7,ENSG00000144354,gained_on_activation,-0.447352894059528,0.2581472719326003,7,unclassified,Outside six programmes,,0,True
1,CCNC,ENSG00000112237,ARL6IP5,ENSG00000144746,lost_on_activation,0.3840473267044828,-0.1391711777653212,7,unclassified,Outside six programmes,,0,True
1,CCNC,ENSG00000112237,PPP1R18,ENSG00000146112,lost_on_activation,0.1567860168232044,-0.2463126969858015,7,unclassified,Outside six programmes,,0,True
1,CCNC,ENSG00000112237,MDH2,ENSG00000146701,gained_on_activation,-0.2239825771337527,0.1085289346242058,5,metabolism_mitochondria,Metabolism/mitochondria,KEGG_CITRATE_CYCLE_TCA_CYCLE,1,False
1,CCNC,ENSG00000112237,MEPCE,ENSG00000146834,gained_on_activation,-0.2008094919932121,0.1307459843455683,7,unclassified,Outside six programmes,,0,True
1,CCNC,ENSG00000112237,MFHAS1,ENSG00000147324,lost_on_activation,0.3127304285207593,-0.2003769999826101,7,unclassified,Outside six programmes,,0,True
1,CCNC,ENSG00000112237,SIGMAR1,ENSG00000147955,gained_on_activation,-0.1828071764999673,0.2981631630184573,7,unclassified,Outside six programmes,,0,True
1,CCNC,ENSG00000112237,SURF2,ENSG00000148291,gained_on_activation,-0.339392582937649,0.288537371844713,7,unclassified,Outside six programmes,,0,True
1,CCNC,ENSG00000112237,EI24,ENSG00000149547,gained_on_activation,-0.204527845222129,0.2344372084260835,7,unclassified,Outside six programmes,,0,True
1,CCNC,ENSG00000112237,CRIM1,ENSG00000150938,lost_on_activation,0.857208276936022,-0.7809168921476635,7,unclassified,Outside six programmes,,0,True
1,CCNC,ENSG00000112237,THYN1,ENSG00000151500,gained_on_activation,-0.1247828714424015,0.1110429304826755,7,unclassified,Outside six programmes,,0,True
1,CCNC,ENSG00000112237,ADAM8,ENSG00000151651,lost_on_activation,0.397855231098378,-0.5283784551019359,7,unclassified,Outside six programmes,,0,True
1,CCNC,ENSG00000112237,ATP5F1A,ENSG00000152234,gained_on_activation,-0.140314747382928,0.1113164462021991,5,metabolism_mitochondria,Metabolism/mitochondria,KEGG_OXIDATIVE_PHOSPHORYLATION,1,False
1,CCNC,ENSG00000112237,CENPH,ENSG00000153044,gained_on_activation,-0.3324017487872308,0.1271660675386498,7,unclassified,Outside six programmes,,0,True
1,CCNC,ENSG00000112237,CYRIB,ENSG00000153310,lost_on_activation,0.1892456734542524,-0.1764274043858316,7,unclassified,Outside six programmes,,0,True
1,CCNC,ENSG00000112237,JAZF1,ENSG00000153814,lost_on_activation,0.6277504818769868,-1.2277627904109183,7,unclassified,Outside six programmes,,0,True
1,CCNC,ENSG00000112237,KLF10,ENSG00000155090,lost_on_activation,0.2895962964272951,-0.516796349847172,7,unclassified,Outside six programmes,,0,True
1,CCNC,ENSG00000112237,AGPAT5,ENSG00000155189,gained_on_activation,-0.3057771081895499,0.12233040013312,7,unclassified,Outside six programmes,,0,True
1,CCNC,ENSG00000112237,SLC16A1,ENSG00000155380,gained_on_activation,-0.4601453984411904,0.1828563743753881,7,unclassified,Outside six programmes,,0,True
1,CCNC,ENSG00000112237,NUP205,ENSG00000155561,gained_on_activation,-0.2487701015794532,0.1337419793160393,7,unclassified,Outside six programmes,,0,True
1,CCNC,ENSG00000112237,SLA,ENSG00000155926,lost_on_activation,0.2841814575183638,-0.6941127812952737,7,unclassified,Outside six programmes,,0,True
1,CCNC,ENSG00000112237,ADK,ENSG00000156110,gained_on_activation,-0.1664699899566701,0.1180087901994035,7,unclassified,Outside six programmes,,0,True
1,CCNC,ENSG00000112237,ZFAND3,ENSG00000156639,lost_on_activation,0.1545818385072602,-0.1763937338350202,7,unclassified,Outside six programmes,,0,True
1,CCNC,ENSG00000112237,SSBP3,ENSG00000157216,lost_on_activation,0.2595528794500677,-0.4499002245561863,7,unclassified,Outside six programmes,,0,True
1,CCNC,ENSG00000112237,FCSK,ENSG00000157353,lost_on_activation,0.2806967826727897,-0.3452418958559098,7,unclassified,Outside six programmes,,0,True
1,CCNC,ENSG00000112237,ARHGAP27,ENSG00000159314,lost_on_activation,0.1640031004652615,-0.1877312984222614,7,unclassified,Outside six programmes,,0,True
1,CCNC,ENSG00000112237,NEK8,ENSG00000160602,gained_on_activation,-0.3531767100572566,0.5296150008320168,7,unclassified,Outside six programmes,,0,True
1,CCNC,ENSG00000112237,CRTC2,ENSG00000160741,lost_on_activation,0.1095895923197373,-0.1549405102651219,7,unclassified,Outside six programmes,,0,True
1,CCNC,ENSG00000112237,CCR5,ENSG00000160791,lost_on_activation,0.877522745286001,-1.3692814746685908,1,tcr_cytokine_signalling,TCR/cytokine signalling,KEGG_CYTOKINE_CYTOKINE_RECEPTOR_INTERACTION,2,False
1,CCNC,ENSG00000112237,CCR5,ENSG00000160791,lost_on_activation,0.877522745286001,-1.3692814746685908,6,synapse_trafficking,Synapse/trafficking,KEGG_CHEMOKINE_SIGNALING_PATHWAY;KEGG_ENDOCYTOSIS,2,False
1,CCNC,ENSG00000112237,FDXR,ENSG00000161513,gained_on_activation,-0.3832519097789212,0.4287339769231461,7,unclassified,Outside six programmes,,0,True
1,CCNC,ENSG00000112237,GBP2,ENSG00000162645,lost_on_activation,0.4380980665676672,-0.2716282034636846,7,unclassified,Outside six programmes,,0,True
1,CCNC,ENSG00000112237,WDR26,ENSG00000162923,lost_on_activation,0.1637114137043466,-0.2402255102225017,7,unclassified,Outside six programmes,,0,True
1,CCNC,ENSG00000112237,DPY30,ENSG00000162961,gained_on_activation,-0.1283945852233762,0.2435588178671449,7,unclassified,Outside six programmes,,0,True
1,CCNC,ENSG00000112237,COQ8A,ENSG00000163050,gained_on_activation,-0.3582309292841587,0.258706758668756,7,unclassified,Outside six programmes,,0,True
1,CCNC,ENSG00000112237,RNF149,ENSG00000163162,lost_on_activation,0.2760473806176363,-0.2560376454561713,7,unclassified,Outside six programmes,,0,True
1,CCNC,ENSG00000112237,BOLA3,ENSG00000163170,gained_on_activation,-0.2421925692270803,0.1430870581435716,7,unclassified,Outside six programmes,,0,True
1,CCNC,ENSG00000112237,TGFBR2,ENSG00000163513,lost_on_activation,0.3963053939513337,-0.2350593749020431,1,tcr_cytokine_signalling,TCR/cytokine signalling,KEGG_CYTOKINE_CYTOKINE_RECEPTOR_INTERACTION,1,False
1,CCNC,ENSG00000112237,AIM2,ENSG00000163568,lost_on_activation,0.8017941439887933,-0.5435958726337127,7,unclassified,Outside six programmes,,0,True
1,CCNC,ENSG00000112237,CTLA4,ENSG00000163599,lost_on_activation,1.103871693603487,-0.6480438189841227,1,tcr_cytokine_signalling,TCR/cytokine signalling,KEGG_T_CELL_RECEPTOR_SIGNALING_PATHWAY,2,False
1,CCNC,ENSG00000112237,CTLA4,ENSG00000163599,lost_on_activation,1.103871693603487,-0.6480438189841227,6,synapse_trafficking,Synapse/trafficking,KEGG_CELL_ADHESION_MOLECULES_CAMS,2,False
1,CCNC,ENSG00000112237,RBM47,ENSG00000163694,lost_on_activation,1.227574372450003,-1.4880396116054844,7,unclassified,Outside six programmes,,0,True
1,CCNC,ENSG00000112237,CCR1,ENSG00000163823,lost_on_activation,1.5187023119527054,-1.1260017320053366,1,tcr_cytokine_signalling,TCR/cytokine signalling,KEGG_CYTOKINE_CYTOKINE_RECEPTOR_INTERACTION,2,False
1,CCNC,ENSG00000112237,CCR1,ENSG00000163823,lost_on_activation,1.5187023119527054,-1.1260017320053366,6,synapse_trafficking,Synapse/trafficking,KEGG_CHEMOKINE_SIGNALING_PATHWAY,2,False
1,CCNC,ENSG00000112237,MAD2L1,ENSG00000164109,gained_on_activation,-0.3546581181171768,0.0879965288516993,4,proliferation,Proliferation,KEGG_CELL_CYCLE,1,False
1,CCNC,ENSG00000112237,ARFIP1,ENSG00000164144,lost_on_activation,0.2945537474009561,-0.2116446343637171,7,unclassified,Outside six programmes,,0,True
1,CCNC,ENSG00000112237,ABCE1,ENSG00000164163,gained_on_activation,-0.2250276416912046,0.2367291850214258,7,unclassified,Outside six programmes,,0,True
1,CCNC,ENSG00000112237,ZHX1,ENSG00000165156,gained_on_activation,-0.1835986431230984,0.2039122138597626,7,unclassified,Outside six programmes,,0,True
1,CCNC,ENSG00000112237,CARD19,ENSG00000165233,lost_on_activation,0.1799762071500116,-0.1919894789701296,7,unclassified,Outside six programmes,,0,True
1,CCNC,ENSG00000112237,ARF6,ENSG00000165527,lost_on_activation,0.1455191632081359,-0.2877893745537374,6,synapse_trafficking,Synapse/trafficking,KEGG_ENDOCYTOSIS,1,False
1,CCNC,ENSG00000112237,BRD7,ENSG00000166164,gained_on_activation,-0.1466307658580599,0.0845127852041812,7,unclassified,Outside six programmes,,0,True
1,CCNC,ENSG00000112237,GOLM2,ENSG00000166734,lost_on_activation,0.1259576334079979,-0.120445041772074,7,unclassified,Outside six programmes,,0,True
1,CCNC,ENSG00000112237,FBXO22,ENSG00000167196,gained_on_activation,-0.1861184378222019,0.1915548084955102,7,unclassified,Outside six programmes,,0,True
1,CCNC,ENSG00000112237,STIM1,ENSG00000167323,lost_on_activation,0.1156570650702084,-0.2293667608259114,7,unclassified,Outside six programmes,,0,True
1,CCNC,ENSG00000112237,NDUFV1,ENSG00000167792,gained_on_activation,-0.2141161340539891,0.101833267419342,5,metabolism_mitochondria,Metabolism/mitochondria,KEGG_OXIDATIVE_PHOSPHORYLATION,1,False
1,CCNC,ENSG00000112237,NUDT8,ENSG00000167799,gained_on_activation,-0.6029569871485978,0.5110027942436832,7,unclassified,Outside six programmes,,0,True
1,CCNC,ENSG00000112237,MLST8,ENSG00000167965,gained_on_activation,-0.2589523220596406,0.2240571350803619,3,stress_survival,Stress/survival,KEGG_MTOR_SIGNALING_PATHWAY,1,False
1,CCNC,ENSG00000112237,SAC3D1,ENSG00000168061,gained_on_activation,-0.4127699801890497,0.4119401682469052,7,unclassified,Outside six programmes,,0,True
1,CCNC,ENSG00000112237,CCDC88B,ENSG00000168071,lost_on_activation,0.1235622330103849,-0.2107314088521354,7,unclassified,Outside six programmes,,0,True
1,CCNC,ENSG00000112237,DDIT4,ENSG00000168209,lost_on_activation,0.6730151714836544,-0.5460627644814249,3,stress_survival,Stress/survival,KEGG_MTOR_SIGNALING_PATHWAY,1,False
1,CCNC,ENSG00000112237,THAP11,ENSG00000168286,gained_on_activation,-0.1746012821599011,0.1446272207875392,7,unclassified,Outside six programmes,,0,True
1,CCNC,ENSG00000112237,NDUFS5,ENSG00000168653,gained_on_activation,-0.2409003016843584,0.1351119577038498,5,metabolism_mitochondria,Metabolism/mitochondria,KEGG_OXIDATIVE_PHOSPHORYLATION,1,False
1,CCNC,ENSG00000112237,INPP5D,ENSG00000168918,lost_on_activation,0.600895459151223,-0.230331005819522,7,unclassified,Outside six programmes,,0,True
1,CCNC,ENSG00000112237,CENPX,ENSG00000169689,gained_on_activation,-0.273320617636371,0.2721214760505843,7,unclassified,Outside six programmes,,0,True
1,CCNC,ENSG00000112237,PDCD6IP,ENSG00000170248,lost_on_activation,0.1612910547322194,-0.1062591467098875,6,synapse_trafficking,Synapse/trafficking,KEGG_ENDOCYTOSIS,1,False
1,CCNC,ENSG00000112237,FEZ2,ENSG00000171055,lost_on_activation,0.5158304055577947,-0.2675218193828144,7,unclassified,Outside six programmes,,0,True
1,CCNC,ENSG00000112237,RBKS,ENSG00000171174,lost_on_activation,0.551196175534346,-0.599011333500958,7,unclassified,Outside six programmes,,0,True
1,CCNC,ENSG00000112237,BCL2L1,ENSG00000171552,lost_on_activation,0.4980971910059874,-0.3669289630584955,1,tcr_cytokine_signalling,TCR/cytokine signalling,KEGG_JAK_STAT_SIGNALING_PATHWAY,2,False
1,CCNC,ENSG00000112237,BCL2L1,ENSG00000171552,lost_on_activation,0.4980971910059874,-0.3669289630584955,3,stress_survival,Stress/survival,KEGG_APOPTOSIS,2,False
1,CCNC,ENSG00000112237,COPRS,ENSG00000172301,gained_on_activation,-0.2326991398299084,0.2576436062643108,7,unclassified,Outside six programmes,,0,True
1,CCNC,ENSG00000112237,METAP1D,ENSG00000172878,gained_on_activation,-0.8115352217758343,0.5193525703942519,7,unclassified,Outside six programmes,,0,True
1,CCNC,ENSG00000112237,TADA2B,ENSG00000173011,lost_on_activation,0.1384110165035436,-0.2309419158388236,7,unclassified,Outside six programmes,,0,True
1,CCNC,ENSG00000112237,SCAI,ENSG00000173611,gained_on_activation,-0.4628293986666937,0.2548485097842073,7,unclassified,Outside six programmes,,0,True
1,CCNC,ENSG00000112237,BANF1,ENSG00000175334,gained_on_activation,-0.2253256110236629,0.2074008917030856,7,unclassified,Outside six programmes,,0,True
1,CCNC,ENSG00000112237,LMNB2,ENSG00000176619,gained_on_activation,-0.3858527909187446,0.1448541733598204,7,unclassified,Outside six programmes,,0,True
1,CCNC,ENSG00000112237,MEX3C,ENSG00000176624,lost_on_activation,0.335677475206688,-0.1347084536890344,7,unclassified,Outside six programmes,,0,True
1,CCNC,ENSG00000112237,DEAF1,ENSG00000177030,gained_on_activation,-0.2220311143694507,0.2104949689177399,7,unclassified,Outside six programmes,,0,True
1,CCNC,ENSG00000112237,MTX3,ENSG00000177034,lost_on_activation,0.3607005346477432,-0.3096654322841537,7,unclassified,Outside six programmes,,0,True
1,CCNC,ENSG00000112237,SLC25A22,ENSG00000177542,gained_on_activation,-0.4541808282850525,0.3975293398104768,7,unclassified,Outside six programmes,,0,True
1,CCNC,ENSG00000112237,CHID1,ENSG00000177830,gained_on_activation,-0.1975461967571004,0.12735984505549,7,unclassified,Outside six programmes,,0,True
1,CCNC,ENSG00000112237,IMPDH2,ENSG00000178035,gained_on_activation,-0.4718596546074799,0.1633743810079405,7,unclassified,Outside six programmes,,0,True
1,CCNC,ENSG00000112237,NDUFV2,ENSG00000178127,lost_on_activation,0.3305239826541685,-0.3489781141143207,5,metabolism_mitochondria,Metabolism/mitochondria,KEGG_OXIDATIVE_PHOSPHORYLATION,1,False
1,CCNC,ENSG00000112237,CD28,ENSG00000178562,lost_on_activation,0.3339664461620563,-0.3461025229522489,1,tcr_cytokine_signalling,TCR/cytokine signalling,KEGG_T_CELL_RECEPTOR_SIGNALING_PATHWAY,2,False
1,CCNC,ENSG00000112237,CD28,ENSG00000178562,lost_on_activation,0.3339664461620563,-0.3461025229522489,6,synapse_trafficking,Synapse/trafficking,KEGG_CELL_ADHESION_MOLECULES_CAMS,2,False
1,CCNC,ENSG00000112237,MAF,ENSG00000178573,lost_on_activation,0.4911426813127736,-0.7333056326496176,7,unclassified,Outside six programmes,,0,True
1,CCNC,ENSG00000112237,PFAS,ENSG00000178921,gained_on_activation,-0.4151204495589576,0.3187354159947015,7,unclassified,Outside six programmes,,0,True
1,CCNC,ENSG00000112237,ZBTB7A,ENSG00000178951,lost_on_activation,0.24152812555262,-0.1840676368400104,7,unclassified,Outside six programmes,,0,True
1,CCNC,ENSG00000112237,CYC1,ENSG00000179091,gained_on_activation,-0.217886665179079,0.1835696678586189,5,metabolism_mitochondria,Metabolism/mitochondria,KEGG_OXIDATIVE_PHOSPHORYLATION,1,False
1,CCNC,ENSG00000112237,ELMOD2,ENSG00000179387,lost_on_activation,0.2615095146026314,-0.210745227072257,7,unclassified,Outside six programmes,,0,True
1,CCNC,ENSG00000112237,GEMIN4,ENSG00000179409,gained_on_activation,-0.4140745254045163,0.1859264953725559,7,unclassified,Outside six programmes,,0,True
1,CCNC,ENSG00000112237,RELL1,ENSG00000181826,lost_on_activation,0.1870059699568066,-0.218265589111247,7,unclassified,Outside six programmes,,0,True
1,CCNC,ENSG00000112237,HAPSTR1,ENSG00000182831,lost_on_activation,0.1168468831253325,-0.1213260352410175,7,unclassified,Outside six programmes,,0,True
1,CCNC,ENSG00000112237,MTA1,ENSG00000182979,gained_on_activation,-0.1598131157855277,0.1357340097159792,7,unclassified,Outside six programmes,,0,True
1,CCNC,ENSG00000112237,NAA38,ENSG00000183011,gained_on_activation,-0.2137630026232393,0.163809388934232,7,unclassified,Outside six programmes,,0,True
1,CCNC,ENSG00000112237,TM2D3,ENSG00000184277,gained_on_activation,-0.1432333442405442,0.1360457962522899,7,unclassified,Outside six programmes,,0,True
1,CCNC,ENSG00000112237,STING1,ENSG00000184584,lost_on_activation,0.1953949879270033,-0.2654145882166189,7,unclassified,Outside six programmes,,0,True
1,CCNC,ENSG00000112237,APOBR,ENSG00000184730,lost_on_activation,0.3832890573283636,-0.4743581869849634,7,unclassified,Outside six programmes,,0,True
1,CCNC,ENSG00000112237,PTRHD1,ENSG00000184924,gained_on_activation,-0.1737247247749224,0.246530447905561,7,unclassified,Outside six programmes,,0,True
1,CCNC,ENSG00000112237,GPRIN3,ENSG00000185477,lost_on_activation,0.4228021733374423,-0.2318220559838156,7,unclassified,Outside six programmes,,0,True
1,CCNC,ENSG00000112237,DMWD,ENSG00000185800,lost_on_activation,0.3977295416245326,-0.4596123327770034,7,unclassified,Outside six programmes,,0,True
1,CCNC,ENSG00000112237,MRTFB,ENSG00000186260,gained_on_activation,-0.3954392544824379,0.4511961427991418,7,unclassified,Outside six programmes,,0,True
1,CCNC,ENSG00000112237,TNFRSF18,ENSG00000186891,lost_on_activation,0.8011431866705921,-0.6477929509129515,1,tcr_cytokine_signalling,TCR/cytokine signalling,KEGG_CYTOKINE_CYTOKINE_RECEPTOR_INTERACTION,1,False
1,CCNC,ENSG00000112237,NHEJ1,ENSG00000187736,gained_on_activation,-0.2652475381736802,0.1311230069257352,7,unclassified,Outside six programmes,,0,True
1,CCNC,ENSG00000112237,TMEM120A,ENSG00000189077,lost_on_activation,0.2759268611027274,-0.2984100712355554,7,unclassified,Outside six programmes,,0,True
1,CCNC,ENSG00000112237,PTPN1,ENSG00000196396,lost_on_activation,0.1299238604314894,-0.1220878457006526,7,unclassified,Outside six programmes,,0,True
1,CCNC,ENSG00000112237,IPO4,ENSG00000196497,gained_on_activation,-0.4394886859322346,0.4562834318399659,7,unclassified,Outside six programmes,,0,True
1,CCNC,ENSG00000112237,MAN2A2,ENSG00000196547,lost_on_activation,0.233827253664493,-0.3022771167438639,7,unclassified,Outside six programmes,,0,True
1,CCNC,ENSG00000112237,HDAC2,ENSG00000196591,gained_on_activation,-0.1856613112161483,0.1852440794348733,4,proliferation,Proliferation,KEGG_CELL_CYCLE,1,False
1,CCNC,ENSG00000112237,RABL6,ENSG00000196642,gained_on_activation,-0.1251612987364943,0.188613644632219,7,unclassified,Outside six programmes,,0,True
1,CCNC,ENSG00000112237,PDLIM7,ENSG00000196923,lost_on_activation,0.5233295071676505,-0.6164397639467344,7,unclassified,Outside six programmes,,0,True
1,CCNC,ENSG00000112237,KIAA1671,ENSG00000197077,lost_on_activation,0.4501010203125636,-0.3504058185116303,7,unclassified,Outside six programmes,,0,True
1,CCNC,ENSG00000112237,PSAP,ENSG00000197746,lost_on_activation,0.1911348939608767,-0.2049655179808794,7,unclassified,Outside six programmes,,0,True
1,CCNC,ENSG00000112237,TFDP1,ENSG00000198176,gained_on_activation,-0.2097256493141845,0.2116910782812614,4,proliferation,Proliferation,KEGG_CELL_CYCLE,1,False
1,CCNC,ENSG00000112237,CARD11,ENSG00000198286,lost_on_activation,0.2267272105649597,-0.3968823361956701,1,tcr_cytokine_signalling,TCR/cytokine signalling,KEGG_T_CELL_RECEPTOR_SIGNALING_PATHWAY,1,False
1,CCNC,ENSG00000112237,C1orf174,ENSG00000198912,gained_on_activation,-0.189782727281747,0.178302338304259,7,unclassified,Outside six programmes,,0,True
1,CCNC,ENSG00000112237,LSM2,ENSG00000204392,gained_on_activation,-0.2037622632179099,0.0987923089296651,7,unclassified,Outside six programmes,,0,True
1,CCNC,ENSG00000112237,C6orf47,ENSG00000204439,lost_on_activation,0.2987780260557708,-0.295851233222163,7,unclassified,Outside six programmes,,0,True
1,CCNC,ENSG00000112237,JPT2,ENSG00000206053,gained_on_activation,-0.2234359474609004,0.2587769674431512,7,unclassified,Outside six programmes,,0,True
1,CCNC,ENSG00000112237,SUPT4H1,ENSG00000213246,lost_on_activation,0.2766212635348357,-0.1489268254669498,7,unclassified,Outside six programmes,,0,True
1,CCNC,ENSG00000112237,TMX2,ENSG00000213593,gained_on_activation,-0.1448738173957239,0.1573756676077553,7,unclassified,Outside six programmes,,0,True
1,CCNC,ENSG00000112237,SLC35F6,ENSG00000213699,lost_on_activation,0.5212515089255441,-0.407238033425371,7,unclassified,Outside six programmes,,0,True
1,CCNC,ENSG00000112237,IFRD2,ENSG00000214706,gained_on_activation,-0.3803543142212871,0.2484112877945924,7,unclassified,Outside six programmes,,0,True
1,CCNC,ENSG00000112237,NDUFAF8,ENSG00000224877,gained_on_activation,-0.2455379598449743,0.3171579152458065,7,unclassified,Outside six programmes,,0,True
1,CCNC,ENSG00000112237,SLC26A6,ENSG00000225697,lost_on_activation,0.3331888630628891,-0.2602027539813129,7,unclassified,Outside six programmes,,0,True
1,CCNC,ENSG00000112237,NME1,ENSG00000239672,gained_on_activation,-0.3278995359576774,0.1729649224537946,7,unclassified,Outside six programmes,,0,True
1,CCNC,ENSG00000112237,PSMB9,ENSG00000240065,gained_on_activation,-0.1734042757214566,0.1969754827682277,2,antigen_processing_proteasome,Antigen processing/proteasome,KEGG_PROTEASOME,1,False
1,CCNC,ENSG00000112237,PLEKHO2,ENSG00000241839,lost_on_activation,0.3433060150914825,-0.3108489574580628,1,tcr_cytokine_signalling,TCR/cytokine signalling,KEGG_CYTOKINE_CYTOKINE_RECEPTOR_INTERACTION,1,False
1,CCNC,ENSG00000112237,ACY1,ENSG00000243989,gained_on_activation,-0.4934921814070274,0.3303483475332059,7,unclassified,Outside six programmes,,0,True
1,CCNC,ENSG00000112237,GALNT4,ENSG00000257594,lost_on_activation,0.6660102512110793,-0.2055877600362188,7,unclassified,Outside six programmes,,0,True
1,CCNC,ENSG00000112237,AARSD1,ENSG00000266967,gained_on_activation,-0.3508640816792736,0.1776439709266991,7,unclassified,Outside six programmes,,0,True
1,CCNC,ENSG00000112237,ACACA,ENSG00000278540,gained_on_activation,-0.278021131339493,0.1888067113662372,7,unclassified,Outside six programmes,,0,True
2,TADA2B,ENSG00000173011,MAD1L1,ENSG00000002822,gained_on_activation,-0.1888328980143692,0.3093409751732034,4,proliferation,Proliferation,KEGG_CELL_CYCLE,1,False
2,TADA2B,ENSG00000173011,MCUB,ENSG00000005059,gained_on_activation,-0.3134359404726716,0.1395611471052465,7,unclassified,Outside six programmes,,0,True
2,TADA2B,ENSG00000173011,RHBDD2,ENSG00000005486,lost_on_activation,0.2928334427275719,-0.3904598745926073,7,unclassified,Outside six programmes,,0,True
2,TADA2B,ENSG00000173011,TRAF3IP3,ENSG00000009790,lost_on_activation,0.107411004518251,-0.3343426345792991,7,unclassified,Outside six programmes,,0,True
2,TADA2B,ENSG00000173011,RANBP9,ENSG00000010017,lost_on_activation,0.2471202671289199,-0.2023402412667649,7,unclassified,Outside six programmes,,0,True
2,TADA2B,ENSG00000173011,GRAMD1B,ENSG00000023171,lost_on_activation,0.4191724177530831,-0.1822277781950245,7,unclassified,Outside six programmes,,0,True
2,TADA2B,ENSG00000173011,ALAS1,ENSG00000023330,lost_on_activation,0.1769733498103345,-0.1632029708083877,7,unclassified,Outside six programmes,,0,True
2,TADA2B,ENSG00000173011,BIRC3,ENSG00000023445,lost_on_activation,0.4779381538555188,-0.6018439736831138,3,stress_survival,Stress/survival,KEGG_APOPTOSIS,1,False
2,TADA2B,ENSG00000173011,FAS,ENSG00000026103,gained_on_activation,-0.179741128811027,0.2596339480570767,1,tcr_cytokine_signalling,TCR/cytokine signalling,KEGG_CYTOKINE_CYTOKINE_RECEPTOR_INTERACTION,2,False
2,TADA2B,ENSG00000173011,FAS,ENSG00000026103,gained_on_activation,-0.179741128811027,0.2596339480570767,3,stress_survival,Stress/survival,KEGG_APOPTOSIS,2,False
2,TADA2B,ENSG00000173011,BRD9,ENSG00000028310,gained_on_activation,-0.1315083037643689,0.1502396399035265,7,unclassified,Outside six programmes,,0,True
2,TADA2B,ENSG00000173011,RNF19A,ENSG00000034677,lost_on_activation,0.3154684227520578,-0.3681922776091096,7,unclassified,Outside six programmes,,0,True
2,TADA2B,ENSG00000173011,SH3YL1,ENSG00000035115,gained_on_activation,-0.7039797720422181,0.2168628407987855,7,unclassified,Outside six programmes,,0,True
2,TADA2B,ENSG00000173011,VCL,ENSG00000035403,gained_on_activation,-0.3161310354084106,0.598548937247619,6,synapse_trafficking,Synapse/trafficking,KEGG_LEUKOCYTE_TRANSENDOTHELIAL_MIGRATION;KEGG_REGULATION_OF_ACTIN_CYTOSKELETON,1,False
2,TADA2B,ENSG00000173011,NSMAF,ENSG00000035681,lost_on_activation,0.2232888368065236,-0.1437533642389356,7,unclassified,Outside six programmes,,0,True
2,TADA2B,ENSG00000173011,STAP1,ENSG00000035720,lost_on_activation,0.9037697631947568,-0.5870813217475492,7,unclassified,Outside six programmes,,0,True
2,TADA2B,ENSG00000173011,ATP11B,ENSG00000058063,lost_on_activation,0.0713587950385972,-0.1074756252233364,7,unclassified,Outside six programmes,,0,True
2,TADA2B,ENSG00000173011,WNK1,ENSG00000060237,lost_on_activation,0.1697576844751512,-0.1412224695297733,7,unclassified,Outside six programmes,,0,True
2,TADA2B,ENSG00000173011,DGAT2,ENSG00000062282,gained_on_activation,-1.716067776772355,0.5513523256082563,7,unclassified,Outside six programmes,,0,True
2,TADA2B,ENSG00000173011,MTMR1,ENSG00000063601,gained_on_activation,-0.1318434623389024,0.3792645090434343,7,unclassified,Outside six programmes,,0,True
2,TADA2B,ENSG00000173011,NTHL1,ENSG00000065057,gained_on_activation,-0.2176728491683657,0.348410529072615,7,unclassified,Outside six programmes,,0,True
2,TADA2B,ENSG00000173011,MTHFD2,ENSG00000065911,lost_on_activation,0.2128674354989223,-0.2336709209651908,7,unclassified,Outside six programmes,,0,True
2,TADA2B,ENSG00000173011,PLPP1,ENSG00000067113,lost_on_activation,0.7467916728328137,-0.3584852934824667,7,unclassified,Outside six programmes,,0,True
2,TADA2B,ENSG00000173011,HDAC4,ENSG00000068024,gained_on_activation,-0.3501224386454937,0.2898605761938028,7,unclassified,Outside six programmes,,0,True
2,TADA2B,ENSG00000173011,ERLEC1,ENSG00000068912,lost_on_activation,0.2856710965130909,-0.1343359761162699,7,unclassified,Outside six programmes,,0,True
2,TADA2B,ENSG00000173011,JMJD6,ENSG00000070495,lost_on_activation,0.2228195349519215,-0.3359605510434462,7,unclassified,Outside six programmes,,0,True
2,TADA2B,ENSG00000173011,WIPI1,ENSG00000070540,lost_on_activation,0.8009620066393621,-0.2733912907509042,7,unclassified,Outside six programmes,,0,True
2,TADA2B,ENSG00000173011,MAP4K4,ENSG00000071054,gained_on_activation,-0.1639988638708103,0.2689614379622759,7,unclassified,Outside six programmes,,0,True
2,TADA2B,ENSG00000173011,MAP3K13,ENSG00000073803,gained_on_activation,-0.3017565807068917,0.3479594754897957,7,unclassified,Outside six programmes,,0,True
2,TADA2B,ENSG00000173011,EXOSC7,ENSG00000075914,gained_on_activation,-0.1373991860725504,0.1085340895934544,7,unclassified,Outside six programmes,,0,True
2,TADA2B,ENSG00000173011,SNX10,ENSG00000086300,lost_on_activation,0.5074437543939496,-0.183888907669226,7,unclassified,Outside six programmes,,0,True
2,TADA2B,ENSG00000173011,PPP1R15A,ENSG00000087074,lost_on_activation,0.2453310377307938,-0.8644112989975552,7,unclassified,Outside six programmes,,0,True
2,TADA2B,ENSG00000173011,KIZ,ENSG00000088970,lost_on_activation,0.2655957638429883,-0.2553696400926737,7,unclassified,Outside six programmes,,0,True
2,TADA2B,ENSG00000173011,LAG3,ENSG00000089692,lost_on_activation,1.5495439757607428,-0.8360589815145026,7,unclassified,Outside six programmes,,0,True
2,TADA2B,ENSG00000173011,SEL1L3,ENSG00000091490,lost_on_activation,0.2353676844446396,-0.3176676555779262,7,unclassified,Outside six programmes,,0,True
2,TADA2B,ENSG00000173011,PSME1,ENSG00000092010,gained_on_activation,-0.238028329160862,0.2584944146417182,2,antigen_processing_proteasome,Antigen processing/proteasome,KEGG_ANTIGEN_PROCESSING_AND_PRESENTATION;KEGG_PROTEASOME,1,False
2,TADA2B,ENSG00000173011,EZR,ENSG00000092820,gained_on_activation,-0.1221852810637504,0.1709356020970351,6,synapse_trafficking,Synapse/trafficking,KEGG_LEUKOCYTE_TRANSENDOTHELIAL_MIGRATION;KEGG_REGULATION_OF_ACTIN_CYTOSKELETON,1,False
2,TADA2B,ENSG00000173011,LRRFIP2,ENSG00000093167,lost_on_activation,0.175407866575875,-0.314222178427815,7,unclassified,Outside six programmes,,0,True
2,TADA2B,ENSG00000173011,CREM,ENSG00000095794,lost_on_activation,0.3409874550277892,-0.4195660754873823,7,unclassified,Outside six programmes,,0,True
2,TADA2B,ENSG00000173011,JAK2,ENSG00000096968,gained_on_activation,-0.3765782660765538,0.2681607876372324,1,tcr_cytokine_signalling,TCR/cytokine signalling,KEGG_JAK_STAT_SIGNALING_PATHWAY,2,False
2,TADA2B,ENSG00000173011,JAK2,ENSG00000096968,gained_on_activation,-0.3765782660765538,0.2681607876372324,6,synapse_trafficking,Synapse/trafficking,KEGG_CHEMOKINE_SIGNALING_PATHWAY,2,False
2,TADA2B,ENSG00000173011,OSM,ENSG00000099985,lost_on_activation,0.8653753083064958,-0.8709524720705221,1,tcr_cytokine_signalling,TCR/cytokine signalling,KEGG_CYTOKINE_CYTOKINE_RECEPTOR_INTERACTION;KEGG_JAK_STAT_SIGNALING_PATHWAY,1,False
2,TADA2B,ENSG00000173011,TTLL12,ENSG00000100304,gained_on_activation,-0.2465522506640447,0.2169613196111879,7,unclassified,Outside six programmes,,0,True
2,TADA2B,ENSG00000173011,IL2RB,ENSG00000100385,lost_on_activation,0.5173620191519119,-0.6700317105670048,1,tcr_cytokine_signalling,TCR/cytokine signalling,KEGG_CYTOKINE_CYTOKINE_RECEPTOR_INTERACTION;KEGG_JAK_STAT_SIGNALING_PATHWAY,2,False
2,TADA2B,ENSG00000173011,IL2RB,ENSG00000100385,lost_on_activation,0.5173620191519119,-0.6700317105670048,6,synapse_trafficking,Synapse/trafficking,KEGG_ENDOCYTOSIS,2,False
2,TADA2B,ENSG00000173011,SUSD6,ENSG00000100647,lost_on_activation,0.517318440299028,-0.2278237480124478,7,unclassified,Outside six programmes,,0,True
2,TADA2B,ENSG00000173011,APEX1,ENSG00000100823,gained_on_activation,-0.2797393336674264,0.1278153345538935,7,unclassified,Outside six programmes,,0,True
2,TADA2B,ENSG00000173011,PRORP,ENSG00000100890,gained_on_activation,-0.1665866078337715,0.2346917579676414,7,unclassified,Outside six programmes,,0,True
2,TADA2B,ENSG00000173011,PSME2,ENSG00000100911,gained_on_activation,-0.3740568373501177,0.265491437770876,2,antigen_processing_proteasome,Antigen processing/proteasome,KEGG_ANTIGEN_PROCESSING_AND_PRESENTATION;KEGG_PROTEASOME,1,False
2,TADA2B,ENSG00000173011,PFDN4,ENSG00000101132,lost_on_activation,0.1896276404770039,-0.2949923212897656,7,unclassified,Outside six programmes,,0,True
2,TADA2B,ENSG00000173011,PPP1R16B,ENSG00000101445,lost_on_activation,0.1995258505329037,-0.3237536617945794,7,unclassified,Outside six programmes,,0,True
2,TADA2B,ENSG00000173011,RIOK3,ENSG00000101782,lost_on_activation,0.1085736340863224,-0.2941859435990301,7,unclassified,Outside six programmes,,0,True
2,TADA2B,ENSG00000173011,HTATSF1,ENSG00000102241,lost_on_activation,0.2339397446939811,-0.2415826620746999,7,unclassified,Outside six programmes,,0,True
2,TADA2B,ENSG00000173011,TNFSF13B,ENSG00000102524,gained_on_activation,-1.0925136012778365,0.5950573821081768,1,tcr_cytokine_signalling,TCR/cytokine signalling,KEGG_CYTOKINE_CYTOKINE_RECEPTOR_INTERACTION,1,False
2,TADA2B,ENSG00000173011,DNAJC3,ENSG00000102580,lost_on_activation,0.1438342624181559,-0.1937080628286162,7,unclassified,Outside six programmes,,0,True
2,TADA2B,ENSG00000173011,SUPT20H,ENSG00000102710,lost_on_activation,0.1346903282206472,-0.1004108715769719,7,unclassified,Outside six programmes,,0,True
2,TADA2B,ENSG00000173011,RGCC,ENSG00000102760,lost_on_activation,0.3006548095986441,-0.7288871939811057,7,unclassified,Outside six programmes,,0,True
2,TADA2B,ENSG00000173011,MON1B,ENSG00000103111,lost_on_activation,0.097825057941521,-0.1305357795394502,7,unclassified,Outside six programmes,,0,True
2,TADA2B,ENSG00000173011,ERI1,ENSG00000104626,lost_on_activation,0.3604755529963658,-0.1687213862267709,7,unclassified,Outside six programmes,,0,True
2,TADA2B,ENSG00000173011,TLE5,ENSG00000104964,gained_on_activation,-0.2136739036506396,0.1165245309257452,7,unclassified,Outside six programmes,,0,True
2,TADA2B,ENSG00000173011,RASAL3,ENSG00000105122,lost_on_activation,0.3767112518228984,-0.1206796138584448,7,unclassified,Outside six programmes,,0,True
2,TADA2B,ENSG00000173011,STX1A,ENSG00000106089,lost_on_activation,0.7673638913496879,-0.6340885504024592,7,unclassified,Outside six programmes,,0,True
2,TADA2B,ENSG00000173011,BUD31,ENSG00000106245,lost_on_activation,0.1742283098080646,-0.106390261629372,7,unclassified,Outside six programmes,,0,True
2,TADA2B,ENSG00000173011,NRF1,ENSG00000106459,lost_on_activation,0.1280406185642708,-0.1393975508123473,7,unclassified,Outside six programmes,,0,True
2,TADA2B,ENSG00000173011,TMEM248,ENSG00000106609,lost_on_activation,0.0785629544984732,-0.0872377153088729,7,unclassified,Outside six programmes,,0,True
2,TADA2B,ENSG00000173011,MAP3K8,ENSG00000107968,lost_on_activation,0.274379354576435,-0.3322053486454934,1,tcr_cytokine_signalling,TCR/cytokine signalling,KEGG_T_CELL_RECEPTOR_SIGNALING_PATHWAY,1,False
2,TADA2B,ENSG00000173011,RNF167,ENSG00000108523,lost_on_activation,0.1301282222705164,-0.1240463743867238,7,unclassified,Outside six programmes,,0,True
2,TADA2B,ENSG00000173011,CPD,ENSG00000108582,lost_on_activation,0.4520739526391737,-0.274817820550666,7,unclassified,Outside six programmes,,0,True
2,TADA2B,ENSG00000173011,AKAP10,ENSG00000108599,lost_on_activation,0.2042084258640524,-0.1456114365519,7,unclassified,Outside six programmes,,0,True
2,TADA2B,ENSG00000173011,ABI3,ENSG00000108798,lost_on_activation,0.2001974318168282,-0.2181378060894534,7,unclassified,Outside six programmes,,0,True
2,TADA2B,ENSG00000173011,TMEM97,ENSG00000109084,gained_on_activation,-0.3867707706898894,0.3279869176709307,7,unclassified,Outside six programmes,,0,True
2,TADA2B,ENSG00000173011,LPXN,ENSG00000110031,lost_on_activation,0.1310532889513644,-0.4452580957459879,7,unclassified,Outside six programmes,,0,True
2,TADA2B,ENSG00000173011,CD69,ENSG00000110848,lost_on_activation,0.8966395645565473,-0.4213206010590755,7,unclassified,Outside six programmes,,0,True
2,TADA2B,ENSG00000173011,GNPTAB,ENSG00000111670,lost_on_activation,0.3785758663767988,-0.2312829249285422,7,unclassified,Outside six programmes,,0,True
2,TADA2B,ENSG00000173011,FGFR1OP2,ENSG00000111790,lost_on_activation,0.1536556999538222,-0.2878808090763682,7,unclassified,Outside six programmes,,0,True
2,TADA2B,ENSG00000173011,BTN3A3,ENSG00000111801,gained_on_activation,-0.3773159869658488,0.2140331708231451,7,unclassified,Outside six programmes,,0,True
2,TADA2B,ENSG00000173011,MAN1A1,ENSG00000111885,lost_on_activation,0.5711748209608272,-0.3313952753024213,7,unclassified,Outside six programmes,,0,True
2,TADA2B,ENSG00000173011,PPARD,ENSG00000112033,lost_on_activation,0.3846651781310948,-0.3175341664206041,7,unclassified,Outside six programmes,,0,True
2,TADA2B,ENSG00000173011,PFDN1,ENSG00000113068,gained_on_activation,-0.1301811480850339,0.1205540872359703,7,unclassified,Outside six programmes,,0,True
2,TADA2B,ENSG00000173011,GNPDA1,ENSG00000113552,gained_on_activation,-0.307308646867485,0.4357622987365497,7,unclassified,Outside six programmes,,0,True
2,TADA2B,ENSG00000173011,XRN1,ENSG00000114127,gained_on_activation,-0.146430788045916,0.1540412792483206,7,unclassified,Outside six programmes,,0,True
2,TADA2B,ENSG00000173011,FRMD4B,ENSG00000114541,lost_on_activation,0.6348985290417142,-0.3161964039022674,7,unclassified,Outside six programmes,,0,True
2,TADA2B,ENSG00000173011,SLC1A4,ENSG00000115902,lost_on_activation,0.3505352718302879,-0.4354898581217788,7,unclassified,Outside six programmes,,0,True
2,TADA2B,ENSG00000173011,EDEM3,ENSG00000116406,lost_on_activation,0.1254949522352402,-0.3227578291762861,7,unclassified,Outside six programmes,,0,True
2,TADA2B,ENSG00000173011,ZBTB17,ENSG00000116809,lost_on_activation,0.3517782485393925,-0.2734923827098746,4,proliferation,Proliferation,KEGG_CELL_CYCLE,1,False
2,TADA2B,ENSG00000173011,RAB29,ENSG00000117280,gained_on_activation,-0.3409677301821193,0.3436345948363552,7,unclassified,Outside six programmes,,0,True
2,TADA2B,ENSG00000173011,APH1A,ENSG00000117362,gained_on_activation,-0.0981060502804051,0.0970106450786218,7,unclassified,Outside six programmes,,0,True
2,TADA2B,ENSG00000173011,TMED5,ENSG00000117500,lost_on_activation,0.1048671163774366,-0.115585663420821,7,unclassified,Outside six programmes,,0,True
2,TADA2B,ENSG00000173011,RCOR3,ENSG00000117625,lost_on_activation,0.1393292195878215,-0.1369913249716533,7,unclassified,Outside six programmes,,0,True
2,TADA2B,ENSG00000173011,TXNDC12,ENSG00000117862,lost_on_activation,0.1338709287986917,-0.114893197960494,7,unclassified,Outside six programmes,,0,True
2,TADA2B,ENSG00000173011,TNFAIP3,ENSG00000118503,lost_on_activation,0.3873971206765498,-0.3825090285712655,7,unclassified,Outside six programmes,,0,True
2,TADA2B,ENSG00000173011,MOB3B,ENSG00000120162,lost_on_activation,1.121484810516744,-0.908431943755666,7,unclassified,Outside six programmes,,0,True
2,TADA2B,ENSG00000173011,PCMT1,ENSG00000120265,lost_on_activation,0.1553834459845298,-0.1070940428935415,7,unclassified,Outside six programmes,,0,True
2,TADA2B,ENSG00000173011,SCPEP1,ENSG00000121064,lost_on_activation,0.5286601416919331,-0.5936828959010483,7,unclassified,Outside six programmes,,0,True
2,TADA2B,ENSG00000173011,PYROXD1,ENSG00000121350,lost_on_activation,0.1301831089654749,-0.3977848335229544,7,unclassified,Outside six programmes,,0,True
2,TADA2B,ENSG00000173011,TNFSF10,ENSG00000121858,lost_on_activation,0.2488348469820263,-0.4562380846391113,1,tcr_cytokine_signalling,TCR/cytokine signalling,KEGG_CYTOKINE_CYTOKINE_RECEPTOR_INTERACTION,2,False
2,TADA2B,ENSG00000173011,TNFSF10,ENSG00000121858,lost_on_activation,0.2488348469820263,-0.4562380846391113,3,stress_survival,Stress/survival,KEGG_APOPTOSIS,2,False
2,TADA2B,ENSG00000173011,TMEM156,ENSG00000121895,lost_on_activation,0.362781036582553,-0.5188140452336436,7,unclassified,Outside six programmes,,0,True
2,TADA2B,ENSG00000173011,SRGN,ENSG00000122862,lost_on_activation,0.5319840921606463,-0.1996561753131945,7,unclassified,Outside six programmes,,0,True
2,TADA2B,ENSG00000173011,P4HA1,ENSG00000122884,lost_on_activation,0.1923361659842181,-0.3805888451701033,7,unclassified,Outside six programmes,,0,True
2,TADA2B,ENSG00000173011,PARD6B,ENSG00000124171,gained_on_activation,-0.3944937308384564,0.4228121672376554,6,synapse_trafficking,Synapse/trafficking,KEGG_ENDOCYTOSIS,1,False
2,TADA2B,ENSG00000173011,IRF1,ENSG00000125347,gained_on_activation,-0.5641717099262749,0.2050972522060667,7,unclassified,Outside six programmes,,0,True
2,TADA2B,ENSG00000173011,PSD4,ENSG00000125637,lost_on_activation,0.1431519847666893,-0.1653593627132621,6,synapse_trafficking,Synapse/trafficking,KEGG_ENDOCYTOSIS,1,False
2,TADA2B,ENSG00000173011,GPR108,ENSG00000125734,lost_on_activation,0.1784858393869847,-0.347350421025227,7,unclassified,Outside six programmes,,0,True
2,TADA2B,ENSG00000173011,TNFSF14,ENSG00000125735,lost_on_activation,0.7331690093480712,-0.6233309015442187,1,tcr_cytokine_signalling,TCR/cytokine signalling,KEGG_CYTOKINE_CYTOKINE_RECEPTOR_INTERACTION,1,False
2,TADA2B,ENSG00000173011,VASP,ENSG00000125753,lost_on_activation,0.4449238624520656,-0.2270464210102577,6,synapse_trafficking,Synapse/trafficking,KEGG_LEUKOCYTE_TRANSENDOTHELIAL_MIGRATION,1,False
2,TADA2B,ENSG00000173011,NECAB3,ENSG00000125967,gained_on_activation,-0.3864428274598039,0.282910227784268,7,unclassified,Outside six programmes,,0,True
2,TADA2B,ENSG00000173011,IGFLR1,ENSG00000126246,lost_on_activation,0.3298129069889153,-0.3169157665463575,7,unclassified,Outside six programmes,,0,True
2,TADA2B,ENSG00000173011,HCST,ENSG00000126264,lost_on_activation,0.3152300988142609,-0.4358870056923332,7,unclassified,Outside six programmes,,0,True
2,TADA2B,ENSG00000173011,CCR7,ENSG00000126353,gained_on_activation,-1.2252561154622257,1.7172409125105477,1,tcr_cytokine_signalling,TCR/cytokine signalling,KEGG_CYTOKINE_CYTOKINE_RECEPTOR_INTERACTION,2,False
2,TADA2B,ENSG00000173011,CCR7,ENSG00000126353,gained_on_activation,-1.2252561154622257,1.7172409125105477,6,synapse_trafficking,Synapse/trafficking,KEGG_CHEMOKINE_SIGNALING_PATHWAY,2,False
2,TADA2B,ENSG00000173011,SLC35E1,ENSG00000127526,lost_on_activation,0.196240245622477,-0.198118402598079,7,unclassified,Outside six programmes,,0,True
2,TADA2B,ENSG00000173011,ADORA2A,ENSG00000128271,lost_on_activation,0.5330997073953381,-0.4231582471945166,7,unclassified,Outside six programmes,,0,True
2,TADA2B,ENSG00000173011,APOL3,ENSG00000128284,gained_on_activation,-0.3073866314321596,0.2384201702164372,7,unclassified,Outside six programmes,,0,True
2,TADA2B,ENSG00000173011,CALU,ENSG00000128595,lost_on_activation,0.2897642910929088,-0.1505224174945243,7,unclassified,Outside six programmes,,0,True
2,TADA2B,ENSG00000173011,MYO1B,ENSG00000128641,lost_on_activation,1.562606647385448,-0.787465225364377,7,unclassified,Outside six programmes,,0,True
2,TADA2B,ENSG00000173011,CD68,ENSG00000129226,lost_on_activation,0.6596127764430398,-0.7808914119557561,7,unclassified,Outside six programmes,,0,True
2,TADA2B,ENSG00000173011,RHBDF2,ENSG00000129667,gained_on_activation,-0.408413355082556,0.6940893364126143,7,unclassified,Outside six programmes,,0,True
2,TADA2B,ENSG00000173011,ARHGEF6,ENSG00000129675,lost_on_activation,0.1666426476812248,-0.2121673677225135,6,synapse_trafficking,Synapse/trafficking,KEGG_REGULATION_OF_ACTIN_CYTOSKELETON,1,False
2,TADA2B,ENSG00000173011,ASS1,ENSG00000130707,lost_on_activation,1.2737599761952845,-1.0107564843712642,7,unclassified,Outside six programmes,,0,True
2,TADA2B,ENSG00000173011,POMT1,ENSG00000130714,gained_on_activation,-0.2616537216416842,0.3116844123517147,7,unclassified,Outside six programmes,,0,True
2,TADA2B,ENSG00000173011,RBM39,ENSG00000131051,lost_on_activation,0.0948801412772947,-0.1410126265909432,7,unclassified,Outside six programmes,,0,True
2,TADA2B,ENSG00000173011,TRAF3,ENSG00000131323,lost_on_activation,0.1206041356744282,-0.201255898170638,7,unclassified,Outside six programmes,,0,True
2,TADA2B,ENSG00000173011,SH3BP5,ENSG00000131370,gained_on_activation,-0.385376918705358,0.479327580978251,7,unclassified,Outside six programmes,,0,True
2,TADA2B,ENSG00000173011,WDR44,ENSG00000131725,lost_on_activation,0.1376471830860985,-0.2274879641979497,7,unclassified,Outside six programmes,,0,True
2,TADA2B,ENSG00000173011,TRIM21,ENSG00000132109,gained_on_activation,-0.1515857960656398,0.2277036441393942,7,unclassified,Outside six programmes,,0,True
2,TADA2B,ENSG00000173011,RRP8,ENSG00000132275,gained_on_activation,-0.2894480964238699,0.1680356119127816,7,unclassified,Outside six programmes,,0,True
2,TADA2B,ENSG00000173011,XAF1,ENSG00000132530,gained_on_activation,-0.2287294626476759,0.6451218716848378,7,unclassified,Outside six programmes,,0,True
2,TADA2B,ENSG00000173011,RBM38,ENSG00000132819,lost_on_activation,0.8744098680397321,-0.197544068928473,7,unclassified,Outside six programmes,,0,True
2,TADA2B,ENSG00000173011,MICAL2,ENSG00000133816,lost_on_activation,0.7942833282406638,-0.2996460982888621,7,unclassified,Outside six programmes,,0,True
2,TADA2B,ENSG00000173011,RNF122,ENSG00000133874,lost_on_activation,1.1415448953464402,-0.4938849934713353,7,unclassified,Outside six programmes,,0,True
2,TADA2B,ENSG00000173011,LOXL2,ENSG00000134013,gained_on_activation,-0.8064210861288023,0.7696050969487971,7,unclassified,Outside six programmes,,0,True
2,TADA2B,ENSG00000173011,EDEM1,ENSG00000134109,lost_on_activation,0.1032279445680551,-0.3254974388354796,7,unclassified,Outside six programmes,,0,True
2,TADA2B,ENSG00000173011,PTPN22,ENSG00000134242,lost_on_activation,0.1497601669341968,-0.4714057585512504,7,unclassified,Outside six programmes,,0,True
2,TADA2B,ENSG00000173011,AP4B1,ENSG00000134262,lost_on_activation,0.144619100816991,-0.2242608342682115,7,unclassified,Outside six programmes,,0,True
2,TADA2B,ENSG00000173011,IL2RA,ENSG00000134460,lost_on_activation,1.128354890823424,-0.2740757829330112,1,tcr_cytokine_signalling,TCR/cytokine signalling,KEGG_CYTOKINE_CYTOKINE_RECEPTOR_INTERACTION;KEGG_JAK_STAT_SIGNALING_PATHWAY,2,False
2,TADA2B,ENSG00000173011,IL2RA,ENSG00000134460,lost_on_activation,1.128354890823424,-0.2740757829330112,6,synapse_trafficking,Synapse/trafficking,KEGG_ENDOCYTOSIS,2,False
2,TADA2B,ENSG00000173011,DDB2,ENSG00000134574,gained_on_activation,-0.17753274166159,0.140020756822455,7,unclassified,Outside six programmes,,0,True
2,TADA2B,ENSG00000173011,RAB33A,ENSG00000134594,lost_on_activation,0.4723736249842294,-0.2066617046857271,7,unclassified,Outside six programmes,,0,True
2,TADA2B,ENSG00000173011,BIVM,ENSG00000134897,lost_on_activation,0.2630218424042476,-0.1833036326065962,7,unclassified,Outside six programmes,,0,True
2,TADA2B,ENSG00000173011,TES,ENSG00000135269,lost_on_activation,0.2430054887226013,-0.2305362548162877,7,unclassified,Outside six programmes,,0,True
2,TADA2B,ENSG00000173011,FBXL8,ENSG00000135722,gained_on_activation,-0.3793415890157043,0.4482916831063498,7,unclassified,Outside six programmes,,0,True
2,TADA2B,ENSG00000173011,GLUL,ENSG00000135821,gained_on_activation,-0.4654413089126964,0.7746786898397093,7,unclassified,Outside six programmes,,0,True
2,TADA2B,ENSG00000173011,NIBAN1,ENSG00000135842,gained_on_activation,-0.2318295865231927,0.2485289995442329,7,unclassified,Outside six programmes,,0,True
2,TADA2B,ENSG00000173011,DOCK10,ENSG00000135905,lost_on_activation,0.2175586955140688,-0.1383887859830066,7,unclassified,Outside six programmes,,0,True
2,TADA2B,ENSG00000173011,TMBIM1,ENSG00000135926,gained_on_activation,-0.2491814855417454,0.2839399460422854,7,unclassified,Outside six programmes,,0,True
2,TADA2B,ENSG00000173011,RTP4,ENSG00000136514,gained_on_activation,-0.2497038386912096,0.5175006094407194,7,unclassified,Outside six programmes,,0,True
2,TADA2B,ENSG00000173011,LRRC8A,ENSG00000136802,gained_on_activation,-0.2237088457676927,0.1923236508748432,7,unclassified,Outside six programmes,,0,True
2,TADA2B,ENSG00000173011,ATP6V1G1,ENSG00000136888,lost_on_activation,0.1191986473081554,-0.1741898596860707,5,metabolism_mitochondria,Metabolism/mitochondria,KEGG_OXIDATIVE_PHOSPHORYLATION,1,False
2,TADA2B,ENSG00000173011,SDCBP,ENSG00000137575,lost_on_activation,0.1898809493978277,-0.4766868180740435,7,unclassified,Outside six programmes,,0,True
2,TADA2B,ENSG00000173011,ENTPD1,ENSG00000138185,lost_on_activation,1.2828661507407195,-0.8775390162739198,7,unclassified,Outside six programmes,,0,True
2,TADA2B,ENSG00000173011,PARP9,ENSG00000138496,gained_on_activation,-0.1781983647259015,0.7243457491359085,7,unclassified,Outside six programmes,,0,True
2,TADA2B,ENSG00000173011,INTS12,ENSG00000138785,lost_on_activation,0.15792039592814,-0.1711675479441123,7,unclassified,Outside six programmes,,0,True
2,TADA2B,ENSG00000173011,CLSTN3,ENSG00000139182,lost_on_activation,0.2041045721994868,-0.2087272713032858,7,unclassified,Outside six programmes,,0,True
2,TADA2B,ENSG00000173011,MTMR6,ENSG00000139505,lost_on_activation,0.1439618483487115,-0.1728253707140128,7,unclassified,Outside six programmes,,0,True
2,TADA2B,ENSG00000173011,ITGB7,ENSG00000139626,lost_on_activation,0.2606720234096472,-0.3608095857135063,6,synapse_trafficking,Synapse/trafficking,KEGG_CELL_ADHESION_MOLECULES_CAMS;KEGG_REGULATION_OF_ACTIN_CYTOSKELETON,1,False
2,TADA2B,ENSG00000173011,TMBIM6,ENSG00000139644,lost_on_activation,0.1118117112557887,-0.177658846254728,7,unclassified,Outside six programmes,,0,True
2,TADA2B,ENSG00000173011,MORN3,ENSG00000139714,gained_on_activation,-0.443859130147289,0.7410181123789992,7,unclassified,Outside six programmes,,0,True
2,TADA2B,ENSG00000173011,CUL4A,ENSG00000139842,lost_on_activation,0.1289273422697818,-0.1778213067554197,7,unclassified,Outside six programmes,,0,True
2,TADA2B,ENSG00000173011,HAPLN3,ENSG00000140511,gained_on_activation,-0.2553493464805825,1.0712905653553717,7,unclassified,Outside six programmes,,0,True
2,TADA2B,ENSG00000173011,IMPA2,ENSG00000141401,gained_on_activation,-0.4057714501080441,0.2618791760333357,7,unclassified,Outside six programmes,,0,True
2,TADA2B,ENSG00000173011,IGFBP4,ENSG00000141753,gained_on_activation,-1.2015688674872835,1.4747143394769409,7,unclassified,Outside six programmes,,0,True
2,TADA2B,ENSG00000173011,EMP3,ENSG00000142227,gained_on_activation,-0.1801607613932827,0.2565509262748017,7,unclassified,Outside six programmes,,0,True
2,TADA2B,ENSG00000173011,ATP8B2,ENSG00000143515,gained_on_activation,-0.4495271042124821,0.2477712769066911,7,unclassified,Outside six programmes,,0,True
2,TADA2B,ENSG00000173011,RHOB,ENSG00000143878,lost_on_activation,1.2277968126185936,-0.8953489279921396,7,unclassified,Outside six programmes,,0,True
2,TADA2B,ENSG00000173011,CSRNP1,ENSG00000144655,lost_on_activation,0.3823442589194594,-0.3110167496752814,7,unclassified,Outside six programmes,,0,True
2,TADA2B,ENSG00000173011,PLAC8,ENSG00000145287,gained_on_activation,-0.6282212437701166,0.8568923615029802,7,unclassified,Outside six programmes,,0,True
2,TADA2B,ENSG00000173011,PURB,ENSG00000146676,lost_on_activation,0.1827840774779074,-0.1185226936709293,7,unclassified,Outside six programmes,,0,True
2,TADA2B,ENSG00000173011,PSPH,ENSG00000146733,lost_on_activation,0.2180709880900223,-0.1873026394618362,7,unclassified,Outside six programmes,,0,True
2,TADA2B,ENSG00000173011,MEPCE,ENSG00000146834,gained_on_activation,-0.1445226442880619,0.1123337271922992,7,unclassified,Outside six programmes,,0,True
2,TADA2B,ENSG00000173011,NOM1,ENSG00000146909,gained_on_activation,-0.2429047766603822,0.1791200301089043,7,unclassified,Outside six programmes,,0,True
2,TADA2B,ENSG00000173011,GPR174,ENSG00000147138,lost_on_activation,0.48934475877151,-0.4173297588280487,7,unclassified,Outside six programmes,,0,True
2,TADA2B,ENSG00000173011,PAXX,ENSG00000148362,gained_on_activation,-0.172899996823652,0.1308013195746309,7,unclassified,Outside six programmes,,0,True
2,TADA2B,ENSG00000173011,ITPRIP,ENSG00000148841,lost_on_activation,0.2434908750979527,-0.2353232203487818,7,unclassified,Outside six programmes,,0,True
2,TADA2B,ENSG00000173011,DIXDC1,ENSG00000150764,gained_on_activation,-1.0530735941437996,0.3293611978327947,7,unclassified,Outside six programmes,,0,True
2,TADA2B,ENSG00000173011,CRIM1,ENSG00000150938,lost_on_activation,0.8684310564351171,-1.733515359912312,7,unclassified,Outside six programmes,,0,True
2,TADA2B,ENSG00000173011,TMEM18,ENSG00000151353,gained_on_activation,-0.1413504559143738,0.1405705323957029,7,unclassified,Outside six programmes,,0,True
2,TADA2B,ENSG00000173011,NMT2,ENSG00000152465,gained_on_activation,-0.2758597757285315,0.4894791992873247,7,unclassified,Outside six programmes,,0,True
2,TADA2B,ENSG00000173011,PELO,ENSG00000152684,lost_on_activation,0.3106167996720654,-0.2813279550119337,7,unclassified,Outside six programmes,,0,True
2,TADA2B,ENSG00000173011,RASSF3,ENSG00000153179,gained_on_activation,-0.4046084439433857,0.3050142066015427,7,unclassified,Outside six programmes,,0,True
2,TADA2B,ENSG00000173011,CYRIB,ENSG00000153310,lost_on_activation,0.19607728356403,-0.1965883575005926,7,unclassified,Outside six programmes,,0,True
2,TADA2B,ENSG00000173011,JAZF1,ENSG00000153814,lost_on_activation,1.0484699855113362,-1.4969627997809989,7,unclassified,Outside six programmes,,0,True
2,TADA2B,ENSG00000173011,MSI2,ENSG00000153944,lost_on_activation,0.1746289033537892,-0.3605073996969368,7,unclassified,Outside six programmes,,0,True
2,TADA2B,ENSG00000173011,UBASH3B,ENSG00000154127,lost_on_activation,0.4389535529896535,-0.6662701576741294,7,unclassified,Outside six programmes,,0,True
2,TADA2B,ENSG00000173011,SAMSN1,ENSG00000155307,lost_on_activation,0.4949032324529634,-0.494138454021467,7,unclassified,Outside six programmes,,0,True
2,TADA2B,ENSG00000173011,SLA,ENSG00000155926,lost_on_activation,0.2361063744844936,-0.6727296682012415,7,unclassified,Outside six programmes,,0,True
2,TADA2B,ENSG00000173011,TIAM1,ENSG00000156299,gained_on_activation,-0.5520342974960556,0.3705900232278954,6,synapse_trafficking,Synapse/trafficking,KEGG_CHEMOKINE_SIGNALING_PATHWAY;KEGG_REGULATION_OF_ACTIN_CYTOSKELETON,1,False
2,TADA2B,ENSG00000173011,PHF6,ENSG00000156531,lost_on_activation,0.1325280580834436,-0.3731076275652917,7,unclassified,Outside six programmes,,0,True
2,TADA2B,ENSG00000173011,UBE2L6,ENSG00000156587,gained_on_activation,-0.2376686533955853,0.4480917601055964,7,unclassified,Outside six programmes,,0,True
2,TADA2B,ENSG00000173011,ZFAND3,ENSG00000156639,lost_on_activation,0.2496577292844623,-0.2134530225614105,7,unclassified,Outside six programmes,,0,True
2,TADA2B,ENSG00000173011,RAB11FIP1,ENSG00000156675,lost_on_activation,0.2061967571652642,-0.6510928200201653,6,synapse_trafficking,Synapse/trafficking,KEGG_ENDOCYTOSIS,1,False
2,TADA2B,ENSG00000173011,TBC1D31,ENSG00000156787,lost_on_activation,0.3799667084392112,-0.1801557789934862,7,unclassified,Outside six programmes,,0,True
2,TADA2B,ENSG00000173011,SLC37A3,ENSG00000157800,gained_on_activation,-0.3347922178227771,0.8464316982677409,7,unclassified,Outside six programmes,,0,True
2,TADA2B,ENSG00000173011,TNFRSF14,ENSG00000157873,gained_on_activation,-0.3322145116905419,0.3285735002080534,1,tcr_cytokine_signalling,TCR/cytokine signalling,KEGG_CYTOKINE_CYTOKINE_RECEPTOR_INTERACTION,1,False
2,TADA2B,ENSG00000173011,XKR8,ENSG00000158156,gained_on_activation,-0.4090802167171311,0.3481190722225542,7,unclassified,Outside six programmes,,0,True
2,TADA2B,ENSG00000173011,FBXW5,ENSG00000159069,gained_on_activation,-0.1918082776857496,0.22045755321494,7,unclassified,Outside six programmes,,0,True
2,TADA2B,ENSG00000173011,MED8,ENSG00000159479,lost_on_activation,0.1125228646716341,-0.1807114225179715,7,unclassified,Outside six programmes,,0,True
2,TADA2B,ENSG00000173011,ENTREP3,ENSG00000160767,gained_on_activation,-0.3948265359006935,0.2478986184924515,7,unclassified,Outside six programmes,,0,True
2,TADA2B,ENSG00000173011,LY6E,ENSG00000160932,gained_on_activation,-0.3697671269325106,0.3009338922209427,7,unclassified,Outside six programmes,,0,True
2,TADA2B,ENSG00000173011,UBXN1,ENSG00000162191,gained_on_activation,-0.1313847623445363,0.1176617477180695,7,unclassified,Outside six programmes,,0,True
2,TADA2B,ENSG00000173011,WDR26,ENSG00000162923,lost_on_activation,0.1247311594507752,-0.2048515737156563,7,unclassified,Outside six programmes,,0,True
2,TADA2B,ENSG00000173011,RCHY1,ENSG00000163743,lost_on_activation,0.177335799540815,-0.3042490911207053,7,unclassified,Outside six programmes,,0,True
2,TADA2B,ENSG00000173011,CCR1,ENSG00000163823,lost_on_activation,1.0395551032849466,-2.4933132154729183,1,tcr_cytokine_signalling,TCR/cytokine signalling,KEGG_CYTOKINE_CYTOKINE_RECEPTOR_INTERACTION,2,False
2,TADA2B,ENSG00000173011,CCR1,ENSG00000163823,lost_on_activation,1.0395551032849466,-2.4933132154729183,6,synapse_trafficking,Synapse/trafficking,KEGG_CHEMOKINE_SIGNALING_PATHWAY,2,False
2,TADA2B,ENSG00000173011,DTX3L,ENSG00000163840,gained_on_activation,-0.1686136141341804,0.7518200032739771,7,unclassified,Outside six programmes,,0,True
2,TADA2B,ENSG00000173011,SPRY1,ENSG00000164056,lost_on_activation,1.4721618369582663,-0.3982580388308196,1,tcr_cytokine_signalling,TCR/cytokine signalling,KEGG_JAK_STAT_SIGNALING_PATHWAY,1,False
2,TADA2B,ENSG00000173011,LMBRD2,ENSG00000164187,lost_on_activation,0.1767512580836638,-0.1316033570208746,7,unclassified,Outside six programmes,,0,True
2,TADA2B,ENSG00000173011,CGAS,ENSG00000164430,lost_on_activation,0.2276829157510341,-0.1838936828915496,7,unclassified,Outside six programmes,,0,True
2,TADA2B,ENSG00000173011,SYTL3,ENSG00000164674,lost_on_activation,0.6799367193333833,-0.2786677208261962,7,unclassified,Outside six programmes,,0,True
2,TADA2B,ENSG00000173011,PEX2,ENSG00000164751,lost_on_activation,0.2437340975781396,-0.384524035866758,7,unclassified,Outside six programmes,,0,True
2,TADA2B,ENSG00000173011,MAPRE2,ENSG00000166974,lost_on_activation,0.1958764509058973,-0.56057344368624,7,unclassified,Outside six programmes,,0,True
2,TADA2B,ENSG00000173011,PHB1,ENSG00000167085,gained_on_activation,-0.2837244030715231,0.4748974752386939,7,unclassified,Outside six programmes,,0,True
2,TADA2B,ENSG00000173011,EEIG1,ENSG00000167106,gained_on_activation,-0.5889224263389827,0.475622184296474,7,unclassified,Outside six programmes,,0,True
2,TADA2B,ENSG00000173011,GOLGA2,ENSG00000167110,lost_on_activation,0.2460756290311949,-0.1626027452171258,7,unclassified,Outside six programmes,,0,True
2,TADA2B,ENSG00000173011,C15orf39,ENSG00000167173,lost_on_activation,0.2278445178910165,-0.2313835552266963,7,unclassified,Outside six programmes,,0,True
2,TADA2B,ENSG00000173011,DDIT4,ENSG00000168209,lost_on_activation,0.5068348818771276,-0.985364809858215,3,stress_survival,Stress/survival,KEGG_MTOR_SIGNALING_PATHWAY,1,False
2,TADA2B,ENSG00000173011,TAP1,ENSG00000168394,gained_on_activation,-0.4454378618664025,0.2436650213710647,2,antigen_processing_proteasome,Antigen processing/proteasome,KEGG_ANTIGEN_PROCESSING_AND_PRESENTATION,1,False
2,TADA2B,ENSG00000173011,INPP5D,ENSG00000168918,lost_on_activation,0.2154309789325454,-0.2695172903713791,7,unclassified,Outside six programmes,,0,True
2,TADA2B,ENSG00000173011,SLC50A1,ENSG00000169241,gained_on_activation,-0.331660648146297,0.2375355906528859,7,unclassified,Outside six programmes,,0,True
2,TADA2B,ENSG00000173011,KLF13,ENSG00000169926,gained_on_activation,-0.1318257256278291,0.1472752892392065,7,unclassified,Outside six programmes,,0,True
2,TADA2B,ENSG00000173011,S1PR1,ENSG00000170989,gained_on_activation,-0.3849110410998254,0.3176861450986027,7,unclassified,Outside six programmes,,0,True
2,TADA2B,ENSG00000173011,PKIA,ENSG00000171033,lost_on_activation,0.2928492742917247,-0.458630479405311,7,unclassified,Outside six programmes,,0,True
2,TADA2B,ENSG00000173011,RBKS,ENSG00000171174,lost_on_activation,0.5965939110432986,-0.3904590172858712,7,unclassified,Outside six programmes,,0,True
2,TADA2B,ENSG00000173011,BCL2L1,ENSG00000171552,lost_on_activation,0.3481692570640839,-0.3359315948486184,1,tcr_cytokine_signalling,TCR/cytokine signalling,KEGG_JAK_STAT_SIGNALING_PATHWAY,2,False
2,TADA2B,ENSG00000173011,BCL2L1,ENSG00000171552,lost_on_activation,0.3481692570640839,-0.3359315948486184,3,stress_survival,Stress/survival,KEGG_APOPTOSIS,2,False
2,TADA2B,ENSG00000173011,SPSB1,ENSG00000171621,gained_on_activation,-0.7711219799705188,0.826374714635187,7,unclassified,Outside six programmes,,0,True
2,TADA2B,ENSG00000173011,CTSW,ENSG00000172543,lost_on_activation,1.3262145727422403,-0.9780030613454868,7,unclassified,Outside six programmes,,0,True
2,TADA2B,ENSG00000173011,RAD9A,ENSG00000172613,gained_on_activation,-0.2994554420899714,0.204294968509917,7,unclassified,Outside six programmes,,0,True
2,TADA2B,ENSG00000173011,PHF8,ENSG00000172943,lost_on_activation,0.1271903052054692,-0.1386523779382873,7,unclassified,Outside six programmes,,0,True
2,TADA2B,ENSG00000173011,GRK2,ENSG00000173020,gained_on_activation,-0.1091344071162284,0.0979223650644909,6,synapse_trafficking,Synapse/trafficking,KEGG_CHEMOKINE_SIGNALING_PATHWAY;KEGG_ENDOCYTOSIS,1,False
2,TADA2B,ENSG00000173011,COQ2,ENSG00000173085,lost_on_activation,0.3411286650728303,-0.2169213874365369,7,unclassified,Outside six programmes,,0,True
2,TADA2B,ENSG00000173011,CHD2,ENSG00000173575,lost_on_activation,0.143881029719905,-0.2235014186491404,7,unclassified,Outside six programmes,,0,True
2,TADA2B,ENSG00000173011,TLR6,ENSG00000174130,lost_on_activation,0.5381463679265198,-0.6068724356171075,7,unclassified,Outside six programmes,,0,True
2,TADA2B,ENSG00000173011,ATR,ENSG00000175054,gained_on_activation,-0.1515329779187069,0.1914133103220135,4,proliferation,Proliferation,KEGG_CELL_CYCLE,1,False
2,TADA2B,ENSG00000173011,UBE2O,ENSG00000175931,gained_on_activation,-0.1878497993483215,0.1279117769965846,7,unclassified,Outside six programmes,,0,True
2,TADA2B,ENSG00000173011,ANXA2R,ENSG00000177721,gained_on_activation,-0.3316053558856514,0.5809689359149364,7,unclassified,Outside six programmes,,0,True
2,TADA2B,ENSG00000173011,MPI,ENSG00000178802,gained_on_activation,-0.4442510189208879,0.2172942497688654,7,unclassified,Outside six programmes,,0,True
2,TADA2B,ENSG00000173011,CYBC1,ENSG00000178927,gained_on_activation,-0.1397071197398018,0.2669373199980086,7,unclassified,Outside six programmes,,0,True
2,TADA2B,ENSG00000173011,SPTY2D1,ENSG00000179119,lost_on_activation,0.1145068410338104,-0.1887230484516649,7,unclassified,Outside six programmes,,0,True
2,TADA2B,ENSG00000173011,GEMIN4,ENSG00000179409,gained_on_activation,-0.3143135170337129,0.1906670763775448,7,unclassified,Outside six programmes,,0,True
2,TADA2B,ENSG00000173011,AEN,ENSG00000181026,gained_on_activation,-0.390442604958172,0.3473092193088983,7,unclassified,Outside six programmes,,0,True
2,TADA2B,ENSG00000173011,COPG1,ENSG00000181789,lost_on_activation,0.0966356930336638,-0.1187187924718576,7,unclassified,Outside six programmes,,0,True
2,TADA2B,ENSG00000173011,RELL1,ENSG00000181826,lost_on_activation,0.2461175544506926,-0.3263312795787292,7,unclassified,Outside six programmes,,0,True
2,TADA2B,ENSG00000173011,RNF41,ENSG00000181852,lost_on_activation,0.2647208993032516,-0.131019518454285,6,synapse_trafficking,Synapse/trafficking,KEGG_ENDOCYTOSIS,1,False
2,TADA2B,ENSG00000173011,CREB3L2,ENSG00000182158,lost_on_activation,0.2474925970158363,-0.6090578236148696,7,unclassified,Outside six programmes,,0,True
2,TADA2B,ENSG00000173011,NIPSNAP1,ENSG00000184117,gained_on_activation,-0.2295594795290611,0.2423580187065543,7,unclassified,Outside six programmes,,0,True
2,TADA2B,ENSG00000173011,TM2D3,ENSG00000184277,lost_on_activation,0.1372244959360549,-0.1213909464935439,7,unclassified,Outside six programmes,,0,True
2,TADA2B,ENSG00000173011,APOBR,ENSG00000184730,lost_on_activation,0.3346805362218419,-1.1792643856893412,7,unclassified,Outside six programmes,,0,True
2,TADA2B,ENSG00000173011,FAF1,ENSG00000185104,lost_on_activation,0.1499337104740233,-0.1333255778993498,7,unclassified,Outside six programmes,,0,True
2,TADA2B,ENSG00000173011,KCNQ5,ENSG00000185760,lost_on_activation,0.7574469005822867,-0.5213247115818544,7,unclassified,Outside six programmes,,0,True
2,TADA2B,ENSG00000173011,DMWD,ENSG00000185800,lost_on_activation,0.695377323977309,-0.3104696435669007,7,unclassified,Outside six programmes,,0,True
2,TADA2B,ENSG00000173011,AIDA,ENSG00000186063,gained_on_activation,-0.2378510983146498,0.1185410345867193,7,unclassified,Outside six programmes,,0,True
2,TADA2B,ENSG00000173011,BTN3A2,ENSG00000186470,gained_on_activation,-0.1425269879597197,0.2693795218494504,7,unclassified,Outside six programmes,,0,True
2,TADA2B,ENSG00000173011,PABIR1,ENSG00000187866,lost_on_activation,0.1945932124822114,-0.2248990208557981,7,unclassified,Outside six programmes,,0,True
2,TADA2B,ENSG00000173011,LITAF,ENSG00000189067,gained_on_activation,-0.4488076790508583,0.156251834108399,7,unclassified,Outside six programmes,,0,True
2,TADA2B,ENSG00000173011,IL1RAP,ENSG00000196083,lost_on_activation,0.3813571011333615,-0.4638506256734169,1,tcr_cytokine_signalling,TCR/cytokine signalling,KEGG_CYTOKINE_CYTOKINE_RECEPTOR_INTERACTION,2,False
2,TADA2B,ENSG00000173011,IL1RAP,ENSG00000196083,lost_on_activation,0.3813571011333615,-0.4638506256734169,3,stress_survival,Stress/survival,KEGG_APOPTOSIS,2,False
2,TADA2B,ENSG00000173011,STK40,ENSG00000196182,lost_on_activation,0.2344506956330213,-0.1035679004447574,7,unclassified,Outside six programmes,,0,True
2,TADA2B,ENSG00000173011,TPK1,ENSG00000196511,lost_on_activation,0.2169312350336743,-0.3424073697314377,7,unclassified,Outside six programmes,,0,True
2,TADA2B,ENSG00000173011,BORCS6,ENSG00000196544,gained_on_activation,-0.2392475288612385,0.2681029409136283,7,unclassified,Outside six programmes,,0,True
2,TADA2B,ENSG00000173011,FAM3C,ENSG00000196937,lost_on_activation,0.5052107201866441,-0.4316830029022372,7,unclassified,Outside six programmes,,0,True
2,TADA2B,ENSG00000173011,ZMYM1,ENSG00000197056,lost_on_activation,0.2419189063648202,-0.2961897023890169,7,unclassified,Outside six programmes,,0,True
2,TADA2B,ENSG00000173011,IGF2R,ENSG00000197081,lost_on_activation,0.2709074788380223,-0.3384999446231011,7,unclassified,Outside six programmes,,0,True
2,TADA2B,ENSG00000173011,S100A10,ENSG00000197747,gained_on_activation,-0.1502030436113752,0.176857553799243,7,unclassified,Outside six programmes,,0,True
2,TADA2B,ENSG00000173011,TAF13,ENSG00000197780,lost_on_activation,0.1348879402990327,-0.1763757324877005,7,unclassified,Outside six programmes,,0,True
2,TADA2B,ENSG00000173011,ERO1A,ENSG00000197930,lost_on_activation,0.1179400079114536,-0.1450829889414116,7,unclassified,Outside six programmes,,0,True
2,TADA2B,ENSG00000173011,MIER1,ENSG00000198160,lost_on_activation,0.1350615516300778,-0.0946532929372807,7,unclassified,Outside six programmes,,0,True
2,TADA2B,ENSG00000173011,YTHDF2,ENSG00000198492,gained_on_activation,-0.075378158778595,0.1251935131960539,7,unclassified,Outside six programmes,,0,True
2,TADA2B,ENSG00000173011,NCR3,ENSG00000204475,lost_on_activation,0.5250901054899729,-0.4527407570392896,7,unclassified,Outside six programmes,,0,True
2,TADA2B,ENSG00000173011,QTRT1,ENSG00000213339,gained_on_activation,-0.2239694815339583,0.2569537758138147,7,unclassified,Outside six programmes,,0,True
2,TADA2B,ENSG00000173011,NDUFAF8,ENSG00000224877,gained_on_activation,-0.3455990616195968,0.1977173309923086,7,unclassified,Outside six programmes,,0,True
2,TADA2B,ENSG00000173011,ADSL,ENSG00000239900,gained_on_activation,-0.1213474666950215,0.194030705402006,7,unclassified,Outside six programmes,,0,True
2,TADA2B,ENSG00000173011,PSMB9,ENSG00000240065,gained_on_activation,-0.206058876804299,0.419667492279973,2,antigen_processing_proteasome,Antigen processing/proteasome,KEGG_PROTEASOME,1,False
2,TADA2B,ENSG00000173011,MTFP1,ENSG00000242114,gained_on_activation,-0.2687489544950862,0.2002175858214997,7,unclassified,Outside six programmes,,0,True
2,TADA2B,ENSG00000173011,CHURC1,ENSG00000258289,gained_on_activation,-0.1190652309731489,0.1525402388371353,7,unclassified,Outside six programmes,,0,True
2,TADA2B,ENSG00000173011,DYNLL2,ENSG00000264364,gained_on_activation,-0.1047666513247113,0.1103389155388079,7,unclassified,Outside six programmes,,0,True
2,TADA2B,ENSG00000173011,EGLN2,ENSG00000269858,gained_on_activation,-0.1679419530238369,0.1901994417991796,7,unclassified,Outside six programmes,,0,True
3,ARNT,ENSG00000143437,METTL13,ENSG00000010165,lost_on_activation,0.1417108333822109,-0.2498478981505575,7,unclassified,Outside six programmes,,0,True
3,ARNT,ENSG00000143437,PTBP1,ENSG00000011304,lost_on_activation,0.2071161987741234,-0.1185997871864538,7,unclassified,Outside six programmes,,0,True
3,ARNT,ENSG00000143437,ZBTB32,ENSG00000011590,lost_on_activation,1.0205170027233166,-0.3121632850013152,7,unclassified,Outside six programmes,,0,True
3,ARNT,ENSG00000143437,CCDC88C,ENSG00000015133,gained_on_activation,-0.1216088595881417,0.1735515184979822,7,unclassified,Outside six programmes,,0,True
3,ARNT,ENSG00000143437,RB1CC1,ENSG00000023287,gained_on_activation,-0.2517421933311575,0.1985999487308761,7,unclassified,Outside six programmes,,0,True
3,ARNT,ENSG00000143437,UBR2,ENSG00000024048,gained_on_activation,-0.2473070215740478,0.2725515392813118,7,unclassified,Outside six programmes,,0,True
3,ARNT,ENSG00000143437,CELF2,ENSG00000048740,lost_on_activation,0.1246413724489783,-0.1191135241291111,7,unclassified,Outside six programmes,,0,True
3,ARNT,ENSG00000143437,PARP12,ENSG00000059378,gained_on_activation,-0.2565602609887319,0.2904452054659228,7,unclassified,Outside six programmes,,0,True
3,ARNT,ENSG00000143437,GPBP1,ENSG00000062194,gained_on_activation,-0.1598466275430803,0.1860884570949246,7,unclassified,Outside six programmes,,0,True
3,ARNT,ENSG00000143437,RNF4,ENSG00000063978,lost_on_activation,0.1901711088623595,-0.176145619593373,7,unclassified,Outside six programmes,,0,True
3,ARNT,ENSG00000143437,DGKA,ENSG00000065357,gained_on_activation,-0.2177020896408845,0.1649987126310647,7,unclassified,Outside six programmes,,0,True
3,ARNT,ENSG00000143437,ASB1,ENSG00000065802,lost_on_activation,0.2852468265861466,-0.2671076247986018,7,unclassified,Outside six programmes,,0,True
3,ARNT,ENSG00000143437,PFKP,ENSG00000067057,lost_on_activation,0.2731443810286816,-0.777673068532795,5,metabolism_mitochondria,Metabolism/mitochondria,KEGG_GLYCOLYSIS_GLUCONEOGENESIS,1,False
3,ARNT,ENSG00000143437,PKM,ENSG00000067225,lost_on_activation,0.2894626487919044,-0.500029934983336,5,metabolism_mitochondria,Metabolism/mitochondria,KEGG_GLYCOLYSIS_GLUCONEOGENESIS,1,False
3,ARNT,ENSG00000143437,KIF2A,ENSG00000068796,lost_on_activation,0.1800398916195916,-0.2801019161059186,7,unclassified,Outside six programmes,,0,True
3,ARNT,ENSG00000143437,NUP37,ENSG00000075188,lost_on_activation,0.1849371372127586,-0.1180126119997351,7,unclassified,Outside six programmes,,0,True
3,ARNT,ENSG00000143437,ARHGAP15,ENSG00000075884,gained_on_activation,-0.1263803374833343,0.3450985769876258,7,unclassified,Outside six programmes,,0,True
3,ARNT,ENSG00000143437,MLH1,ENSG00000076242,lost_on_activation,0.1725462070294411,-0.1507916861558307,7,unclassified,Outside six programmes,,0,True
3,ARNT,ENSG00000143437,VDAC3,ENSG00000078668,lost_on_activation,0.1481574557578681,-0.4037323482552061,7,unclassified,Outside six programmes,,0,True
3,ARNT,ENSG00000143437,DDX1,ENSG00000079785,lost_on_activation,0.1990924307158819,-0.134591468432378,7,unclassified,Outside six programmes,,0,True
3,ARNT,ENSG00000143437,CYLD,ENSG00000083799,gained_on_activation,-0.1775539711332305,0.1933746352488114,7,unclassified,Outside six programmes,,0,True
3,ARNT,ENSG00000143437,FUS,ENSG00000089280,lost_on_activation,0.3513696912515112,-0.2793071608492808,7,unclassified,Outside six programmes,,0,True
3,ARNT,ENSG00000143437,ICAM1,ENSG00000090339,lost_on_activation,0.4434251549840204,-0.4815042448376931,6,synapse_trafficking,Synapse/trafficking,KEGG_CELL_ADHESION_MOLECULES_CAMS;KEGG_LEUKOCYTE_TRANSENDOTHELIAL_MIGRATION,1,False
3,ARNT,ENSG00000143437,SLC26A4,ENSG00000091137,lost_on_activation,1.07734690243521,-0.4761587630131849,7,unclassified,Outside six programmes,,0,True
3,ARNT,ENSG00000143437,HDAC6,ENSG00000094631,gained_on_activation,-0.238755835234988,0.1669823274893289,7,unclassified,Outside six programmes,,0,True
3,ARNT,ENSG00000143437,MSH2,ENSG00000095002,lost_on_activation,0.2484955104222138,-0.1527700091690724,7,unclassified,Outside six programmes,,0,True
3,ARNT,ENSG00000143437,SCD,ENSG00000099194,lost_on_activation,0.4466414786370231,-0.1466256250839001,7,unclassified,Outside six programmes,,0,True
3,ARNT,ENSG00000143437,HNRNPM,ENSG00000099783,lost_on_activation,0.1363308841493541,-0.1963313001478834,7,unclassified,Outside six programmes,,0,True
3,ARNT,ENSG00000143437,JOSD1,ENSG00000100221,lost_on_activation,0.1696701249353839,-0.2343959439045237,7,unclassified,Outside six programmes,,0,True
3,ARNT,ENSG00000143437,HMGXB4,ENSG00000100281,lost_on_activation,0.1793045285255054,-0.1361881407444037,7,unclassified,Outside six programmes,,0,True
3,ARNT,ENSG00000143437,BRD1,ENSG00000100425,gained_on_activation,-0.2385904017274103,0.1728759682790686,7,unclassified,Outside six programmes,,0,True
3,ARNT,ENSG00000143437,EIF5,ENSG00000100664,lost_on_activation,0.1529928461651861,-0.1691721959922321,7,unclassified,Outside six programmes,,0,True
3,ARNT,ENSG00000143437,STK4,ENSG00000101109,gained_on_activation,-0.1531864643319736,0.1735181829761105,7,unclassified,Outside six programmes,,0,True
3,ARNT,ENSG00000143437,CDC25B,ENSG00000101224,gained_on_activation,-0.2637179859296277,0.3184884565483956,4,proliferation,Proliferation,KEGG_CELL_CYCLE,1,False
3,ARNT,ENSG00000143437,ADNP2,ENSG00000101544,lost_on_activation,0.1934400320362476,-0.3172978396012011,7,unclassified,Outside six programmes,,0,True
3,ARNT,ENSG00000143437,TAFAZZIN,ENSG00000102125,gained_on_activation,-0.208204041672515,0.1852049849141804,7,unclassified,Outside six programmes,,0,True
3,ARNT,ENSG00000143437,DHRS12,ENSG00000102796,gained_on_activation,-0.4155175030880444,0.3694794422770017,7,unclassified,Outside six programmes,,0,True
3,ARNT,ENSG00000143437,CORO1A,ENSG00000102879,lost_on_activation,0.0894810187013214,-0.1970008560389516,7,unclassified,Outside six programmes,,0,True
3,ARNT,ENSG00000143437,ARHGEF18,ENSG00000104880,gained_on_activation,-0.3090176088914059,0.2844685466199968,7,unclassified,Outside six programmes,,0,True
3,ARNT,ENSG00000143437,LIG1,ENSG00000105486,lost_on_activation,0.2720998258686624,-0.141733762128152,4,proliferation,Proliferation,KEGG_DNA_REPLICATION,1,False
3,ARNT,ENSG00000143437,EIF4H,ENSG00000106682,lost_on_activation,0.1189920000759289,-0.2134020824309833,7,unclassified,Outside six programmes,,0,True
3,ARNT,ENSG00000143437,RNF167,ENSG00000108523,lost_on_activation,0.2303167258141033,-0.2031463354637891,7,unclassified,Outside six programmes,,0,True
3,ARNT,ENSG00000143437,CCDC47,ENSG00000108588,lost_on_activation,0.1887487877204097,-0.4779969087066677,7,unclassified,Outside six programmes,,0,True
3,ARNT,ENSG00000143437,KLF3,ENSG00000109787,gained_on_activation,-0.3554176461034879,0.6785207045595559,7,unclassified,Outside six programmes,,0,True
3,ARNT,ENSG00000143437,AIP,ENSG00000110711,gained_on_activation,-0.14215101158906,0.2005775674283845,7,unclassified,Outside six programmes,,0,True
3,ARNT,ENSG00000143437,CD69,ENSG00000110848,lost_on_activation,0.441976285204449,-0.3626281118306294,7,unclassified,Outside six programmes,,0,True
3,ARNT,ENSG00000143437,RAB5B,ENSG00000111540,gained_on_activation,-0.207564787591833,0.2566896653585432,6,synapse_trafficking,Synapse/trafficking,KEGG_ENDOCYTOSIS,1,False
3,ARNT,ENSG00000143437,MDM1,ENSG00000111554,lost_on_activation,0.2779639240350475,-0.4510345116606645,7,unclassified,Outside six programmes,,0,True
3,ARNT,ENSG00000143437,MCM3,ENSG00000112118,lost_on_activation,0.3117960797886609,-0.1954773403815441,4,proliferation,Proliferation,KEGG_CELL_CYCLE;KEGG_DNA_REPLICATION,1,False
3,ARNT,ENSG00000143437,TREML2,ENSG00000112195,lost_on_activation,0.4622560336642628,-0.5017457427280423,7,unclassified,Outside six programmes,,0,True
3,ARNT,ENSG00000143437,HECA,ENSG00000112406,gained_on_activation,-0.1787099155812758,0.1403108454594704,7,unclassified,Outside six programmes,,0,True
3,ARNT,ENSG00000143437,CLK4,ENSG00000113240,gained_on_activation,-0.3140461912208118,0.2167983210949979,7,unclassified,Outside six programmes,,0,True
3,ARNT,ENSG00000143437,HRH2,ENSG00000113749,lost_on_activation,1.3091310029703511,-0.5067160763807237,7,unclassified,Outside six programmes,,0,True
3,ARNT,ENSG00000143437,NKTR,ENSG00000114857,gained_on_activation,-0.2047444495252104,0.1427824589946267,7,unclassified,Outside six programmes,,0,True
3,ARNT,ENSG00000143437,ACVR1,ENSG00000115170,gained_on_activation,-0.3088684097614956,0.2745354277538462,1,tcr_cytokine_signalling,TCR/cytokine signalling,KEGG_CYTOKINE_CYTOKINE_RECEPTOR_INTERACTION,1,False
3,ARNT,ENSG00000143437,COX7A2L,ENSG00000115944,gained_on_activation,-0.1747864291680246,0.2196395794223425,5,metabolism_mitochondria,Metabolism/mitochondria,KEGG_OXIDATIVE_PHOSPHORYLATION,1,False
3,ARNT,ENSG00000143437,SFPQ,ENSG00000116560,lost_on_activation,0.1825172526194161,-0.1705191379714043,7,unclassified,Outside six programmes,,0,True
3,ARNT,ENSG00000143437,IVNS1ABP,ENSG00000116679,lost_on_activation,0.549203527276134,-0.2518041263466481,7,unclassified,Outside six programmes,,0,True
3,ARNT,ENSG00000143437,TNFAIP3,ENSG00000118503,lost_on_activation,0.3426178915202753,-0.3188721465389242,7,unclassified,Outside six programmes,,0,True
3,ARNT,ENSG00000143437,ITGB1BP1,ENSG00000119185,lost_on_activation,0.1824198464015125,-0.1641607587317473,7,unclassified,Outside six programmes,,0,True
3,ARNT,ENSG00000143437,NPC2,ENSG00000119655,gained_on_activation,-0.2670498418246315,0.2797648777786992,7,unclassified,Outside six programmes,,0,True
3,ARNT,ENSG00000143437,TNFRSF8,ENSG00000120949,lost_on_activation,1.911406302428156,-0.585589042431517,1,tcr_cytokine_signalling,TCR/cytokine signalling,KEGG_CYTOKINE_CYTOKINE_RECEPTOR_INTERACTION,1,False
3,ARNT,ENSG00000143437,TNFSF10,ENSG00000121858,lost_on_activation,0.3038674734936939,-0.4564172737760776,1,tcr_cytokine_signalling,TCR/cytokine signalling,KEGG_CYTOKINE_CYTOKINE_RECEPTOR_INTERACTION,2,False
3,ARNT,ENSG00000143437,TNFSF10,ENSG00000121858,lost_on_activation,0.3038674734936939,-0.4564172737760776,3,stress_survival,Stress/survival,KEGG_APOPTOSIS,2,False
3,ARNT,ENSG00000143437,FYTTD1,ENSG00000122068,gained_on_activation,-0.1987884537673769,0.2353867571060977,7,unclassified,Outside six programmes,,0,True
3,ARNT,ENSG00000143437,VAPB,ENSG00000124164,lost_on_activation,0.1461251209828565,-0.5112058992116886,7,unclassified,Outside six programmes,,0,True
3,ARNT,ENSG00000143437,MEA1,ENSG00000124733,lost_on_activation,0.2603117188690669,-0.364610267546347,7,unclassified,Outside six programmes,,0,True
3,ARNT,ENSG00000143437,NDUFA1,ENSG00000125356,gained_on_activation,-0.0893401970197088,0.1097008486041149,5,metabolism_mitochondria,Metabolism/mitochondria,KEGG_OXIDATIVE_PHOSPHORYLATION,1,False
3,ARNT,ENSG00000143437,MBOAT7,ENSG00000125505,lost_on_activation,0.3897281490367709,-0.2404719877502366,7,unclassified,Outside six programmes,,0,True
3,ARNT,ENSG00000143437,TNFSF14,ENSG00000125735,lost_on_activation,0.6680272227563921,-0.4872168216119988,1,tcr_cytokine_signalling,TCR/cytokine signalling,KEGG_CYTOKINE_CYTOKINE_RECEPTOR_INTERACTION,1,False
3,ARNT,ENSG00000143437,GPCPD1,ENSG00000125772,gained_on_activation,-0.2125126097402589,0.2349160414643227,7,unclassified,Outside six programmes,,0,True
3,ARNT,ENSG00000143437,SNRPB2,ENSG00000125870,lost_on_activation,0.1253959545233114,-0.1151230585622898,7,unclassified,Outside six programmes,,0,True
3,ARNT,ENSG00000143437,IDUA,ENSG00000127415,gained_on_activation,-0.6505548694598132,0.5760684670579637,7,unclassified,Outside six programmes,,0,True
3,ARNT,ENSG00000143437,TUBA4A,ENSG00000127824,lost_on_activation,0.3296820949011297,-0.2052009874205009,7,unclassified,Outside six programmes,,0,True
3,ARNT,ENSG00000143437,PAICS,ENSG00000128050,lost_on_activation,0.4088793539290553,-0.3864991188009706,7,unclassified,Outside six programmes,,0,True
3,ARNT,ENSG00000143437,TXNDC17,ENSG00000129235,lost_on_activation,0.1817689816403225,-0.3027812531284898,7,unclassified,Outside six programmes,,0,True
3,ARNT,ENSG00000143437,REEP5,ENSG00000129625,gained_on_activation,-0.1797008012042033,0.1365142138002824,7,unclassified,Outside six programmes,,0,True
3,ARNT,ENSG00000143437,CHSY1,ENSG00000131873,lost_on_activation,0.2527753076390039,-0.2911881551792277,7,unclassified,Outside six programmes,,0,True
3,ARNT,ENSG00000143437,RBM38,ENSG00000132819,lost_on_activation,0.6139915438529402,-0.1827569972812197,7,unclassified,Outside six programmes,,0,True
3,ARNT,ENSG00000143437,MKRN1,ENSG00000133606,gained_on_activation,-0.2955845656866191,0.2510312554699236,7,unclassified,Outside six programmes,,0,True
3,ARNT,ENSG00000143437,ZFC3H1,ENSG00000133858,gained_on_activation,-0.1602644292724204,0.1671943934337586,7,unclassified,Outside six programmes,,0,True
3,ARNT,ENSG00000143437,MED6,ENSG00000133997,lost_on_activation,0.1152568288508961,-0.2083619209292646,7,unclassified,Outside six programmes,,0,True
3,ARNT,ENSG00000143437,BHLHE40,ENSG00000134107,lost_on_activation,0.2563863574814772,-0.2766664380148458,7,unclassified,Outside six programmes,,0,True
3,ARNT,ENSG00000143437,IL2RA,ENSG00000134460,lost_on_activation,1.021120781539828,-0.2010120416702488,1,tcr_cytokine_signalling,TCR/cytokine signalling,KEGG_CYTOKINE_CYTOKINE_RECEPTOR_INTERACTION;KEGG_JAK_STAT_SIGNALING_PATHWAY,2,False
3,ARNT,ENSG00000143437,IL2RA,ENSG00000134460,lost_on_activation,1.021120781539828,-0.2010120416702488,6,synapse_trafficking,Synapse/trafficking,KEGG_ENDOCYTOSIS,2,False
3,ARNT,ENSG00000143437,SLC43A3,ENSG00000134802,lost_on_activation,0.5638328703713742,-0.8967945682859481,7,unclassified,Outside six programmes,,0,True
3,ARNT,ENSG00000143437,SRPK2,ENSG00000135250,gained_on_activation,-0.2680303601721288,0.26021859028193,7,unclassified,Outside six programmes,,0,True
3,ARNT,ENSG00000143437,TES,ENSG00000135269,lost_on_activation,0.1297783513870351,-0.3176039483383561,7,unclassified,Outside six programmes,,0,True
3,ARNT,ENSG00000143437,SLC41A2,ENSG00000136052,lost_on_activation,1.604867836423307,-0.4373387866783335,7,unclassified,Outside six programmes,,0,True
3,ARNT,ENSG00000143437,FLNB,ENSG00000136068,gained_on_activation,-0.5356136648867258,0.3050900412684411,7,unclassified,Outside six programmes,,0,True
3,ARNT,ENSG00000143437,SIT1,ENSG00000137078,lost_on_activation,0.180904694861282,-0.6578390978603217,7,unclassified,Outside six programmes,,0,True
3,ARNT,ENSG00000143437,IRF4,ENSG00000137265,lost_on_activation,0.6057525592369872,-0.427702182454543,7,unclassified,Outside six programmes,,0,True
3,ARNT,ENSG00000143437,TCF19,ENSG00000137310,lost_on_activation,0.3624436957808612,-0.4867587889170311,7,unclassified,Outside six programmes,,0,True
3,ARNT,ENSG00000143437,LEF1,ENSG00000138795,gained_on_activation,-0.5328479776575686,0.446649400063102,7,unclassified,Outside six programmes,,0,True
3,ARNT,ENSG00000143437,SCAF11,ENSG00000139218,gained_on_activation,-0.1115483459685705,0.1120130272347424,7,unclassified,Outside six programmes,,0,True
3,ARNT,ENSG00000143437,DUSP6,ENSG00000139318,lost_on_activation,1.7651300522439493,-0.4256959862651729,7,unclassified,Outside six programmes,,0,True
3,ARNT,ENSG00000143437,POC1B,ENSG00000139323,lost_on_activation,0.2860911038171541,-0.3183795860332939,7,unclassified,Outside six programmes,,0,True
3,ARNT,ENSG00000143437,NCOR1,ENSG00000141027,gained_on_activation,-0.1009222599250756,0.180447813003031,7,unclassified,Outside six programmes,,0,True
3,ARNT,ENSG00000143437,PRPSAP2,ENSG00000141127,lost_on_activation,0.4084703821467376,-0.2018385241178077,7,unclassified,Outside six programmes,,0,True
3,ARNT,ENSG00000143437,BCAS3,ENSG00000141376,gained_on_activation,-0.31282504964024,0.3102956226767216,7,unclassified,Outside six programmes,,0,True
3,ARNT,ENSG00000143437,WDR45B,ENSG00000141580,lost_on_activation,0.1694111684622832,-1.167451931318647,7,unclassified,Outside six programmes,,0,True
3,ARNT,ENSG00000143437,ANP32E,ENSG00000143401,lost_on_activation,0.2601288037790946,-0.086776775230578,7,unclassified,Outside six programmes,,0,True
3,ARNT,ENSG00000143437,LNPK,ENSG00000144320,lost_on_activation,0.1881142727801189,-0.4362326964994877,7,unclassified,Outside six programmes,,0,True
3,ARNT,ENSG00000143437,CTDSP1,ENSG00000144579,lost_on_activation,0.1673648690248793,-0.3971699246412823,7,unclassified,Outside six programmes,,0,True
3,ARNT,ENSG00000143437,SKP2,ENSG00000145604,lost_on_activation,0.3013992099797565,-0.2119791425100522,4,proliferation,Proliferation,KEGG_CELL_CYCLE,1,False
3,ARNT,ENSG00000143437,FEM1C,ENSG00000145780,lost_on_activation,0.2135841841318987,-0.221617118488712,7,unclassified,Outside six programmes,,0,True
3,ARNT,ENSG00000143437,FBXO38,ENSG00000145868,gained_on_activation,-0.1704634948690987,0.2510911187623721,7,unclassified,Outside six programmes,,0,True
3,ARNT,ENSG00000143437,PURB,ENSG00000146676,lost_on_activation,0.1603457751771633,-0.1787394790929807,7,unclassified,Outside six programmes,,0,True
3,ARNT,ENSG00000143437,CSGALNACT1,ENSG00000147408,gained_on_activation,-0.6594092349852722,0.9811379836521278,7,unclassified,Outside six programmes,,0,True
3,ARNT,ENSG00000143437,EIF3H,ENSG00000147677,gained_on_activation,-0.1374959187936485,0.1006957014275939,7,unclassified,Outside six programmes,,0,True
3,ARNT,ENSG00000143437,ADD3,ENSG00000148700,gained_on_activation,-0.2092098006728733,0.3049481972194064,7,unclassified,Outside six programmes,,0,True
3,ARNT,ENSG00000143437,PDCD4,ENSG00000150593,gained_on_activation,-0.3305102786590758,0.6668423883170488,7,unclassified,Outside six programmes,,0,True
3,ARNT,ENSG00000143437,ITPR1,ENSG00000150995,lost_on_activation,0.4872489792105973,-0.2700022177663891,7,unclassified,Outside six programmes,,0,True
3,ARNT,ENSG00000143437,CAMK4,ENSG00000152495,gained_on_activation,-0.2469030093210968,0.4194119604171433,7,unclassified,Outside six programmes,,0,True
3,ARNT,ENSG00000143437,PELO,ENSG00000152684,lost_on_activation,0.2681889532701073,-0.4695496427330682,7,unclassified,Outside six programmes,,0,True
3,ARNT,ENSG00000143437,GPR180,ENSG00000152749,lost_on_activation,0.2541828447588898,-0.1853605863484474,7,unclassified,Outside six programmes,,0,True
3,ARNT,ENSG00000143437,MIA3,ENSG00000154305,gained_on_activation,-0.1491444279693516,0.1921494404421174,7,unclassified,Outside six programmes,,0,True
3,ARNT,ENSG00000143437,WHAMM,ENSG00000156232,gained_on_activation,-0.3407310050908513,0.4491546840105,7,unclassified,Outside six programmes,,0,True
3,ARNT,ENSG00000143437,SSBP3,ENSG00000157216,gained_on_activation,-0.1753882510104269,0.1856614386169104,7,unclassified,Outside six programmes,,0,True
3,ARNT,ENSG00000143437,MYO1E,ENSG00000157483,lost_on_activation,0.8996065288285862,-0.8877142777199976,7,unclassified,Outside six programmes,,0,True
3,ARNT,ENSG00000143437,WIPI2,ENSG00000157954,gained_on_activation,-0.167686431859491,0.2164405405421999,7,unclassified,Outside six programmes,,0,True
3,ARNT,ENSG00000143437,EPB41,ENSG00000159023,gained_on_activation,-0.3222763108983615,0.1882557621202144,7,unclassified,Outside six programmes,,0,True
3,ARNT,ENSG00000143437,VPS28,ENSG00000160948,gained_on_activation,-0.2261251861862363,0.2038650875943404,6,synapse_trafficking,Synapse/trafficking,KEGG_ENDOCYTOSIS,1,False
3,ARNT,ENSG00000143437,PSMC2,ENSG00000161057,lost_on_activation,0.1899323682353809,-0.1106666692675184,2,antigen_processing_proteasome,Antigen processing/proteasome,KEGG_PROTEASOME,1,False
3,ARNT,ENSG00000143437,RAVER1,ENSG00000161847,lost_on_activation,0.1761542540757121,-0.2409498316083782,7,unclassified,Outside six programmes,,0,True
3,ARNT,ENSG00000143437,UBXN1,ENSG00000162191,gained_on_activation,-0.2086834420032971,0.1639364644465885,7,unclassified,Outside six programmes,,0,True
3,ARNT,ENSG00000143437,EOGT,ENSG00000163378,lost_on_activation,0.28884039421798,-0.2920871523673645,7,unclassified,Outside six programmes,,0,True
3,ARNT,ENSG00000143437,SGO2,ENSG00000163535,lost_on_activation,0.2993862924139771,-0.2953221388451341,7,unclassified,Outside six programmes,,0,True
3,ARNT,ENSG00000143437,CTLA4,ENSG00000163599,lost_on_activation,1.6410469066423672,-0.4205125455941331,1,tcr_cytokine_signalling,TCR/cytokine signalling,KEGG_T_CELL_RECEPTOR_SIGNALING_PATHWAY,2,False
3,ARNT,ENSG00000143437,CTLA4,ENSG00000163599,lost_on_activation,1.6410469066423672,-0.4205125455941331,6,synapse_trafficking,Synapse/trafficking,KEGG_CELL_ADHESION_MOLECULES_CAMS,2,False
3,ARNT,ENSG00000143437,SAP30L,ENSG00000164576,gained_on_activation,-0.138553738277675,0.2126475447250072,7,unclassified,Outside six programmes,,0,True
3,ARNT,ENSG00000143437,SKA3,ENSG00000165480,lost_on_activation,0.3289430332152081,-0.175921326808709,7,unclassified,Outside six programmes,,0,True
3,ARNT,ENSG00000143437,KLHDC2,ENSG00000165516,gained_on_activation,-0.1576006197669014,0.3106479361425038,7,unclassified,Outside six programmes,,0,True
3,ARNT,ENSG00000143437,CCDC186,ENSG00000165813,gained_on_activation,-0.2236494857225751,0.2498499640281215,7,unclassified,Outside six programmes,,0,True
3,ARNT,ENSG00000143437,MAPK7,ENSG00000166484,lost_on_activation,0.2901424990366017,-1.11398324084137,7,unclassified,Outside six programmes,,0,True
3,ARNT,ENSG00000143437,MAPK1IP1L,ENSG00000168175,lost_on_activation,0.1214666972865397,-0.2047563547756099,7,unclassified,Outside six programmes,,0,True
3,ARNT,ENSG00000143437,DTYMK,ENSG00000168393,lost_on_activation,0.3215278529513922,-0.1347788819796225,7,unclassified,Outside six programmes,,0,True
3,ARNT,ENSG00000143437,STIP1,ENSG00000168439,lost_on_activation,0.2143385203603139,-0.1888223822538935,7,unclassified,Outside six programmes,,0,True
3,ARNT,ENSG00000143437,MAP2K1,ENSG00000169032,lost_on_activation,0.1030824091127301,-0.6376921745477336,1,tcr_cytokine_signalling,TCR/cytokine signalling,KEGG_T_CELL_RECEPTOR_SIGNALING_PATHWAY,2,False
3,ARNT,ENSG00000143437,MAP2K1,ENSG00000169032,lost_on_activation,0.1030824091127301,-0.6376921745477336,6,synapse_trafficking,Synapse/trafficking,KEGG_CHEMOKINE_SIGNALING_PATHWAY;KEGG_REGULATION_OF_ACTIN_CYTOSKELETON,2,False
3,ARNT,ENSG00000143437,XPO6,ENSG00000169180,lost_on_activation,0.1740131344282437,-0.1757771785805046,7,unclassified,Outside six programmes,,0,True
3,ARNT,ENSG00000143437,ASPSCR1,ENSG00000169696,gained_on_activation,-0.2204640436449092,0.2500091792148176,7,unclassified,Outside six programmes,,0,True
3,ARNT,ENSG00000143437,CSGALNACT2,ENSG00000169826,gained_on_activation,-0.2088677455197087,0.2112935387475256,7,unclassified,Outside six programmes,,0,True
3,ARNT,ENSG00000143437,NDUFA3,ENSG00000170906,gained_on_activation,-0.1351879883845523,0.1245113336588684,5,metabolism_mitochondria,Metabolism/mitochondria,KEGG_OXIDATIVE_PHOSPHORYLATION,1,False
3,ARNT,ENSG00000143437,TADA3,ENSG00000171148,lost_on_activation,0.1603444090717689,-0.15633682185485,7,unclassified,Outside six programmes,,0,True
3,ARNT,ENSG00000143437,BBLN,ENSG00000171159,gained_on_activation,-0.4228402562285857,0.203320108440206,7,unclassified,Outside six programmes,,0,True
3,ARNT,ENSG00000143437,TMEM126B,ENSG00000171204,gained_on_activation,-0.1132465232454746,0.1355993681247923,7,unclassified,Outside six programmes,,0,True
3,ARNT,ENSG00000143437,PGAM1,ENSG00000171314,lost_on_activation,0.3606850945749383,-0.5408602310091785,5,metabolism_mitochondria,Metabolism/mitochondria,KEGG_GLYCOLYSIS_GLUCONEOGENESIS,1,False
3,ARNT,ENSG00000143437,CAMTA1,ENSG00000171735,gained_on_activation,-0.1849431269599774,0.1642097829356516,7,unclassified,Outside six programmes,,0,True
3,ARNT,ENSG00000143437,STAT5B,ENSG00000173757,gained_on_activation,-0.1505009462576854,0.2740404815821356,1,tcr_cytokine_signalling,TCR/cytokine signalling,KEGG_JAK_STAT_SIGNALING_PATHWAY,2,False
3,ARNT,ENSG00000143437,STAT5B,ENSG00000173757,gained_on_activation,-0.1505009462576854,0.2740404815821356,6,synapse_trafficking,Synapse/trafficking,KEGG_CHEMOKINE_SIGNALING_PATHWAY,2,False
3,ARNT,ENSG00000143437,RBM4B,ENSG00000173914,lost_on_activation,0.2362361231615684,-0.3917129030789655,7,unclassified,Outside six programmes,,0,True
3,ARNT,ENSG00000143437,AKIRIN1,ENSG00000174574,gained_on_activation,-0.1329376465113677,0.2961215230521057,7,unclassified,Outside six programmes,,0,True
3,ARNT,ENSG00000143437,DRAP1,ENSG00000175550,gained_on_activation,-0.122668292203045,0.2394721781430417,7,unclassified,Outside six programmes,,0,True
3,ARNT,ENSG00000143437,PCGF5,ENSG00000180628,gained_on_activation,-0.2563194685575192,0.2329881460099343,7,unclassified,Outside six programmes,,0,True
3,ARNT,ENSG00000143437,TRAPPC5,ENSG00000181029,gained_on_activation,-0.1153852962879968,0.2112854925504501,7,unclassified,Outside six programmes,,0,True
3,ARNT,ENSG00000143437,MEX3D,ENSG00000181588,lost_on_activation,0.3623808512317888,-0.5058063163326934,7,unclassified,Outside six programmes,,0,True
3,ARNT,ENSG00000143437,DIPK2A,ENSG00000181744,lost_on_activation,0.2408884148752378,-0.6717302185463803,7,unclassified,Outside six programmes,,0,True
3,ARNT,ENSG00000143437,PTTG1IP,ENSG00000183255,lost_on_activation,0.2596754198963424,-0.3214845863269318,7,unclassified,Outside six programmes,,0,True
3,ARNT,ENSG00000143437,BCOR,ENSG00000183337,lost_on_activation,0.2155689584844415,-0.3007969339288548,7,unclassified,Outside six programmes,,0,True
3,ARNT,ENSG00000143437,KIAA2026,ENSG00000183354,gained_on_activation,-0.1890731055063078,0.2872245961945134,7,unclassified,Outside six programmes,,0,True
3,ARNT,ENSG00000143437,ACTG1,ENSG00000184009,lost_on_activation,0.1978025161680758,-0.1723582686744586,6,synapse_trafficking,Synapse/trafficking,KEGG_LEUKOCYTE_TRANSENDOTHELIAL_MIGRATION;KEGG_REGULATION_OF_ACTIN_CYTOSKELETON,1,False
3,ARNT,ENSG00000143437,SOCS1,ENSG00000185338,lost_on_activation,0.6200081964083909,-0.3859140167116896,1,tcr_cytokine_signalling,TCR/cytokine signalling,KEGG_JAK_STAT_SIGNALING_PATHWAY,1,False
3,ARNT,ENSG00000143437,RXRA,ENSG00000186350,lost_on_activation,1.3527215542067657,-1.2621651995006242,7,unclassified,Outside six programmes,,0,True
3,ARNT,ENSG00000143437,C17orf58,ENSG00000186665,lost_on_activation,0.5098262789872396,-0.5020472494803511,7,unclassified,Outside six programmes,,0,True
3,ARNT,ENSG00000143437,CCDC69,ENSG00000198624,gained_on_activation,-0.1735470219288408,0.3176875350910675,7,unclassified,Outside six programmes,,0,True
3,ARNT,ENSG00000143437,MSRB1,ENSG00000198736,lost_on_activation,0.248648441363349,-0.5523269521196239,7,unclassified,Outside six programmes,,0,True
3,ARNT,ENSG00000143437,LTN1,ENSG00000198862,lost_on_activation,0.1463046590377354,-0.2502949290664854,7,unclassified,Outside six programmes,,0,True
3,ARNT,ENSG00000143437,COX20,ENSG00000203667,lost_on_activation,0.1886035244792767,-0.3720356288391193,7,unclassified,Outside six programmes,,0,True
3,ARNT,ENSG00000143437,TMEM273,ENSG00000204161,lost_on_activation,0.4437309748139144,-0.7593795054566278,7,unclassified,Outside six programmes,,0,True
3,ARNT,ENSG00000143437,ZNF805,ENSG00000204524,gained_on_activation,-0.3276293379260476,0.3633817860103572,7,unclassified,Outside six programmes,,0,True
3,ARNT,ENSG00000143437,E2F4,ENSG00000205250,lost_on_activation,0.1403640362923025,-0.2172503763903029,4,proliferation,Proliferation,KEGG_CELL_CYCLE,1,False
3,ARNT,ENSG00000143437,SELENOH,ENSG00000211450,lost_on_activation,0.1257908056143678,-0.1411214493890915,7,unclassified,Outside six programmes,,0,True
3,ARNT,ENSG00000143437,VDAC1,ENSG00000213585,lost_on_activation,0.2316311335398433,-0.2328853275449297,7,unclassified,Outside six programmes,,0,True
3,ARNT,ENSG00000143437,CPNE1,ENSG00000214078,gained_on_activation,-0.1335330572392296,0.2809743692819559,7,unclassified,Outside six programmes,,0,True
3,ARNT,ENSG00000143437,FIS1,ENSG00000214253,gained_on_activation,-0.1599468622248989,0.1263618410537628,7,unclassified,Outside six programmes,,0,True
3,ARNT,ENSG00000143437,WBP1,ENSG00000239779,gained_on_activation,-0.289969863608663,0.2840014315632354,7,unclassified,Outside six programmes,,0,True
3,ARNT,ENSG00000143437,PRKDC,ENSG00000253729,lost_on_activation,0.1781148296553232,-0.1814007353321821,4,proliferation,Proliferation,KEGG_CELL_CYCLE,1,False
3,ARNT,ENSG00000143437,CHMP1B,ENSG00000255112,gained_on_activation,-0.1858393086554494,0.1835317313789303,6,synapse_trafficking,Synapse/trafficking,KEGG_ENDOCYTOSIS,1,False
3,ARNT,ENSG00000143437,GALNT4,ENSG00000257594,lost_on_activation,0.5857379273904512,-0.3486048566004587,7,unclassified,Outside six programmes,,0,True
3,ARNT,ENSG00000143437,NCOA4,ENSG00000266412,gained_on_activation,-0.0940173079244952,0.1312530046593057,7,unclassified,Outside six programmes,,0,True
3,ARNT,ENSG00000143437,MYO19,ENSG00000278259,lost_on_activation,0.2215405293962511,-0.1992927843835684,7,unclassified,Outside six programmes,,0,True
4,AHR,ENSG00000106546,POLDIP2,ENSG00000004142,lost_on_activation,0.1567833666837953,-0.1327480302906159,7,unclassified,Outside six programmes,,0,True
4,AHR,ENSG00000106546,BLTP2,ENSG00000007202,lost_on_activation,0.1563947607508388,-0.1813815601767874,7,unclassified,Outside six programmes,,0,True
4,AHR,ENSG00000106546,TRAPPC6A,ENSG00000007255,gained_on_activation,-0.5580117646173709,0.2307012351357891,7,unclassified,Outside six programmes,,0,True
4,AHR,ENSG00000106546,BAZ1B,ENSG00000009954,lost_on_activation,0.1538870839647267,-0.1052818076409705,7,unclassified,Outside six programmes,,0,True
4,AHR,ENSG00000106546,PTBP1,ENSG00000011304,lost_on_activation,0.2093923016472556,-0.1519861531450024,7,unclassified,Outside six programmes,,0,True
4,AHR,ENSG00000106546,CALCOCO1,ENSG00000012822,gained_on_activation,-0.4519144752322585,0.408093510627763,7,unclassified,Outside six programmes,,0,True
4,AHR,ENSG00000106546,MNAT1,ENSG00000020426,lost_on_activation,0.1964486139372875,-0.1622512161844934,7,unclassified,Outside six programmes,,0,True
4,AHR,ENSG00000106546,NSUN2,ENSG00000037474,lost_on_activation,0.2162083584539312,-0.2307378324718746,7,unclassified,Outside six programmes,,0,True
4,AHR,ENSG00000106546,CLPTM1L,ENSG00000049656,lost_on_activation,0.1869485594228032,-0.1782770749821968,7,unclassified,Outside six programmes,,0,True
4,AHR,ENSG00000106546,SOAT1,ENSG00000057252,lost_on_activation,0.1803694257278049,-0.2019920575954385,7,unclassified,Outside six programmes,,0,True
4,AHR,ENSG00000106546,PIGV,ENSG00000060642,gained_on_activation,-0.3902499878817096,0.5510996105101172,7,unclassified,Outside six programmes,,0,True
4,AHR,ENSG00000106546,CTSA,ENSG00000064601,gained_on_activation,-0.2923001981755689,0.2616476963628349,7,unclassified,Outside six programmes,,0,True
4,AHR,ENSG00000106546,PFKP,ENSG00000067057,lost_on_activation,0.2317468133225514,-0.1302407702237418,5,metabolism_mitochondria,Metabolism/mitochondria,KEGG_GLYCOLYSIS_GLUCONEOGENESIS,1,False
4,AHR,ENSG00000106546,MAPK6,ENSG00000069956,lost_on_activation,0.2713160509464526,-0.4147966347066364,7,unclassified,Outside six programmes,,0,True
4,AHR,ENSG00000106546,VDAC3,ENSG00000078668,lost_on_activation,0.1491436098280906,-0.1268551789377532,7,unclassified,Outside six programmes,,0,True
4,AHR,ENSG00000106546,DDX1,ENSG00000079785,lost_on_activation,0.262047493231292,-0.1633697998210675,7,unclassified,Outside six programmes,,0,True
4,AHR,ENSG00000106546,HSP90AA1,ENSG00000080824,lost_on_activation,0.2803170576895275,-0.2332639838282194,2,antigen_processing_proteasome,Antigen processing/proteasome,KEGG_ANTIGEN_PROCESSING_AND_PRESENTATION,1,False
4,AHR,ENSG00000106546,CD59,ENSG00000085063,gained_on_activation,-0.2548533674045858,0.582930880417765,7,unclassified,Outside six programmes,,0,True
4,AHR,ENSG00000106546,IPO11,ENSG00000086200,lost_on_activation,0.4167788811322319,-0.2304414802784823,7,unclassified,Outside six programmes,,0,True
4,AHR,ENSG00000106546,DNAJB11,ENSG00000090520,lost_on_activation,0.2360734248766258,-0.1779846693243298,7,unclassified,Outside six programmes,,0,True
4,AHR,ENSG00000106546,PIK3IP1,ENSG00000100100,gained_on_activation,-0.7697266634692749,0.5745151961500076,7,unclassified,Outside six programmes,,0,True
4,AHR,ENSG00000106546,DDX17,ENSG00000100201,gained_on_activation,-0.1226691654755089,0.1567804810130445,7,unclassified,Outside six programmes,,0,True
4,AHR,ENSG00000106546,POLR3H,ENSG00000100413,lost_on_activation,0.2595432287720628,-0.3591381221032431,7,unclassified,Outside six programmes,,0,True
4,AHR,ENSG00000106546,KHNYN,ENSG00000100441,gained_on_activation,-0.1971029076322968,0.1757527947561252,7,unclassified,Outside six programmes,,0,True
4,AHR,ENSG00000106546,PSMA3,ENSG00000100567,lost_on_activation,0.2060460692099653,-0.1412681945515013,2,antigen_processing_proteasome,Antigen processing/proteasome,KEGG_PROTEASOME,1,False
4,AHR,ENSG00000106546,AHSA1,ENSG00000100591,lost_on_activation,0.2267132787766181,-0.2452233328127643,7,unclassified,Outside six programmes,,0,True
4,AHR,ENSG00000106546,PSMC1,ENSG00000100764,lost_on_activation,0.1987165870519597,-0.1380018876855961,2,antigen_processing_proteasome,Antigen processing/proteasome,KEGG_PROTEASOME,1,False
4,AHR,ENSG00000106546,MAP1LC3A,ENSG00000101460,gained_on_activation,-0.6233435594426933,0.8693425254400597,7,unclassified,Outside six programmes,,0,True
4,AHR,ENSG00000106546,WDR13,ENSG00000101940,gained_on_activation,-0.2270552689587693,0.1645435263274547,7,unclassified,Outside six programmes,,0,True
4,AHR,ENSG00000106546,TRADD,ENSG00000102871,gained_on_activation,-0.4773353258174704,0.2095808690144546,3,stress_survival,Stress/survival,KEGG_APOPTOSIS,1,False
4,AHR,ENSG00000106546,CORO1A,ENSG00000102879,lost_on_activation,0.1440278769476057,-0.1907037395061195,7,unclassified,Outside six programmes,,0,True
4,AHR,ENSG00000106546,USB1,ENSG00000103005,lost_on_activation,0.1470517001290754,-0.2124477739054316,7,unclassified,Outside six programmes,,0,True
4,AHR,ENSG00000106546,AXIN1,ENSG00000103126,gained_on_activation,-0.3276369907577057,0.2378728178875502,7,unclassified,Outside six programmes,,0,True
4,AHR,ENSG00000106546,TLE5,ENSG00000104964,gained_on_activation,-0.271272851198668,0.1521075576773608,7,unclassified,Outside six programmes,,0,True
4,AHR,ENSG00000106546,PPP6R1,ENSG00000105063,lost_on_activation,0.2516782275216475,-0.1576691413887744,7,unclassified,Outside six programmes,,0,True
4,AHR,ENSG00000106546,PRX,ENSG00000105227,gained_on_activation,-0.8615284572022192,0.5407661998190039,7,unclassified,Outside six programmes,,0,True
4,AHR,ENSG00000106546,HBP1,ENSG00000105856,gained_on_activation,-0.2810879728807444,0.3262942840408973,7,unclassified,Outside six programmes,,0,True
4,AHR,ENSG00000106546,PHYH,ENSG00000107537,gained_on_activation,-0.3957409040236064,0.2875307458635747,7,unclassified,Outside six programmes,,0,True
4,AHR,ENSG00000106546,TFAM,ENSG00000108064,lost_on_activation,0.2790997121335868,-0.1495669098246569,7,unclassified,Outside six programmes,,0,True
4,AHR,ENSG00000106546,CDK5RAP3,ENSG00000108465,gained_on_activation,-0.1483815257520367,0.1279258502904103,7,unclassified,Outside six programmes,,0,True
4,AHR,ENSG00000106546,PSMD11,ENSG00000108671,lost_on_activation,0.1995582685799851,-0.1544535734280781,2,antigen_processing_proteasome,Antigen processing/proteasome,KEGG_PROTEASOME,1,False
4,AHR,ENSG00000106546,EFTUD2,ENSG00000108883,lost_on_activation,0.1824212031238287,-0.1292827042224946,7,unclassified,Outside six programmes,,0,True
4,AHR,ENSG00000106546,HSPA8,ENSG00000109971,lost_on_activation,0.3129175779461572,-0.271474195658701,2,antigen_processing_proteasome,Antigen processing/proteasome,KEGG_ANTIGEN_PROCESSING_AND_PRESENTATION,2,False
4,AHR,ENSG00000106546,HSPA8,ENSG00000109971,lost_on_activation,0.3129175779461572,-0.271474195658701,6,synapse_trafficking,Synapse/trafficking,KEGG_ENDOCYTOSIS,2,False
4,AHR,ENSG00000106546,CHORDC1,ENSG00000110172,lost_on_activation,0.3961933703903347,-0.3134332434863995,7,unclassified,Outside six programmes,,0,True
4,AHR,ENSG00000106546,ATP5F1B,ENSG00000110955,lost_on_activation,0.1520361767767092,-0.1093434358550809,5,metabolism_mitochondria,Metabolism/mitochondria,KEGG_OXIDATIVE_PHOSPHORYLATION,1,False
4,AHR,ENSG00000106546,DDX55,ENSG00000111364,lost_on_activation,0.2387439007709999,-0.1870308757591327,7,unclassified,Outside six programmes,,0,True
4,AHR,ENSG00000106546,RAB5B,ENSG00000111540,gained_on_activation,-0.1734359729326634,0.2200770866847067,6,synapse_trafficking,Synapse/trafficking,KEGG_ENDOCYTOSIS,1,False
4,AHR,ENSG00000106546,ING4,ENSG00000111653,gained_on_activation,-0.5146087333006523,0.2896048847960955,7,unclassified,Outside six programmes,,0,True
4,AHR,ENSG00000106546,KCTD20,ENSG00000112078,lost_on_activation,0.1263423956270987,-0.1261630075243567,7,unclassified,Outside six programmes,,0,True
4,AHR,ENSG00000106546,NPHP3,ENSG00000113971,gained_on_activation,-0.2557960984653808,0.3587825967906142,7,unclassified,Outside six programmes,,0,True
4,AHR,ENSG00000106546,ABTB1,ENSG00000114626,gained_on_activation,-0.5710617868438277,0.5015348974496884,7,unclassified,Outside six programmes,,0,True
4,AHR,ENSG00000106546,EIF4G1,ENSG00000114867,lost_on_activation,0.2840566942995651,-0.2603000086606538,7,unclassified,Outside six programmes,,0,True
4,AHR,ENSG00000106546,ACVR1,ENSG00000115170,gained_on_activation,-0.3597868344265943,0.3795359344649245,1,tcr_cytokine_signalling,TCR/cytokine signalling,KEGG_CYTOKINE_CYTOKINE_RECEPTOR_INTERACTION,1,False
4,AHR,ENSG00000106546,PECR,ENSG00000115425,gained_on_activation,-0.2273043180774144,0.2524335201218968,7,unclassified,Outside six programmes,,0,True
4,AHR,ENSG00000106546,HPCAL1,ENSG00000115756,gained_on_activation,-0.3164711929545907,0.2464670924094314,7,unclassified,Outside six programmes,,0,True
4,AHR,ENSG00000106546,ICMT,ENSG00000116237,lost_on_activation,0.1774574706833648,-0.1737955387488127,7,unclassified,Outside six programmes,,0,True
4,AHR,ENSG00000106546,IVNS1ABP,ENSG00000116679,lost_on_activation,0.4413488164642515,-0.298633129800773,7,unclassified,Outside six programmes,,0,True
4,AHR,ENSG00000106546,UCHL5,ENSG00000116750,lost_on_activation,0.209602336991529,-0.1605454646844393,7,unclassified,Outside six programmes,,0,True
4,AHR,ENSG00000106546,KLF12,ENSG00000118922,gained_on_activation,-0.4149901877629512,0.2669997759612727,7,unclassified,Outside six programmes,,0,True
4,AHR,ENSG00000106546,NPC2,ENSG00000119655,gained_on_activation,-0.2422695675922168,0.2362431191287747,7,unclassified,Outside six programmes,,0,True
4,AHR,ENSG00000106546,YIPF4,ENSG00000119820,gained_on_activation,-0.1235231397760234,0.1130460843736665,7,unclassified,Outside six programmes,,0,True
4,AHR,ENSG00000106546,TCP1,ENSG00000120438,lost_on_activation,0.3552937586172301,-0.2064170588969362,7,unclassified,Outside six programmes,,0,True
4,AHR,ENSG00000106546,HSPH1,ENSG00000120694,lost_on_activation,0.3968655707210495,-0.2463239258788162,7,unclassified,Outside six programmes,,0,True
4,AHR,ENSG00000106546,WASHC3,ENSG00000120860,gained_on_activation,-0.2543208196224492,0.2392870543892921,7,unclassified,Outside six programmes,,0,True
4,AHR,ENSG00000106546,NLN,ENSG00000123213,lost_on_activation,0.5279701052635993,-0.2621487727868309,7,unclassified,Outside six programmes,,0,True
4,AHR,ENSG00000106546,OPTN,ENSG00000123240,gained_on_activation,-0.1814128915248182,0.2254321300111059,7,unclassified,Outside six programmes,,0,True
4,AHR,ENSG00000106546,CSE1L,ENSG00000124207,lost_on_activation,0.2210240478511803,-0.1972513028704393,7,unclassified,Outside six programmes,,0,True
4,AHR,ENSG00000106546,SNRPC,ENSG00000124562,lost_on_activation,0.1618077771761493,-0.1003865090924704,7,unclassified,Outside six programmes,,0,True
4,AHR,ENSG00000106546,GOT2,ENSG00000125166,lost_on_activation,0.2900720821097903,-0.1661972586103172,7,unclassified,Outside six programmes,,0,True
4,AHR,ENSG00000106546,MSTO1,ENSG00000125459,lost_on_activation,0.2410372208582712,-0.2905386189613473,7,unclassified,Outside six programmes,,0,True
4,AHR,ENSG00000106546,SNRPB2,ENSG00000125870,lost_on_activation,0.1307069658851652,-0.1961838918219942,7,unclassified,Outside six programmes,,0,True
4,AHR,ENSG00000106546,NCLN,ENSG00000125912,lost_on_activation,0.3193348574586752,-0.2277543909121277,7,unclassified,Outside six programmes,,0,True
4,AHR,ENSG00000106546,ZNF436,ENSG00000125945,gained_on_activation,-0.3304400072281829,0.3207613784821257,7,unclassified,Outside six programmes,,0,True
4,AHR,ENSG00000106546,ERGIC3,ENSG00000125991,gained_on_activation,-0.1659077438761491,0.1076195513462376,7,unclassified,Outside six programmes,,0,True
4,AHR,ENSG00000106546,UXT,ENSG00000126756,gained_on_activation,-0.1252808507585974,0.1626163581619066,7,unclassified,Outside six programmes,,0,True
4,AHR,ENSG00000106546,EMC1,ENSG00000127463,lost_on_activation,0.2011776362224871,-0.2375788000951352,7,unclassified,Outside six programmes,,0,True
4,AHR,ENSG00000106546,SDF2L1,ENSG00000128228,lost_on_activation,0.3421523910766063,-0.3118229935617739,7,unclassified,Outside six programmes,,0,True
4,AHR,ENSG00000106546,SGO1,ENSG00000129810,lost_on_activation,0.269801449909972,-0.1566847407776065,7,unclassified,Outside six programmes,,0,True
4,AHR,ENSG00000106546,TOMM40,ENSG00000130204,lost_on_activation,0.4267512081289371,-0.2871137674408482,7,unclassified,Outside six programmes,,0,True
4,AHR,ENSG00000106546,ADRM1,ENSG00000130706,lost_on_activation,0.1986797156500423,-0.1555054529121743,7,unclassified,Outside six programmes,,0,True
4,AHR,ENSG00000106546,GMFG,ENSG00000130755,gained_on_activation,-0.1676388495439162,0.1789149340070522,7,unclassified,Outside six programmes,,0,True
4,AHR,ENSG00000106546,DKC1,ENSG00000130826,lost_on_activation,0.3946351113115915,-0.1910569366500349,7,unclassified,Outside six programmes,,0,True
4,AHR,ENSG00000106546,KIF3A,ENSG00000131437,lost_on_activation,0.4834494568564803,-0.3730103467332816,7,unclassified,Outside six programmes,,0,True
4,AHR,ENSG00000106546,TRIM5,ENSG00000132256,gained_on_activation,-0.3252901371095335,0.2502586452333848,7,unclassified,Outside six programmes,,0,True
4,AHR,ENSG00000106546,IMMT,ENSG00000132305,lost_on_activation,0.1509235060936726,-0.0754558236667238,7,unclassified,Outside six programmes,,0,True
4,AHR,ENSG00000106546,ERAL1,ENSG00000132591,lost_on_activation,0.2099200628182789,-0.1616723861068893,7,unclassified,Outside six programmes,,0,True
4,AHR,ENSG00000106546,NIP7,ENSG00000132603,lost_on_activation,0.2561943102846796,-0.2080741473315922,7,unclassified,Outside six programmes,,0,True
4,AHR,ENSG00000106546,MKRN1,ENSG00000133606,gained_on_activation,-0.3063309676407073,0.3443416887043964,7,unclassified,Outside six programmes,,0,True
4,AHR,ENSG00000106546,CCDC59,ENSG00000133773,lost_on_activation,0.2397808981763927,-0.2142444062577614,7,unclassified,Outside six programmes,,0,True
4,AHR,ENSG00000106546,TMEM241,ENSG00000134490,lost_on_activation,0.5003857320181366,-0.2770622610918864,7,unclassified,Outside six programmes,,0,True
4,AHR,ENSG00000106546,TIMM10,ENSG00000134809,lost_on_activation,0.2868710639410612,-0.1806668916273875,7,unclassified,Outside six programmes,,0,True
4,AHR,ENSG00000106546,TESPA1,ENSG00000135426,gained_on_activation,-0.3295716501420906,0.2193657333828226,7,unclassified,Outside six programmes,,0,True
4,AHR,ENSG00000106546,PAN2,ENSG00000135473,gained_on_activation,-0.3613809535419174,0.2610810880673188,7,unclassified,Outside six programmes,,0,True
4,AHR,ENSG00000106546,DHX9,ENSG00000135829,lost_on_activation,0.1671959414288612,-0.1593189716146315,7,unclassified,Outside six programmes,,0,True
4,AHR,ENSG00000106546,TOR1A,ENSG00000136827,lost_on_activation,0.2139416031826604,-0.1601196432714625,7,unclassified,Outside six programmes,,0,True
4,AHR,ENSG00000106546,DUSP6,ENSG00000139318,lost_on_activation,1.58037547409462,-0.4472159765164497,7,unclassified,Outside six programmes,,0,True
4,AHR,ENSG00000106546,RITA1,ENSG00000139405,lost_on_activation,0.17042735763095,-0.2029152239530934,7,unclassified,Outside six programmes,,0,True
4,AHR,ENSG00000106546,NIPA2,ENSG00000140157,lost_on_activation,0.1655748669076039,-0.207371859417104,7,unclassified,Outside six programmes,,0,True
4,AHR,ENSG00000106546,SERF2,ENSG00000140264,gained_on_activation,-0.2390935991987294,0.1977376331980609,7,unclassified,Outside six programmes,,0,True
4,AHR,ENSG00000106546,MFGE8,ENSG00000140545,gained_on_activation,-0.4483015694933479,0.3945536924928841,7,unclassified,Outside six programmes,,0,True
4,AHR,ENSG00000106546,CISD2,ENSG00000145354,lost_on_activation,0.1507060316184165,-0.1374664147625754,7,unclassified,Outside six programmes,,0,True
4,AHR,ENSG00000106546,NOM1,ENSG00000146909,lost_on_activation,0.2425987830126164,-0.2303706291872655,7,unclassified,Outside six programmes,,0,True
4,AHR,ENSG00000106546,DIAPH2,ENSG00000147202,gained_on_activation,-0.2236297271542361,0.2081204201217188,6,synapse_trafficking,Synapse/trafficking,KEGG_REGULATION_OF_ACTIN_CYTOSKELETON,1,False
4,AHR,ENSG00000106546,PRPS1,ENSG00000147224,lost_on_activation,0.1439151031161178,-0.1608162798987146,7,unclassified,Outside six programmes,,0,True
4,AHR,ENSG00000106546,MTDH,ENSG00000147649,lost_on_activation,0.1306998971538714,-0.1906339548310288,7,unclassified,Outside six programmes,,0,True
4,AHR,ENSG00000106546,DLAT,ENSG00000150768,lost_on_activation,0.2051528119327096,-0.2599541628625543,5,metabolism_mitochondria,Metabolism/mitochondria,KEGG_CITRATE_CYCLE_TCA_CYCLE;KEGG_GLYCOLYSIS_GLUCONEOGENESIS,1,False
4,AHR,ENSG00000106546,TEX30,ENSG00000151287,lost_on_activation,0.3301602949877338,-0.2513948250694253,7,unclassified,Outside six programmes,,0,True
4,AHR,ENSG00000106546,CDC123,ENSG00000151465,lost_on_activation,0.2174770585227132,-0.1543417226848101,7,unclassified,Outside six programmes,,0,True
4,AHR,ENSG00000106546,CAMK4,ENSG00000152495,gained_on_activation,-0.2628993843795476,0.3377894473251516,7,unclassified,Outside six programmes,,0,True
4,AHR,ENSG00000106546,HNRNPU,ENSG00000153187,lost_on_activation,0.1964596371494626,-0.106949367367465,7,unclassified,Outside six programmes,,0,True
4,AHR,ENSG00000106546,CYRIB,ENSG00000153310,lost_on_activation,0.1350710677170299,-0.1229415460897382,7,unclassified,Outside six programmes,,0,True
4,AHR,ENSG00000106546,SUPV3L1,ENSG00000156502,lost_on_activation,0.1580313694630068,-0.3446645364025944,7,unclassified,Outside six programmes,,0,True
4,AHR,ENSG00000106546,RER1,ENSG00000157916,lost_on_activation,0.1409888929286025,-0.1063040431145045,7,unclassified,Outside six programmes,,0,True
4,AHR,ENSG00000106546,EIF5B,ENSG00000158417,lost_on_activation,0.2369488895750431,-0.1427259044970434,7,unclassified,Outside six programmes,,0,True
4,AHR,ENSG00000106546,CCAR2,ENSG00000158941,lost_on_activation,0.117949720211398,-0.1399910367100269,7,unclassified,Outside six programmes,,0,True
4,AHR,ENSG00000106546,ITGA5,ENSG00000161638,gained_on_activation,-0.411547689312675,0.5206069543661397,6,synapse_trafficking,Synapse/trafficking,KEGG_REGULATION_OF_ACTIN_CYTOSKELETON,1,False
4,AHR,ENSG00000106546,MED11,ENSG00000161920,gained_on_activation,-0.190796127559086,0.1936514329801056,7,unclassified,Outside six programmes,,0,True
4,AHR,ENSG00000106546,SENP3,ENSG00000161956,lost_on_activation,0.3049246272934971,-0.2319908682089156,7,unclassified,Outside six programmes,,0,True
4,AHR,ENSG00000106546,SPSB3,ENSG00000162032,gained_on_activation,-0.2085843709034645,0.2614149844713753,7,unclassified,Outside six programmes,,0,True
4,AHR,ENSG00000106546,FUBP1,ENSG00000162613,lost_on_activation,0.1792793006720862,-0.0967911857458306,7,unclassified,Outside six programmes,,0,True
4,AHR,ENSG00000106546,ZMYM6,ENSG00000163867,gained_on_activation,-0.3366121158599179,0.2551227395321704,7,unclassified,Outside six programmes,,0,True
4,AHR,ENSG00000106546,UBXN7,ENSG00000163960,gained_on_activation,-0.1648215462553078,0.1960752998755777,7,unclassified,Outside six programmes,,0,True
4,AHR,ENSG00000106546,MAD2L1,ENSG00000164109,lost_on_activation,0.2863988656698614,-0.1089509603069403,4,proliferation,Proliferation,KEGG_CELL_CYCLE,1,False
4,AHR,ENSG00000106546,SFXN1,ENSG00000164466,lost_on_activation,0.3120921441682829,-0.1248908966536797,7,unclassified,Outside six programmes,,0,True
4,AHR,ENSG00000106546,TAGAP,ENSG00000164691,gained_on_activation,-0.3577612225901116,0.6618996862788346,7,unclassified,Outside six programmes,,0,True
4,AHR,ENSG00000106546,SLC25A32,ENSG00000164933,lost_on_activation,0.3551768437063428,-0.2547704206711837,7,unclassified,Outside six programmes,,0,True
4,AHR,ENSG00000106546,STOML2,ENSG00000165283,lost_on_activation,0.2061815007018689,-0.1921841663434884,7,unclassified,Outside six programmes,,0,True
4,AHR,ENSG00000106546,DDIAS,ENSG00000165490,lost_on_activation,0.309077221663683,-0.3151675678104248,7,unclassified,Outside six programmes,,0,True
4,AHR,ENSG00000106546,IDH3A,ENSG00000166411,lost_on_activation,0.2401808787932479,-0.2688621517968547,5,metabolism_mitochondria,Metabolism/mitochondria,KEGG_CITRATE_CYCLE_TCA_CYCLE,1,False
4,AHR,ENSG00000106546,SAAL1,ENSG00000166788,lost_on_activation,0.3442110356394661,-0.1835723348237735,7,unclassified,Outside six programmes,,0,True
4,AHR,ENSG00000106546,LENG8,ENSG00000167615,gained_on_activation,-0.1409095399506108,0.2201892342631787,7,unclassified,Outside six programmes,,0,True
4,AHR,ENSG00000106546,PCMTD1,ENSG00000168300,gained_on_activation,-0.4286138369404139,0.2240525278492103,7,unclassified,Outside six programmes,,0,True
4,AHR,ENSG00000106546,STIP1,ENSG00000168439,lost_on_activation,0.2790251977428974,-0.1937198970489866,7,unclassified,Outside six programmes,,0,True
4,AHR,ENSG00000106546,THBS3,ENSG00000169231,gained_on_activation,-0.4231250853423385,0.4275697203675414,7,unclassified,Outside six programmes,,0,True
4,AHR,ENSG00000106546,GABARAP,ENSG00000170296,gained_on_activation,-0.1515670085872532,0.1846061896791486,3,stress_survival,Stress/survival,KEGG_REGULATION_OF_AUTOPHAGY,1,False
4,AHR,ENSG00000106546,STAT2,ENSG00000170581,gained_on_activation,-0.2215989686166595,0.221314984508321,1,tcr_cytokine_signalling,TCR/cytokine signalling,KEGG_JAK_STAT_SIGNALING_PATHWAY,2,False
4,AHR,ENSG00000106546,STAT2,ENSG00000170581,gained_on_activation,-0.2215989686166595,0.221314984508321,6,synapse_trafficking,Synapse/trafficking,KEGG_CHEMOKINE_SIGNALING_PATHWAY,2,False
4,AHR,ENSG00000106546,HSPA4,ENSG00000170606,lost_on_activation,0.3515823863526702,-0.1734500386263147,2,antigen_processing_proteasome,Antigen processing/proteasome,KEGG_ANTIGEN_PROCESSING_AND_PRESENTATION,1,False
4,AHR,ENSG00000106546,HCFC1,ENSG00000172534,lost_on_activation,0.1614663816057284,-0.1194397269456526,7,unclassified,Outside six programmes,,0,True
4,AHR,ENSG00000106546,NAA20,ENSG00000173418,lost_on_activation,0.2069394469382065,-0.1635184243819184,7,unclassified,Outside six programmes,,0,True
4,AHR,ENSG00000106546,PSMD1,ENSG00000173692,lost_on_activation,0.2421550345380997,-0.1571665522060439,2,antigen_processing_proteasome,Antigen processing/proteasome,KEGG_PROTEASOME,1,False
4,AHR,ENSG00000106546,STAT5B,ENSG00000173757,gained_on_activation,-0.1298111007261743,0.2433405691205925,1,tcr_cytokine_signalling,TCR/cytokine signalling,KEGG_JAK_STAT_SIGNALING_PATHWAY,2,False
4,AHR,ENSG00000106546,STAT5B,ENSG00000173757,gained_on_activation,-0.1298111007261743,0.2433405691205925,6,synapse_trafficking,Synapse/trafficking,KEGG_CHEMOKINE_SIGNALING_PATHWAY,2,False
4,AHR,ENSG00000106546,ATP2A2,ENSG00000174437,lost_on_activation,0.3140923025454219,-0.1829354219806506,7,unclassified,Outside six programmes,,0,True
4,AHR,ENSG00000106546,PUS1,ENSG00000177192,lost_on_activation,0.2334151557465762,-0.3005141149708824,7,unclassified,Outside six programmes,,0,True
4,AHR,ENSG00000106546,ANXA2R,ENSG00000177721,gained_on_activation,-0.3638940185427319,0.6629788753035669,7,unclassified,Outside six programmes,,0,True
4,AHR,ENSG00000106546,DCTPP1,ENSG00000179958,lost_on_activation,0.2551749649054573,-0.3221481579270725,7,unclassified,Outside six programmes,,0,True
4,AHR,ENSG00000106546,PCGF5,ENSG00000180628,gained_on_activation,-0.2802904146537387,0.191176838168004,7,unclassified,Outside six programmes,,0,True
4,AHR,ENSG00000106546,TTC3,ENSG00000182670,gained_on_activation,-0.1857437443645482,0.138403898096926,7,unclassified,Outside six programmes,,0,True
4,AHR,ENSG00000106546,SF3A3,ENSG00000183431,lost_on_activation,0.1765384457646051,-0.1770535658088234,7,unclassified,Outside six programmes,,0,True
4,AHR,ENSG00000106546,CMSS1,ENSG00000184220,lost_on_activation,0.3481166280741847,-0.1996471035791252,7,unclassified,Outside six programmes,,0,True
4,AHR,ENSG00000106546,IRF7,ENSG00000185507,gained_on_activation,-0.2512044293300363,0.4102574154056113,7,unclassified,Outside six programmes,,0,True
4,AHR,ENSG00000106546,C16orf54,ENSG00000185905,gained_on_activation,-0.2312512949459638,0.4354239824693299,7,unclassified,Outside six programmes,,0,True
4,AHR,ENSG00000106546,HSPA14,ENSG00000187522,lost_on_activation,0.2651229376870738,-0.1511529209251708,7,unclassified,Outside six programmes,,0,True
4,AHR,ENSG00000106546,ZC3H6,ENSG00000188177,gained_on_activation,-0.3218062439577887,0.2157409193190415,7,unclassified,Outside six programmes,,0,True
4,AHR,ENSG00000106546,SBK1,ENSG00000188322,gained_on_activation,-0.7162076059716362,0.7246064573580289,7,unclassified,Outside six programmes,,0,True
4,AHR,ENSG00000106546,SYNGAP1,ENSG00000197283,gained_on_activation,-0.3749907954079859,0.3090956809785408,7,unclassified,Outside six programmes,,0,True
4,AHR,ENSG00000106546,ATAD3A,ENSG00000197785,lost_on_activation,0.3770657805559302,-0.3923454745303191,7,unclassified,Outside six programmes,,0,True
4,AHR,ENSG00000106546,FCHSD1,ENSG00000197948,gained_on_activation,-0.4763449267104575,0.5309381727485887,7,unclassified,Outside six programmes,,0,True
4,AHR,ENSG00000106546,MAK16,ENSG00000198042,lost_on_activation,0.3134702602536093,-0.2491927519669704,7,unclassified,Outside six programmes,,0,True
4,AHR,ENSG00000106546,LTN1,ENSG00000198862,lost_on_activation,0.1477058646473919,-0.1709846495984199,7,unclassified,Outside six programmes,,0,True
4,AHR,ENSG00000106546,TOP1,ENSG00000198900,lost_on_activation,0.1526401873785874,-0.1265457838588111,7,unclassified,Outside six programmes,,0,True
4,AHR,ENSG00000106546,TMX2,ENSG00000213593,lost_on_activation,0.1878521023422969,-0.1466747741820587,7,unclassified,Outside six programmes,,0,True
4,AHR,ENSG00000106546,LBH,ENSG00000213626,gained_on_activation,-0.2888726302970439,0.4274346694832521,7,unclassified,Outside six programmes,,0,True
4,AHR,ENSG00000106546,TAPBP,ENSG00000231925,gained_on_activation,-0.1496182105864307,0.167729415366201,2,antigen_processing_proteasome,Antigen processing/proteasome,KEGG_ANTIGEN_PROCESSING_AND_PRESENTATION,1,False
4,AHR,ENSG00000106546,ARFGAP3,ENSG00000242247,gained_on_activation,-0.2073105762303385,0.1757007547930341,6,synapse_trafficking,Synapse/trafficking,KEGG_ENDOCYTOSIS,1,False
4,AHR,ENSG00000106546,ATXN7L3B,ENSG00000253719,gained_on_activation,-0.1499094481069905,0.1550424740026935,7,unclassified,Outside six programmes,,0,True
5,SUPT7L,ENSG00000119760,PHTF2,ENSG00000006576,lost_on_activation,0.2425034060010179,-0.263711489909404,7,unclassified,Outside six programmes,,0,True
5,SUPT7L,ENSG00000119760,JARID2,ENSG00000008083,lost_on_activation,0.1865834868213001,-0.2766464962987974,7,unclassified,Outside six programmes,,0,True
5,SUPT7L,ENSG00000119760,FYN,ENSG00000010810,lost_on_activation,0.2502367087805368,-0.1895467399166847,1,tcr_cytokine_signalling,TCR/cytokine signalling,KEGG_T_CELL_RECEPTOR_SIGNALING_PATHWAY,1,False
5,SUPT7L,ENSG00000119760,ERP44,ENSG00000023318,lost_on_activation,0.120228211023201,-0.1163034805910416,7,unclassified,Outside six programmes,,0,True
5,SUPT7L,ENSG00000119760,RNF19A,ENSG00000034677,lost_on_activation,0.2356561425410061,-0.4152256753562227,7,unclassified,Outside six programmes,,0,True
5,SUPT7L,ENSG00000119760,STAP1,ENSG00000035720,lost_on_activation,0.7062296140482541,-0.5206507584567082,7,unclassified,Outside six programmes,,0,True
5,SUPT7L,ENSG00000119760,ATP11B,ENSG00000058063,lost_on_activation,0.1130974088885182,-0.1294761408556464,7,unclassified,Outside six programmes,,0,True
5,SUPT7L,ENSG00000119760,ELOVL1,ENSG00000066322,gained_on_activation,-0.1520300791556285,0.1352387610945772,7,unclassified,Outside six programmes,,0,True
5,SUPT7L,ENSG00000119760,PLPP1,ENSG00000067113,lost_on_activation,0.6214246823270667,-0.3614543642301916,7,unclassified,Outside six programmes,,0,True
5,SUPT7L,ENSG00000119760,ERLEC1,ENSG00000068912,lost_on_activation,0.2294175712414243,-0.1581066997799642,7,unclassified,Outside six programmes,,0,True
5,SUPT7L,ENSG00000119760,SCARB1,ENSG00000073060,gained_on_activation,-0.6698014131010068,0.3833219502164364,7,unclassified,Outside six programmes,,0,True
5,SUPT7L,ENSG00000119760,BAX,ENSG00000087088,gained_on_activation,-0.255693722767209,0.2176666151092181,3,stress_survival,Stress/survival,KEGG_APOPTOSIS,1,False
5,SUPT7L,ENSG00000119760,SMOX,ENSG00000088826,lost_on_activation,1.6212069226566042,-1.0815189089350985,7,unclassified,Outside six programmes,,0,True
5,SUPT7L,ENSG00000119760,KIZ,ENSG00000088970,lost_on_activation,0.239546485989445,-0.2868910947130418,7,unclassified,Outside six programmes,,0,True
5,SUPT7L,ENSG00000119760,PSME1,ENSG00000092010,gained_on_activation,-0.1510596265922517,0.2315951271896097,2,antigen_processing_proteasome,Antigen processing/proteasome,KEGG_ANTIGEN_PROCESSING_AND_PRESENTATION;KEGG_PROTEASOME,1,False
5,SUPT7L,ENSG00000119760,LRRFIP2,ENSG00000093167,lost_on_activation,0.2463986641686777,-0.383434349818005,7,unclassified,Outside six programmes,,0,True
5,SUPT7L,ENSG00000119760,CREM,ENSG00000095794,lost_on_activation,0.3092819569340139,-0.3520793044838683,7,unclassified,Outside six programmes,,0,True
5,SUPT7L,ENSG00000119760,LZTR1,ENSG00000099949,gained_on_activation,-0.1900703514825221,0.1753422503777428,7,unclassified,Outside six programmes,,0,True
5,SUPT7L,ENSG00000119760,OSM,ENSG00000099985,lost_on_activation,0.6937832670488168,-0.882715526848562,1,tcr_cytokine_signalling,TCR/cytokine signalling,KEGG_CYTOKINE_CYTOKINE_RECEPTOR_INTERACTION;KEGG_JAK_STAT_SIGNALING_PATHWAY,1,False
5,SUPT7L,ENSG00000119760,TTLL12,ENSG00000100304,gained_on_activation,-0.2206543293335414,0.1811133665324558,7,unclassified,Outside six programmes,,0,True
5,SUPT7L,ENSG00000119760,L3MBTL2,ENSG00000100395,gained_on_activation,-0.1875374534697084,0.2127218091289262,7,unclassified,Outside six programmes,,0,True
5,SUPT7L,ENSG00000119760,DHRS7,ENSG00000100612,lost_on_activation,0.2184181433482452,-0.1690249560031741,7,unclassified,Outside six programmes,,0,True
5,SUPT7L,ENSG00000119760,HIF1A,ENSG00000100644,lost_on_activation,0.1374145172393611,-0.1841062973653131,3,stress_survival,Stress/survival,KEGG_MTOR_SIGNALING_PATHWAY,1,False
5,SUPT7L,ENSG00000119760,SUSD6,ENSG00000100647,lost_on_activation,0.2724777581173489,-0.1795427702798973,7,unclassified,Outside six programmes,,0,True
5,SUPT7L,ENSG00000119760,PSME2,ENSG00000100911,gained_on_activation,-0.2507947438474748,0.2279784254821827,2,antigen_processing_proteasome,Antigen processing/proteasome,KEGG_ANTIGEN_PROCESSING_AND_PRESENTATION;KEGG_PROTEASOME,1,False
5,SUPT7L,ENSG00000119760,METTL4,ENSG00000101574,lost_on_activation,0.1771052112978314,-0.1302205304718479,7,unclassified,Outside six programmes,,0,True
5,SUPT7L,ENSG00000119760,RP2,ENSG00000102218,lost_on_activation,0.3192079846696788,-0.19836466900643,7,unclassified,Outside six programmes,,0,True
5,SUPT7L,ENSG00000119760,DNAJC3,ENSG00000102580,lost_on_activation,0.1477207536292147,-0.1320219233007352,7,unclassified,Outside six programmes,,0,True
5,SUPT7L,ENSG00000119760,SUPT20H,ENSG00000102710,lost_on_activation,0.1233109332121027,-0.1252349944865802,7,unclassified,Outside six programmes,,0,True
5,SUPT7L,ENSG00000119760,IL21R,ENSG00000103522,gained_on_activation,-0.5912700784305736,0.3540746062077509,1,tcr_cytokine_signalling,TCR/cytokine signalling,KEGG_CYTOKINE_CYTOKINE_RECEPTOR_INTERACTION;KEGG_JAK_STAT_SIGNALING_PATHWAY,1,False
5,SUPT7L,ENSG00000119760,GSDMD,ENSG00000104518,gained_on_activation,-0.1636509188681056,0.2488413125076581,7,unclassified,Outside six programmes,,0,True
5,SUPT7L,ENSG00000119760,TLE5,ENSG00000104964,gained_on_activation,-0.1598430027091446,0.1383244395850317,7,unclassified,Outside six programmes,,0,True
5,SUPT7L,ENSG00000119760,TGFB1,ENSG00000105329,gained_on_activation,-0.2606010151056042,0.1759450066881792,1,tcr_cytokine_signalling,TCR/cytokine signalling,KEGG_CYTOKINE_CYTOKINE_RECEPTOR_INTERACTION,2,False
5,SUPT7L,ENSG00000119760,TGFB1,ENSG00000105329,gained_on_activation,-0.2606010151056042,0.1759450066881792,4,proliferation,Proliferation,KEGG_CELL_CYCLE,2,False
5,SUPT7L,ENSG00000119760,TMEM106B,ENSG00000106460,lost_on_activation,0.1866060640600339,-0.1197658584410786,7,unclassified,Outside six programmes,,0,True
5,SUPT7L,ENSG00000119760,AHR,ENSG00000106546,lost_on_activation,0.2419478820578056,-0.2515250019287341,7,unclassified,Outside six programmes,,0,True
5,SUPT7L,ENSG00000119760,CPD,ENSG00000108582,lost_on_activation,0.2679979308772144,-0.4020072930542274,7,unclassified,Outside six programmes,,0,True
5,SUPT7L,ENSG00000119760,CTSC,ENSG00000109861,lost_on_activation,0.3181073723842267,-0.1616935507314332,7,unclassified,Outside six programmes,,0,True
5,SUPT7L,ENSG00000119760,CD69,ENSG00000110848,lost_on_activation,0.4406597363616609,-0.4144730862988616,7,unclassified,Outside six programmes,,0,True
5,SUPT7L,ENSG00000119760,BLTP3B,ENSG00000111647,lost_on_activation,0.1764617518251579,-0.135447097403398,7,unclassified,Outside six programmes,,0,True
5,SUPT7L,ENSG00000119760,GNPTAB,ENSG00000111670,lost_on_activation,0.3820448925254098,-0.1632632023812244,7,unclassified,Outside six programmes,,0,True
5,SUPT7L,ENSG00000119760,FGFR1OP2,ENSG00000111790,lost_on_activation,0.1715408811542069,-0.1113062722040254,7,unclassified,Outside six programmes,,0,True
5,SUPT7L,ENSG00000119760,NEDD9,ENSG00000111859,lost_on_activation,0.3816887186509239,-0.2993135799200875,7,unclassified,Outside six programmes,,0,True
5,SUPT7L,ENSG00000119760,CILK1,ENSG00000112144,lost_on_activation,0.2929309727296942,-0.3040554469624937,7,unclassified,Outside six programmes,,0,True
5,SUPT7L,ENSG00000119760,SLC29A1,ENSG00000112759,gained_on_activation,-0.4445549972896493,0.2220180893027678,7,unclassified,Outside six programmes,,0,True
5,SUPT7L,ENSG00000119760,CCNG1,ENSG00000113328,gained_on_activation,-0.2862038571227639,0.1416875831830692,7,unclassified,Outside six programmes,,0,True
5,SUPT7L,ENSG00000119760,NFE2L2,ENSG00000116044,lost_on_activation,0.1370695065356026,-0.1475474295750951,7,unclassified,Outside six programmes,,0,True
5,SUPT7L,ENSG00000119760,DHCR24,ENSG00000116133,gained_on_activation,-0.4815823244211349,0.1743360251184757,7,unclassified,Outside six programmes,,0,True
5,SUPT7L,ENSG00000119760,TSNAX,ENSG00000116918,lost_on_activation,0.2168745290028127,-0.1145941361854603,7,unclassified,Outside six programmes,,0,True
5,SUPT7L,ENSG00000119760,TMED5,ENSG00000117500,lost_on_activation,0.0915422916225836,-0.1036441509540563,7,unclassified,Outside six programmes,,0,True
5,SUPT7L,ENSG00000119760,SLC35A3,ENSG00000117620,lost_on_activation,0.1907563373976778,-0.1939786015926882,7,unclassified,Outside six programmes,,0,True
5,SUPT7L,ENSG00000119760,FBXL5,ENSG00000118564,lost_on_activation,0.3124735070091236,-0.1953281256569927,7,unclassified,Outside six programmes,,0,True
5,SUPT7L,ENSG00000119760,KLF9,ENSG00000119138,lost_on_activation,0.2560725485689086,-0.5043968223415283,7,unclassified,Outside six programmes,,0,True
5,SUPT7L,ENSG00000119760,PYROXD1,ENSG00000121350,lost_on_activation,0.2799386006163676,-0.1390436117706466,7,unclassified,Outside six programmes,,0,True
5,SUPT7L,ENSG00000119760,SRGN,ENSG00000122862,lost_on_activation,0.2298307053189544,-0.3547920193817138,7,unclassified,Outside six programmes,,0,True
5,SUPT7L,ENSG00000119760,STX16,ENSG00000124222,lost_on_activation,0.1240563479626784,-0.0988925014704421,7,unclassified,Outside six programmes,,0,True
5,SUPT7L,ENSG00000119760,INSIG2,ENSG00000125629,lost_on_activation,0.260722129390325,-0.3054280521197787,7,unclassified,Outside six programmes,,0,True
5,SUPT7L,ENSG00000119760,SLC25A23,ENSG00000125648,gained_on_activation,-0.4623503414588403,0.2819969185591242,7,unclassified,Outside six programmes,,0,True
5,SUPT7L,ENSG00000119760,GPR108,ENSG00000125734,lost_on_activation,0.2574823907922081,-0.2008455653334075,7,unclassified,Outside six programmes,,0,True
5,SUPT7L,ENSG00000119760,CCR7,ENSG00000126353,gained_on_activation,-0.970335973697871,1.091700844044811,1,tcr_cytokine_signalling,TCR/cytokine signalling,KEGG_CYTOKINE_CYTOKINE_RECEPTOR_INTERACTION,2,False
5,SUPT7L,ENSG00000119760,CCR7,ENSG00000126353,gained_on_activation,-0.970335973697871,1.091700844044811,6,synapse_trafficking,Synapse/trafficking,KEGG_CHEMOKINE_SIGNALING_PATHWAY,2,False
5,SUPT7L,ENSG00000119760,UXT,ENSG00000126756,gained_on_activation,-0.1580343976514935,0.1004649229258579,7,unclassified,Outside six programmes,,0,True
5,SUPT7L,ENSG00000119760,PLEKHG3,ENSG00000126822,gained_on_activation,-0.4620475811457314,0.3912072691629997,7,unclassified,Outside six programmes,,0,True
5,SUPT7L,ENSG00000119760,REEP5,ENSG00000129625,lost_on_activation,0.1674435417567673,-0.1339450261384321,7,unclassified,Outside six programmes,,0,True
5,SUPT7L,ENSG00000119760,SNX9,ENSG00000130340,lost_on_activation,0.6073868978292482,-0.2643136685948178,7,unclassified,Outside six programmes,,0,True
5,SUPT7L,ENSG00000119760,SH3BP5,ENSG00000131370,gained_on_activation,-0.2043087576006918,0.4276121872000422,7,unclassified,Outside six programmes,,0,True
5,SUPT7L,ENSG00000119760,TRAF7,ENSG00000131653,gained_on_activation,-0.1761322222281861,0.1573826032846523,7,unclassified,Outside six programmes,,0,True
5,SUPT7L,ENSG00000119760,ACTR10,ENSG00000131966,lost_on_activation,0.1756282394857484,-0.1173618351575953,7,unclassified,Outside six programmes,,0,True
5,SUPT7L,ENSG00000119760,IL2RA,ENSG00000134460,lost_on_activation,0.5334737699682861,-0.2331072104270919,1,tcr_cytokine_signalling,TCR/cytokine signalling,KEGG_CYTOKINE_CYTOKINE_RECEPTOR_INTERACTION;KEGG_JAK_STAT_SIGNALING_PATHWAY,2,False
5,SUPT7L,ENSG00000119760,IL2RA,ENSG00000134460,lost_on_activation,0.5334737699682861,-0.2331072104270919,6,synapse_trafficking,Synapse/trafficking,KEGG_ENDOCYTOSIS,2,False
5,SUPT7L,ENSG00000119760,STK26,ENSG00000134602,lost_on_activation,0.1442567547435803,-0.1694346472783205,7,unclassified,Outside six programmes,,0,True
5,SUPT7L,ENSG00000119760,TES,ENSG00000135269,lost_on_activation,0.1326339366623946,-0.1313212746255747,7,unclassified,Outside six programmes,,0,True
5,SUPT7L,ENSG00000119760,DOCK10,ENSG00000135905,lost_on_activation,0.1072973627953151,-0.1291484552205462,7,unclassified,Outside six programmes,,0,True
5,SUPT7L,ENSG00000119760,SDCBP,ENSG00000137575,lost_on_activation,0.4136700471882688,-0.3570840473294936,7,unclassified,Outside six programmes,,0,True
5,SUPT7L,ENSG00000119760,FBXO11,ENSG00000138081,lost_on_activation,0.1932454620451678,-0.1300761767560505,7,unclassified,Outside six programmes,,0,True
5,SUPT7L,ENSG00000119760,MMAB,ENSG00000139428,gained_on_activation,-0.2841781015812579,0.2678653413726655,7,unclassified,Outside six programmes,,0,True
5,SUPT7L,ENSG00000119760,MTMR6,ENSG00000139505,lost_on_activation,0.1411741363385435,-0.2099303135387603,7,unclassified,Outside six programmes,,0,True
5,SUPT7L,ENSG00000119760,TMBIM6,ENSG00000139644,lost_on_activation,0.1725552315728255,-0.1167035557424074,7,unclassified,Outside six programmes,,0,True
5,SUPT7L,ENSG00000119760,RHOF,ENSG00000139725,gained_on_activation,-0.3053255539688472,0.1246140006860615,7,unclassified,Outside six programmes,,0,True
5,SUPT7L,ENSG00000119760,GPR65,ENSG00000140030,lost_on_activation,0.2198439042741043,-0.3833244378352972,7,unclassified,Outside six programmes,,0,True
5,SUPT7L,ENSG00000119760,MAP1LC3B,ENSG00000140941,lost_on_activation,0.1703257534697278,-0.2510408468736234,7,unclassified,Outside six programmes,,0,True
5,SUPT7L,ENSG00000119760,TAF4B,ENSG00000141384,gained_on_activation,-0.3780699348668354,0.2912082797113406,7,unclassified,Outside six programmes,,0,True
5,SUPT7L,ENSG00000119760,ARHGDIA,ENSG00000141522,gained_on_activation,-0.1257030495520968,0.1023895907165587,7,unclassified,Outside six programmes,,0,True
5,SUPT7L,ENSG00000119760,TRIM65,ENSG00000141569,gained_on_activation,-0.2198878010536505,0.2517693711212336,7,unclassified,Outside six programmes,,0,True
5,SUPT7L,ENSG00000119760,SAMD1,ENSG00000141858,gained_on_activation,-0.2370620083020494,0.1998160349607247,7,unclassified,Outside six programmes,,0,True
5,SUPT7L,ENSG00000119760,GEMIN7,ENSG00000142252,gained_on_activation,-0.1390647637698088,0.1360349511948007,7,unclassified,Outside six programmes,,0,True
5,SUPT7L,ENSG00000119760,RERE,ENSG00000142599,lost_on_activation,0.1807279498427486,-0.2992671108563234,7,unclassified,Outside six programmes,,0,True
5,SUPT7L,ENSG00000119760,NUF2,ENSG00000143228,lost_on_activation,0.2859216697278136,-0.1866353717984358,7,unclassified,Outside six programmes,,0,True
5,SUPT7L,ENSG00000119760,CSRNP1,ENSG00000144655,lost_on_activation,0.2869715090999848,-0.2533320700707379,7,unclassified,Outside six programmes,,0,True
5,SUPT7L,ENSG00000119760,PRSS23,ENSG00000150687,lost_on_activation,1.1288837069946205,-1.1520101901378037,7,unclassified,Outside six programmes,,0,True
5,SUPT7L,ENSG00000119760,RASSF3,ENSG00000153179,gained_on_activation,-0.1995880615928365,0.2546330542554221,7,unclassified,Outside six programmes,,0,True
5,SUPT7L,ENSG00000119760,CEBPG,ENSG00000153879,lost_on_activation,0.1246348425382775,-0.2082595114878961,7,unclassified,Outside six programmes,,0,True
5,SUPT7L,ENSG00000119760,MSI2,ENSG00000153944,lost_on_activation,0.1527743160920337,-0.2490920593663807,7,unclassified,Outside six programmes,,0,True
5,SUPT7L,ENSG00000119760,AK9,ENSG00000155085,lost_on_activation,0.3557340642985135,-0.5153216762625893,7,unclassified,Outside six programmes,,0,True
5,SUPT7L,ENSG00000119760,SAMSN1,ENSG00000155307,lost_on_activation,0.3807258324109111,-0.4355342158828301,7,unclassified,Outside six programmes,,0,True
5,SUPT7L,ENSG00000119760,HEATR3,ENSG00000155393,gained_on_activation,-0.179604819121406,0.1625299966540911,7,unclassified,Outside six programmes,,0,True
5,SUPT7L,ENSG00000119760,CD109,ENSG00000156535,lost_on_activation,0.4590010320239188,-0.3025402471946706,7,unclassified,Outside six programmes,,0,True
5,SUPT7L,ENSG00000119760,RAB11FIP1,ENSG00000156675,lost_on_activation,0.1849166001085757,-0.5053807192377899,6,synapse_trafficking,Synapse/trafficking,KEGG_ENDOCYTOSIS,1,False
5,SUPT7L,ENSG00000119760,BSDC1,ENSG00000160058,lost_on_activation,0.2449478166144841,-0.1309046740944248,7,unclassified,Outside six programmes,,0,True
5,SUPT7L,ENSG00000119760,FDXR,ENSG00000161513,gained_on_activation,-0.2801119381978512,0.4382031978658676,7,unclassified,Outside six programmes,,0,True
5,SUPT7L,ENSG00000119760,TGFBR2,ENSG00000163513,lost_on_activation,0.2402695700733056,-0.2986487224559532,1,tcr_cytokine_signalling,TCR/cytokine signalling,KEGG_CYTOKINE_CYTOKINE_RECEPTOR_INTERACTION,1,False
5,SUPT7L,ENSG00000119760,SPRY1,ENSG00000164056,lost_on_activation,0.9583517430412816,-0.6346344116909308,1,tcr_cytokine_signalling,TCR/cytokine signalling,KEGG_JAK_STAT_SIGNALING_PATHWAY,1,False
5,SUPT7L,ENSG00000119760,COG5,ENSG00000164597,lost_on_activation,0.151419689091002,-0.1681965940097181,7,unclassified,Outside six programmes,,0,True
5,SUPT7L,ENSG00000119760,SYTL3,ENSG00000164674,lost_on_activation,0.3194278199428326,-0.194823095730699,7,unclassified,Outside six programmes,,0,True
5,SUPT7L,ENSG00000119760,TRUB1,ENSG00000165832,lost_on_activation,0.1451708210590904,-0.171198211763075,7,unclassified,Outside six programmes,,0,True
5,SUPT7L,ENSG00000119760,ENDOG,ENSG00000167136,gained_on_activation,-0.335714925405195,0.1970954229690205,3,stress_survival,Stress/survival,KEGG_APOPTOSIS,1,False
5,SUPT7L,ENSG00000119760,DDIT4,ENSG00000168209,lost_on_activation,0.4588082885707802,-0.3376508825296392,3,stress_survival,Stress/survival,KEGG_MTOR_SIGNALING_PATHWAY,1,False
5,SUPT7L,ENSG00000119760,TAP1,ENSG00000168394,gained_on_activation,-0.259414216741526,0.1785386292651196,2,antigen_processing_proteasome,Antigen processing/proteasome,KEGG_ANTIGEN_PROCESSING_AND_PRESENTATION,1,False
5,SUPT7L,ENSG00000119760,ADAM9,ENSG00000168615,lost_on_activation,0.3415798643117904,-0.2260478247119659,7,unclassified,Outside six programmes,,0,True
5,SUPT7L,ENSG00000119760,CCDC126,ENSG00000169193,lost_on_activation,0.3686767876582116,-0.3799354879452538,7,unclassified,Outside six programmes,,0,True
5,SUPT7L,ENSG00000119760,B3GALNT1,ENSG00000169255,lost_on_activation,0.6966152515818205,-0.7131477670971686,7,unclassified,Outside six programmes,,0,True
5,SUPT7L,ENSG00000119760,LRRC45,ENSG00000169683,gained_on_activation,-0.2384403891876259,0.2202529025801934,7,unclassified,Outside six programmes,,0,True
5,SUPT7L,ENSG00000119760,TAPT1,ENSG00000169762,lost_on_activation,0.2818328127661938,-0.2209243240110125,7,unclassified,Outside six programmes,,0,True
5,SUPT7L,ENSG00000119760,B3GNT2,ENSG00000170340,lost_on_activation,0.2070364409204022,-0.2510062977243625,7,unclassified,Outside six programmes,,0,True
5,SUPT7L,ENSG00000119760,RBKS,ENSG00000171174,lost_on_activation,0.5162610012150506,-0.5239759204357027,7,unclassified,Outside six programmes,,0,True
5,SUPT7L,ENSG00000119760,BCL2L1,ENSG00000171552,lost_on_activation,0.2969941880494205,-0.2234103062504264,1,tcr_cytokine_signalling,TCR/cytokine signalling,KEGG_JAK_STAT_SIGNALING_PATHWAY,2,False
5,SUPT7L,ENSG00000119760,BCL2L1,ENSG00000171552,lost_on_activation,0.2969941880494205,-0.2234103062504264,3,stress_survival,Stress/survival,KEGG_APOPTOSIS,2,False
5,SUPT7L,ENSG00000119760,SPSB1,ENSG00000171621,gained_on_activation,-0.4958727493045837,0.5824018086462543,7,unclassified,Outside six programmes,,0,True
5,SUPT7L,ENSG00000119760,GTPBP2,ENSG00000172432,lost_on_activation,0.142715961839155,-0.1344760202678422,7,unclassified,Outside six programmes,,0,True
5,SUPT7L,ENSG00000119760,TCAP,ENSG00000173991,lost_on_activation,1.172160658573446,-1.050642223625895,7,unclassified,Outside six programmes,,0,True
5,SUPT7L,ENSG00000119760,TLR6,ENSG00000174130,lost_on_activation,0.4747854731916174,-0.3991601161018206,7,unclassified,Outside six programmes,,0,True
5,SUPT7L,ENSG00000119760,RAB6A,ENSG00000175582,lost_on_activation,0.1574097944510146,-0.1455870276523626,7,unclassified,Outside six programmes,,0,True
5,SUPT7L,ENSG00000119760,YES1,ENSG00000176105,lost_on_activation,0.3437828483318438,-0.3276943600776275,7,unclassified,Outside six programmes,,0,True
5,SUPT7L,ENSG00000119760,MEX3C,ENSG00000176624,lost_on_activation,0.1801098463905865,-0.128728021625539,7,unclassified,Outside six programmes,,0,True
5,SUPT7L,ENSG00000119760,MTX3,ENSG00000177034,lost_on_activation,0.3531212046594117,-0.8934528689047401,7,unclassified,Outside six programmes,,0,True
5,SUPT7L,ENSG00000119760,MPI,ENSG00000178802,gained_on_activation,-0.3052050386459929,0.1590777430961823,7,unclassified,Outside six programmes,,0,True
5,SUPT7L,ENSG00000119760,GEMIN4,ENSG00000179409,gained_on_activation,-0.3030973398089126,0.2100832030757833,7,unclassified,Outside six programmes,,0,True
5,SUPT7L,ENSG00000119760,ZNF48,ENSG00000180035,gained_on_activation,-0.2516329305399981,0.1992985737411967,7,unclassified,Outside six programmes,,0,True
5,SUPT7L,ENSG00000119760,TMEM64,ENSG00000180694,lost_on_activation,0.4702385410085571,-0.1361588097528152,7,unclassified,Outside six programmes,,0,True
5,SUPT7L,ENSG00000119760,AEN,ENSG00000181026,gained_on_activation,-0.3138973076428603,0.4012694040469776,7,unclassified,Outside six programmes,,0,True
5,SUPT7L,ENSG00000119760,CREB3L2,ENSG00000182158,lost_on_activation,0.2696766594525963,-0.2780950156083577,7,unclassified,Outside six programmes,,0,True
5,SUPT7L,ENSG00000119760,BCL9L,ENSG00000186174,gained_on_activation,-0.2813498395172916,0.1671118887661998,7,unclassified,Outside six programmes,,0,True
5,SUPT7L,ENSG00000119760,SUMO2,ENSG00000188612,gained_on_activation,-0.1345695512826049,0.0990874969400006,7,unclassified,Outside six programmes,,0,True
5,SUPT7L,ENSG00000119760,NHLRC3,ENSG00000188811,lost_on_activation,0.2000664034335214,-0.1836233438037976,7,unclassified,Outside six programmes,,0,True
5,SUPT7L,ENSG00000119760,FAM111B,ENSG00000189057,gained_on_activation,-0.3622709949719094,0.4219161279342519,7,unclassified,Outside six programmes,,0,True
5,SUPT7L,ENSG00000119760,LITAF,ENSG00000189067,gained_on_activation,-0.2812790406915815,0.199705780273715,7,unclassified,Outside six programmes,,0,True
5,SUPT7L,ENSG00000119760,IL1RAP,ENSG00000196083,lost_on_activation,0.3420404414000941,-0.3522350528408033,1,tcr_cytokine_signalling,TCR/cytokine signalling,KEGG_CYTOKINE_CYTOKINE_RECEPTOR_INTERACTION,2,False
5,SUPT7L,ENSG00000119760,IL1RAP,ENSG00000196083,lost_on_activation,0.3420404414000941,-0.3522350528408033,3,stress_survival,Stress/survival,KEGG_APOPTOSIS,2,False
5,SUPT7L,ENSG00000119760,SLC6A9,ENSG00000196517,lost_on_activation,0.8563149166672462,-0.4636600482860695,7,unclassified,Outside six programmes,,0,True
5,SUPT7L,ENSG00000119760,GM2A,ENSG00000196743,gained_on_activation,-0.2771499759198683,0.5338595733594103,7,unclassified,Outside six programmes,,0,True
5,SUPT7L,ENSG00000119760,FAM3C,ENSG00000196937,lost_on_activation,0.4333447452437189,-0.3129964720068027,7,unclassified,Outside six programmes,,0,True
5,SUPT7L,ENSG00000119760,YTHDF2,ENSG00000198492,gained_on_activation,-0.1019631272101093,0.0752069090361892,7,unclassified,Outside six programmes,,0,True
5,SUPT7L,ENSG00000119760,APRT,ENSG00000198931,gained_on_activation,-0.2151912110334438,0.1291358334114413,7,unclassified,Outside six programmes,,0,True
5,SUPT7L,ENSG00000119760,PSMB8,ENSG00000204264,gained_on_activation,-0.1891997324945457,0.0976550466413677,2,antigen_processing_proteasome,Antigen processing/proteasome,KEGG_PROTEASOME,1,False
5,SUPT7L,ENSG00000119760,PBX2,ENSG00000204304,gained_on_activation,-0.1551885612896194,0.1099060927681865,7,unclassified,Outside six programmes,,0,True
5,SUPT7L,ENSG00000119760,PSMB10,ENSG00000205220,gained_on_activation,-0.2151517405140763,0.1723601843259764,2,antigen_processing_proteasome,Antigen processing/proteasome,KEGG_PROTEASOME,1,False
5,SUPT7L,ENSG00000119760,SNX2,ENSG00000205302,lost_on_activation,0.135333146577211,-0.1677229760412182,7,unclassified,Outside six programmes,,0,True
5,SUPT7L,ENSG00000119760,SACM1L,ENSG00000211456,lost_on_activation,0.13840783878379,-0.2857281085273894,7,unclassified,Outside six programmes,,0,True
5,SUPT7L,ENSG00000119760,AP1G2,ENSG00000213983,gained_on_activation,-0.1285704367719573,0.1421371397510242,7,unclassified,Outside six programmes,,0,True
5,SUPT7L,ENSG00000119760,PSMB9,ENSG00000240065,gained_on_activation,-0.19035058034073,0.2180016582571629,2,antigen_processing_proteasome,Antigen processing/proteasome,KEGG_PROTEASOME,1,False
5,SUPT7L,ENSG00000119760,CHURC1,ENSG00000258289,gained_on_activation,-0.0823036952170941,0.134623852734576,7,unclassified,Outside six programmes,,0,True
5,SUPT7L,ENSG00000119760,EGLN2,ENSG00000269858,gained_on_activation,-0.1642541395403888,0.1444129506417383,7,unclassified,Outside six programmes,,0,True
5,SUPT7L,ENSG00000119760,UHRF1,ENSG00000276043,gained_on_activation,-0.3374175602301594,0.3510353469740314,7,unclassified,Outside six programmes,,0,True
6,TAF6L,ENSG00000162227,PHTF2,ENSG00000006576,lost_on_activation,0.3445482900057573,-0.2538601231795164,7,unclassified,Outside six programmes,,0,True
6,TAF6L,ENSG00000162227,RANBP9,ENSG00000010017,lost_on_activation,0.2886495485335039,-0.2634590891438418,7,unclassified,Outside six programmes,,0,True
6,TAF6L,ENSG00000162227,BIRC3,ENSG00000023445,lost_on_activation,0.5694483780592724,-0.3283092524175944,3,stress_survival,Stress/survival,KEGG_APOPTOSIS,1,False
6,TAF6L,ENSG00000162227,STAP1,ENSG00000035720,lost_on_activation,0.7812214050996317,-0.7169350251056681,7,unclassified,Outside six programmes,,0,True
6,TAF6L,ENSG00000162227,RFC1,ENSG00000035928,lost_on_activation,0.1633081617154657,-0.4751097421616475,4,proliferation,Proliferation,KEGG_DNA_REPLICATION,1,False
6,TAF6L,ENSG00000162227,LCP2,ENSG00000043462,lost_on_activation,0.182705238799377,-0.1979134313840397,1,tcr_cytokine_signalling,TCR/cytokine signalling,KEGG_T_CELL_RECEPTOR_SIGNALING_PATHWAY,1,False
6,TAF6L,ENSG00000162227,YBX3,ENSG00000060138,gained_on_activation,-0.4509898858231718,0.2183812294666811,7,unclassified,Outside six programmes,,0,True
6,TAF6L,ENSG00000162227,MTMR1,ENSG00000063601,gained_on_activation,-0.1767964525802095,0.2431286374436738,7,unclassified,Outside six programmes,,0,True
6,TAF6L,ENSG00000162227,CNN2,ENSG00000064666,gained_on_activation,-0.1911159281058431,0.2028389899642207,7,unclassified,Outside six programmes,,0,True
6,TAF6L,ENSG00000162227,WIPI1,ENSG00000070540,lost_on_activation,0.6540340471067995,-0.2172540829637731,7,unclassified,Outside six programmes,,0,True
6,TAF6L,ENSG00000162227,MAP4K4,ENSG00000071054,gained_on_activation,-0.3396843112588364,0.2904784342267831,7,unclassified,Outside six programmes,,0,True
6,TAF6L,ENSG00000162227,PALS1,ENSG00000072415,lost_on_activation,0.3163637098603064,-0.3307878806196058,7,unclassified,Outside six programmes,,0,True
6,TAF6L,ENSG00000162227,DGKD,ENSG00000077044,gained_on_activation,-0.2484449937892462,0.3868989688491493,7,unclassified,Outside six programmes,,0,True
6,TAF6L,ENSG00000162227,SNX10,ENSG00000086300,lost_on_activation,0.3928233943027059,-0.2317135701261246,7,unclassified,Outside six programmes,,0,True
6,TAF6L,ENSG00000162227,PPP1R15A,ENSG00000087074,lost_on_activation,0.3488009931612053,-0.3941829948359525,7,unclassified,Outside six programmes,,0,True
6,TAF6L,ENSG00000162227,BAX,ENSG00000087088,gained_on_activation,-0.3680453154280486,0.3140294156881905,3,stress_survival,Stress/survival,KEGG_APOPTOSIS,1,False
6,TAF6L,ENSG00000162227,DOCK9,ENSG00000088387,gained_on_activation,-0.2596087072513061,0.2087559984187004,7,unclassified,Outside six programmes,,0,True
6,TAF6L,ENSG00000162227,PSME1,ENSG00000092010,gained_on_activation,-0.1813797257914984,0.2605820914285329,2,antigen_processing_proteasome,Antigen processing/proteasome,KEGG_ANTIGEN_PROCESSING_AND_PRESENTATION;KEGG_PROTEASOME,1,False
6,TAF6L,ENSG00000162227,LRRFIP2,ENSG00000093167,lost_on_activation,0.2383089974413811,-0.2985617219558834,7,unclassified,Outside six programmes,,0,True
6,TAF6L,ENSG00000162227,CREM,ENSG00000095794,lost_on_activation,0.5601213143886783,-0.2629211810273803,7,unclassified,Outside six programmes,,0,True
6,TAF6L,ENSG00000162227,JAK2,ENSG00000096968,gained_on_activation,-0.2610051993277319,0.2535395416781561,1,tcr_cytokine_signalling,TCR/cytokine signalling,KEGG_JAK_STAT_SIGNALING_PATHWAY,2,False
6,TAF6L,ENSG00000162227,JAK2,ENSG00000096968,gained_on_activation,-0.2610051993277319,0.2535395416781561,6,synapse_trafficking,Synapse/trafficking,KEGG_CHEMOKINE_SIGNALING_PATHWAY,2,False
6,TAF6L,ENSG00000162227,OSM,ENSG00000099985,lost_on_activation,0.8936633498079355,-0.4776376066344198,1,tcr_cytokine_signalling,TCR/cytokine signalling,KEGG_CYTOKINE_CYTOKINE_RECEPTOR_INTERACTION;KEGG_JAK_STAT_SIGNALING_PATHWAY,1,False
6,TAF6L,ENSG00000162227,DDX17,ENSG00000100201,gained_on_activation,-0.1080239770017722,0.1833844122343985,7,unclassified,Outside six programmes,,0,True
6,TAF6L,ENSG00000162227,IL2RB,ENSG00000100385,lost_on_activation,0.3865038548910035,-0.4810108304699223,1,tcr_cytokine_signalling,TCR/cytokine signalling,KEGG_CYTOKINE_CYTOKINE_RECEPTOR_INTERACTION;KEGG_JAK_STAT_SIGNALING_PATHWAY,2,False
6,TAF6L,ENSG00000162227,IL2RB,ENSG00000100385,lost_on_activation,0.3865038548910035,-0.4810108304699223,6,synapse_trafficking,Synapse/trafficking,KEGG_ENDOCYTOSIS,2,False
6,TAF6L,ENSG00000162227,PRORP,ENSG00000100890,gained_on_activation,-0.1854147363808918,0.216140217051311,7,unclassified,Outside six programmes,,0,True
6,TAF6L,ENSG00000162227,PSME2,ENSG00000100911,gained_on_activation,-0.2135967082035754,0.2485518069546311,2,antigen_processing_proteasome,Antigen processing/proteasome,KEGG_ANTIGEN_PROCESSING_AND_PRESENTATION;KEGG_PROTEASOME,1,False
6,TAF6L,ENSG00000162227,SLA2,ENSG00000101082,lost_on_activation,0.2007743346358678,-0.5936105743335457,7,unclassified,Outside six programmes,,0,True
6,TAF6L,ENSG00000162227,TLE5,ENSG00000104964,gained_on_activation,-0.2496641248856221,0.2318350343556717,7,unclassified,Outside six programmes,,0,True
6,TAF6L,ENSG00000162227,MAP3K8,ENSG00000107968,lost_on_activation,0.3168967518875202,-0.2854435149526634,1,tcr_cytokine_signalling,TCR/cytokine signalling,KEGG_T_CELL_RECEPTOR_SIGNALING_PATHWAY,1,False
6,TAF6L,ENSG00000162227,CPD,ENSG00000108582,lost_on_activation,0.4719212313348489,-0.3227551651982521,7,unclassified,Outside six programmes,,0,True
6,TAF6L,ENSG00000162227,ICAM2,ENSG00000108622,gained_on_activation,-0.248261160129437,0.3812993886451539,6,synapse_trafficking,Synapse/trafficking,KEGG_CELL_ADHESION_MOLECULES_CAMS,1,False
6,TAF6L,ENSG00000162227,LPXN,ENSG00000110031,lost_on_activation,0.1914844964854935,-0.3309940604034478,7,unclassified,Outside six programmes,,0,True
6,TAF6L,ENSG00000162227,BTN3A3,ENSG00000111801,gained_on_activation,-0.3356687127476013,0.408341576914591,7,unclassified,Outside six programmes,,0,True
6,TAF6L,ENSG00000162227,MAN1A1,ENSG00000111885,lost_on_activation,0.4751445715977546,-0.2802987771555776,7,unclassified,Outside six programmes,,0,True
6,TAF6L,ENSG00000162227,SLC35A3,ENSG00000117620,lost_on_activation,0.1884257586997516,-0.1970876177025347,7,unclassified,Outside six programmes,,0,True
6,TAF6L,ENSG00000162227,NDUFB3,ENSG00000119013,lost_on_activation,0.1415094913409183,-0.1335752013325141,5,metabolism_mitochondria,Metabolism/mitochondria,KEGG_OXIDATIVE_PHOSPHORYLATION,1,False
6,TAF6L,ENSG00000162227,IFIT3,ENSG00000119917,lost_on_activation,1.3769920058656302,-2.031289377419108,7,unclassified,Outside six programmes,,0,True
6,TAF6L,ENSG00000162227,IFIT2,ENSG00000119922,lost_on_activation,3.228147384046962,-3.329799917234413,7,unclassified,Outside six programmes,,0,True
6,TAF6L,ENSG00000162227,SCPEP1,ENSG00000121064,lost_on_activation,0.4937393362894305,-0.4386789329467092,7,unclassified,Outside six programmes,,0,True
6,TAF6L,ENSG00000162227,TMEM156,ENSG00000121895,lost_on_activation,0.3607500490652449,-0.327617578058348,7,unclassified,Outside six programmes,,0,True
6,TAF6L,ENSG00000162227,MTERF4,ENSG00000122085,gained_on_activation,-0.2934769564703887,0.1847117618190485,7,unclassified,Outside six programmes,,0,True
6,TAF6L,ENSG00000162227,IRF1,ENSG00000125347,gained_on_activation,-0.3108133854693466,0.3733445440282076,7,unclassified,Outside six programmes,,0,True
6,TAF6L,ENSG00000162227,INSIG2,ENSG00000125629,lost_on_activation,0.2103304032471017,-0.2631329889658813,7,unclassified,Outside six programmes,,0,True
6,TAF6L,ENSG00000162227,GPR108,ENSG00000125734,lost_on_activation,0.2267744272856816,-0.2393764249215387,7,unclassified,Outside six programmes,,0,True
6,TAF6L,ENSG00000162227,CCR7,ENSG00000126353,gained_on_activation,-1.1727908883037823,1.6146198928425288,1,tcr_cytokine_signalling,TCR/cytokine signalling,KEGG_CYTOKINE_CYTOKINE_RECEPTOR_INTERACTION,2,False
6,TAF6L,ENSG00000162227,CCR7,ENSG00000126353,gained_on_activation,-1.1727908883037823,1.6146198928425288,6,synapse_trafficking,Synapse/trafficking,KEGG_CHEMOKINE_SIGNALING_PATHWAY,2,False
6,TAF6L,ENSG00000162227,STAT5A,ENSG00000126561,gained_on_activation,-0.3282232869931042,0.4517906980580354,1,tcr_cytokine_signalling,TCR/cytokine signalling,KEGG_JAK_STAT_SIGNALING_PATHWAY,1,False
6,TAF6L,ENSG00000162227,UXT,ENSG00000126756,gained_on_activation,-0.1685807724246151,0.1270143763688103,7,unclassified,Outside six programmes,,0,True
6,TAF6L,ENSG00000162227,ADORA2A,ENSG00000128271,lost_on_activation,0.4482514856605123,-0.4384930908994645,7,unclassified,Outside six programmes,,0,True
6,TAF6L,ENSG00000162227,APOL3,ENSG00000128284,gained_on_activation,-0.259286453571279,0.4199340630737289,7,unclassified,Outside six programmes,,0,True
6,TAF6L,ENSG00000162227,CD68,ENSG00000129226,lost_on_activation,0.8509324620354572,-0.3864623490160523,7,unclassified,Outside six programmes,,0,True
6,TAF6L,ENSG00000162227,THEM6,ENSG00000130193,gained_on_activation,-0.3504152191849162,0.4024343452741212,7,unclassified,Outside six programmes,,0,True
6,TAF6L,ENSG00000162227,MPP1,ENSG00000130830,lost_on_activation,0.4009666125086832,-0.2255314450522735,7,unclassified,Outside six programmes,,0,True
6,TAF6L,ENSG00000162227,TRAF3,ENSG00000131323,lost_on_activation,0.1401331137275171,-0.2069020109175761,7,unclassified,Outside six programmes,,0,True
6,TAF6L,ENSG00000162227,SH3BP5,ENSG00000131370,gained_on_activation,-0.4122719179684779,0.5789580685425701,7,unclassified,Outside six programmes,,0,True
6,TAF6L,ENSG00000162227,TRIM22,ENSG00000132274,gained_on_activation,-0.7797457214976695,0.4447292658253459,7,unclassified,Outside six programmes,,0,True
6,TAF6L,ENSG00000162227,RBM38,ENSG00000132819,lost_on_activation,0.523468529757526,-0.2301457965615262,7,unclassified,Outside six programmes,,0,True
6,TAF6L,ENSG00000162227,PATJ,ENSG00000132849,gained_on_activation,-0.5326837186853861,0.4559116467401175,7,unclassified,Outside six programmes,,0,True
6,TAF6L,ENSG00000162227,ARL8B,ENSG00000134108,lost_on_activation,0.1554182552590462,-0.1809531882925643,7,unclassified,Outside six programmes,,0,True
6,TAF6L,ENSG00000162227,EDEM1,ENSG00000134109,lost_on_activation,0.168605973271942,-0.2239814285184816,7,unclassified,Outside six programmes,,0,True
6,TAF6L,ENSG00000162227,PTPN22,ENSG00000134242,lost_on_activation,0.1771438664975688,-0.3078558254398165,7,unclassified,Outside six programmes,,0,True
6,TAF6L,ENSG00000162227,IL2RA,ENSG00000134460,lost_on_activation,0.8697238173213687,-0.2381768984115813,1,tcr_cytokine_signalling,TCR/cytokine signalling,KEGG_CYTOKINE_CYTOKINE_RECEPTOR_INTERACTION;KEGG_JAK_STAT_SIGNALING_PATHWAY,2,False
6,TAF6L,ENSG00000162227,IL2RA,ENSG00000134460,lost_on_activation,0.8697238173213687,-0.2381768984115813,6,synapse_trafficking,Synapse/trafficking,KEGG_ENDOCYTOSIS,2,False
6,TAF6L,ENSG00000162227,AGTPBP1,ENSG00000135049,gained_on_activation,-0.1832864320104193,0.1727518288715558,7,unclassified,Outside six programmes,,0,True
6,TAF6L,ENSG00000162227,FBXL8,ENSG00000135722,gained_on_activation,-0.3942801603076042,0.6235298664008656,7,unclassified,Outside six programmes,,0,True
6,TAF6L,ENSG00000162227,SDCBP,ENSG00000137575,lost_on_activation,0.3566867040557492,-0.315378297015142,7,unclassified,Outside six programmes,,0,True
6,TAF6L,ENSG00000162227,RHOF,ENSG00000139725,gained_on_activation,-0.2642603239288659,0.1639322529079053,7,unclassified,Outside six programmes,,0,True
6,TAF6L,ENSG00000162227,GPR65,ENSG00000140030,lost_on_activation,0.282522608177304,-0.3116290798535074,7,unclassified,Outside six programmes,,0,True
6,TAF6L,ENSG00000162227,LINS1,ENSG00000140471,gained_on_activation,-0.3817438629891733,0.200335864231803,7,unclassified,Outside six programmes,,0,True
6,TAF6L,ENSG00000162227,IGFBP4,ENSG00000141753,gained_on_activation,-1.8349784636646207,1.3434708448683388,7,unclassified,Outside six programmes,,0,True
6,TAF6L,ENSG00000162227,EMP3,ENSG00000142227,gained_on_activation,-0.1240387583298794,0.2485489444237545,7,unclassified,Outside six programmes,,0,True
6,TAF6L,ENSG00000162227,PFDN2,ENSG00000143256,lost_on_activation,0.1907048134351031,-0.1819107999892816,7,unclassified,Outside six programmes,,0,True
6,TAF6L,ENSG00000162227,ATP8B2,ENSG00000143515,gained_on_activation,-0.3215089226072636,0.2108384318390236,7,unclassified,Outside six programmes,,0,True
6,TAF6L,ENSG00000162227,PLAC8,ENSG00000145287,gained_on_activation,-0.7207755881865232,1.0128214990210518,7,unclassified,Outside six programmes,,0,True
6,TAF6L,ENSG00000162227,SURF4,ENSG00000148248,lost_on_activation,0.1547675628701816,-0.1999830792054125,7,unclassified,Outside six programmes,,0,True
6,TAF6L,ENSG00000162227,PELO,ENSG00000152684,lost_on_activation,0.3717396103767926,-0.2648818580972873,7,unclassified,Outside six programmes,,0,True
6,TAF6L,ENSG00000162227,RASSF3,ENSG00000153179,gained_on_activation,-0.4346694573288403,0.2215194993663538,7,unclassified,Outside six programmes,,0,True
6,TAF6L,ENSG00000162227,PLCL2,ENSG00000154822,gained_on_activation,-0.2225816672984377,0.2364694934384912,7,unclassified,Outside six programmes,,0,True
6,TAF6L,ENSG00000162227,SAMSN1,ENSG00000155307,lost_on_activation,0.5167024197144026,-0.349766991958445,7,unclassified,Outside six programmes,,0,True
6,TAF6L,ENSG00000162227,SLA,ENSG00000155926,lost_on_activation,0.3291458032887228,-0.5198048296276004,7,unclassified,Outside six programmes,,0,True
6,TAF6L,ENSG00000162227,PHF6,ENSG00000156531,lost_on_activation,0.2530816569176026,-0.3452038298174859,7,unclassified,Outside six programmes,,0,True
6,TAF6L,ENSG00000162227,CD109,ENSG00000156535,lost_on_activation,0.8217053471344139,-0.2774068772132483,7,unclassified,Outside six programmes,,0,True
6,TAF6L,ENSG00000162227,RAB11FIP1,ENSG00000156675,lost_on_activation,0.2770049580900808,-0.5767725661165348,6,synapse_trafficking,Synapse/trafficking,KEGG_ENDOCYTOSIS,1,False
6,TAF6L,ENSG00000162227,TBC1D31,ENSG00000156787,lost_on_activation,0.374140381467674,-0.2209447008049786,7,unclassified,Outside six programmes,,0,True
6,TAF6L,ENSG00000162227,MIS18A,ENSG00000159055,lost_on_activation,0.274917787914905,-0.1334301164036936,7,unclassified,Outside six programmes,,0,True
6,TAF6L,ENSG00000162227,ENTREP3,ENSG00000160767,gained_on_activation,-0.3228015774186555,0.2582994331363933,7,unclassified,Outside six programmes,,0,True
6,TAF6L,ENSG00000162227,SQSTM1,ENSG00000161011,lost_on_activation,0.2321939021259926,-0.3172461134626652,7,unclassified,Outside six programmes,,0,True
6,TAF6L,ENSG00000162227,GFI1,ENSG00000162676,lost_on_activation,0.6459319783332831,-0.263369498228354,7,unclassified,Outside six programmes,,0,True
6,TAF6L,ENSG00000162227,ARHGAP25,ENSG00000163219,gained_on_activation,-0.2784721674256835,0.2316616072802362,7,unclassified,Outside six programmes,,0,True
6,TAF6L,ENSG00000162227,RNF168,ENSG00000163961,gained_on_activation,-0.2059624748484169,0.3192558946554099,7,unclassified,Outside six programmes,,0,True
6,TAF6L,ENSG00000162227,BDH2,ENSG00000164039,gained_on_activation,-0.2700560940853979,0.2576865396495363,7,unclassified,Outside six programmes,,0,True
6,TAF6L,ENSG00000162227,SHISA5,ENSG00000164054,gained_on_activation,-0.2451228428404434,0.3584262776820973,7,unclassified,Outside six programmes,,0,True
6,TAF6L,ENSG00000162227,SPRY1,ENSG00000164056,lost_on_activation,1.5236513294984932,-0.3959013314773071,1,tcr_cytokine_signalling,TCR/cytokine signalling,KEGG_JAK_STAT_SIGNALING_PATHWAY,1,False
6,TAF6L,ENSG00000162227,CFAP97,ENSG00000164323,gained_on_activation,-0.2576107219399789,0.1938096817565585,7,unclassified,Outside six programmes,,0,True
6,TAF6L,ENSG00000162227,BRWD3,ENSG00000165288,gained_on_activation,-0.2222383408823807,0.3088184908408016,7,unclassified,Outside six programmes,,0,True
6,TAF6L,ENSG00000162227,TRUB1,ENSG00000165832,lost_on_activation,0.3686834947937128,-0.3520643785719515,7,unclassified,Outside six programmes,,0,True
6,TAF6L,ENSG00000162227,MAPRE2,ENSG00000166974,lost_on_activation,0.1485600437305422,-0.3821207969739956,7,unclassified,Outside six programmes,,0,True
6,TAF6L,ENSG00000162227,WDR81,ENSG00000167716,gained_on_activation,-0.26302634954716,0.42734524590451,7,unclassified,Outside six programmes,,0,True
6,TAF6L,ENSG00000162227,RAB4A,ENSG00000168118,gained_on_activation,-0.2192200881004024,0.1717289123915601,6,synapse_trafficking,Synapse/trafficking,KEGG_ENDOCYTOSIS,1,False
6,TAF6L,ENSG00000162227,TAP1,ENSG00000168394,gained_on_activation,-0.3099069894422578,0.287636299097942,2,antigen_processing_proteasome,Antigen processing/proteasome,KEGG_ANTIGEN_PROCESSING_AND_PRESENTATION,1,False
6,TAF6L,ENSG00000162227,HEXIM2,ENSG00000168517,gained_on_activation,-0.9133492892296656,0.6058265441541777,7,unclassified,Outside six programmes,,0,True
6,TAF6L,ENSG00000162227,B3GALNT1,ENSG00000169255,lost_on_activation,0.7965847731137337,-0.9188572749212464,7,unclassified,Outside six programmes,,0,True
6,TAF6L,ENSG00000162227,KLF13,ENSG00000169926,gained_on_activation,-0.2214560056579996,0.2343103826508309,7,unclassified,Outside six programmes,,0,True
6,TAF6L,ENSG00000162227,B3GNT2,ENSG00000170340,lost_on_activation,0.1628018807303663,-0.3712382111833675,7,unclassified,Outside six programmes,,0,True
6,TAF6L,ENSG00000162227,CDC42BPG,ENSG00000171219,gained_on_activation,-1.3365661283436945,0.9434719389161,7,unclassified,Outside six programmes,,0,True
6,TAF6L,ENSG00000162227,SPSB1,ENSG00000171621,gained_on_activation,-0.7326604578181549,0.4633175292228915,7,unclassified,Outside six programmes,,0,True
6,TAF6L,ENSG00000162227,ZMAT3,ENSG00000172667,gained_on_activation,-0.6924461686834179,0.3824780425594959,7,unclassified,Outside six programmes,,0,True
6,TAF6L,ENSG00000162227,GPR160,ENSG00000173890,gained_on_activation,-0.7594021066177348,0.5991803409594124,7,unclassified,Outside six programmes,,0,True
6,TAF6L,ENSG00000162227,FAM91A1,ENSG00000176853,lost_on_activation,0.1481921752699981,-0.1317501304257011,7,unclassified,Outside six programmes,,0,True
6,TAF6L,ENSG00000162227,DEAF1,ENSG00000177030,gained_on_activation,-0.236096381210956,0.2497176485910421,7,unclassified,Outside six programmes,,0,True
6,TAF6L,ENSG00000162227,NAP1L5,ENSG00000177432,lost_on_activation,0.3915504008879601,-0.4444046868428226,7,unclassified,Outside six programmes,,0,True
6,TAF6L,ENSG00000162227,ANXA2R,ENSG00000177721,gained_on_activation,-0.3906540352793088,0.8809346462989006,7,unclassified,Outside six programmes,,0,True
6,TAF6L,ENSG00000162227,PLEC,ENSG00000178209,gained_on_activation,-0.2643371850440471,0.3787732545341743,7,unclassified,Outside six programmes,,0,True
6,TAF6L,ENSG00000162227,MPI,ENSG00000178802,gained_on_activation,-0.5272642349855856,0.1687161800185176,7,unclassified,Outside six programmes,,0,True
6,TAF6L,ENSG00000162227,CYBC1,ENSG00000178927,gained_on_activation,-0.1337967290617802,0.2665498202453476,7,unclassified,Outside six programmes,,0,True
6,TAF6L,ENSG00000162227,AEN,ENSG00000181026,gained_on_activation,-0.3270321379097967,0.4949012005495681,7,unclassified,Outside six programmes,,0,True
6,TAF6L,ENSG00000162227,RELL1,ENSG00000181826,lost_on_activation,0.1747239089426151,-0.3538797264192119,7,unclassified,Outside six programmes,,0,True
6,TAF6L,ENSG00000162227,CREB3L2,ENSG00000182158,lost_on_activation,0.2312435078152557,-0.2631444010345065,7,unclassified,Outside six programmes,,0,True
6,TAF6L,ENSG00000162227,APOBR,ENSG00000184730,lost_on_activation,0.3621968080183728,-0.5399191925875186,7,unclassified,Outside six programmes,,0,True
6,TAF6L,ENSG00000162227,FAM111B,ENSG00000189057,gained_on_activation,-0.5200725591869466,0.4262387848954873,7,unclassified,Outside six programmes,,0,True
6,TAF6L,ENSG00000162227,IL1RAP,ENSG00000196083,lost_on_activation,0.6016452000758987,-0.3434833176819671,1,tcr_cytokine_signalling,TCR/cytokine signalling,KEGG_CYTOKINE_CYTOKINE_RECEPTOR_INTERACTION,2,False
6,TAF6L,ENSG00000162227,IL1RAP,ENSG00000196083,lost_on_activation,0.6016452000758987,-0.3434833176819671,3,stress_survival,Stress/survival,KEGG_APOPTOSIS,2,False
6,TAF6L,ENSG00000162227,TMEM63A,ENSG00000196187,gained_on_activation,-0.2535931798906443,0.3560416042641166,7,unclassified,Outside six programmes,,0,True
6,TAF6L,ENSG00000162227,GAL3ST4,ENSG00000197093,gained_on_activation,-2.902181304709904,1.2970845301149188,7,unclassified,Outside six programmes,,0,True
6,TAF6L,ENSG00000162227,SPTAN1,ENSG00000197694,gained_on_activation,-0.2300375805456401,0.139643016337204,7,unclassified,Outside six programmes,,0,True
6,TAF6L,ENSG00000162227,TXNRD1,ENSG00000198431,lost_on_activation,0.1550907952584192,-0.5239402118383375,7,unclassified,Outside six programmes,,0,True
6,TAF6L,ENSG00000162227,DENND4B,ENSG00000198837,gained_on_activation,-0.2309411412367854,0.2538943972360298,7,unclassified,Outside six programmes,,0,True
6,TAF6L,ENSG00000162227,PBX2,ENSG00000204304,gained_on_activation,-0.1801666672485508,0.2929065984074534,7,unclassified,Outside six programmes,,0,True
6,TAF6L,ENSG00000162227,AP1G2,ENSG00000213983,gained_on_activation,-0.2806961568530158,0.1714315646314662,7,unclassified,Outside six programmes,,0,True
6,TAF6L,ENSG00000162227,CPNE1,ENSG00000214078,gained_on_activation,-0.1149993817106575,0.2233204633119334,7,unclassified,Outside six programmes,,0,True
6,TAF6L,ENSG00000162227,PSMB9,ENSG00000240065,gained_on_activation,-0.1808872057153239,0.3453681902970083,2,antigen_processing_proteasome,Antigen processing/proteasome,KEGG_PROTEASOME,1,False
6,TAF6L,ENSG00000162227,EID1,ENSG00000255302,lost_on_activation,0.1817354314250557,-0.1565798697230676,7,unclassified,Outside six programmes,,0,True
7,NCKAP1L,ENSG00000123338,BLTP2,ENSG00000007202,lost_on_activation,0.1465557916780127,-0.1987688151166496,7,unclassified,Outside six programmes,,0,True
7,NCKAP1L,ENSG00000123338,PPP5C,ENSG00000011485,lost_on_activation,0.2789857409763685,-0.3193667996667395,7,unclassified,Outside six programmes,,0,True
7,NCKAP1L,ENSG00000123338,UBR2,ENSG00000024048,gained_on_activation,-0.2109605606436494,0.2181513973108678,7,unclassified,Outside six programmes,,0,True
7,NCKAP1L,ENSG00000123338,CTNS,ENSG00000040531,lost_on_activation,0.3264478121133932,-0.5447258173922774,7,unclassified,Outside six programmes,,0,True
7,NCKAP1L,ENSG00000123338,GPBP1,ENSG00000062194,gained_on_activation,-0.1580882081048299,0.1185372431204037,7,unclassified,Outside six programmes,,0,True
7,NCKAP1L,ENSG00000123338,U2AF2,ENSG00000063244,lost_on_activation,0.2872178604524449,-0.2448603431038963,7,unclassified,Outside six programmes,,0,True
7,NCKAP1L,ENSG00000123338,MCM10,ENSG00000065328,lost_on_activation,0.5152399245880324,-0.2517909134860492,7,unclassified,Outside six programmes,,0,True
7,NCKAP1L,ENSG00000123338,ACAP1,ENSG00000072818,gained_on_activation,-0.1882442617409229,0.146516291376781,6,synapse_trafficking,Synapse/trafficking,KEGG_ENDOCYTOSIS,1,False
7,NCKAP1L,ENSG00000123338,HACD3,ENSG00000074696,lost_on_activation,0.2646003370357082,-0.2391586354305346,7,unclassified,Outside six programmes,,0,True
7,NCKAP1L,ENSG00000123338,REXO2,ENSG00000076043,gained_on_activation,-0.1717451562340895,0.1919253035809665,7,unclassified,Outside six programmes,,0,True
7,NCKAP1L,ENSG00000123338,VDAC3,ENSG00000078668,lost_on_activation,0.2569109758643587,-0.1774767797856965,7,unclassified,Outside six programmes,,0,True
7,NCKAP1L,ENSG00000123338,HSP90AA1,ENSG00000080824,lost_on_activation,0.4117564973627415,-0.3780423448205988,2,antigen_processing_proteasome,Antigen processing/proteasome,KEGG_ANTIGEN_PROCESSING_AND_PRESENTATION,1,False
7,NCKAP1L,ENSG00000123338,BZW1,ENSG00000082153,lost_on_activation,0.3186874551724642,-0.2126633033002979,7,unclassified,Outside six programmes,,0,True
7,NCKAP1L,ENSG00000123338,DNAJA1,ENSG00000086061,lost_on_activation,0.3064373832141716,-0.2036422639340191,7,unclassified,Outside six programmes,,0,True
7,NCKAP1L,ENSG00000123338,NUDC,ENSG00000090273,lost_on_activation,0.2936325424556779,-0.2080417235312954,7,unclassified,Outside six programmes,,0,True
7,NCKAP1L,ENSG00000123338,AHSA1,ENSG00000100591,lost_on_activation,0.2277302052786798,-0.2065153001003649,7,unclassified,Outside six programmes,,0,True
7,NCKAP1L,ENSG00000123338,EIF5,ENSG00000100664,lost_on_activation,0.3017130799324994,-0.2302988781940862,7,unclassified,Outside six programmes,,0,True
7,NCKAP1L,ENSG00000123338,WDR13,ENSG00000101940,gained_on_activation,-0.1725349888123038,0.29553398185432,7,unclassified,Outside six programmes,,0,True
7,NCKAP1L,ENSG00000123338,SQLE,ENSG00000104549,lost_on_activation,0.9235835201645368,-0.3257857365147873,7,unclassified,Outside six programmes,,0,True
7,NCKAP1L,ENSG00000123338,TRMT1,ENSG00000104907,lost_on_activation,0.2111846389847713,-0.3460051555513452,7,unclassified,Outside six programmes,,0,True
7,NCKAP1L,ENSG00000123338,PPP6R1,ENSG00000105063,lost_on_activation,0.1795942123065766,-0.2015948011032964,7,unclassified,Outside six programmes,,0,True
7,NCKAP1L,ENSG00000123338,AKT2,ENSG00000105221,lost_on_activation,0.1286917315118138,-0.161959993535089,1,tcr_cytokine_signalling,TCR/cytokine signalling,KEGG_JAK_STAT_SIGNALING_PATHWAY;KEGG_T_CELL_RECEPTOR_SIGNALING_PATHWAY,3,False
7,NCKAP1L,ENSG00000123338,AKT2,ENSG00000105221,lost_on_activation,0.1286917315118138,-0.161959993535089,3,stress_survival,Stress/survival,KEGG_APOPTOSIS;KEGG_MTOR_SIGNALING_PATHWAY,3,False
7,NCKAP1L,ENSG00000123338,AKT2,ENSG00000105221,lost_on_activation,0.1286917315118138,-0.161959993535089,6,synapse_trafficking,Synapse/trafficking,KEGG_CHEMOKINE_SIGNALING_PATHWAY,3,False
7,NCKAP1L,ENSG00000123338,NSMCE4A,ENSG00000107672,lost_on_activation,0.159632872713937,-0.202175408370605,7,unclassified,Outside six programmes,,0,True
7,NCKAP1L,ENSG00000123338,LRRC59,ENSG00000108829,lost_on_activation,0.2485319698472549,-0.2562129763939234,7,unclassified,Outside six programmes,,0,True
7,NCKAP1L,ENSG00000123338,YWHAE,ENSG00000108953,lost_on_activation,0.3147706816065556,-0.1451318206290116,4,proliferation,Proliferation,KEGG_CELL_CYCLE,1,False
7,NCKAP1L,ENSG00000123338,HSPA8,ENSG00000109971,lost_on_activation,0.185743958492892,-0.2602768616569582,2,antigen_processing_proteasome,Antigen processing/proteasome,KEGG_ANTIGEN_PROCESSING_AND_PRESENTATION,2,False
7,NCKAP1L,ENSG00000123338,HSPA8,ENSG00000109971,lost_on_activation,0.185743958492892,-0.2602768616569582,6,synapse_trafficking,Synapse/trafficking,KEGG_ENDOCYTOSIS,2,False
7,NCKAP1L,ENSG00000123338,SLC38A1,ENSG00000111371,lost_on_activation,0.0959574402704864,-0.1499957515777654,7,unclassified,Outside six programmes,,0,True
7,NCKAP1L,ENSG00000123338,ASF1A,ENSG00000111875,lost_on_activation,0.2922232947802188,-0.2111194728874892,7,unclassified,Outside six programmes,,0,True
7,NCKAP1L,ENSG00000123338,CCNC,ENSG00000112237,lost_on_activation,0.1627851586181872,-0.1922646048887086,7,unclassified,Outside six programmes,,0,True
7,NCKAP1L,ENSG00000123338,GMNN,ENSG00000112312,lost_on_activation,0.3021802005712987,-0.1975012106415441,7,unclassified,Outside six programmes,,0,True
7,NCKAP1L,ENSG00000123338,HMGCS1,ENSG00000112972,lost_on_activation,0.5208663130725335,-0.3956769170520103,7,unclassified,Outside six programmes,,0,True
7,NCKAP1L,ENSG00000123338,EIF4G1,ENSG00000114867,lost_on_activation,0.3310930263106299,-0.171257230358674,7,unclassified,Outside six programmes,,0,True
7,NCKAP1L,ENSG00000123338,KDM3A,ENSG00000115548,gained_on_activation,-0.2496961676693395,0.2532387194014917,7,unclassified,Outside six programmes,,0,True
7,NCKAP1L,ENSG00000123338,PHF19,ENSG00000119403,lost_on_activation,0.2131929126127132,-0.1541789858464869,7,unclassified,Outside six programmes,,0,True
7,NCKAP1L,ENSG00000123338,HSPH1,ENSG00000120694,lost_on_activation,0.4174334020130866,-0.3049553629854105,7,unclassified,Outside six programmes,,0,True
7,NCKAP1L,ENSG00000123338,DDX39A,ENSG00000123136,lost_on_activation,0.3096017838481137,-0.1774196296493329,7,unclassified,Outside six programmes,,0,True
7,NCKAP1L,ENSG00000123338,SNRPB2,ENSG00000125870,lost_on_activation,0.1897042018281773,-0.147581577686835,7,unclassified,Outside six programmes,,0,True
7,NCKAP1L,ENSG00000123338,SDF2L1,ENSG00000128228,lost_on_activation,0.2643748197429104,-0.3889197585927705,7,unclassified,Outside six programmes,,0,True
7,NCKAP1L,ENSG00000123338,TOMM40,ENSG00000130204,lost_on_activation,0.5386257891771814,-0.2964864759941115,7,unclassified,Outside six programmes,,0,True
7,NCKAP1L,ENSG00000123338,TUBG1,ENSG00000131462,lost_on_activation,0.3636701668289446,-0.3320542125045981,7,unclassified,Outside six programmes,,0,True
7,NCKAP1L,ENSG00000123338,SCLY,ENSG00000132330,lost_on_activation,0.4392477980149936,-0.3563052892550705,7,unclassified,Outside six programmes,,0,True
7,NCKAP1L,ENSG00000123338,SLC43A3,ENSG00000134802,lost_on_activation,0.5094231980311817,-0.3843071841540613,7,unclassified,Outside six programmes,,0,True
7,NCKAP1L,ENSG00000123338,TIMM10,ENSG00000134809,lost_on_activation,0.299780312522701,-0.1862170373750283,7,unclassified,Outside six programmes,,0,True
7,NCKAP1L,ENSG00000123338,LTV1,ENSG00000135521,lost_on_activation,0.2731056590299614,-0.3731303890020541,7,unclassified,Outside six programmes,,0,True
7,NCKAP1L,ENSG00000123338,FBXL8,ENSG00000135722,gained_on_activation,-0.4537010570223591,0.3925328288811057,7,unclassified,Outside six programmes,,0,True
7,NCKAP1L,ENSG00000123338,HNRNPD,ENSG00000138668,lost_on_activation,0.2162209203552225,-0.2222334298717015,7,unclassified,Outside six programmes,,0,True
7,NCKAP1L,ENSG00000123338,DUSP6,ENSG00000139318,lost_on_activation,1.4572536522338166,-0.3642568993722658,7,unclassified,Outside six programmes,,0,True
7,NCKAP1L,ENSG00000123338,GLYR1,ENSG00000140632,lost_on_activation,0.1645152301834576,-0.2700786369682658,7,unclassified,Outside six programmes,,0,True
7,NCKAP1L,ENSG00000123338,ARHGDIA,ENSG00000141522,lost_on_activation,0.1448936462872624,-0.1536013395038805,7,unclassified,Outside six programmes,,0,True
7,NCKAP1L,ENSG00000123338,SERBP1,ENSG00000142864,lost_on_activation,0.2306409667789671,-0.1589249648378701,7,unclassified,Outside six programmes,,0,True
7,NCKAP1L,ENSG00000123338,PSMA5,ENSG00000143106,lost_on_activation,0.2551750428151093,-0.2280063956959221,2,antigen_processing_proteasome,Antigen processing/proteasome,KEGG_PROTEASOME,1,False
7,NCKAP1L,ENSG00000123338,MANF,ENSG00000145050,lost_on_activation,0.2331095802219399,-0.2257442483461984,7,unclassified,Outside six programmes,,0,True
7,NCKAP1L,ENSG00000123338,ENOPH1,ENSG00000145293,lost_on_activation,0.2058432052048762,-0.1932541918463546,7,unclassified,Outside six programmes,,0,True
7,NCKAP1L,ENSG00000123338,NSDHL,ENSG00000147383,lost_on_activation,0.3971619944963718,-0.2422260164399069,7,unclassified,Outside six programmes,,0,True
7,NCKAP1L,ENSG00000123338,ATM,ENSG00000149311,gained_on_activation,-0.3350553567065433,0.3655868303389208,3,stress_survival,Stress/survival,KEGG_APOPTOSIS,2,False
7,NCKAP1L,ENSG00000123338,ATM,ENSG00000149311,gained_on_activation,-0.3350553567065433,0.3655868303389208,4,proliferation,Proliferation,KEGG_CELL_CYCLE,2,False
7,NCKAP1L,ENSG00000123338,MTA2,ENSG00000149480,lost_on_activation,0.1526715954595683,-0.1580699545052726,7,unclassified,Outside six programmes,,0,True
7,NCKAP1L,ENSG00000123338,CCT5,ENSG00000150753,lost_on_activation,0.3609137552777812,-0.2955028109629968,7,unclassified,Outside six programmes,,0,True
7,NCKAP1L,ENSG00000123338,HNRNPU,ENSG00000153187,lost_on_activation,0.1692751780943645,-0.1632462466481632,7,unclassified,Outside six programmes,,0,True
7,NCKAP1L,ENSG00000123338,UQCRB,ENSG00000156467,gained_on_activation,-0.2266876662433392,0.1471826671450648,5,metabolism_mitochondria,Metabolism/mitochondria,KEGG_OXIDATIVE_PHOSPHORYLATION,1,False
7,NCKAP1L,ENSG00000123338,GART,ENSG00000159131,lost_on_activation,0.2321066262328865,-0.2213400637261704,7,unclassified,Outside six programmes,,0,True
7,NCKAP1L,ENSG00000123338,ORAI2,ENSG00000160991,lost_on_activation,0.1899017841615559,-0.3808554355292191,7,unclassified,Outside six programmes,,0,True
7,NCKAP1L,ENSG00000123338,SRSF2,ENSG00000161547,lost_on_activation,0.2621123446941454,-0.2259410399159747,7,unclassified,Outside six programmes,,0,True
7,NCKAP1L,ENSG00000123338,SMARCAD1,ENSG00000163104,lost_on_activation,0.1421753962747541,-0.236355124997826,7,unclassified,Outside six programmes,,0,True
7,NCKAP1L,ENSG00000123338,S100A11,ENSG00000163191,gained_on_activation,-0.150325781396489,0.2762841298236478,7,unclassified,Outside six programmes,,0,True
7,NCKAP1L,ENSG00000123338,EOGT,ENSG00000163378,lost_on_activation,0.2847942647465586,-0.4544640355136463,7,unclassified,Outside six programmes,,0,True
7,NCKAP1L,ENSG00000123338,DNAAF5,ENSG00000164818,lost_on_activation,0.2664214144802734,-0.3476176978398236,7,unclassified,Outside six programmes,,0,True
7,NCKAP1L,ENSG00000123338,BMS1,ENSG00000165733,lost_on_activation,0.1930362937648105,-0.2443677018249673,7,unclassified,Outside six programmes,,0,True
7,NCKAP1L,ENSG00000123338,TUBA1C,ENSG00000167553,lost_on_activation,0.330040067136024,-0.2327408440847778,7,unclassified,Outside six programmes,,0,True
7,NCKAP1L,ENSG00000123338,PCMTD1,ENSG00000168300,gained_on_activation,-0.2870014914912907,0.3686046650152539,7,unclassified,Outside six programmes,,0,True
7,NCKAP1L,ENSG00000123338,ZDHHC16,ENSG00000171307,lost_on_activation,0.1695030140888904,-0.2557228073269077,7,unclassified,Outside six programmes,,0,True
7,NCKAP1L,ENSG00000123338,RRM2,ENSG00000171848,lost_on_activation,0.3932611018288816,-0.2034083259306102,7,unclassified,Outside six programmes,,0,True
7,NCKAP1L,ENSG00000123338,CHD2,ENSG00000173575,gained_on_activation,-0.1347207720863399,0.1695986821066297,7,unclassified,Outside six programmes,,0,True
7,NCKAP1L,ENSG00000123338,C11orf68,ENSG00000175573,gained_on_activation,-0.2547357778162903,0.3449984813263494,7,unclassified,Outside six programmes,,0,True
7,NCKAP1L,ENSG00000123338,TMEM70,ENSG00000175606,lost_on_activation,0.2058346863052717,-0.2498131486986986,7,unclassified,Outside six programmes,,0,True
7,NCKAP1L,ENSG00000123338,SYNE3,ENSG00000176438,gained_on_activation,-0.1494569101108515,0.192384351828107,7,unclassified,Outside six programmes,,0,True
7,NCKAP1L,ENSG00000123338,C18orf32,ENSG00000177576,gained_on_activation,-0.1335131520387283,0.1955738044174007,7,unclassified,Outside six programmes,,0,True
7,NCKAP1L,ENSG00000123338,COA4,ENSG00000181924,lost_on_activation,0.1771951171930869,-0.269358463855023,7,unclassified,Outside six programmes,,0,True
7,NCKAP1L,ENSG00000123338,UBA7,ENSG00000182179,gained_on_activation,-0.2061235517171102,0.2885449971202293,7,unclassified,Outside six programmes,,0,True
7,NCKAP1L,ENSG00000123338,IRAK1,ENSG00000184216,lost_on_activation,0.2701029123689984,-0.2317850104380731,3,stress_survival,Stress/survival,KEGG_APOPTOSIS,1,False
7,NCKAP1L,ENSG00000123338,PPP1CC,ENSG00000186298,lost_on_activation,0.3450645454669595,-0.1775217806648879,6,synapse_trafficking,Synapse/trafficking,KEGG_REGULATION_OF_ACTIN_CYTOSKELETON,1,False
7,NCKAP1L,ENSG00000123338,INSIG1,ENSG00000186480,lost_on_activation,0.8062427710476608,-0.4565496740151864,7,unclassified,Outside six programmes,,0,True
7,NCKAP1L,ENSG00000123338,ISG15,ENSG00000187608,gained_on_activation,-0.4035698654025518,0.8953856113453434,7,unclassified,Outside six programmes,,0,True
7,NCKAP1L,ENSG00000123338,SF3B3,ENSG00000189091,lost_on_activation,0.2341450925357453,-0.1257304232000297,7,unclassified,Outside six programmes,,0,True
7,NCKAP1L,ENSG00000123338,TRAPPC4,ENSG00000196655,lost_on_activation,0.1396731497616415,-0.1680357231313575,7,unclassified,Outside six programmes,,0,True
7,NCKAP1L,ENSG00000123338,ATAD3A,ENSG00000197785,lost_on_activation,0.3759381701324152,-0.3084006905370369,7,unclassified,Outside six programmes,,0,True
7,NCKAP1L,ENSG00000123338,TFDP1,ENSG00000198176,lost_on_activation,0.3830822801973136,-0.191960565891029,4,proliferation,Proliferation,KEGG_CELL_CYCLE,1,False
7,NCKAP1L,ENSG00000123338,PJA2,ENSG00000198961,gained_on_activation,-0.1118246869812873,0.166189578028898,7,unclassified,Outside six programmes,,0,True
7,NCKAP1L,ENSG00000123338,VAMP2,ENSG00000220205,gained_on_activation,-0.275439541997646,0.219082315381985,7,unclassified,Outside six programmes,,0,True
7,NCKAP1L,ENSG00000123338,NOL7,ENSG00000225921,lost_on_activation,0.239259244589356,-0.2029094396406946,7,unclassified,Outside six programmes,,0,True
7,NCKAP1L,ENSG00000123338,PRKDC,ENSG00000253729,lost_on_activation,0.2156804240119965,-0.2481566754186713,4,proliferation,Proliferation,KEGG_CELL_CYCLE,1,False
7,NCKAP1L,ENSG00000123338,CNPY2,ENSG00000257727,lost_on_activation,0.2411982271674538,-0.2576626580650066,7,unclassified,Outside six programmes,,0,True
8,ARHGAP30,ENSG00000186517,BLTP2,ENSG00000007202,lost_on_activation,0.1297909726632587,-0.171432534605859,7,unclassified,Outside six programmes,,0,True
8,ARHGAP30,ENSG00000186517,CLK1,ENSG00000013441,gained_on_activation,-0.1432136839919205,0.326081794727286,7,unclassified,Outside six programmes,,0,True
8,ARHGAP30,ENSG00000186517,TACC3,ENSG00000013810,lost_on_activation,0.2476979179669875,-0.1345025422157603,7,unclassified,Outside six programmes,,0,True
8,ARHGAP30,ENSG00000186517,FUT8,ENSG00000033170,lost_on_activation,0.1631088381834239,-0.249293469055761,7,unclassified,Outside six programmes,,0,True
8,ARHGAP30,ENSG00000186517,CUL3,ENSG00000036257,lost_on_activation,0.0992420730925213,-0.1248090622631112,7,unclassified,Outside six programmes,,0,True
8,ARHGAP30,ENSG00000186517,AP1M1,ENSG00000072958,lost_on_activation,0.0821148173383135,-0.1250292720866112,7,unclassified,Outside six programmes,,0,True
8,ARHGAP30,ENSG00000186517,TOP2B,ENSG00000077097,lost_on_activation,0.1481337514965129,-0.1692016420449762,7,unclassified,Outside six programmes,,0,True
8,ARHGAP30,ENSG00000186517,IFT25,ENSG00000081870,lost_on_activation,0.1455388892335041,-0.1402409472269463,7,unclassified,Outside six programmes,,0,True
8,ARHGAP30,ENSG00000186517,CHMP2B,ENSG00000083937,gained_on_activation,-0.1431269753643341,0.131587390565029,6,synapse_trafficking,Synapse/trafficking,KEGG_ENDOCYTOSIS,1,False
8,ARHGAP30,ENSG00000186517,PPP1R15A,ENSG00000087074,gained_on_activation,-0.3026704329547591,0.7004715442987646,7,unclassified,Outside six programmes,,0,True
8,ARHGAP30,ENSG00000186517,NECAP1,ENSG00000089818,gained_on_activation,-0.2193133105442353,0.2005602955498649,7,unclassified,Outside six programmes,,0,True
8,ARHGAP30,ENSG00000186517,USP48,ENSG00000090686,lost_on_activation,0.0926820777841254,-0.1212833981093632,7,unclassified,Outside six programmes,,0,True
8,ARHGAP30,ENSG00000186517,FBXL19,ENSG00000099364,lost_on_activation,0.194846667327183,-0.2755491523911302,7,unclassified,Outside six programmes,,0,True
8,ARHGAP30,ENSG00000186517,IL2RB,ENSG00000100385,lost_on_activation,0.3950936534171927,-0.2608109731258785,1,tcr_cytokine_signalling,TCR/cytokine signalling,KEGG_CYTOKINE_CYTOKINE_RECEPTOR_INTERACTION;KEGG_JAK_STAT_SIGNALING_PATHWAY,2,False
8,ARHGAP30,ENSG00000186517,IL2RB,ENSG00000100385,lost_on_activation,0.3950936534171927,-0.2608109731258785,6,synapse_trafficking,Synapse/trafficking,KEGG_ENDOCYTOSIS,2,False
8,ARHGAP30,ENSG00000186517,PGK1,ENSG00000102144,lost_on_activation,0.23643062109746,-0.1598572589441899,5,metabolism_mitochondria,Metabolism/mitochondria,KEGG_GLYCOLYSIS_GLUCONEOGENESIS,1,False
8,ARHGAP30,ENSG00000186517,ASF1B,ENSG00000105011,lost_on_activation,0.3199076937169612,-0.2285132676429832,7,unclassified,Outside six programmes,,0,True
8,ARHGAP30,ENSG00000186517,TAX1BP1,ENSG00000106052,gained_on_activation,-0.1873985501786098,0.1987659800565951,7,unclassified,Outside six programmes,,0,True
8,ARHGAP30,ENSG00000186517,TNFSF8,ENSG00000106952,gained_on_activation,-0.5723342004034304,0.4116759961875703,1,tcr_cytokine_signalling,TCR/cytokine signalling,KEGG_CYTOKINE_CYTOKINE_RECEPTOR_INTERACTION,1,False
8,ARHGAP30,ENSG00000186517,ICAM2,ENSG00000108622,gained_on_activation,-0.2421837087957957,0.2055636801811854,6,synapse_trafficking,Synapse/trafficking,KEGG_CELL_ADHESION_MOLECULES_CAMS,1,False
8,ARHGAP30,ENSG00000186517,CHIC2,ENSG00000109220,gained_on_activation,-0.2045660702830778,0.3131448125893212,7,unclassified,Outside six programmes,,0,True
8,ARHGAP30,ENSG00000186517,NFKB1,ENSG00000109320,gained_on_activation,-0.1776229057658842,0.145290630235036,1,tcr_cytokine_signalling,TCR/cytokine signalling,KEGG_T_CELL_RECEPTOR_SIGNALING_PATHWAY,3,False
8,ARHGAP30,ENSG00000186517,NFKB1,ENSG00000109320,gained_on_activation,-0.1776229057658842,0.145290630235036,3,stress_survival,Stress/survival,KEGG_APOPTOSIS,3,False
8,ARHGAP30,ENSG00000186517,NFKB1,ENSG00000109320,gained_on_activation,-0.1776229057658842,0.145290630235036,6,synapse_trafficking,Synapse/trafficking,KEGG_CHEMOKINE_SIGNALING_PATHWAY,3,False
8,ARHGAP30,ENSG00000186517,PPP2R5D,ENSG00000112640,lost_on_activation,0.1362893697029489,-0.114995513739506,7,unclassified,Outside six programmes,,0,True
8,ARHGAP30,ENSG00000186517,LMNB1,ENSG00000113368,lost_on_activation,0.2903941376797008,-0.1352252802296887,7,unclassified,Outside six programmes,,0,True
8,ARHGAP30,ENSG00000186517,MACROH2A1,ENSG00000113648,lost_on_activation,0.1247254687673758,-0.1595985914841927,7,unclassified,Outside six programmes,,0,True
8,ARHGAP30,ENSG00000186517,HDAC1,ENSG00000116478,lost_on_activation,0.1551749773190013,-0.1544574463647046,4,proliferation,Proliferation,KEGG_CELL_CYCLE,1,False
8,ARHGAP30,ENSG00000186517,NDUFB3,ENSG00000119013,lost_on_activation,0.1357430294647607,-0.140028160926961,5,metabolism_mitochondria,Metabolism/mitochondria,KEGG_OXIDATIVE_PHOSPHORYLATION,1,False
8,ARHGAP30,ENSG00000186517,YPEL5,ENSG00000119801,gained_on_activation,-0.3210644188347847,0.2803341738938606,7,unclassified,Outside six programmes,,0,True
8,ARHGAP30,ENSG00000186517,YIPF4,ENSG00000119820,gained_on_activation,-0.1055833267556617,0.1715985433294124,7,unclassified,Outside six programmes,,0,True
8,ARHGAP30,ENSG00000186517,TNFRSF10B,ENSG00000120889,gained_on_activation,-0.460547673209488,0.3817252882815415,1,tcr_cytokine_signalling,TCR/cytokine signalling,KEGG_CYTOKINE_CYTOKINE_RECEPTOR_INTERACTION,2,False
8,ARHGAP30,ENSG00000186517,TNFRSF10B,ENSG00000120889,gained_on_activation,-0.460547673209488,0.3817252882815415,3,stress_survival,Stress/survival,KEGG_APOPTOSIS,2,False
8,ARHGAP30,ENSG00000186517,CDK2,ENSG00000123374,lost_on_activation,0.3228483835755828,-0.1286796753645477,4,proliferation,Proliferation,KEGG_CELL_CYCLE,1,False
8,ARHGAP30,ENSG00000186517,KLHDC3,ENSG00000124702,lost_on_activation,0.1235819030226774,-0.1587652407033519,7,unclassified,Outside six programmes,,0,True
8,ARHGAP30,ENSG00000186517,BBS2,ENSG00000125124,gained_on_activation,-0.496187024047591,0.2760381297934747,7,unclassified,Outside six programmes,,0,True
8,ARHGAP30,ENSG00000186517,TMTC4,ENSG00000125247,lost_on_activation,0.2767989860699263,-0.3444121273208474,7,unclassified,Outside six programmes,,0,True
8,ARHGAP30,ENSG00000186517,MCM8,ENSG00000125885,lost_on_activation,0.3104687032773892,-0.1255532391017685,7,unclassified,Outside six programmes,,0,True
8,ARHGAP30,ENSG00000186517,YWHAH,ENSG00000128245,lost_on_activation,0.232531351269111,-0.1601705563673364,4,proliferation,Proliferation,KEGG_CELL_CYCLE,1,False
8,ARHGAP30,ENSG00000186517,UBE2G1,ENSG00000132388,lost_on_activation,0.1084527540242513,-0.1281873029194534,7,unclassified,Outside six programmes,,0,True
8,ARHGAP30,ENSG00000186517,BTG1,ENSG00000133639,gained_on_activation,-0.4169814355544279,0.2411817632604831,7,unclassified,Outside six programmes,,0,True
8,ARHGAP30,ENSG00000186517,TMEM106C,ENSG00000134291,lost_on_activation,0.2506654666820997,-0.1281164208331671,7,unclassified,Outside six programmes,,0,True
8,ARHGAP30,ENSG00000186517,IL2RA,ENSG00000134460,lost_on_activation,0.6711876440119077,-0.2685485344807682,1,tcr_cytokine_signalling,TCR/cytokine signalling,KEGG_CYTOKINE_CYTOKINE_RECEPTOR_INTERACTION;KEGG_JAK_STAT_SIGNALING_PATHWAY,2,False
8,ARHGAP30,ENSG00000186517,IL2RA,ENSG00000134460,lost_on_activation,0.6711876440119077,-0.2685485344807682,6,synapse_trafficking,Synapse/trafficking,KEGG_ENDOCYTOSIS,2,False
8,ARHGAP30,ENSG00000186517,EIF4E2,ENSG00000135930,lost_on_activation,0.1156220528942008,-0.1327485826674629,3,stress_survival,Stress/survival,KEGG_MTOR_SIGNALING_PATHWAY,1,False
8,ARHGAP30,ENSG00000186517,WASHC4,ENSG00000136051,gained_on_activation,-0.1339476253744993,0.1046131562773745,7,unclassified,Outside six programmes,,0,True
8,ARHGAP30,ENSG00000186517,GOLGA1,ENSG00000136935,gained_on_activation,-0.2981069075103032,0.1880310044975229,7,unclassified,Outside six programmes,,0,True
8,ARHGAP30,ENSG00000186517,PPP2R1B,ENSG00000137713,lost_on_activation,0.1413594769971685,-0.1339910502696632,7,unclassified,Outside six programmes,,0,True
8,ARHGAP30,ENSG00000186517,MAP1LC3B,ENSG00000140941,gained_on_activation,-0.2166880566610901,0.2977613676246689,7,unclassified,Outside six programmes,,0,True
8,ARHGAP30,ENSG00000186517,ITGB3BP,ENSG00000142856,lost_on_activation,0.23009232064768,-0.1007223496303001,7,unclassified,Outside six programmes,,0,True
8,ARHGAP30,ENSG00000186517,POGZ,ENSG00000143442,gained_on_activation,-0.1584307228105265,0.1589386059750465,7,unclassified,Outside six programmes,,0,True
8,ARHGAP30,ENSG00000186517,ZCCHC7,ENSG00000147905,gained_on_activation,-0.2259745541689393,0.1617667760888927,7,unclassified,Outside six programmes,,0,True
8,ARHGAP30,ENSG00000186517,DSN1,ENSG00000149636,lost_on_activation,0.2132950069379802,-0.2203514840678028,7,unclassified,Outside six programmes,,0,True
8,ARHGAP30,ENSG00000186517,MIA2,ENSG00000150527,gained_on_activation,-0.2429313911192961,0.2456192599817194,7,unclassified,Outside six programmes,,0,True
8,ARHGAP30,ENSG00000186517,NCAPD3,ENSG00000151503,lost_on_activation,0.2681951211397532,-0.1107696127068521,7,unclassified,Outside six programmes,,0,True
8,ARHGAP30,ENSG00000186517,JMY,ENSG00000152409,gained_on_activation,-0.5221688618040684,0.483921176245611,7,unclassified,Outside six programmes,,0,True
8,ARHGAP30,ENSG00000186517,RECQL4,ENSG00000160957,lost_on_activation,0.3818726968735523,-0.2559009579822595,7,unclassified,Outside six programmes,,0,True
8,ARHGAP30,ENSG00000186517,ANKZF1,ENSG00000163516,gained_on_activation,-0.2209923670469806,0.1384288885317567,7,unclassified,Outside six programmes,,0,True
8,ARHGAP30,ENSG00000186517,PIGX,ENSG00000163964,lost_on_activation,0.1717501815911852,-0.2291666271926262,7,unclassified,Outside six programmes,,0,True
8,ARHGAP30,ENSG00000186517,CHAF1A,ENSG00000167670,lost_on_activation,0.3216465860956655,-0.1836145418218619,7,unclassified,Outside six programmes,,0,True
8,ARHGAP30,ENSG00000186517,SLC3A2,ENSG00000168003,gained_on_activation,-0.2028510641615259,0.2382927554733261,7,unclassified,Outside six programmes,,0,True
8,ARHGAP30,ENSG00000186517,ZBTB49,ENSG00000168826,gained_on_activation,-0.3500343270909892,0.4073793330467203,7,unclassified,Outside six programmes,,0,True
8,ARHGAP30,ENSG00000186517,HINT1,ENSG00000169567,lost_on_activation,0.0808676618740221,-0.0656118400174338,7,unclassified,Outside six programmes,,0,True
8,ARHGAP30,ENSG00000186517,TMEM42,ENSG00000169964,gained_on_activation,-0.365020010008366,0.2727076295254631,7,unclassified,Outside six programmes,,0,True
8,ARHGAP30,ENSG00000186517,THOP1,ENSG00000172009,lost_on_activation,0.3200355781935281,-0.1541491897288728,7,unclassified,Outside six programmes,,0,True
8,ARHGAP30,ENSG00000186517,CFL1,ENSG00000172757,lost_on_activation,0.106681977143805,-0.0948157659712278,6,synapse_trafficking,Synapse/trafficking,KEGG_REGULATION_OF_ACTIN_CYTOSKELETON,1,False
8,ARHGAP30,ENSG00000186517,CLK3,ENSG00000179335,gained_on_activation,-0.1804707135197632,0.1329223028868686,7,unclassified,Outside six programmes,,0,True
8,ARHGAP30,ENSG00000186517,KLHL28,ENSG00000179454,gained_on_activation,-0.2453149878955292,0.2256202200241653,7,unclassified,Outside six programmes,,0,True
8,ARHGAP30,ENSG00000186517,CNOT10,ENSG00000182973,gained_on_activation,-0.1661799443909205,0.1207766016675843,7,unclassified,Outside six programmes,,0,True
8,ARHGAP30,ENSG00000186517,UBE2L3,ENSG00000185651,lost_on_activation,0.1485126615770782,-0.1514346206258988,7,unclassified,Outside six programmes,,0,True
8,ARHGAP30,ENSG00000186517,INSIG1,ENSG00000186480,lost_on_activation,0.3501035434001276,-0.294637508260037,7,unclassified,Outside six programmes,,0,True
8,ARHGAP30,ENSG00000186517,ZC3H6,ENSG00000188177,gained_on_activation,-0.361455829959215,0.2218900978338151,7,unclassified,Outside six programmes,,0,True
8,ARHGAP30,ENSG00000186517,C15orf61,ENSG00000189227,gained_on_activation,-0.2777189950495898,0.2601621942510458,7,unclassified,Outside six programmes,,0,True
8,ARHGAP30,ENSG00000186517,MIER1,ENSG00000198160,gained_on_activation,-0.1131061575373261,0.0993132945511386,7,unclassified,Outside six programmes,,0,True
8,ARHGAP30,ENSG00000186517,IRF9,ENSG00000213928,gained_on_activation,-0.1664198045670157,0.1836359847572722,1,tcr_cytokine_signalling,TCR/cytokine signalling,KEGG_JAK_STAT_SIGNALING_PATHWAY,1,False
8,ARHGAP30,ENSG00000186517,AP5Z1,ENSG00000242802,gained_on_activation,-0.1343244429304407,0.1796139414231323,7,unclassified,Outside six programmes,,0,True
9,CREBBP,ENSG00000005339,KMT2E,ENSG00000005483,gained_on_activation,-0.1655153104922919,0.2330244571357371,7,unclassified,Outside six programmes,,0,True
9,CREBBP,ENSG00000005339,LAMP2,ENSG00000005893,gained_on_activation,-0.1712573011240137,0.1352386016886619,7,unclassified,Outside six programmes,,0,True
9,CREBBP,ENSG00000005339,ST3GAL1,ENSG00000008513,gained_on_activation,-0.2216681109135452,0.218184970220302,7,unclassified,Outside six programmes,,0,True
9,CREBBP,ENSG00000005339,CD6,ENSG00000013725,gained_on_activation,-0.3145683486016739,0.558452669482303,6,synapse_trafficking,Synapse/trafficking,KEGG_CELL_ADHESION_MOLECULES_CAMS,1,False
9,CREBBP,ENSG00000005339,ABCF2,ENSG00000033050,lost_on_activation,0.298114320825818,-0.2595398773508074,7,unclassified,Outside six programmes,,0,True
9,CREBBP,ENSG00000005339,ATP2B4,ENSG00000058668,gained_on_activation,-0.3384906983463223,0.2538828760628455,7,unclassified,Outside six programmes,,0,True
9,CREBBP,ENSG00000005339,YBX3,ENSG00000060138,lost_on_activation,0.4689335105231877,-0.2808788464185986,7,unclassified,Outside six programmes,,0,True
9,CREBBP,ENSG00000005339,ABCA7,ENSG00000064687,gained_on_activation,-0.3692963080048088,0.4500615878886505,7,unclassified,Outside six programmes,,0,True
9,CREBBP,ENSG00000005339,NTHL1,ENSG00000065057,lost_on_activation,0.2721047272893632,-0.3200189058717333,7,unclassified,Outside six programmes,,0,True
9,CREBBP,ENSG00000005339,WDR18,ENSG00000065268,lost_on_activation,0.2226346935826264,-0.2660331555343316,7,unclassified,Outside six programmes,,0,True
9,CREBBP,ENSG00000005339,PRKCQ,ENSG00000065675,gained_on_activation,-0.2217282574016281,0.1860051835909423,1,tcr_cytokine_signalling,TCR/cytokine signalling,KEGG_T_CELL_RECEPTOR_SIGNALING_PATHWAY,1,False
9,CREBBP,ENSG00000005339,CLEC2D,ENSG00000069493,gained_on_activation,-0.1932784612807159,0.195020903874308,7,unclassified,Outside six programmes,,0,True
9,CREBBP,ENSG00000005339,ME2,ENSG00000082212,lost_on_activation,0.2709426693490454,-0.1450095991542725,7,unclassified,Outside six programmes,,0,True
9,CREBBP,ENSG00000005339,TOMM22,ENSG00000100216,lost_on_activation,0.1979482292882493,-0.1344396871603768,7,unclassified,Outside six programmes,,0,True
9,CREBBP,ENSG00000005339,ACP5,ENSG00000102575,gained_on_activation,-0.4814893275449298,0.4772572440530344,7,unclassified,Outside six programmes,,0,True
9,CREBBP,ENSG00000005339,ANTKMT,ENSG00000103254,lost_on_activation,0.5917352427759371,-0.3079784265681657,7,unclassified,Outside six programmes,,0,True
9,CREBBP,ENSG00000005339,PDCD5,ENSG00000105185,lost_on_activation,0.2417602565278924,-0.2723435892753348,7,unclassified,Outside six programmes,,0,True
9,CREBBP,ENSG00000005339,CHCHD2,ENSG00000106153,lost_on_activation,0.1431379692243954,-0.064330152636236,7,unclassified,Outside six programmes,,0,True
9,CREBBP,ENSG00000005339,AKNA,ENSG00000106948,gained_on_activation,-0.1749640661950148,0.1832902494640421,7,unclassified,Outside six programmes,,0,True
9,CREBBP,ENSG00000005339,COX6A1,ENSG00000111775,lost_on_activation,0.1016913605530792,-0.0825385385278538,5,metabolism_mitochondria,Metabolism/mitochondria,KEGG_OXIDATIVE_PHOSPHORYLATION,1,False
9,CREBBP,ENSG00000005339,C1orf54,ENSG00000118292,gained_on_activation,-0.5680886398854315,0.9882796779847453,7,unclassified,Outside six programmes,,0,True
9,CREBBP,ENSG00000005339,USP35,ENSG00000118369,gained_on_activation,-0.4529496884331833,0.4106292959526497,7,unclassified,Outside six programmes,,0,True
9,CREBBP,ENSG00000005339,SLIRP,ENSG00000119705,lost_on_activation,0.2736767033405066,-0.2052974713554307,7,unclassified,Outside six programmes,,0,True
9,CREBBP,ENSG00000005339,DENND10,ENSG00000119979,gained_on_activation,-0.1819826104568943,0.310897811667539,7,unclassified,Outside six programmes,,0,True
9,CREBBP,ENSG00000005339,ARMH3,ENSG00000120029,gained_on_activation,-0.1787025289916503,0.1477265087953055,7,unclassified,Outside six programmes,,0,True
9,CREBBP,ENSG00000005339,RIOK1,ENSG00000124784,lost_on_activation,0.2326469205350503,-0.2600074439212861,7,unclassified,Outside six programmes,,0,True
9,CREBBP,ENSG00000005339,PDCD2L,ENSG00000126249,lost_on_activation,0.3865128342092387,-0.3821439164341377,7,unclassified,Outside six programmes,,0,True
9,CREBBP,ENSG00000005339,TRAP1,ENSG00000126602,lost_on_activation,0.4433095575056478,-0.2310881591382688,7,unclassified,Outside six programmes,,0,True
9,CREBBP,ENSG00000005339,MTX2,ENSG00000128654,lost_on_activation,0.3169806495456217,-0.15873875158782,7,unclassified,Outside six programmes,,0,True
9,CREBBP,ENSG00000005339,DTD2,ENSG00000129480,lost_on_activation,0.3190372245640356,-0.3461383126759823,7,unclassified,Outside six programmes,,0,True
9,CREBBP,ENSG00000005339,MACROD1,ENSG00000133315,lost_on_activation,0.4790230883831516,-0.3821796556691222,7,unclassified,Outside six programmes,,0,True
9,CREBBP,ENSG00000005339,NARS1,ENSG00000134440,lost_on_activation,0.1536079298443157,-0.1857322721224338,7,unclassified,Outside six programmes,,0,True
9,CREBBP,ENSG00000005339,CD164,ENSG00000135535,gained_on_activation,-0.2518758191935264,0.2345259113521588,7,unclassified,Outside six programmes,,0,True
9,CREBBP,ENSG00000005339,MYC,ENSG00000136997,lost_on_activation,0.3713979140200262,-0.478917572381019,1,tcr_cytokine_signalling,TCR/cytokine signalling,KEGG_JAK_STAT_SIGNALING_PATHWAY,2,False
9,CREBBP,ENSG00000005339,MYC,ENSG00000136997,lost_on_activation,0.3713979140200262,-0.478917572381019,4,proliferation,Proliferation,KEGG_CELL_CYCLE,2,False
9,CREBBP,ENSG00000005339,AFG3L2,ENSG00000141385,lost_on_activation,0.1878605725808975,-0.1828800169911701,7,unclassified,Outside six programmes,,0,True
9,CREBBP,ENSG00000005339,PFDN2,ENSG00000143256,lost_on_activation,0.2117132134539731,-0.2249515690748224,7,unclassified,Outside six programmes,,0,True
9,CREBBP,ENSG00000005339,EIF2D,ENSG00000143486,lost_on_activation,0.2792636963085003,-0.2209144567441553,7,unclassified,Outside six programmes,,0,True
9,CREBBP,ENSG00000005339,EIF2A,ENSG00000144895,lost_on_activation,0.2158233973681873,-0.1208020304637402,7,unclassified,Outside six programmes,,0,True
9,CREBBP,ENSG00000005339,TRMT10A,ENSG00000145331,lost_on_activation,0.3559105588710622,-0.2849382412168421,7,unclassified,Outside six programmes,,0,True
9,CREBBP,ENSG00000005339,EIF4A1,ENSG00000161960,lost_on_activation,0.197619151971249,-0.140273439434213,7,unclassified,Outside six programmes,,0,True
9,CREBBP,ENSG00000005339,PBXIP1,ENSG00000163346,gained_on_activation,-0.4110730938176765,0.3969279581306363,7,unclassified,Outside six programmes,,0,True
9,CREBBP,ENSG00000005339,UQCRQ,ENSG00000164405,lost_on_activation,0.1506236192222037,-0.1072568390992911,5,metabolism_mitochondria,Metabolism/mitochondria,KEGG_OXIDATIVE_PHOSPHORYLATION,1,False
9,CREBBP,ENSG00000005339,STRBP,ENSG00000165209,lost_on_activation,0.380718817416156,-0.3359428830496903,7,unclassified,Outside six programmes,,0,True
9,CREBBP,ENSG00000005339,TMED3,ENSG00000166557,lost_on_activation,0.1801380666733636,-0.1376906114750032,7,unclassified,Outside six programmes,,0,True
9,CREBBP,ENSG00000005339,MARS1,ENSG00000166986,lost_on_activation,0.2604424322463461,-0.3134040367848101,7,unclassified,Outside six programmes,,0,True
9,CREBBP,ENSG00000005339,UBE2V2,ENSG00000169139,lost_on_activation,0.2436149817128028,-0.154099467628426,7,unclassified,Outside six programmes,,0,True
9,CREBBP,ENSG00000005339,GRK2,ENSG00000173020,gained_on_activation,-0.1514689086931833,0.1468637557400176,6,synapse_trafficking,Synapse/trafficking,KEGG_CHEMOKINE_SIGNALING_PATHWAY;KEGG_ENDOCYTOSIS,1,False
9,CREBBP,ENSG00000005339,RNF213,ENSG00000173821,gained_on_activation,-0.3627074345326571,0.2977787583632967,7,unclassified,Outside six programmes,,0,True
9,CREBBP,ENSG00000005339,SLC25A20,ENSG00000178537,gained_on_activation,-0.2569829665162337,0.2006009351656223,7,unclassified,Outside six programmes,,0,True
9,CREBBP,ENSG00000005339,TUFM,ENSG00000178952,lost_on_activation,0.1886096497900162,-0.1390985400849157,7,unclassified,Outside six programmes,,0,True
9,CREBBP,ENSG00000005339,ZBTB2,ENSG00000181472,gained_on_activation,-0.1998773365644585,0.1653393848071941,7,unclassified,Outside six programmes,,0,True
9,CREBBP,ENSG00000005339,UBE2F,ENSG00000184182,gained_on_activation,-0.2378036591427785,0.2516440309682085,7,unclassified,Outside six programmes,,0,True
9,CREBBP,ENSG00000005339,IRF7,ENSG00000185507,gained_on_activation,-0.3335075607727046,0.4581295910698985,7,unclassified,Outside six programmes,,0,True
9,CREBBP,ENSG00000005339,IKZF1,ENSG00000185811,gained_on_activation,-0.0908273510829649,0.1961814354575766,7,unclassified,Outside six programmes,,0,True
9,CREBBP,ENSG00000005339,EIF4EBP1,ENSG00000187840,lost_on_activation,0.4229748788253037,-0.2247839201135889,3,stress_survival,Stress/survival,KEGG_MTOR_SIGNALING_PATHWAY,1,False
9,CREBBP,ENSG00000005339,CLN3,ENSG00000188603,gained_on_activation,-0.1867171786343659,0.3172860407981245,7,unclassified,Outside six programmes,,0,True
9,CREBBP,ENSG00000005339,BORCS6,ENSG00000196544,gained_on_activation,-0.2987815482249627,0.3442507251733039,7,unclassified,Outside six programmes,,0,True
9,CREBBP,ENSG00000005339,SDHAF3,ENSG00000196636,lost_on_activation,0.2621871722811712,-0.2157683226156052,7,unclassified,Outside six programmes,,0,True
9,CREBBP,ENSG00000005339,PRKDC,ENSG00000253729,lost_on_activation,0.2070534923706249,-0.1510594703584927,4,proliferation,Proliferation,KEGG_CELL_CYCLE,1,False
10,MED24,ENSG00000008838,AGK,ENSG00000006530,gained_on_activation,-0.2982911275464251,0.3516552403721706,7,unclassified,Outside six programmes,,0,True
10,MED24,ENSG00000008838,RC3H2,ENSG00000056586,lost_on_activation,0.1878784364821742,-0.2273828480867318,7,unclassified,Outside six programmes,,0,True
10,MED24,ENSG00000008838,SLC2A3,ENSG00000059804,lost_on_activation,0.2393856737754612,-0.3409057026520606,7,unclassified,Outside six programmes,,0,True
10,MED24,ENSG00000008838,ELAVL1,ENSG00000066044,gained_on_activation,-0.1799171541184192,0.09847032317317,7,unclassified,Outside six programmes,,0,True
10,MED24,ENSG00000008838,PKM,ENSG00000067225,gained_on_activation,-0.3173652067391761,0.1652214575470296,5,metabolism_mitochondria,Metabolism/mitochondria,KEGG_GLYCOLYSIS_GLUCONEOGENESIS,1,False
10,MED24,ENSG00000008838,FOSL2,ENSG00000075426,lost_on_activation,0.3474070174318662,-0.5620093510395553,7,unclassified,Outside six programmes,,0,True
10,MED24,ENSG00000008838,TRAF4,ENSG00000076604,gained_on_activation,-0.423177868593949,0.5781400027278989,7,unclassified,Outside six programmes,,0,True
10,MED24,ENSG00000008838,PTPRC,ENSG00000081237,lost_on_activation,0.1799305514819479,-0.1803428253291421,1,tcr_cytokine_signalling,TCR/cytokine signalling,KEGG_T_CELL_RECEPTOR_SIGNALING_PATHWAY,2,False
10,MED24,ENSG00000008838,PTPRC,ENSG00000081237,lost_on_activation,0.1799305514819479,-0.1803428253291421,6,synapse_trafficking,Synapse/trafficking,KEGG_CELL_ADHESION_MOLECULES_CAMS,2,False
10,MED24,ENSG00000008838,ADA2,ENSG00000093072,lost_on_activation,0.5642571004629627,-1.1287426301461316,7,unclassified,Outside six programmes,,0,True
10,MED24,ENSG00000008838,DDX17,ENSG00000100201,lost_on_activation,0.1387633090942484,-0.1999843622056443,7,unclassified,Outside six programmes,,0,True
10,MED24,ENSG00000008838,GID8,ENSG00000101193,gained_on_activation,-0.1431248032902247,0.1279333432492289,7,unclassified,Outside six programmes,,0,True
10,MED24,ENSG00000008838,RNF125,ENSG00000101695,lost_on_activation,0.1982894792369216,-0.6172520552519551,7,unclassified,Outside six programmes,,0,True
10,MED24,ENSG00000008838,PSMD3,ENSG00000108344,gained_on_activation,-0.2204885510115516,0.1559337895490451,2,antigen_processing_proteasome,Antigen processing/proteasome,KEGG_PROTEASOME,1,False
10,MED24,ENSG00000008838,PPP6R3,ENSG00000110075,gained_on_activation,-0.1938575066214359,0.2109141808741422,7,unclassified,Outside six programmes,,0,True
10,MED24,ENSG00000008838,PIKFYVE,ENSG00000115020,lost_on_activation,0.1598494225760443,-0.2438543408624314,6,synapse_trafficking,Synapse/trafficking,KEGG_ENDOCYTOSIS;KEGG_REGULATION_OF_ACTIN_CYTOSKELETON,1,False
10,MED24,ENSG00000008838,PHF19,ENSG00000119403,gained_on_activation,-0.3958369986344996,0.1341752129666138,7,unclassified,Outside six programmes,,0,True
10,MED24,ENSG00000008838,NCOA3,ENSG00000124151,lost_on_activation,0.1897229690177326,-0.1759135207895668,7,unclassified,Outside six programmes,,0,True
10,MED24,ENSG00000008838,EVI2A,ENSG00000126860,lost_on_activation,0.3743809643147673,-0.2555437598658029,7,unclassified,Outside six programmes,,0,True
10,MED24,ENSG00000008838,PLXNC1,ENSG00000136040,lost_on_activation,0.4434526162896712,-0.4706745863447359,7,unclassified,Outside six programmes,,0,True
10,MED24,ENSG00000008838,UGGT1,ENSG00000136731,gained_on_activation,-0.1908356227354524,0.1680559316281477,7,unclassified,Outside six programmes,,0,True
10,MED24,ENSG00000008838,ATP6V1G1,ENSG00000136888,lost_on_activation,0.1778785891298109,-0.1909266575174958,5,metabolism_mitochondria,Metabolism/mitochondria,KEGG_OXIDATIVE_PHOSPHORYLATION,1,False
10,MED24,ENSG00000008838,UQCC2,ENSG00000137288,gained_on_activation,-0.2498548666517771,0.1492484125767132,7,unclassified,Outside six programmes,,0,True
10,MED24,ENSG00000008838,GGH,ENSG00000137563,gained_on_activation,-0.3138466969457377,0.2375665651943911,7,unclassified,Outside six programmes,,0,True
10,MED24,ENSG00000008838,RB1,ENSG00000139687,gained_on_activation,-0.1974847297703462,0.2197050627408944,4,proliferation,Proliferation,KEGG_CELL_CYCLE,1,False
10,MED24,ENSG00000008838,DIAPH3,ENSG00000139734,gained_on_activation,-0.4218129210975679,0.2498198166124601,6,synapse_trafficking,Synapse/trafficking,KEGG_REGULATION_OF_ACTIN_CYTOSKELETON,1,False
10,MED24,ENSG00000008838,COMMD4,ENSG00000140365,gained_on_activation,-0.2103634594356609,0.1863915385534707,7,unclassified,Outside six programmes,,0,True
10,MED24,ENSG00000008838,CREG1,ENSG00000143162,lost_on_activation,0.4931175853182462,-0.2982206373119938,7,unclassified,Outside six programmes,,0,True
10,MED24,ENSG00000008838,PDIA6,ENSG00000143870,gained_on_activation,-0.2285582208312014,0.131701505405044,7,unclassified,Outside six programmes,,0,True
10,MED24,ENSG00000008838,ZC3HAV1L,ENSG00000146858,lost_on_activation,0.4503056983401133,-0.2818918543197808,7,unclassified,Outside six programmes,,0,True
10,MED24,ENSG00000008838,TGOLN2,ENSG00000152291,lost_on_activation,0.1742836159615871,-0.1408828659175507,7,unclassified,Outside six programmes,,0,True
10,MED24,ENSG00000008838,CAMK4,ENSG00000152495,lost_on_activation,0.3383035435999852,-0.2753868616328996,7,unclassified,Outside six programmes,,0,True
10,MED24,ENSG00000008838,SKA1,ENSG00000154839,gained_on_activation,-0.370667042085751,0.197025907273934,7,unclassified,Outside six programmes,,0,True
10,MED24,ENSG00000008838,GOLGA7B,ENSG00000155265,lost_on_activation,0.4513775094759847,-0.940846264112358,7,unclassified,Outside six programmes,,0,True
10,MED24,ENSG00000008838,CALM3,ENSG00000160014,gained_on_activation,-0.2567852903024399,0.1487968803185983,7,unclassified,Outside six programmes,,0,True
10,MED24,ENSG00000008838,CSTB,ENSG00000160213,lost_on_activation,0.282295126884744,-0.3941808328931964,7,unclassified,Outside six programmes,,0,True
10,MED24,ENSG00000008838,IER2,ENSG00000160888,lost_on_activation,0.2284792957826734,-0.2062059059881059,7,unclassified,Outside six programmes,,0,True
10,MED24,ENSG00000008838,KLHL21,ENSG00000162413,lost_on_activation,0.2607684056960496,-0.2985513806895503,7,unclassified,Outside six programmes,,0,True
10,MED24,ENSG00000008838,LSM6,ENSG00000164167,gained_on_activation,-0.1898434441248611,0.2374925785034105,7,unclassified,Outside six programmes,,0,True
10,MED24,ENSG00000008838,SFXN1,ENSG00000164466,gained_on_activation,-0.2064039290522503,0.1077503725753826,7,unclassified,Outside six programmes,,0,True
10,MED24,ENSG00000008838,FABP5,ENSG00000164687,gained_on_activation,-0.6701773679105895,0.2762857770300493,7,unclassified,Outside six programmes,,0,True
10,MED24,ENSG00000008838,TP53INP1,ENSG00000164938,lost_on_activation,0.4441802721371538,-0.6887881755033861,7,unclassified,Outside six programmes,,0,True
10,MED24,ENSG00000008838,MARF1,ENSG00000166783,lost_on_activation,0.2800206032451321,-0.3841655891780424,7,unclassified,Outside six programmes,,0,True
10,MED24,ENSG00000008838,SRP68,ENSG00000167881,gained_on_activation,-0.1426990898857414,0.12268245185899,7,unclassified,Outside six programmes,,0,True
10,MED24,ENSG00000008838,TRABD,ENSG00000170638,gained_on_activation,-0.2076273967993439,0.1625898266316279,7,unclassified,Outside six programmes,,0,True
10,MED24,ENSG00000008838,PIK3CD,ENSG00000171608,gained_on_activation,-0.1538372678578082,0.1863565091518083,1,tcr_cytokine_signalling,TCR/cytokine signalling,KEGG_JAK_STAT_SIGNALING_PATHWAY;KEGG_T_CELL_RECEPTOR_SIGNALING_PATHWAY,3,False
10,MED24,ENSG00000008838,PIK3CD,ENSG00000171608,gained_on_activation,-0.1538372678578082,0.1863565091518083,3,stress_survival,Stress/survival,KEGG_APOPTOSIS;KEGG_MTOR_SIGNALING_PATHWAY,3,False
10,MED24,ENSG00000008838,PIK3CD,ENSG00000171608,gained_on_activation,-0.1538372678578082,0.1863565091518083,6,synapse_trafficking,Synapse/trafficking,KEGG_CHEMOKINE_SIGNALING_PATHWAY;KEGG_LEUKOCYTE_TRANSENDOTHELIAL_MIGRATION;KEGG_REGULATION_OF_ACTIN_CYTOSKELETON,3,False
10,MED24,ENSG00000008838,GMPPB,ENSG00000173540,gained_on_activation,-0.3504724953772085,0.3025571644272383,7,unclassified,Outside six programmes,,0,True
10,MED24,ENSG00000008838,MARCKSL1,ENSG00000175130,lost_on_activation,0.5182595311069956,-0.7479073636317665,7,unclassified,Outside six programmes,,0,True
10,MED24,ENSG00000008838,POLR2L,ENSG00000177700,gained_on_activation,-0.1927176526319926,0.186289007959919,7,unclassified,Outside six programmes,,0,True
10,MED24,ENSG00000008838,ACBD3,ENSG00000182827,lost_on_activation,0.1652483145286592,-0.192336309108707,7,unclassified,Outside six programmes,,0,True
10,MED24,ENSG00000008838,SOCS1,ENSG00000185338,lost_on_activation,0.3522828111140881,-0.253525165543013,1,tcr_cytokine_signalling,TCR/cytokine signalling,KEGG_JAK_STAT_SIGNALING_PATHWAY,1,False
10,MED24,ENSG00000008838,TEDC1,ENSG00000185347,gained_on_activation,-0.3688326087538258,0.3228215772119737,7,unclassified,Outside six programmes,,0,True
10,MED24,ENSG00000008838,PARPBP,ENSG00000185480,gained_on_activation,-0.474906807496658,0.2131150649736696,7,unclassified,Outside six programmes,,0,True
10,MED24,ENSG00000008838,NDUFA4,ENSG00000189043,gained_on_activation,-0.0993253162873534,0.1639144347932473,5,metabolism_mitochondria,Metabolism/mitochondria,KEGG_OXIDATIVE_PHOSPHORYLATION,1,False
10,MED24,ENSG00000008838,SREBF2,ENSG00000198911,lost_on_activation,0.182843866848915,-0.1795431813483557,7,unclassified,Outside six programmes,,0,True
10,MED24,ENSG00000008838,LTA,ENSG00000226979,gained_on_activation,-0.5660172492022671,0.850413459729903,1,tcr_cytokine_signalling,TCR/cytokine signalling,KEGG_CYTOKINE_CYTOKINE_RECEPTOR_INTERACTION,2,False
10,MED24,ENSG00000008838,LTA,ENSG00000226979,gained_on_activation,-0.5660172492022671,0.850413459729903,2,antigen_processing_proteasome,Antigen processing/proteasome,KEGG_ANTIGEN_PROCESSING_AND_PRESENTATION,2,False
10,MED24,ENSG00000008838,PEDS1,ENSG00000240849,gained_on_activation,-0.1341208564411703,0.1685130634413953,7,unclassified,Outside six programmes,,0,True
10,MED24,ENSG00000008838,GNG10,ENSG00000242616,lost_on_activation,0.1713235315295923,-0.257272466360765,6,synapse_trafficking,Synapse/trafficking,KEGG_CHEMOKINE_SIGNALING_PATHWAY,1,False
11,EIF4G2,ENSG00000110321,SYNE2,ENSG00000054654,gained_on_activation,-0.3128123505734345,0.5233303633521285,7,unclassified,Outside six programmes,,0,True
11,EIF4G2,ENSG00000110321,TCF7,ENSG00000081059,gained_on_activation,-0.9706419199045706,2.197820218018411,7,unclassified,Outside six programmes,,0,True
11,EIF4G2,ENSG00000110321,DLG3,ENSG00000082458,lost_on_activation,0.4747688484655116,-0.4832717046191778,7,unclassified,Outside six programmes,,0,True
11,EIF4G2,ENSG00000110321,NFE2L1,ENSG00000082641,lost_on_activation,0.275606023980907,-0.3691533450555264,7,unclassified,Outside six programmes,,0,True
11,EIF4G2,ENSG00000110321,CAD,ENSG00000084774,lost_on_activation,0.5313666971741375,-0.7368148047002392,7,unclassified,Outside six programmes,,0,True
11,EIF4G2,ENSG00000110321,CD59,ENSG00000085063,gained_on_activation,-0.3876713652542484,0.5945759904552808,7,unclassified,Outside six programmes,,0,True
11,EIF4G2,ENSG00000110321,DLD,ENSG00000091140,lost_on_activation,0.3343381691506203,-0.232859259621934,5,metabolism_mitochondria,Metabolism/mitochondria,KEGG_CITRATE_CYCLE_TCA_CYCLE;KEGG_GLYCOLYSIS_GLUCONEOGENESIS,1,False
11,EIF4G2,ENSG00000110321,CYTH4,ENSG00000100055,gained_on_activation,-0.2984000994335178,0.5606270620768504,7,unclassified,Outside six programmes,,0,True
11,EIF4G2,ENSG00000110321,LGMN,ENSG00000100600,lost_on_activation,2.511453797251429,-1.471708032024961,2,antigen_processing_proteasome,Antigen processing/proteasome,KEGG_ANTIGEN_PROCESSING_AND_PRESENTATION,1,False
11,EIF4G2,ENSG00000110321,USP14,ENSG00000101557,lost_on_activation,0.294021477657557,-0.2345192588976379,7,unclassified,Outside six programmes,,0,True
11,EIF4G2,ENSG00000110321,RBBP8,ENSG00000101773,lost_on_activation,0.3787680746972054,-0.3327168650152601,7,unclassified,Outside six programmes,,0,True
11,EIF4G2,ENSG00000110321,GIMAP2,ENSG00000106560,gained_on_activation,-0.4268587042016729,0.3830526141814064,7,unclassified,Outside six programmes,,0,True
11,EIF4G2,ENSG00000110321,GLRX3,ENSG00000108010,lost_on_activation,0.187680302464369,-0.2587094212572267,7,unclassified,Outside six programmes,,0,True
11,EIF4G2,ENSG00000110321,HDAC5,ENSG00000108840,gained_on_activation,-0.7543005052620766,0.5618412698960916,7,unclassified,Outside six programmes,,0,True
11,EIF4G2,ENSG00000110321,HSPA9,ENSG00000113013,lost_on_activation,0.3323508643506776,-0.376561030340733,7,unclassified,Outside six programmes,,0,True
11,EIF4G2,ENSG00000110321,HSPE1,ENSG00000115541,lost_on_activation,0.3871473832539209,-0.2517923316219078,7,unclassified,Outside six programmes,,0,True
11,EIF4G2,ENSG00000110321,SRM,ENSG00000116649,lost_on_activation,0.3823515824383667,-0.6841680623117149,7,unclassified,Outside six programmes,,0,True
11,EIF4G2,ENSG00000110321,C1orf109,ENSG00000116922,lost_on_activation,0.4285486741997945,-0.6478690806204389,7,unclassified,Outside six programmes,,0,True
11,EIF4G2,ENSG00000110321,HSPH1,ENSG00000120694,lost_on_activation,0.3418736427961166,-0.2888731937317785,7,unclassified,Outside six programmes,,0,True
11,EIF4G2,ENSG00000110321,CXCR4,ENSG00000121966,gained_on_activation,-0.3517679696969448,0.5574470461416398,1,tcr_cytokine_signalling,TCR/cytokine signalling,KEGG_CYTOKINE_CYTOKINE_RECEPTOR_INTERACTION,2,False
11,EIF4G2,ENSG00000110321,CXCR4,ENSG00000121966,gained_on_activation,-0.3517679696969448,0.5574470461416398,6,synapse_trafficking,Synapse/trafficking,KEGG_CHEMOKINE_SIGNALING_PATHWAY;KEGG_ENDOCYTOSIS;KEGG_LEUKOCYTE_TRANSENDOTHELIAL_MIGRATION,2,False
11,EIF4G2,ENSG00000110321,HNRNPA2B1,ENSG00000122566,lost_on_activation,0.2145525469534463,-0.0843364097397843,7,unclassified,Outside six programmes,,0,True
11,EIF4G2,ENSG00000110321,RAP2A,ENSG00000125249,gained_on_activation,-0.5773698893709586,0.3133906937396976,7,unclassified,Outside six programmes,,0,True
11,EIF4G2,ENSG00000110321,DKC1,ENSG00000130826,lost_on_activation,0.3764662959940552,-0.2408251653732641,7,unclassified,Outside six programmes,,0,True
11,EIF4G2,ENSG00000110321,TRIM22,ENSG00000132274,gained_on_activation,-0.3832342879443769,0.64093780431245,7,unclassified,Outside six programmes,,0,True
11,EIF4G2,ENSG00000110321,GIMAP4,ENSG00000133574,gained_on_activation,-0.4446413935362651,0.6656541877539853,7,unclassified,Outside six programmes,,0,True
11,EIF4G2,ENSG00000110321,RNF138,ENSG00000134758,lost_on_activation,0.3128071484565863,-0.2333919893472018,7,unclassified,Outside six programmes,,0,True
11,EIF4G2,ENSG00000110321,BICDL1,ENSG00000135127,gained_on_activation,-0.482186739671966,0.4343944345948662,7,unclassified,Outside six programmes,,0,True
11,EIF4G2,ENSG00000110321,CDK4,ENSG00000135446,lost_on_activation,0.4199439436211569,-0.3015151271938772,1,tcr_cytokine_signalling,TCR/cytokine signalling,KEGG_T_CELL_RECEPTOR_SIGNALING_PATHWAY,2,False
11,EIF4G2,ENSG00000110321,CDK4,ENSG00000135446,lost_on_activation,0.4199439436211569,-0.3015151271938772,4,proliferation,Proliferation,KEGG_CELL_CYCLE,2,False
11,EIF4G2,ENSG00000110321,SERPINE2,ENSG00000135919,lost_on_activation,1.268143520366846,-0.7604689631849836,7,unclassified,Outside six programmes,,0,True
11,EIF4G2,ENSG00000110321,MYOF,ENSG00000138119,lost_on_activation,1.1677417591779051,-0.6615538298974754,7,unclassified,Outside six programmes,,0,True
11,EIF4G2,ENSG00000110321,DENR,ENSG00000139726,lost_on_activation,0.2866121404325848,-0.2643636126265998,7,unclassified,Outside six programmes,,0,True
11,EIF4G2,ENSG00000110321,HSPD1,ENSG00000144381,lost_on_activation,0.5187933846693669,-0.3160936326084446,7,unclassified,Outside six programmes,,0,True
11,EIF4G2,ENSG00000110321,GZMA,ENSG00000145649,gained_on_activation,-1.1256269736318985,1.0707266789460066,7,unclassified,Outside six programmes,,0,True
11,EIF4G2,ENSG00000110321,PSPH,ENSG00000146733,lost_on_activation,0.3851196223742896,-0.3630108413608136,7,unclassified,Outside six programmes,,0,True
11,EIF4G2,ENSG00000110321,TMEM140,ENSG00000146859,gained_on_activation,-0.4881453701390321,0.5347603346048394,7,unclassified,Outside six programmes,,0,True
11,EIF4G2,ENSG00000110321,TEX30,ENSG00000151287,lost_on_activation,0.4650993668754205,-0.2959833535131869,7,unclassified,Outside six programmes,,0,True
11,EIF4G2,ENSG00000110321,DGKI,ENSG00000157680,lost_on_activation,2.081384971490636,-1.834653829671456,7,unclassified,Outside six programmes,,0,True
11,EIF4G2,ENSG00000110321,NAA15,ENSG00000164134,lost_on_activation,0.2967902329406496,-0.25599429633234,7,unclassified,Outside six programmes,,0,True
11,EIF4G2,ENSG00000110321,FABP5,ENSG00000164687,lost_on_activation,0.6316163786198741,-0.4082796169113693,7,unclassified,Outside six programmes,,0,True
11,EIF4G2,ENSG00000110321,TPP1,ENSG00000166340,gained_on_activation,-0.2541246691978653,0.4087821787858662,7,unclassified,Outside six programmes,,0,True
11,EIF4G2,ENSG00000110321,NUDT16L1,ENSG00000168101,gained_on_activation,-0.5560600780033182,0.5192372987100962,7,unclassified,Outside six programmes,,0,True
11,EIF4G2,ENSG00000110321,ADAM9,ENSG00000168615,lost_on_activation,0.530802279958638,-0.5801183328231446,7,unclassified,Outside six programmes,,0,True
11,EIF4G2,ENSG00000110321,IL13,ENSG00000169194,lost_on_activation,1.8134527431163865,-1.36863025664154,1,tcr_cytokine_signalling,TCR/cytokine signalling,KEGG_CYTOKINE_CYTOKINE_RECEPTOR_INTERACTION;KEGG_JAK_STAT_SIGNALING_PATHWAY,1,False
11,EIF4G2,ENSG00000110321,B3GALNT1,ENSG00000169255,lost_on_activation,0.8267867008880808,-2.3718522476056565,7,unclassified,Outside six programmes,,0,True
11,EIF4G2,ENSG00000110321,CTPS1,ENSG00000171793,lost_on_activation,0.3293323976621682,-0.4693034876360397,7,unclassified,Outside six programmes,,0,True
11,EIF4G2,ENSG00000110321,MAL,ENSG00000172005,gained_on_activation,-0.2690165758351111,0.6840954649848427,7,unclassified,Outside six programmes,,0,True
11,EIF4G2,ENSG00000110321,ATP2A2,ENSG00000174437,lost_on_activation,0.4139371009771553,-0.2539929020452008,7,unclassified,Outside six programmes,,0,True
11,EIF4G2,ENSG00000110321,MUC1,ENSG00000185499,gained_on_activation,-0.7393468582142045,0.6154153031219838,7,unclassified,Outside six programmes,,0,True
11,EIF4G2,ENSG00000110321,GIMAP5,ENSG00000196329,gained_on_activation,-0.4011884238128833,0.3822102693961316,7,unclassified,Outside six programmes,,0,True
11,EIF4G2,ENSG00000110321,YRDC,ENSG00000196449,lost_on_activation,0.4403891626680803,-0.4933525986872838,7,unclassified,Outside six programmes,,0,True
11,EIF4G2,ENSG00000110321,HELZ,ENSG00000198265,gained_on_activation,-0.2913874817492108,0.2745489024422815,7,unclassified,Outside six programmes,,0,True
11,EIF4G2,ENSG00000110321,TXNRD1,ENSG00000198431,lost_on_activation,0.2150591842767495,-0.276100083783561,7,unclassified,Outside six programmes,,0,True
11,EIF4G2,ENSG00000110321,RNPS1,ENSG00000205937,lost_on_activation,0.2509362881438249,-0.2480967108040164,7,unclassified,Outside six programmes,,0,True
11,EIF4G2,ENSG00000110321,CSNK1E,ENSG00000213923,lost_on_activation,0.4856683361220427,-0.4457916691387552,7,unclassified,Outside six programmes,,0,True
11,EIF4G2,ENSG00000110321,SYNRG,ENSG00000275066,gained_on_activation,-0.3141570498410577,0.2579199161181312,7,unclassified,Outside six programmes,,0,True
12,STAT5B,ENSG00000173757,AGK,ENSG00000006530,lost_on_activation,0.6276211778872539,-0.6888230633013066,7,unclassified,Outside six programmes,,0,True
12,STAT5B,ENSG00000173757,TACC3,ENSG00000013810,gained_on_activation,-0.4155981972262346,0.3842562421203613,7,unclassified,Outside six programmes,,0,True
12,STAT5B,ENSG00000173757,GTSE1,ENSG00000075218,gained_on_activation,-0.9174462148908205,0.5874711058634424,7,unclassified,Outside six programmes,,0,True
12,STAT5B,ENSG00000173757,BIRC5,ENSG00000089685,gained_on_activation,-0.6829523823388007,0.4727919345018853,7,unclassified,Outside six programmes,,0,True
12,STAT5B,ENSG00000173757,CBX5,ENSG00000094916,gained_on_activation,-0.6069732439168763,0.4729012290546691,7,unclassified,Outside six programmes,,0,True
12,STAT5B,ENSG00000173757,CENPM,ENSG00000100162,gained_on_activation,-0.7092178865461088,0.281069260274489,7,unclassified,Outside six programmes,,0,True
12,STAT5B,ENSG00000173757,GTPBP1,ENSG00000100226,lost_on_activation,0.8304437730090982,-0.3813394573617811,7,unclassified,Outside six programmes,,0,True
12,STAT5B,ENSG00000173757,CENPI,ENSG00000102384,gained_on_activation,-1.023737309669799,0.4341174016270129,7,unclassified,Outside six programmes,,0,True
12,STAT5B,ENSG00000173757,FBXO5,ENSG00000112029,gained_on_activation,-0.9225360794697024,0.5872117394514462,7,unclassified,Outside six programmes,,0,True
12,STAT5B,ENSG00000173757,ECT2,ENSG00000114346,gained_on_activation,-0.746637091155984,0.3968103112952071,7,unclassified,Outside six programmes,,0,True
12,STAT5B,ENSG00000173757,GNLY,ENSG00000115523,gained_on_activation,-2.975820622401673,2.21400360540582,7,unclassified,Outside six programmes,,0,True
12,STAT5B,ENSG00000173757,STMN1,ENSG00000117632,gained_on_activation,-0.8175504161967114,0.6218706167461854,7,unclassified,Outside six programmes,,0,True
12,STAT5B,ENSG00000173757,CENPF,ENSG00000117724,gained_on_activation,-0.6590189710915386,0.4443575150784408,7,unclassified,Outside six programmes,,0,True
12,STAT5B,ENSG00000173757,NCAPH,ENSG00000121152,gained_on_activation,-0.9683200472219622,0.3587950783778523,7,unclassified,Outside six programmes,,0,True
12,STAT5B,ENSG00000173757,ZWINT,ENSG00000122952,gained_on_activation,-1.0407214339922737,0.364561132217543,7,unclassified,Outside six programmes,,0,True
12,STAT5B,ENSG00000173757,H1-3,ENSG00000124575,gained_on_activation,-0.591551836021212,0.5356459160094932,7,unclassified,Outside six programmes,,0,True
12,STAT5B,ENSG00000173757,DNAJB9,ENSG00000128590,lost_on_activation,0.6508922502417551,-0.8829026536145302,7,unclassified,Outside six programmes,,0,True
12,STAT5B,ENSG00000173757,GLUL,ENSG00000135821,gained_on_activation,-0.5289008416277913,0.93873118353446,7,unclassified,Outside six programmes,,0,True
12,STAT5B,ENSG00000173757,KNL1,ENSG00000137812,gained_on_activation,-0.6845502518447474,0.4885935925743493,7,unclassified,Outside six programmes,,0,True
12,STAT5B,ENSG00000173757,CEP55,ENSG00000138180,gained_on_activation,-0.5850005648565475,0.2787441147116515,7,unclassified,Outside six programmes,,0,True
12,STAT5B,ENSG00000173757,BRCA2,ENSG00000139618,gained_on_activation,-0.95714237351471,0.5284666120480818,7,unclassified,Outside six programmes,,0,True
12,STAT5B,ENSG00000173757,MYO1F,ENSG00000142347,gained_on_activation,-0.3947030056490557,0.6910612347520376,7,unclassified,Outside six programmes,,0,True
12,STAT5B,ENSG00000173757,FANCD2,ENSG00000144554,gained_on_activation,-1.3679464850938785,0.4103885188483831,7,unclassified,Outside six programmes,,0,True
12,STAT5B,ENSG00000173757,BCL2L11,ENSG00000153094,gained_on_activation,-0.9397316451371128,1.106959752278473,7,unclassified,Outside six programmes,,0,True
12,STAT5B,ENSG00000173757,C21orf58,ENSG00000160298,gained_on_activation,-1.3605615458705165,0.86243557654523,7,unclassified,Outside six programmes,,0,True
12,STAT5B,ENSG00000173757,SPC24,ENSG00000161888,gained_on_activation,-1.0695282095002203,0.3680531048118893,7,unclassified,Outside six programmes,,0,True
12,STAT5B,ENSG00000173757,PTTG1,ENSG00000164611,gained_on_activation,-0.6937790782176082,0.3091925217182755,4,proliferation,Proliferation,KEGG_CELL_CYCLE,1,False
12,STAT5B,ENSG00000173757,TMEM71,ENSG00000165071,gained_on_activation,-0.5948056146793886,0.5850701776587772,7,unclassified,Outside six programmes,,0,True
12,STAT5B,ENSG00000173757,ZNF367,ENSG00000165244,gained_on_activation,-0.9672910900096844,0.7087496136122847,7,unclassified,Outside six programmes,,0,True
12,STAT5B,ENSG00000173757,CPSF2,ENSG00000165934,lost_on_activation,0.3848570209734639,-0.5253325721928314,7,unclassified,Outside six programmes,,0,True
12,STAT5B,ENSG00000173757,PCLAF,ENSG00000166803,gained_on_activation,-0.7402230974949363,0.4298069537246105,7,unclassified,Outside six programmes,,0,True
12,STAT5B,ENSG00000173757,TK1,ENSG00000167900,gained_on_activation,-1.003826842364574,0.5647526814064403,7,unclassified,Outside six programmes,,0,True
12,STAT5B,ENSG00000173757,HOPX,ENSG00000171476,gained_on_activation,-0.7774450530302025,0.5046990825938689,7,unclassified,Outside six programmes,,0,True
12,STAT5B,ENSG00000173757,CFL1,ENSG00000172757,gained_on_activation,-0.2677238021721639,0.2354877395055161,6,synapse_trafficking,Synapse/trafficking,KEGG_REGULATION_OF_ACTIN_CYTOSKELETON,1,False
12,STAT5B,ENSG00000173757,ATAD5,ENSG00000176208,gained_on_activation,-0.6989526140789972,0.4839786219070539,7,unclassified,Outside six programmes,,0,True
12,STAT5B,ENSG00000173757,ARL6IP6,ENSG00000177917,gained_on_activation,-0.6393755112527656,0.4585071539278381,7,unclassified,Outside six programmes,,0,True
12,STAT5B,ENSG00000173757,FUT7,ENSG00000180549,gained_on_activation,-1.976673973162944,1.4014278635613082,7,unclassified,Outside six programmes,,0,True
12,STAT5B,ENSG00000173757,KNTC1,ENSG00000184445,gained_on_activation,-1.1756190378724096,0.4143732295023093,7,unclassified,Outside six programmes,,0,True
12,STAT5B,ENSG00000173757,H2AX,ENSG00000188486,gained_on_activation,-0.923085159475662,0.4475492099917139,7,unclassified,Outside six programmes,,0,True
12,STAT5B,ENSG00000173757,FAM111B,ENSG00000189057,gained_on_activation,-0.8496835766197731,0.7102783879230972,7,unclassified,Outside six programmes,,0,True
12,STAT5B,ENSG00000173757,H4C3,ENSG00000197061,gained_on_activation,-0.7205845935416622,0.320320477346034,7,unclassified,Outside six programmes,,0,True
12,STAT5B,ENSG00000173757,H3C8,ENSG00000273983,gained_on_activation,-1.2418579071322262,1.016432269428298,7,unclassified,Outside six programmes,,0,True
13,STIP1,ENSG00000168439,UBR2,ENSG00000024048,gained_on_activation,-0.1859834117606927,0.1381052890077631,7,unclassified,Outside six programmes,,0,True
13,STIP1,ENSG00000168439,LRRFIP2,ENSG00000093167,lost_on_activation,0.212875636706272,-0.5037665089322589,7,unclassified,Outside six programmes,,0,True
13,STIP1,ENSG00000168439,PCIF1,ENSG00000100982,gained_on_activation,-0.2142242012463998,0.1922100803171692,7,unclassified,Outside six programmes,,0,True
13,STIP1,ENSG00000168439,ACP5,ENSG00000102575,gained_on_activation,-0.4774058735835378,0.4233954322343188,7,unclassified,Outside six programmes,,0,True
13,STIP1,ENSG00000168439,CORO1A,ENSG00000102879,lost_on_activation,0.1173395717066496,-0.1443383465512787,7,unclassified,Outside six programmes,,0,True
13,STIP1,ENSG00000168439,SLC7A5,ENSG00000103257,lost_on_activation,0.5440782427525105,-0.4962915531390421,7,unclassified,Outside six programmes,,0,True
13,STIP1,ENSG00000168439,ARHGEF18,ENSG00000104880,gained_on_activation,-0.3118493756184509,0.3757230330374458,7,unclassified,Outside six programmes,,0,True
13,STIP1,ENSG00000168439,SLC1A5,ENSG00000105281,lost_on_activation,0.3696031395494047,-0.362441928986609,7,unclassified,Outside six programmes,,0,True
13,STIP1,ENSG00000168439,CCDC34,ENSG00000109881,lost_on_activation,0.3542405839846283,-0.281029245022183,7,unclassified,Outside six programmes,,0,True
13,STIP1,ENSG00000168439,IL10RA,ENSG00000110324,gained_on_activation,-0.2576647819016485,0.4253289304809969,1,tcr_cytokine_signalling,TCR/cytokine signalling,KEGG_CYTOKINE_CYTOKINE_RECEPTOR_INTERACTION;KEGG_JAK_STAT_SIGNALING_PATHWAY,1,False
13,STIP1,ENSG00000168439,DNPH1,ENSG00000112667,gained_on_activation,-0.2817528638871365,0.2060174717698135,7,unclassified,Outside six programmes,,0,True
13,STIP1,ENSG00000168439,CISH,ENSG00000114737,gained_on_activation,-0.228694031937158,0.208435300795384,1,tcr_cytokine_signalling,TCR/cytokine signalling,KEGG_JAK_STAT_SIGNALING_PATHWAY,1,False
13,STIP1,ENSG00000168439,SFPQ,ENSG00000116560,lost_on_activation,0.2223735613647816,-0.21936713638525,7,unclassified,Outside six programmes,,0,True
13,STIP1,ENSG00000168439,CXCR4,ENSG00000121966,gained_on_activation,-0.3997209995826882,0.3939312251582288,1,tcr_cytokine_signalling,TCR/cytokine signalling,KEGG_CYTOKINE_CYTOKINE_RECEPTOR_INTERACTION,2,False
13,STIP1,ENSG00000168439,CXCR4,ENSG00000121966,gained_on_activation,-0.3997209995826882,0.3939312251582288,6,synapse_trafficking,Synapse/trafficking,KEGG_CHEMOKINE_SIGNALING_PATHWAY;KEGG_ENDOCYTOSIS;KEGG_LEUKOCYTE_TRANSENDOTHELIAL_MIGRATION,2,False
13,STIP1,ENSG00000168439,BBS2,ENSG00000125124,gained_on_activation,-0.4344888414506155,0.4503057464772508,7,unclassified,Outside six programmes,,0,True
13,STIP1,ENSG00000168439,EIF2S2,ENSG00000125977,lost_on_activation,0.2978954353656566,-0.2019165646359384,7,unclassified,Outside six programmes,,0,True
13,STIP1,ENSG00000168439,TRIM22,ENSG00000132274,gained_on_activation,-0.3663771295020198,0.5484705912261543,7,unclassified,Outside six programmes,,0,True
13,STIP1,ENSG00000168439,SLC7A1,ENSG00000139514,lost_on_activation,0.2678555435308837,-0.3354481068432229,7,unclassified,Outside six programmes,,0,True
13,STIP1,ENSG00000168439,PTPN7,ENSG00000143851,lost_on_activation,0.3835130221783058,-0.2089295456221965,7,unclassified,Outside six programmes,,0,True
13,STIP1,ENSG00000168439,MFSD14B,ENSG00000148110,lost_on_activation,0.1696496514459868,-0.2462445094663382,7,unclassified,Outside six programmes,,0,True
13,STIP1,ENSG00000168439,NMT2,ENSG00000152465,gained_on_activation,-0.4235219208313592,0.336850542083844,7,unclassified,Outside six programmes,,0,True
13,STIP1,ENSG00000168439,ELOC,ENSG00000154582,lost_on_activation,0.1738231952637762,-0.1142347775745922,7,unclassified,Outside six programmes,,0,True
13,STIP1,ENSG00000168439,UBE2L6,ENSG00000156587,gained_on_activation,-0.2160068695429249,0.1724292961652531,7,unclassified,Outside six programmes,,0,True
13,STIP1,ENSG00000168439,SUSD3,ENSG00000157303,gained_on_activation,-0.231675240380437,0.2006474700707701,7,unclassified,Outside six programmes,,0,True
13,STIP1,ENSG00000168439,PSMC2,ENSG00000161057,lost_on_activation,0.2114361524731501,-0.1288370816436523,2,antigen_processing_proteasome,Antigen processing/proteasome,KEGG_PROTEASOME,1,False
13,STIP1,ENSG00000168439,SLC25A45,ENSG00000162241,gained_on_activation,-0.3749441084359682,0.5500728086772669,7,unclassified,Outside six programmes,,0,True
13,STIP1,ENSG00000168439,ZYG11B,ENSG00000162378,gained_on_activation,-0.2695584139106601,0.2484913574384901,7,unclassified,Outside six programmes,,0,True
13,STIP1,ENSG00000168439,MED30,ENSG00000164758,lost_on_activation,0.2678620085858469,-0.1572383854384852,7,unclassified,Outside six programmes,,0,True
13,STIP1,ENSG00000168439,GHITM,ENSG00000165678,lost_on_activation,0.1219738524772208,-0.165657661071199,7,unclassified,Outside six programmes,,0,True
13,STIP1,ENSG00000168439,TPM4,ENSG00000167460,lost_on_activation,0.2851074931693261,-0.1565115160006097,7,unclassified,Outside six programmes,,0,True
13,STIP1,ENSG00000168439,KIFC2,ENSG00000167702,gained_on_activation,-0.7427063581731059,0.6780179913781259,7,unclassified,Outside six programmes,,0,True
13,STIP1,ENSG00000168439,PCMTD1,ENSG00000168300,gained_on_activation,-0.3000839439653599,0.2542588494030858,7,unclassified,Outside six programmes,,0,True
13,STIP1,ENSG00000168439,NDUFA3,ENSG00000170906,gained_on_activation,-0.1224430742190529,0.1421302159179327,5,metabolism_mitochondria,Metabolism/mitochondria,KEGG_OXIDATIVE_PHOSPHORYLATION,1,False
13,STIP1,ENSG00000168439,PLRG1,ENSG00000171566,lost_on_activation,0.1547974345006628,-0.1906040439967832,7,unclassified,Outside six programmes,,0,True
13,STIP1,ENSG00000168439,FBXO45,ENSG00000174013,lost_on_activation,0.270944215588289,-0.1887573266497156,7,unclassified,Outside six programmes,,0,True
13,STIP1,ENSG00000168439,MPI,ENSG00000178802,gained_on_activation,-0.2194904624591808,0.2430358258812907,7,unclassified,Outside six programmes,,0,True
13,STIP1,ENSG00000168439,PCGF5,ENSG00000180628,gained_on_activation,-0.2617001955701683,0.2806197440341157,7,unclassified,Outside six programmes,,0,True
13,STIP1,ENSG00000168439,TTC3,ENSG00000182670,gained_on_activation,-0.2199113982984444,0.1785107192963005,7,unclassified,Outside six programmes,,0,True
13,STIP1,ENSG00000168439,RINL,ENSG00000187994,gained_on_activation,-0.3405663589236049,0.2080467370550316,7,unclassified,Outside six programmes,,0,True
13,STIP1,ENSG00000168439,TAF13,ENSG00000197780,lost_on_activation,0.1555902594128758,-0.232184862775671,7,unclassified,Outside six programmes,,0,True
13,STIP1,ENSG00000168439,KIFBP,ENSG00000198954,lost_on_activation,0.3138629713714962,-0.2842376400763193,7,unclassified,Outside six programmes,,0,True
14,DOCK2,ENSG00000134516,DDX1,ENSG00000079785,lost_on_activation,0.2117133540979487,-0.2000641195424138,7,unclassified,Outside six programmes,,0,True
14,DOCK2,ENSG00000134516,ZMPSTE24,ENSG00000084073,lost_on_activation,0.1645128478892681,-0.2849906719542715,7,unclassified,Outside six programmes,,0,True
14,DOCK2,ENSG00000134516,PEBP1,ENSG00000089220,lost_on_activation,0.264236132008152,-0.1672234104673033,7,unclassified,Outside six programmes,,0,True
14,DOCK2,ENSG00000134516,PSMA3,ENSG00000100567,lost_on_activation,0.1976610398028497,-0.1654612230648777,2,antigen_processing_proteasome,Antigen processing/proteasome,KEGG_PROTEASOME,1,False
14,DOCK2,ENSG00000134516,EIF3J,ENSG00000104131,lost_on_activation,0.1636112447219188,-0.1807656689622384,7,unclassified,Outside six programmes,,0,True
14,DOCK2,ENSG00000134516,HNRNPL,ENSG00000104824,lost_on_activation,0.129820636719101,-0.0982549246558752,7,unclassified,Outside six programmes,,0,True
14,DOCK2,ENSG00000134516,CHCHD3,ENSG00000106554,lost_on_activation,0.2135400817230574,-0.2516635035803992,7,unclassified,Outside six programmes,,0,True
14,DOCK2,ENSG00000134516,HSPA9,ENSG00000113013,lost_on_activation,0.2787116734415261,-0.2475379089408584,7,unclassified,Outside six programmes,,0,True
14,DOCK2,ENSG00000134516,EIF4G1,ENSG00000114867,lost_on_activation,0.2024267973351561,-0.1726975139281419,7,unclassified,Outside six programmes,,0,True
14,DOCK2,ENSG00000134516,HSPE1,ENSG00000115541,lost_on_activation,0.3750137217786093,-0.2416910547164212,7,unclassified,Outside six programmes,,0,True
14,DOCK2,ENSG00000134516,ITGB1BP1,ENSG00000119185,lost_on_activation,0.2228428112537727,-0.2167304135268283,7,unclassified,Outside six programmes,,0,True
14,DOCK2,ENSG00000134516,TCP1,ENSG00000120438,lost_on_activation,0.2823878236924356,-0.2372961636870263,7,unclassified,Outside six programmes,,0,True
14,DOCK2,ENSG00000134516,HSPH1,ENSG00000120694,lost_on_activation,0.2885255798202296,-0.2427034329382198,7,unclassified,Outside six programmes,,0,True
14,DOCK2,ENSG00000134516,PRMT1,ENSG00000126457,lost_on_activation,0.3445710803865886,-0.2576337493357938,7,unclassified,Outside six programmes,,0,True
14,DOCK2,ENSG00000134516,CALU,ENSG00000128595,lost_on_activation,0.202648226040524,-0.1989730272500304,7,unclassified,Outside six programmes,,0,True
14,DOCK2,ENSG00000134516,TOMM40,ENSG00000130204,lost_on_activation,0.3782759517631762,-0.2705066415501096,7,unclassified,Outside six programmes,,0,True
14,DOCK2,ENSG00000134516,TRIM22,ENSG00000132274,gained_on_activation,-0.3192651311110273,0.5213556887187547,7,unclassified,Outside six programmes,,0,True
14,DOCK2,ENSG00000134516,LLPH,ENSG00000139233,lost_on_activation,0.1834422497022445,-0.265137698287593,7,unclassified,Outside six programmes,,0,True
14,DOCK2,ENSG00000134516,CDC123,ENSG00000151465,lost_on_activation,0.2817423727255264,-0.1716992989781718,7,unclassified,Outside six programmes,,0,True
14,DOCK2,ENSG00000134516,GTF3C6,ENSG00000155115,lost_on_activation,0.1353550845648289,-0.1530766726750541,7,unclassified,Outside six programmes,,0,True
14,DOCK2,ENSG00000134516,HEATR3,ENSG00000155393,lost_on_activation,0.2652700982733031,-0.2920190218312347,7,unclassified,Outside six programmes,,0,True
14,DOCK2,ENSG00000134516,LRP8,ENSG00000157193,lost_on_activation,0.2612863546950245,-0.2131812040184823,7,unclassified,Outside six programmes,,0,True
14,DOCK2,ENSG00000134516,LARP4,ENSG00000161813,lost_on_activation,0.1473110447375022,-0.2171707983461547,7,unclassified,Outside six programmes,,0,True
14,DOCK2,ENSG00000134516,POLR3K,ENSG00000161980,lost_on_activation,0.2442486835096363,-0.2271828156157924,7,unclassified,Outside six programmes,,0,True
14,DOCK2,ENSG00000134516,SLC25A32,ENSG00000164933,lost_on_activation,0.3639270086921375,-0.2541452904672964,7,unclassified,Outside six programmes,,0,True
14,DOCK2,ENSG00000134516,DDX19A,ENSG00000168872,lost_on_activation,0.2062404482302743,-0.2834569374338642,7,unclassified,Outside six programmes,,0,True
14,DOCK2,ENSG00000134516,PRELID1,ENSG00000169230,lost_on_activation,0.2495917108079537,-0.219955939541924,7,unclassified,Outside six programmes,,0,True
14,DOCK2,ENSG00000134516,CYCS,ENSG00000172115,lost_on_activation,0.2639120770615571,-0.2164563616105985,3,stress_survival,Stress/survival,KEGG_APOPTOSIS,1,False
14,DOCK2,ENSG00000134516,ATP2A2,ENSG00000174437,lost_on_activation,0.2472885177085134,-0.1944467198983949,7,unclassified,Outside six programmes,,0,True
14,DOCK2,ENSG00000134516,KLC2,ENSG00000174996,lost_on_activation,0.2521952472557222,-0.2611811589404719,7,unclassified,Outside six programmes,,0,True
14,DOCK2,ENSG00000134516,RAB6A,ENSG00000175582,gained_on_activation,-0.1457544287281644,0.1553268092462393,7,unclassified,Outside six programmes,,0,True
14,DOCK2,ENSG00000134516,TOMM5,ENSG00000175768,lost_on_activation,0.1942359569355942,-0.202554623010279,7,unclassified,Outside six programmes,,0,True
14,DOCK2,ENSG00000134516,ARIH2,ENSG00000177479,lost_on_activation,0.1954899957721994,-0.1840597541989501,7,unclassified,Outside six programmes,,0,True
14,DOCK2,ENSG00000134516,PTPN11,ENSG00000179295,lost_on_activation,0.1596565660939216,-0.2157883430668704,1,tcr_cytokine_signalling,TCR/cytokine signalling,KEGG_JAK_STAT_SIGNALING_PATHWAY,2,False
14,DOCK2,ENSG00000134516,PTPN11,ENSG00000179295,lost_on_activation,0.1596565660939216,-0.2157883430668704,6,synapse_trafficking,Synapse/trafficking,KEGG_LEUKOCYTE_TRANSENDOTHELIAL_MIGRATION,2,False
14,DOCK2,ENSG00000134516,NSMCE3,ENSG00000185115,gained_on_activation,-0.1900914673466779,0.2323071694695952,7,unclassified,Outside six programmes,,0,True
14,DOCK2,ENSG00000134516,HELZ,ENSG00000198265,gained_on_activation,-0.231728566798202,0.2313297482255112,7,unclassified,Outside six programmes,,0,True
14,DOCK2,ENSG00000134516,PJA2,ENSG00000198961,gained_on_activation,-0.1477077214628696,0.1384756757016397,7,unclassified,Outside six programmes,,0,True
14,DOCK2,ENSG00000134516,E2F4,ENSG00000205250,lost_on_activation,0.1616083840011178,-0.2419112791856664,4,proliferation,Proliferation,KEGG_CELL_CYCLE,1,False
14,DOCK2,ENSG00000134516,PGAM5,ENSG00000247077,lost_on_activation,0.3338536957877089,-0.296278948959566,7,unclassified,Outside six programmes,,0,True
14,DOCK2,ENSG00000134516,TXNIP,ENSG00000265972,gained_on_activation,-0.4455364559174532,0.340187969449078,7,unclassified,Outside six programmes,,0,True
15,TSC1,ENSG00000165699,GCLM,ENSG00000023909,gained_on_activation,-0.2674140251845328,0.275256366779124,7,unclassified,Outside six programmes,,0,True
15,TSC1,ENSG00000165699,KCNAB2,ENSG00000069424,lost_on_activation,0.186986933178785,-0.1812426061041818,7,unclassified,Outside six programmes,,0,True
15,TSC1,ENSG00000165699,NCK2,ENSG00000071051,gained_on_activation,-0.2983708779498442,0.3171530542927146,1,tcr_cytokine_signalling,TCR/cytokine signalling,KEGG_T_CELL_RECEPTOR_SIGNALING_PATHWAY,1,False
15,TSC1,ENSG00000165699,HSP90AA1,ENSG00000080824,gained_on_activation,-0.3069883621029242,0.2406471631149322,2,antigen_processing_proteasome,Antigen processing/proteasome,KEGG_ANTIGEN_PROCESSING_AND_PRESENTATION,1,False
15,TSC1,ENSG00000165699,NUDC,ENSG00000090273,gained_on_activation,-0.2830021709144917,0.2437592600071095,7,unclassified,Outside six programmes,,0,True
15,TSC1,ENSG00000165699,ORC6,ENSG00000091651,gained_on_activation,-0.4574817382405606,0.1691990157757876,4,proliferation,Proliferation,KEGG_CELL_CYCLE,1,False
15,TSC1,ENSG00000165699,UBE2R2,ENSG00000107341,gained_on_activation,-0.1823901936576671,0.1188682947095542,7,unclassified,Outside six programmes,,0,True
15,TSC1,ENSG00000165699,COX7A2,ENSG00000112695,lost_on_activation,0.1174182279608592,-0.130394510766318,5,metabolism_mitochondria,Metabolism/mitochondria,KEGG_OXIDATIVE_PHOSPHORYLATION,1,False
15,TSC1,ENSG00000165699,DGUOK,ENSG00000114956,gained_on_activation,-0.1529270370449763,0.1344942651985145,7,unclassified,Outside six programmes,,0,True
15,TSC1,ENSG00000165699,VAMP8,ENSG00000118640,lost_on_activation,0.1556317407683888,-0.1432765858255311,7,unclassified,Outside six programmes,,0,True
15,TSC1,ENSG00000165699,EXOSC8,ENSG00000120699,gained_on_activation,-0.2924011617438043,0.2986461316469417,7,unclassified,Outside six programmes,,0,True
15,TSC1,ENSG00000165699,MXD4,ENSG00000123933,lost_on_activation,0.8811336094121982,-0.7083099612995046,7,unclassified,Outside six programmes,,0,True
15,TSC1,ENSG00000165699,MGME1,ENSG00000125871,lost_on_activation,0.1536121170930713,-0.2300963620693582,7,unclassified,Outside six programmes,,0,True
15,TSC1,ENSG00000165699,IGFLR1,ENSG00000126246,lost_on_activation,0.3308095142812672,-0.4845958063669847,7,unclassified,Outside six programmes,,0,True
15,TSC1,ENSG00000165699,HNRNPH2,ENSG00000126945,lost_on_activation,0.1838136229065353,-0.2500834232229266,7,unclassified,Outside six programmes,,0,True
15,TSC1,ENSG00000165699,DSTYK,ENSG00000133059,lost_on_activation,0.2850134245122561,-0.3415299210201267,7,unclassified,Outside six programmes,,0,True
15,TSC1,ENSG00000165699,CCDC59,ENSG00000133773,gained_on_activation,-0.2925649935049866,0.2181455819101937,7,unclassified,Outside six programmes,,0,True
15,TSC1,ENSG00000165699,MICAL2,ENSG00000133816,lost_on_activation,0.5200368696310644,-0.2948299679264028,7,unclassified,Outside six programmes,,0,True
15,TSC1,ENSG00000165699,RBM17,ENSG00000134453,gained_on_activation,-0.2013264874512342,0.1532526177360361,7,unclassified,Outside six programmes,,0,True
15,TSC1,ENSG00000165699,WRAP53,ENSG00000141499,gained_on_activation,-0.4088594842163996,0.3267637808159968,7,unclassified,Outside six programmes,,0,True
15,TSC1,ENSG00000165699,ILF2,ENSG00000143621,gained_on_activation,-0.2002619595455945,0.158508441869472,7,unclassified,Outside six programmes,,0,True
15,TSC1,ENSG00000165699,PDCD4,ENSG00000150593,lost_on_activation,0.5050416292329201,-0.3854750370827015,7,unclassified,Outside six programmes,,0,True
15,TSC1,ENSG00000165699,AP1S3,ENSG00000152056,gained_on_activation,-0.4892296912314544,0.4400287322642233,7,unclassified,Outside six programmes,,0,True
15,TSC1,ENSG00000165699,HK2,ENSG00000159399,gained_on_activation,-0.5519831370219557,0.2094748710044277,5,metabolism_mitochondria,Metabolism/mitochondria,KEGG_GLYCOLYSIS_GLUCONEOGENESIS,1,False
15,TSC1,ENSG00000165699,EIF4A1,ENSG00000161960,gained_on_activation,-0.1918144820395373,0.1974594091818585,7,unclassified,Outside six programmes,,0,True
15,TSC1,ENSG00000165699,IFI16,ENSG00000163565,lost_on_activation,0.1157492604106542,-0.1748391849151126,7,unclassified,Outside six programmes,,0,True
15,TSC1,ENSG00000165699,C4orf3,ENSG00000164096,lost_on_activation,0.2084415802049301,-0.2259714047439202,7,unclassified,Outside six programmes,,0,True
15,TSC1,ENSG00000165699,VDAC2,ENSG00000165637,gained_on_activation,-0.2686200414510931,0.2308426548386482,7,unclassified,Outside six programmes,,0,True
15,TSC1,ENSG00000165699,FASN,ENSG00000169710,gained_on_activation,-0.4451786888816293,0.2702339214557599,7,unclassified,Outside six programmes,,0,True
15,TSC1,ENSG00000165699,CTU2,ENSG00000174177,gained_on_activation,-0.4871359264047258,0.3509964202562884,7,unclassified,Outside six programmes,,0,True
15,TSC1,ENSG00000165699,KLC2,ENSG00000174996,gained_on_activation,-0.3029141037155852,0.4000037114919668,7,unclassified,Outside six programmes,,0,True
15,TSC1,ENSG00000165699,ANKLE2,ENSG00000176915,gained_on_activation,-0.1949127056913364,0.1719540398022606,7,unclassified,Outside six programmes,,0,True
15,TSC1,ENSG00000165699,GLRX5,ENSG00000182512,gained_on_activation,-0.2985088893266709,0.3182763544143873,7,unclassified,Outside six programmes,,0,True
15,TSC1,ENSG00000165699,CEP63,ENSG00000182923,gained_on_activation,-0.2592751422099411,0.2834271356096846,7,unclassified,Outside six programmes,,0,True
15,TSC1,ENSG00000165699,UBE2H,ENSG00000186591,lost_on_activation,0.4148590469409458,-0.3172151642261219,7,unclassified,Outside six programmes,,0,True
15,TSC1,ENSG00000165699,HNRNPAB,ENSG00000197451,gained_on_activation,-0.3175865396645483,0.2344110266328374,7,unclassified,Outside six programmes,,0,True
15,TSC1,ENSG00000165699,FAR1,ENSG00000197601,gained_on_activation,-0.1991547141732556,0.1938464800694127,7,unclassified,Outside six programmes,,0,True
15,TSC1,ENSG00000165699,SNHG32,ENSG00000204387,gained_on_activation,-0.2871762226755642,0.3357223452163007,7,unclassified,Outside six programmes,,0,True
15,TSC1,ENSG00000165699,MYCBP,ENSG00000214114,gained_on_activation,-0.669699081928538,0.1645512956100728,7,unclassified,Outside six programmes,,0,True
16,DOLPP1,ENSG00000167130,HSPA5,ENSG00000044574,lost_on_activation,0.4011644814690851,-0.2702879109375127,2,antigen_processing_proteasome,Antigen processing/proteasome,KEGG_ANTIGEN_PROCESSING_AND_PRESENTATION,1,False
16,DOLPP1,ENSG00000167130,TUBE1,ENSG00000074935,lost_on_activation,0.3323232971836348,-0.4050313074933677,7,unclassified,Outside six programmes,,0,True
16,DOLPP1,ENSG00000167130,TMEM38B,ENSG00000095209,lost_on_activation,0.4190880075495702,-0.2317201467283401,7,unclassified,Outside six programmes,,0,True
16,DOLPP1,ENSG00000167130,APOL1,ENSG00000100342,gained_on_activation,-0.2396204237733997,0.2748164898149958,7,unclassified,Outside six programmes,,0,True
16,DOLPP1,ENSG00000167130,TRIB3,ENSG00000101255,lost_on_activation,0.5809476396047368,-0.5515851183988477,7,unclassified,Outside six programmes,,0,True
16,DOLPP1,ENSG00000167130,GARS1,ENSG00000106105,lost_on_activation,0.2386686788011296,-0.4229798567337066,7,unclassified,Outside six programmes,,0,True
16,DOLPP1,ENSG00000167130,SSR3,ENSG00000114850,lost_on_activation,0.1925727172074069,-0.1501616321293274,7,unclassified,Outside six programmes,,0,True
16,DOLPP1,ENSG00000167130,HSDL2,ENSG00000119471,lost_on_activation,0.2034576669062587,-0.1605045538740728,7,unclassified,Outside six programmes,,0,True
16,DOLPP1,ENSG00000167130,WDR11,ENSG00000120008,lost_on_activation,0.1778942735279272,-0.133465489837068,7,unclassified,Outside six programmes,,0,True
16,DOLPP1,ENSG00000167130,MTHFD1L,ENSG00000120254,lost_on_activation,0.4479990197167086,-0.3560930799584959,7,unclassified,Outside six programmes,,0,True
16,DOLPP1,ENSG00000167130,SERP1,ENSG00000120742,lost_on_activation,0.232667872810874,-0.1352405955430516,7,unclassified,Outside six programmes,,0,True
16,DOLPP1,ENSG00000167130,IRF1,ENSG00000125347,gained_on_activation,-0.2779630664593595,0.2500331474690307,7,unclassified,Outside six programmes,,0,True
16,DOLPP1,ENSG00000167130,CANX,ENSG00000127022,lost_on_activation,0.1910424321253531,-0.1401476874073411,2,antigen_processing_proteasome,Antigen processing/proteasome,KEGG_ANTIGEN_PROCESSING_AND_PRESENTATION,1,False
16,DOLPP1,ENSG00000167130,ATF4,ENSG00000128272,lost_on_activation,0.2452320028945541,-0.3110841261573529,7,unclassified,Outside six programmes,,0,True
16,DOLPP1,ENSG00000167130,DNAJB9,ENSG00000128590,lost_on_activation,0.3067975302134049,-0.3018179407661854,7,unclassified,Outside six programmes,,0,True
16,DOLPP1,ENSG00000167130,CHAC1,ENSG00000128965,lost_on_activation,1.7555863792282935,-0.7176468469065168,7,unclassified,Outside six programmes,,0,True
16,DOLPP1,ENSG00000167130,SESN2,ENSG00000130766,lost_on_activation,0.4283591188718011,-0.7472867191947141,7,unclassified,Outside six programmes,,0,True
16,DOLPP1,ENSG00000167130,SLC38A2,ENSG00000134294,lost_on_activation,0.3236730220638484,-0.1588669211256051,7,unclassified,Outside six programmes,,0,True
16,DOLPP1,ENSG00000167130,PSAT1,ENSG00000135069,lost_on_activation,0.6261429061962742,-0.4452518623452707,7,unclassified,Outside six programmes,,0,True
16,DOLPP1,ENSG00000167130,SLC7A1,ENSG00000139514,lost_on_activation,0.2870518889138258,-0.1563929566521668,7,unclassified,Outside six programmes,,0,True
16,DOLPP1,ENSG00000167130,FURIN,ENSG00000140564,gained_on_activation,-0.5066499550671885,0.2262211260558891,7,unclassified,Outside six programmes,,0,True
16,DOLPP1,ENSG00000167130,SRPRB,ENSG00000144867,lost_on_activation,0.3072290512766734,-0.2040101919307602,7,unclassified,Outside six programmes,,0,True
16,DOLPP1,ENSG00000167130,HSPA13,ENSG00000155304,lost_on_activation,0.3035655345069129,-0.1972742253533666,7,unclassified,Outside six programmes,,0,True
16,DOLPP1,ENSG00000167130,GBP4,ENSG00000162654,gained_on_activation,-0.3297249007311008,0.3796484837735146,7,unclassified,Outside six programmes,,0,True
16,DOLPP1,ENSG00000167130,MID1IP1,ENSG00000165175,lost_on_activation,0.2022172336588175,-0.2487452055901131,7,unclassified,Outside six programmes,,0,True
16,DOLPP1,ENSG00000167130,MIDN,ENSG00000167470,gained_on_activation,-0.2079257006541205,0.3295398023225452,7,unclassified,Outside six programmes,,0,True
16,DOLPP1,ENSG00000167130,ANKRD11,ENSG00000167522,lost_on_activation,0.124192813012958,-0.1614497144924585,7,unclassified,Outside six programmes,,0,True
16,DOLPP1,ENSG00000167130,SLC3A2,ENSG00000168003,lost_on_activation,0.6248396809056179,-0.239611553031249,7,unclassified,Outside six programmes,,0,True
16,DOLPP1,ENSG00000167130,DDIT3,ENSG00000175197,lost_on_activation,0.7450089213232446,-0.5160184459183541,7,unclassified,Outside six programmes,,0,True
16,DOLPP1,ENSG00000167130,LYSMD3,ENSG00000176018,lost_on_activation,0.1377891860698143,-0.1432190694627524,7,unclassified,Outside six programmes,,0,True
16,DOLPP1,ENSG00000167130,TMEM39A,ENSG00000176142,lost_on_activation,0.2910004736689502,-0.2269347319000754,7,unclassified,Outside six programmes,,0,True
16,DOLPP1,ENSG00000167130,XPOT,ENSG00000184575,lost_on_activation,0.2116969055698655,-0.3578013819676846,7,unclassified,Outside six programmes,,0,True
16,DOLPP1,ENSG00000167130,EIF4EBP1,ENSG00000187840,lost_on_activation,0.4219812707807111,-0.4058609043290822,3,stress_survival,Stress/survival,KEGG_MTOR_SIGNALING_PATHWAY,1,False
16,DOLPP1,ENSG00000167130,IARS1,ENSG00000196305,lost_on_activation,0.2682162310467359,-0.2050765131707732,7,unclassified,Outside six programmes,,0,True
16,DOLPP1,ENSG00000167130,SLC6A9,ENSG00000196517,lost_on_activation,1.8253230785193928,-0.5311792759613151,7,unclassified,Outside six programmes,,0,True
16,DOLPP1,ENSG00000167130,OSTC,ENSG00000198856,lost_on_activation,0.2104857611500023,-0.1266343894286594,7,unclassified,Outside six programmes,,0,True
16,DOLPP1,ENSG00000167130,ARPC4,ENSG00000241553,gained_on_activation,-0.1298199835595573,0.1234116470685331,6,synapse_trafficking,Synapse/trafficking,KEGG_REGULATION_OF_ACTIN_CYTOSKELETON,1,False
16,DOLPP1,ENSG00000167130,SEC22B,ENSG00000265808,lost_on_activation,0.0960108004639552,-0.1204926649862851,7,unclassified,Outside six programmes,,0,True
17,STAT3,ENSG00000168610,CLEC2D,ENSG00000069493,gained_on_activation,-0.1905741944669787,0.2404644490220587,7,unclassified,Outside six programmes,,0,True
17,STAT3,ENSG00000168610,MCM2,ENSG00000073111,gained_on_activation,-0.6278172032628728,0.2117984257613313,4,proliferation,Proliferation,KEGG_CELL_CYCLE;KEGG_DNA_REPLICATION,1,False
17,STAT3,ENSG00000168610,CLSPN,ENSG00000092853,gained_on_activation,-0.7693014890007734,0.2570952366391537,7,unclassified,Outside six programmes,,0,True
17,STAT3,ENSG00000168610,CDC45,ENSG00000093009,gained_on_activation,-0.8030672935726657,0.2220832817667839,4,proliferation,Proliferation,KEGG_CELL_CYCLE,1,False
17,STAT3,ENSG00000168610,RANGAP1,ENSG00000100401,gained_on_activation,-0.3651888161665222,0.2420578554259031,7,unclassified,Outside six programmes,,0,True
17,STAT3,ENSG00000168610,MTHFD1,ENSG00000100714,gained_on_activation,-0.4887755960663014,0.2733397499219244,7,unclassified,Outside six programmes,,0,True
17,STAT3,ENSG00000168610,RASSF2,ENSG00000101265,gained_on_activation,-0.276262969535789,0.2461852667762417,7,unclassified,Outside six programmes,,0,True
17,STAT3,ENSG00000168610,COTL1,ENSG00000103187,gained_on_activation,-0.4750272525212082,0.3657506590002053,7,unclassified,Outside six programmes,,0,True
17,STAT3,ENSG00000168610,ASF1B,ENSG00000105011,gained_on_activation,-0.8116291662800713,0.2268325761530821,7,unclassified,Outside six programmes,,0,True
17,STAT3,ENSG00000168610,LIG1,ENSG00000105486,gained_on_activation,-0.4237473694209681,0.375974211792562,4,proliferation,Proliferation,KEGG_DNA_REPLICATION,1,False
17,STAT3,ENSG00000168610,IQCE,ENSG00000106012,gained_on_activation,-0.6782634933931664,0.5834041441658171,7,unclassified,Outside six programmes,,0,True
17,STAT3,ENSG00000168610,PFN1,ENSG00000108518,gained_on_activation,-0.2744808577890232,0.097662762407207,6,synapse_trafficking,Synapse/trafficking,KEGG_REGULATION_OF_ACTIN_CYTOSKELETON,1,False
17,STAT3,ENSG00000168610,ARHGDIB,ENSG00000111348,gained_on_activation,-0.2097013481609459,0.1478427070669584,7,unclassified,Outside six programmes,,0,True
17,STAT3,ENSG00000168610,MCM3,ENSG00000112118,gained_on_activation,-0.4624656804177094,0.2187757650845735,4,proliferation,Proliferation,KEGG_CELL_CYCLE;KEGG_DNA_REPLICATION,1,False
17,STAT3,ENSG00000168610,WIPF1,ENSG00000115935,gained_on_activation,-0.3360588546294336,0.2920804207053812,7,unclassified,Outside six programmes,,0,True
17,STAT3,ENSG00000168610,NENF,ENSG00000117691,gained_on_activation,-0.4508679735642095,0.2453391267181942,7,unclassified,Outside six programmes,,0,True
17,STAT3,ENSG00000168610,PTBP3,ENSG00000119314,gained_on_activation,-0.2747235472306509,0.215845057623793,7,unclassified,Outside six programmes,,0,True
17,STAT3,ENSG00000168610,HELLS,ENSG00000119969,gained_on_activation,-0.474272674977772,0.2638717598545691,7,unclassified,Outside six programmes,,0,True
17,STAT3,ENSG00000168610,CXCR4,ENSG00000121966,lost_on_activation,0.3170460623691364,-0.7744276401568017,1,tcr_cytokine_signalling,TCR/cytokine signalling,KEGG_CYTOKINE_CYTOKINE_RECEPTOR_INTERACTION,2,False
17,STAT3,ENSG00000168610,CXCR4,ENSG00000121966,lost_on_activation,0.3170460623691364,-0.7744276401568017,6,synapse_trafficking,Synapse/trafficking,KEGG_CHEMOKINE_SIGNALING_PATHWAY;KEGG_ENDOCYTOSIS;KEGG_LEUKOCYTE_TRANSENDOTHELIAL_MIGRATION,2,False
17,STAT3,ENSG00000168610,CDKN2C,ENSG00000123080,gained_on_activation,-0.6363913704288041,0.5854842561186867,4,proliferation,Proliferation,KEGG_CELL_CYCLE,1,False
17,STAT3,ENSG00000168610,DDX39A,ENSG00000123136,gained_on_activation,-0.4813139320512423,0.2279262448131223,7,unclassified,Outside six programmes,,0,True
17,STAT3,ENSG00000168610,DEK,ENSG00000124795,gained_on_activation,-0.2707635319852454,0.3808625410689999,7,unclassified,Outside six programmes,,0,True
17,STAT3,ENSG00000168610,LSM4,ENSG00000130520,gained_on_activation,-0.4676299454910529,0.2632994742467343,7,unclassified,Outside six programmes,,0,True
17,STAT3,ENSG00000168610,ETS1,ENSG00000134954,lost_on_activation,0.2161185190429554,-0.376414235322987,7,unclassified,Outside six programmes,,0,True
17,STAT3,ENSG00000168610,FANCI,ENSG00000140525,gained_on_activation,-0.6503815167223601,0.1605845871445389,7,unclassified,Outside six programmes,,0,True
17,STAT3,ENSG00000168610,ANAPC11,ENSG00000141552,gained_on_activation,-0.2851044069271413,0.1689503266359572,4,proliferation,Proliferation,KEGG_CELL_CYCLE,1,False
17,STAT3,ENSG00000168610,FBXO28,ENSG00000143756,lost_on_activation,0.4304436852366436,-0.466951422743038,7,unclassified,Outside six programmes,,0,True
17,STAT3,ENSG00000168610,CDCA7,ENSG00000144354,gained_on_activation,-0.5148765876551975,0.3401595636875639,7,unclassified,Outside six programmes,,0,True
17,STAT3,ENSG00000168610,ARL6IP5,ENSG00000144746,lost_on_activation,0.1939542269239914,-0.2733477528618402,7,unclassified,Outside six programmes,,0,True
17,STAT3,ENSG00000168610,TEX30,ENSG00000151287,gained_on_activation,-0.5457392505268371,0.2949528444436136,7,unclassified,Outside six programmes,,0,True
17,STAT3,ENSG00000168610,JMY,ENSG00000152409,lost_on_activation,0.5856824080037353,-0.6555743662206626,7,unclassified,Outside six programmes,,0,True
17,STAT3,ENSG00000168610,RAB39B,ENSG00000155961,lost_on_activation,0.5019451958288855,-0.4303929194187784,7,unclassified,Outside six programmes,,0,True
17,STAT3,ENSG00000168610,EIF4E3,ENSG00000163412,gained_on_activation,-0.3107447477419021,0.2164696469631301,7,unclassified,Outside six programmes,,0,True
17,STAT3,ENSG00000168610,SFXN1,ENSG00000164466,gained_on_activation,-0.2959193945528595,0.2377370344560168,7,unclassified,Outside six programmes,,0,True
17,STAT3,ENSG00000168610,BRWD3,ENSG00000165288,lost_on_activation,0.448595974901822,-0.4506425317882376,7,unclassified,Outside six programmes,,0,True
17,STAT3,ENSG00000168610,E2F7,ENSG00000165891,gained_on_activation,-0.8705888011938304,0.6149793867236175,7,unclassified,Outside six programmes,,0,True
17,STAT3,ENSG00000168610,LRRC45,ENSG00000169683,gained_on_activation,-0.5298450213597167,0.5162923917533261,7,unclassified,Outside six programmes,,0,True
17,STAT3,ENSG00000168610,MAF,ENSG00000178573,lost_on_activation,0.6125920169514987,-0.6835085988495274,7,unclassified,Outside six programmes,,0,True
18,CBFB,ENSG00000067955,ST3GAL1,ENSG00000008513,lost_on_activation,0.3432477929361982,-0.4192056793067862,7,unclassified,Outside six programmes,,0,True
18,CBFB,ENSG00000067955,CD4,ENSG00000010610,lost_on_activation,0.3320772248692563,-0.4381408152786081,1,tcr_cytokine_signalling,TCR/cytokine signalling,KEGG_T_CELL_RECEPTOR_SIGNALING_PATHWAY,3,False
18,CBFB,ENSG00000067955,CD4,ENSG00000010610,lost_on_activation,0.3320772248692563,-0.4381408152786081,2,antigen_processing_proteasome,Antigen processing/proteasome,KEGG_ANTIGEN_PROCESSING_AND_PRESENTATION,3,False
18,CBFB,ENSG00000067955,CD4,ENSG00000010610,lost_on_activation,0.3320772248692563,-0.4381408152786081,6,synapse_trafficking,Synapse/trafficking,KEGG_CELL_ADHESION_MOLECULES_CAMS,3,False
18,CBFB,ENSG00000067955,CLEC2D,ENSG00000069493,gained_on_activation,-0.2619088059936195,0.271124280006104,7,unclassified,Outside six programmes,,0,True
18,CBFB,ENSG00000067955,PRKACA,ENSG00000072062,lost_on_activation,0.2769001453096622,-0.4299112347789595,3,stress_survival,Stress/survival,KEGG_APOPTOSIS,2,False
18,CBFB,ENSG00000067955,PRKACA,ENSG00000072062,lost_on_activation,0.2769001453096622,-0.4299112347789595,6,synapse_trafficking,Synapse/trafficking,KEGG_CHEMOKINE_SIGNALING_PATHWAY,2,False
18,CBFB,ENSG00000067955,HSP90AA1,ENSG00000080824,gained_on_activation,-0.4042188627009585,0.33738418495034,2,antigen_processing_proteasome,Antigen processing/proteasome,KEGG_ANTIGEN_PROCESSING_AND_PRESENTATION,1,False
18,CBFB,ENSG00000067955,STK17B,ENSG00000081320,lost_on_activation,0.2563312407418476,-0.3969685622821919,7,unclassified,Outside six programmes,,0,True
18,CBFB,ENSG00000067955,TPX2,ENSG00000088325,gained_on_activation,-0.6008597598197195,0.2274156847951909,7,unclassified,Outside six programmes,,0,True
18,CBFB,ENSG00000067955,PPP1R16B,ENSG00000101445,lost_on_activation,0.5241818321309744,-0.3592919772741531,7,unclassified,Outside six programmes,,0,True
18,CBFB,ENSG00000067955,STN1,ENSG00000107960,lost_on_activation,0.3783014625133553,-0.2866695857100464,7,unclassified,Outside six programmes,,0,True
18,CBFB,ENSG00000067955,CUTA,ENSG00000112514,lost_on_activation,0.2907477872187942,-0.2590270313577738,7,unclassified,Outside six programmes,,0,True
18,CBFB,ENSG00000067955,CD2,ENSG00000116824,lost_on_activation,0.3284602416446788,-0.3094529235103318,6,synapse_trafficking,Synapse/trafficking,KEGG_CELL_ADHESION_MOLECULES_CAMS,1,False
18,CBFB,ENSG00000067955,CENPF,ENSG00000117724,gained_on_activation,-0.5939682785518396,0.354811094552293,7,unclassified,Outside six programmes,,0,True
18,CBFB,ENSG00000067955,CLN6,ENSG00000128973,gained_on_activation,-0.5291327843914307,0.3509484020174642,7,unclassified,Outside six programmes,,0,True
18,CBFB,ENSG00000067955,KRI1,ENSG00000129347,gained_on_activation,-0.5699546562025248,0.3752811232432124,7,unclassified,Outside six programmes,,0,True
18,CBFB,ENSG00000067955,GIMAP4,ENSG00000133574,lost_on_activation,0.6218403934731387,-0.7175238186076541,7,unclassified,Outside six programmes,,0,True
18,CBFB,ENSG00000067955,IL2RA,ENSG00000134460,lost_on_activation,2.683368775028389,-0.5014075050693492,1,tcr_cytokine_signalling,TCR/cytokine signalling,KEGG_CYTOKINE_CYTOKINE_RECEPTOR_INTERACTION;KEGG_JAK_STAT_SIGNALING_PATHWAY,2,False
18,CBFB,ENSG00000067955,IL2RA,ENSG00000134460,lost_on_activation,2.683368775028389,-0.5014075050693492,6,synapse_trafficking,Synapse/trafficking,KEGG_ENDOCYTOSIS,2,False
18,CBFB,ENSG00000067955,TRAFD1,ENSG00000135148,lost_on_activation,0.4632975612174869,-0.4395850658826755,7,unclassified,Outside six programmes,,0,True
18,CBFB,ENSG00000067955,PHF11,ENSG00000136147,lost_on_activation,0.3491490119573874,-0.3741893087288738,7,unclassified,Outside six programmes,,0,True
18,CBFB,ENSG00000067955,CEP55,ENSG00000138180,gained_on_activation,-0.5476154726101227,0.327387127971701,7,unclassified,Outside six programmes,,0,True
18,CBFB,ENSG00000067955,N4BP2L1,ENSG00000139597,lost_on_activation,0.6390222389884171,-0.94426607699981,7,unclassified,Outside six programmes,,0,True
18,CBFB,ENSG00000067955,CMTM3,ENSG00000140931,lost_on_activation,0.4645636405944143,-0.2806188320909066,7,unclassified,Outside six programmes,,0,True
18,CBFB,ENSG00000067955,VAV1,ENSG00000141968,lost_on_activation,0.2935848765359276,-0.3432007820718868,1,tcr_cytokine_signalling,TCR/cytokine signalling,KEGG_T_CELL_RECEPTOR_SIGNALING_PATHWAY,2,False
18,CBFB,ENSG00000067955,VAV1,ENSG00000141968,lost_on_activation,0.2935848765359276,-0.3432007820718868,6,synapse_trafficking,Synapse/trafficking,KEGG_CHEMOKINE_SIGNALING_PATHWAY;KEGG_LEUKOCYTE_TRANSENDOTHELIAL_MIGRATION;KEGG_REGULATION_OF_ACTIN_CYTOSKELETON,2,False
18,CBFB,ENSG00000067955,LYAR,ENSG00000145220,gained_on_activation,-0.4813476760749424,0.465673308561947,7,unclassified,Outside six programmes,,0,True
18,CBFB,ENSG00000067955,SSRP1,ENSG00000149136,gained_on_activation,-0.3950452669039517,0.1703138433831514,7,unclassified,Outside six programmes,,0,True
18,CBFB,ENSG00000067955,USP12,ENSG00000152484,gained_on_activation,-0.4338999431642714,0.3705712125493232,7,unclassified,Outside six programmes,,0,True
18,CBFB,ENSG00000067955,BTG2,ENSG00000159388,lost_on_activation,0.5006871773003949,-0.517978923544253,7,unclassified,Outside six programmes,,0,True
18,CBFB,ENSG00000067955,CSTB,ENSG00000160213,lost_on_activation,0.2893002790616227,-0.3247060324460369,7,unclassified,Outside six programmes,,0,True
18,CBFB,ENSG00000067955,RALGDS,ENSG00000160271,lost_on_activation,0.5428701847674123,-0.53498532653836,7,unclassified,Outside six programmes,,0,True
18,CBFB,ENSG00000067955,HMGB2,ENSG00000164104,gained_on_activation,-0.543393284039143,0.1939267168124405,7,unclassified,Outside six programmes,,0,True
18,CBFB,ENSG00000067955,VAMP5,ENSG00000168899,lost_on_activation,0.7656296788404199,-0.5497121006134085,7,unclassified,Outside six programmes,,0,True
18,CBFB,ENSG00000067955,AKAP13,ENSG00000170776,lost_on_activation,0.3182149057861367,-0.5417719154089431,7,unclassified,Outside six programmes,,0,True
18,CBFB,ENSG00000067955,SOCS1,ENSG00000185338,lost_on_activation,1.0762055801947314,-0.3196375739118321,1,tcr_cytokine_signalling,TCR/cytokine signalling,KEGG_JAK_STAT_SIGNALING_PATHWAY,1,False
18,CBFB,ENSG00000067955,PNP,ENSG00000198805,gained_on_activation,-0.4078688452469313,0.2973111323052543,7,unclassified,Outside six programmes,,0,True
18,CBFB,ENSG00000067955,SIPA1,ENSG00000213445,lost_on_activation,0.5501837549430274,-0.3683852276266203,6,synapse_trafficking,Synapse/trafficking,KEGG_LEUKOCYTE_TRANSENDOTHELIAL_MIGRATION,1,False
19,BTAF1,ENSG00000095564,GAB2,ENSG00000033327,lost_on_activation,0.3938222147355316,-0.3238051197375014,7,unclassified,Outside six programmes,,0,True
19,BTAF1,ENSG00000095564,GCN1,ENSG00000089154,gained_on_activation,-0.184417196717332,0.1676225169056415,7,unclassified,Outside six programmes,,0,True
19,BTAF1,ENSG00000095564,ADA2,ENSG00000093072,lost_on_activation,0.6386001853517544,-1.3014984809247645,7,unclassified,Outside six programmes,,0,True
19,BTAF1,ENSG00000095564,HIF1A,ENSG00000100644,lost_on_activation,0.2144466433052167,-0.2471294397648196,3,stress_survival,Stress/survival,KEGG_MTOR_SIGNALING_PATHWAY,1,False
19,BTAF1,ENSG00000095564,BMF,ENSG00000104081,lost_on_activation,0.6132112274597992,-0.6096853497349242,7,unclassified,Outside six programmes,,0,True
19,BTAF1,ENSG00000095564,ETFB,ENSG00000105379,gained_on_activation,-0.1579395802718644,0.1633397380064033,7,unclassified,Outside six programmes,,0,True
19,BTAF1,ENSG00000095564,GPR68,ENSG00000119714,lost_on_activation,0.2711732770311677,-0.3349093108485513,7,unclassified,Outside six programmes,,0,True
19,BTAF1,ENSG00000095564,SLC38A2,ENSG00000134294,lost_on_activation,0.1850202445938164,-0.2718902989437882,7,unclassified,Outside six programmes,,0,True
19,BTAF1,ENSG00000095564,MYO1G,ENSG00000136286,gained_on_activation,-0.1423481994456929,0.1724407169317993,7,unclassified,Outside six programmes,,0,True
19,BTAF1,ENSG00000095564,IER3,ENSG00000137331,lost_on_activation,0.7272556615590611,-0.9614662004584852,7,unclassified,Outside six programmes,,0,True
19,BTAF1,ENSG00000095564,GLIPR1,ENSG00000139278,lost_on_activation,0.5834268066760233,-0.8434042852802603,7,unclassified,Outside six programmes,,0,True
19,BTAF1,ENSG00000095564,UBAP2L,ENSG00000143569,gained_on_activation,-0.1556808980264362,0.1938335688187192,7,unclassified,Outside six programmes,,0,True
19,BTAF1,ENSG00000095564,PGRMC2,ENSG00000164040,lost_on_activation,0.20310441722237,-0.1735887488155699,7,unclassified,Outside six programmes,,0,True
19,BTAF1,ENSG00000095564,AQP3,ENSG00000165272,gained_on_activation,-1.042110935775055,0.8340222517368471,7,unclassified,Outside six programmes,,0,True
19,BTAF1,ENSG00000095564,LENG8,ENSG00000167615,lost_on_activation,0.1484428799054589,-0.1984806045528285,7,unclassified,Outside six programmes,,0,True
19,BTAF1,ENSG00000095564,RNF187,ENSG00000168159,lost_on_activation,0.1338874830848212,-0.3145457121579619,7,unclassified,Outside six programmes,,0,True
19,BTAF1,ENSG00000095564,DDIT4,ENSG00000168209,lost_on_activation,0.6104170481802953,-0.5210205874183103,3,stress_survival,Stress/survival,KEGG_MTOR_SIGNALING_PATHWAY,1,False
19,BTAF1,ENSG00000095564,MAP2K1,ENSG00000169032,lost_on_activation,0.1354337532172197,-0.1776199499677509,1,tcr_cytokine_signalling,TCR/cytokine signalling,KEGG_T_CELL_RECEPTOR_SIGNALING_PATHWAY,2,False
19,BTAF1,ENSG00000095564,MAP2K1,ENSG00000169032,lost_on_activation,0.1354337532172197,-0.1776199499677509,6,synapse_trafficking,Synapse/trafficking,KEGG_CHEMOKINE_SIGNALING_PATHWAY;KEGG_REGULATION_OF_ACTIN_CYTOSKELETON,2,False
19,BTAF1,ENSG00000095564,GSTA4,ENSG00000170899,lost_on_activation,1.0041032799537162,-0.5775016949969436,7,unclassified,Outside six programmes,,0,True
19,BTAF1,ENSG00000095564,SPSB1,ENSG00000171621,gained_on_activation,-0.5594617373501245,0.5209383440433496,7,unclassified,Outside six programmes,,0,True
19,BTAF1,ENSG00000095564,CFL1,ENSG00000172757,gained_on_activation,-0.154338719224561,0.1333441823054293,6,synapse_trafficking,Synapse/trafficking,KEGG_REGULATION_OF_ACTIN_CYTOSKELETON,1,False
19,BTAF1,ENSG00000095564,MTX3,ENSG00000177034,lost_on_activation,0.6381274865814658,-0.4809111890438592,7,unclassified,Outside six programmes,,0,True
19,BTAF1,ENSG00000095564,SPTAN1,ENSG00000197694,gained_on_activation,-0.2218398641558633,0.1964174308054856,7,unclassified,Outside six programmes,,0,True
19,BTAF1,ENSG00000095564,PNP,ENSG00000198805,gained_on_activation,-0.2678797093575048,0.2786859016482353,7,unclassified,Outside six programmes,,0,True
19,BTAF1,ENSG00000095564,CPNE1,ENSG00000214078,gained_on_activation,-0.14561702429323,0.1629092235876524,7,unclassified,Outside six programmes,,0,True
20,RBM10,ENSG00000182872,MIPEP,ENSG00000027001,lost_on_activation,0.5167312371297276,-0.4896348327104958,7,unclassified,Outside six programmes,,0,True
20,RBM10,ENSG00000182872,TXLNG,ENSG00000086712,lost_on_activation,0.413143374336729,-0.3765547302568122,7,unclassified,Outside six programmes,,0,True
20,RBM10,ENSG00000182872,PUS7,ENSG00000091127,lost_on_activation,0.5383829309013015,-0.527627231976455,7,unclassified,Outside six programmes,,0,True
20,RBM10,ENSG00000182872,CDC45,ENSG00000093009,lost_on_activation,0.4294601180024686,-0.2028822578843513,4,proliferation,Proliferation,KEGG_CELL_CYCLE,1,False
20,RBM10,ENSG00000182872,TIMM13,ENSG00000099800,lost_on_activation,0.2654938960604789,-0.2670700854983915,7,unclassified,Outside six programmes,,0,True
20,RBM10,ENSG00000182872,GNPNAT1,ENSG00000100522,lost_on_activation,0.3499057694333827,-0.3263138454711473,7,unclassified,Outside six programmes,,0,True
20,RBM10,ENSG00000182872,POLR2I,ENSG00000105258,lost_on_activation,0.2524830648108029,-0.2498093368930467,7,unclassified,Outside six programmes,,0,True
20,RBM10,ENSG00000182872,AIMP2,ENSG00000106305,lost_on_activation,0.3169737192796321,-0.3408268494507264,7,unclassified,Outside six programmes,,0,True
20,RBM10,ENSG00000182872,PPP2R5D,ENSG00000112640,gained_on_activation,-0.1742996456586487,0.1535308115939091,7,unclassified,Outside six programmes,,0,True
20,RBM10,ENSG00000182872,HMGCS1,ENSG00000112972,lost_on_activation,0.4484490918792787,-0.4375098490178297,7,unclassified,Outside six programmes,,0,True
20,RBM10,ENSG00000182872,RRP9,ENSG00000114767,lost_on_activation,0.4828707981488668,-0.3683828410783546,7,unclassified,Outside six programmes,,0,True
20,RBM10,ENSG00000182872,RAB3GAP1,ENSG00000115839,gained_on_activation,-0.4417148825877435,0.2904940677823329,7,unclassified,Outside six programmes,,0,True
20,RBM10,ENSG00000182872,FGD3,ENSG00000127084,gained_on_activation,-0.2858043601544279,0.1774920011026012,6,synapse_trafficking,Synapse/trafficking,KEGG_REGULATION_OF_ACTIN_CYTOSKELETON,1,False
20,RBM10,ENSG00000182872,PTRH2,ENSG00000141378,lost_on_activation,0.560087252179373,-0.4719625061716907,7,unclassified,Outside six programmes,,0,True
20,RBM10,ENSG00000182872,STOML2,ENSG00000165283,lost_on_activation,0.2384078093431996,-0.1821900805794518,7,unclassified,Outside six programmes,,0,True
20,RBM10,ENSG00000182872,DDIAS,ENSG00000165490,lost_on_activation,0.4760486839784489,-0.3443361931077132,7,unclassified,Outside six programmes,,0,True
20,RBM10,ENSG00000182872,FASN,ENSG00000169710,lost_on_activation,0.4312424635864197,-0.5459887872358268,7,unclassified,Outside six programmes,,0,True
20,RBM10,ENSG00000182872,HNRNPF,ENSG00000169813,lost_on_activation,0.2049542012982949,-0.1800435654134915,7,unclassified,Outside six programmes,,0,True
20,RBM10,ENSG00000182872,PA2G4,ENSG00000170515,lost_on_activation,0.2511518542619226,-0.2644720387334557,7,unclassified,Outside six programmes,,0,True
20,RBM10,ENSG00000182872,LRRC37B,ENSG00000185158,gained_on_activation,-0.5080991424469568,0.4987235919259781,7,unclassified,Outside six programmes,,0,True
20,RBM10,ENSG00000182872,ZNF224,ENSG00000267680,gained_on_activation,-0.3585910375493183,0.3777714133133128,7,unclassified,Outside six programmes,,0,True
21,UBR4,ENSG00000127481,TACC3,ENSG00000013810,gained_on_activation,-0.365762973583559,0.236468715275993,7,unclassified,Outside six programmes,,0,True
21,UBR4,ENSG00000127481,TMSB10,ENSG00000034510,gained_on_activation,-0.3526559781754669,0.211291587303519,7,unclassified,Outside six programmes,,0,True
21,UBR4,ENSG00000127481,KIF4A,ENSG00000090889,gained_on_activation,-0.460036942813578,0.3565864373811968,7,unclassified,Outside six programmes,,0,True
21,UBR4,ENSG00000127481,PGK1,ENSG00000102144,gained_on_activation,-0.3358676176366164,0.3332697719570737,5,metabolism_mitochondria,Metabolism/mitochondria,KEGG_GLYCOLYSIS_GLUCONEOGENESIS,1,False
21,UBR4,ENSG00000127481,RELB,ENSG00000104856,lost_on_activation,0.2922153728216853,-0.2789456403259033,7,unclassified,Outside six programmes,,0,True
21,UBR4,ENSG00000127481,PFN1,ENSG00000108518,gained_on_activation,-0.1640166824698917,0.1663242119414497,6,synapse_trafficking,Synapse/trafficking,KEGG_REGULATION_OF_ACTIN_CYTOSKELETON,1,False
21,UBR4,ENSG00000127481,IL23A,ENSG00000110944,lost_on_activation,0.5383809287062239,-0.8250645112415441,1,tcr_cytokine_signalling,TCR/cytokine signalling,KEGG_CYTOKINE_CYTOKINE_RECEPTOR_INTERACTION;KEGG_JAK_STAT_SIGNALING_PATHWAY,1,False
21,UBR4,ENSG00000127481,LMNB1,ENSG00000113368,gained_on_activation,-0.5338681329269352,0.2305033814853749,7,unclassified,Outside six programmes,,0,True
21,UBR4,ENSG00000127481,IFI6,ENSG00000126709,gained_on_activation,-0.3924374203131368,0.5042829805966627,7,unclassified,Outside six programmes,,0,True
21,UBR4,ENSG00000127481,GEMIN7,ENSG00000142252,lost_on_activation,0.2768172092938631,-0.3636919339009671,7,unclassified,Outside six programmes,,0,True
21,UBR4,ENSG00000127481,LYAR,ENSG00000145220,lost_on_activation,0.3786223202152948,-0.4307073223880255,7,unclassified,Outside six programmes,,0,True
21,UBR4,ENSG00000127481,HMGB2,ENSG00000164104,gained_on_activation,-0.3377450003923544,0.3025567635403051,7,unclassified,Outside six programmes,,0,True
21,UBR4,ENSG00000127481,STXBP5,ENSG00000164506,lost_on_activation,0.2566780428007585,-0.6799423156002841,7,unclassified,Outside six programmes,,0,True
21,UBR4,ENSG00000127481,YWHAZ,ENSG00000164924,gained_on_activation,-0.1536257127384477,0.1348707417971855,4,proliferation,Proliferation,KEGG_CELL_CYCLE,1,False
21,UBR4,ENSG00000127481,FAM111A,ENSG00000166801,gained_on_activation,-0.3179051869335097,0.256613442961016,7,unclassified,Outside six programmes,,0,True
21,UBR4,ENSG00000127481,CFL1,ENSG00000172757,gained_on_activation,-0.2164639646378222,0.1657474372126965,6,synapse_trafficking,Synapse/trafficking,KEGG_REGULATION_OF_ACTIN_CYTOSKELETON,1,False
21,UBR4,ENSG00000127481,COX8A,ENSG00000176340,gained_on_activation,-0.294978452837588,0.1497005414755575,5,metabolism_mitochondria,Metabolism/mitochondria,KEGG_OXIDATIVE_PHOSPHORYLATION,1,False
21,UBR4,ENSG00000127481,JUN,ENSG00000177606,gained_on_activation,-1.1701337334192763,0.568679873610122,1,tcr_cytokine_signalling,TCR/cytokine signalling,KEGG_T_CELL_RECEPTOR_SIGNALING_PATHWAY,1,False
21,UBR4,ENSG00000127481,IDH2,ENSG00000182054,gained_on_activation,-0.3427160883479857,0.2795613938019214,5,metabolism_mitochondria,Metabolism/mitochondria,KEGG_CITRATE_CYCLE_TCA_CYCLE,1,False
21,UBR4,ENSG00000127481,ACTG1,ENSG00000184009,gained_on_activation,-0.176235624949631,0.1541160790975366,6,synapse_trafficking,Synapse/trafficking,KEGG_LEUKOCYTE_TRANSENDOTHELIAL_MIGRATION;KEGG_REGULATION_OF_ACTIN_CYTOSKELETON,1,False
21,UBR4,ENSG00000127481,S100A6,ENSG00000197956,gained_on_activation,-0.1862905717500595,0.1985263781140091,7,unclassified,Outside six programmes,,0,True
22,YEATS2,ENSG00000163872,STK17B,ENSG00000081320,lost_on_activation,0.2732672648550061,-0.3739221237070481,7,unclassified,Outside six programmes,,0,True
22,YEATS2,ENSG00000163872,MCM5,ENSG00000100297,gained_on_activation,-0.5101182965906482,0.3006972746817323,4,proliferation,Proliferation,KEGG_CELL_CYCLE;KEGG_DNA_REPLICATION,1,False
22,YEATS2,ENSG00000163872,GPI,ENSG00000105220,gained_on_activation,-0.5508845370225803,0.5933261111420189,5,metabolism_mitochondria,Metabolism/mitochondria,KEGG_GLYCOLYSIS_GLUCONEOGENESIS,1,False
22,YEATS2,ENSG00000163872,PFN1,ENSG00000108518,gained_on_activation,-0.1469153124962405,0.1740635236912732,6,synapse_trafficking,Synapse/trafficking,KEGG_REGULATION_OF_ACTIN_CYTOSKELETON,1,False
22,YEATS2,ENSG00000163872,DNPH1,ENSG00000112667,gained_on_activation,-0.4224974499300995,0.556198917731869,7,unclassified,Outside six programmes,,0,True
22,YEATS2,ENSG00000163872,NPC2,ENSG00000119655,lost_on_activation,0.3623787663754415,-0.7382517295229762,7,unclassified,Outside six programmes,,0,True
22,YEATS2,ENSG00000163872,CDK2,ENSG00000123374,gained_on_activation,-0.7159680340226958,0.5240899014797527,4,proliferation,Proliferation,KEGG_CELL_CYCLE,1,False
22,YEATS2,ENSG00000163872,CALCOCO2,ENSG00000136436,lost_on_activation,0.2875248949754818,-0.5631613526151644,7,unclassified,Outside six programmes,,0,True
22,YEATS2,ENSG00000163872,IFI44,ENSG00000137965,lost_on_activation,0.6406446524333683,-1.2853855282313702,7,unclassified,Outside six programmes,,0,True
22,YEATS2,ENSG00000163872,RPP30,ENSG00000148688,gained_on_activation,-0.4409531463516297,0.4520650069453208,7,unclassified,Outside six programmes,,0,True
22,YEATS2,ENSG00000163872,CUL5,ENSG00000166266,gained_on_activation,-0.3906414558379722,0.48660087189443,7,unclassified,Outside six programmes,,0,True
22,YEATS2,ENSG00000163872,SLFN5,ENSG00000166750,lost_on_activation,0.3571118356269709,-0.8049691343171442,7,unclassified,Outside six programmes,,0,True
22,YEATS2,ENSG00000163872,APOL6,ENSG00000221963,lost_on_activation,0.2799371282511892,-0.9025690056528728,7,unclassified,Outside six programmes,,0,True
22,YEATS2,ENSG00000163872,CCL5,ENSG00000271503,lost_on_activation,0.8877629805850957,-1.077960535667459,1,tcr_cytokine_signalling,TCR/cytokine signalling,KEGG_CYTOKINE_CYTOKINE_RECEPTOR_INTERACTION,2,False
22,YEATS2,ENSG00000163872,CCL5,ENSG00000271503,lost_on_activation,0.8877629805850957,-1.077960535667459,6,synapse_trafficking,Synapse/trafficking,KEGG_CHEMOKINE_SIGNALING_PATHWAY,2,False
23,ACTR8,ENSG00000113812,NCAPD2,ENSG00000010292,gained_on_activation,-0.4219327301145436,0.31015357158925,7,unclassified,Outside six programmes,,0,True
23,ACTR8,ENSG00000113812,ASPM,ENSG00000066279,gained_on_activation,-0.5794969432375644,0.5743600340970958,7,unclassified,Outside six programmes,,0,True
23,ACTR8,ENSG00000113812,HMMR,ENSG00000072571,gained_on_activation,-0.6946069349025531,0.4140514176841942,7,unclassified,Outside six programmes,,0,True
23,ACTR8,ENSG00000113812,TRIB3,ENSG00000101255,lost_on_activation,0.7004082621217464,-1.5048144892499895,7,unclassified,Outside six programmes,,0,True
23,ACTR8,ENSG00000113812,COTL1,ENSG00000103187,gained_on_activation,-0.475711204257752,0.4715115897464356,7,unclassified,Outside six programmes,,0,True
23,ACTR8,ENSG00000113812,CD69,ENSG00000110848,gained_on_activation,-1.736954668862732,0.5284686262516248,7,unclassified,Outside six programmes,,0,True
23,ACTR8,ENSG00000113812,CENPF,ENSG00000117724,gained_on_activation,-0.6149086671166265,0.4203400916600087,7,unclassified,Outside six programmes,,0,True
23,ACTR8,ENSG00000113812,SRGN,ENSG00000122862,gained_on_activation,-0.3926892840960789,0.3530441899587608,7,unclassified,Outside six programmes,,0,True
23,ACTR8,ENSG00000113812,TOP2A,ENSG00000131747,gained_on_activation,-0.6343025093785503,0.5112200926986896,7,unclassified,Outside six programmes,,0,True
23,ACTR8,ENSG00000113812,CDCA8,ENSG00000134690,gained_on_activation,-0.623215462406504,0.5747408594255254,7,unclassified,Outside six programmes,,0,True
23,ACTR8,ENSG00000113812,JAML,ENSG00000160593,gained_on_activation,-0.7089397160435212,0.7565286894505222,7,unclassified,Outside six programmes,,0,True
23,ACTR8,ENSG00000113812,HOPX,ENSG00000171476,gained_on_activation,-0.6992925625699479,0.4230292269144711,7,unclassified,Outside six programmes,,0,True
23,ACTR8,ENSG00000113812,CFL1,ENSG00000172757,gained_on_activation,-0.3000091959262765,0.2859366612204302,6,synapse_trafficking,Synapse/trafficking,KEGG_REGULATION_OF_ACTIN_CYTOSKELETON,1,False
23,ACTR8,ENSG00000113812,H2AX,ENSG00000188486,gained_on_activation,-0.5365933322662608,0.3666431354773554,7,unclassified,Outside six programmes,,0,True
24,ATP5ME,ENSG00000169020,EED,ENSG00000074266,lost_on_activation,0.5029550870738831,-0.3577861322022671,7,unclassified,Outside six programmes,,0,True
24,ATP5ME,ENSG00000169020,MAPK1,ENSG00000100030,gained_on_activation,-0.2338633764250029,0.2842949030917985,1,tcr_cytokine_signalling,TCR/cytokine signalling,KEGG_T_CELL_RECEPTOR_SIGNALING_PATHWAY,3,False
24,ATP5ME,ENSG00000169020,MAPK1,ENSG00000100030,gained_on_activation,-0.2338633764250029,0.2842949030917985,3,stress_survival,Stress/survival,KEGG_MTOR_SIGNALING_PATHWAY,3,False
24,ATP5ME,ENSG00000169020,MAPK1,ENSG00000100030,gained_on_activation,-0.2338633764250029,0.2842949030917985,6,synapse_trafficking,Synapse/trafficking,KEGG_CHEMOKINE_SIGNALING_PATHWAY;KEGG_REGULATION_OF_ACTIN_CYTOSKELETON,3,False
24,ATP5ME,ENSG00000169020,SLC1A5,ENSG00000105281,lost_on_activation,0.87306632554649,-0.2132692333470915,7,unclassified,Outside six programmes,,0,True
24,ATP5ME,ENSG00000169020,IFIT3,ENSG00000119917,lost_on_activation,2.990447707327509,-2.6311305733825567,7,unclassified,Outside six programmes,,0,True
24,ATP5ME,ENSG00000169020,CHAC1,ENSG00000128965,lost_on_activation,3.021811649585661,-0.7216175502589083,7,unclassified,Outside six programmes,,0,True
24,ATP5ME,ENSG00000169020,OASL,ENSG00000135114,lost_on_activation,2.3613703047149195,-1.3374724185488984,7,unclassified,Outside six programmes,,0,True
24,ATP5ME,ENSG00000169020,HERC5,ENSG00000138646,lost_on_activation,0.4374492383852845,-0.5965645031897583,7,unclassified,Outside six programmes,,0,True
24,ATP5ME,ENSG00000169020,PMAIP1,ENSG00000141682,lost_on_activation,1.9444182131300665,-0.7481392155196506,7,unclassified,Outside six programmes,,0,True
24,ATP5ME,ENSG00000169020,RHOB,ENSG00000143878,lost_on_activation,1.56294491675503,-0.8605542054281937,7,unclassified,Outside six programmes,,0,True
24,ATP5ME,ENSG00000169020,MID1IP1,ENSG00000165175,lost_on_activation,0.5360110079636589,-0.373721382295971,7,unclassified,Outside six programmes,,0,True
24,ATP5ME,ENSG00000169020,FASN,ENSG00000169710,lost_on_activation,0.4139715812497077,-0.4244690979017308,7,unclassified,Outside six programmes,,0,True
24,ATP5ME,ENSG00000169020,DUS1L,ENSG00000169718,lost_on_activation,0.2492750396166316,-0.2224562227098926,7,unclassified,Outside six programmes,,0,True
25,PPP1R11,ENSG00000204619,CENPF,ENSG00000117724,gained_on_activation,-0.7817052616551005,0.4307697513229615,7,unclassified,Outside six programmes,,0,True
25,PPP1R11,ENSG00000204619,XPO5,ENSG00000124571,lost_on_activation,0.4326291930053197,-0.4271369682027139,7,unclassified,Outside six programmes,,0,True
25,PPP1R11,ENSG00000204619,NARS1,ENSG00000134440,lost_on_activation,0.3995878782370581,-0.3937246272547703,7,unclassified,Outside six programmes,,0,True
25,PPP1R11,ENSG00000204619,NUSAP1,ENSG00000137804,gained_on_activation,-0.5240656654360721,0.3757863493837788,7,unclassified,Outside six programmes,,0,True
25,PPP1R11,ENSG00000204619,SLC7A11,ENSG00000151012,lost_on_activation,1.3263725050995925,-0.6989819813723981,7,unclassified,Outside six programmes,,0,True
25,PPP1R11,ENSG00000204619,MAD2L1,ENSG00000164109,gained_on_activation,-0.9290683538736668,0.2163765383968736,4,proliferation,Proliferation,KEGG_CELL_CYCLE,1,False
25,PPP1R11,ENSG00000204619,SLC3A2,ENSG00000168003,lost_on_activation,0.5078144532076303,-0.3430888315112674,7,unclassified,Outside six programmes,,0,True
25,PPP1R11,ENSG00000204619,ACTG1,ENSG00000184009,gained_on_activation,-0.3148190763224904,0.175759285336627,6,synapse_trafficking,Synapse/trafficking,KEGG_LEUKOCYTE_TRANSENDOTHELIAL_MIGRATION;KEGG_REGULATION_OF_ACTIN_CYTOSKELETON,1,False
25,PPP1R11,ENSG00000204619,H1-5,ENSG00000184357,gained_on_activation,-0.7216929731840692,0.3811504983169657,7,unclassified,Outside six programmes,,0,True
25,PPP1R11,ENSG00000204619,H1-10,ENSG00000184897,gained_on_activation,-0.3568853751789335,0.5057450988491791,7,unclassified,Outside six programmes,,0,True
25,PPP1R11,ENSG00000204619,FANCA,ENSG00000187741,gained_on_activation,-0.9893523166768906,0.4440102057768332,7,unclassified,Outside six programmes,,0,True
25,PPP1R11,ENSG00000204619,H2BC9,ENSG00000275713,gained_on_activation,-0.7927451786625318,0.4459063638563836,7,unclassified,Outside six programmes,,0,True
26,BATF,ENSG00000156127,CNN2,ENSG00000064666,gained_on_activation,-0.2662761036128999,0.3875394871971272,7,unclassified,Outside six programmes,,0,True
26,BATF,ENSG00000156127,COTL1,ENSG00000103187,gained_on_activation,-0.6058519623437911,0.3314579759721003,7,unclassified,Outside six programmes,,0,True
26,BATF,ENSG00000156127,AHR,ENSG00000106546,lost_on_activation,0.554909574691219,-0.6383740095839517,7,unclassified,Outside six programmes,,0,True
26,BATF,ENSG00000156127,NHERF1,ENSG00000109062,gained_on_activation,-0.3637757422592453,0.2871742029282704,7,unclassified,Outside six programmes,,0,True
26,BATF,ENSG00000156127,ARHGDIB,ENSG00000111348,gained_on_activation,-0.1842780455522834,0.1767252837416296,7,unclassified,Outside six programmes,,0,True
26,BATF,ENSG00000156127,LRRFIP1,ENSG00000124831,gained_on_activation,-0.5140988720818772,0.3248988184362554,7,unclassified,Outside six programmes,,0,True
26,BATF,ENSG00000156127,EDEM1,ENSG00000134109,lost_on_activation,0.3051225763015445,-0.2444946593666658,7,unclassified,Outside six programmes,,0,True
26,BATF,ENSG00000156127,LCP1,ENSG00000136167,gained_on_activation,-0.219566354138736,0.1878274253462878,7,unclassified,Outside six programmes,,0,True
26,BATF,ENSG00000156127,BTG2,ENSG00000159388,lost_on_activation,0.5674994582785329,-0.510344898149746,7,unclassified,Outside six programmes,,0,True
26,BATF,ENSG00000156127,DDIT4,ENSG00000168209,lost_on_activation,0.9446979151927012,-0.3599464258724109,3,stress_survival,Stress/survival,KEGG_MTOR_SIGNALING_PATHWAY,1,False
26,BATF,ENSG00000156127,FLNA,ENSG00000196924,gained_on_activation,-0.4796810604072173,0.3926187172409952,7,unclassified,Outside six programmes,,0,True
26,BATF,ENSG00000156127,H4C3,ENSG00000197061,gained_on_activation,-0.711951362270847,0.3680637946381527,7,unclassified,Outside six programmes,,0,True
27,CYB5R4,ENSG00000065615,CD99,ENSG00000002586,gained_on_activation,-0.4183405027247818,0.4304141387861229,6,synapse_trafficking,Synapse/trafficking,KEGG_CELL_ADHESION_MOLECULES_CAMS;KEGG_LEUKOCYTE_TRANSENDOTHELIAL_MIGRATION,1,False
27,CYB5R4,ENSG00000065615,TMEM38B,ENSG00000095209,lost_on_activation,0.606177101070883,-0.8558680537313078,7,unclassified,Outside six programmes,,0,True
27,CYB5R4,ENSG00000065615,LGALS1,ENSG00000100097,gained_on_activation,-0.5452299079953021,0.4056479432912145,7,unclassified,Outside six programmes,,0,True
27,CYB5R4,ENSG00000065615,COTL1,ENSG00000103187,gained_on_activation,-0.331625703044264,0.4129829722379197,7,unclassified,Outside six programmes,,0,True
27,CYB5R4,ENSG00000065615,ABCA2,ENSG00000107331,gained_on_activation,-0.5152223454833178,0.8327775806731772,7,unclassified,Outside six programmes,,0,True
27,CYB5R4,ENSG00000065615,SH3BGRL3,ENSG00000142669,gained_on_activation,-0.2607080290008579,0.6153726995355913,7,unclassified,Outside six programmes,,0,True
27,CYB5R4,ENSG00000065615,JAML,ENSG00000160593,gained_on_activation,-0.7571471960813044,0.3606278316819538,7,unclassified,Outside six programmes,,0,True
27,CYB5R4,ENSG00000065615,ANXA5,ENSG00000164111,gained_on_activation,-0.3070390886750402,0.2953384057238349,7,unclassified,Outside six programmes,,0,True
27,CYB5R4,ENSG00000065615,ATF5,ENSG00000169136,lost_on_activation,0.683205602323706,-1.1817684250118687,7,unclassified,Outside six programmes,,0,True
27,CYB5R4,ENSG00000065615,CD7,ENSG00000173762,gained_on_activation,-0.5820007444335462,0.4411985970951037,7,unclassified,Outside six programmes,,0,True
27,CYB5R4,ENSG00000065615,SPN,ENSG00000197471,gained_on_activation,-0.316045723751286,0.3391456845941042,6,synapse_trafficking,Synapse/trafficking,KEGG_CELL_ADHESION_MOLECULES_CAMS,1,False
28,MCAT,ENSG00000100294,GLRX2,ENSG00000023572,lost_on_activation,0.2955682893944522,-0.2533879804404703,7,unclassified,Outside six programmes,,0,True
28,MCAT,ENSG00000100294,SNRPB2,ENSG00000125870,lost_on_activation,0.194862828859842,-0.1389569442147654,7,unclassified,Outside six programmes,,0,True
28,MCAT,ENSG00000100294,DHX9,ENSG00000135829,lost_on_activation,0.1997211567514304,-0.186145251354579,7,unclassified,Outside six programmes,,0,True
28,MCAT,ENSG00000100294,TBRG4,ENSG00000136270,lost_on_activation,0.3036979472459837,-0.1932675085024915,7,unclassified,Outside six programmes,,0,True
28,MCAT,ENSG00000100294,SLTM,ENSG00000137776,lost_on_activation,0.1487849544874137,-0.1484057797691334,7,unclassified,Outside six programmes,,0,True
28,MCAT,ENSG00000100294,CHAC2,ENSG00000143942,lost_on_activation,0.4161534470384763,-0.4099996133588465,7,unclassified,Outside six programmes,,0,True
28,MCAT,ENSG00000100294,DLAT,ENSG00000150768,lost_on_activation,0.3116901501154256,-0.2721141506363786,5,metabolism_mitochondria,Metabolism/mitochondria,KEGG_CITRATE_CYCLE_TCA_CYCLE;KEGG_GLYCOLYSIS_GLUCONEOGENESIS,1,False
28,MCAT,ENSG00000100294,CARNMT1,ENSG00000156017,lost_on_activation,0.2137442758096857,-0.2410815012817456,7,unclassified,Outside six programmes,,0,True
28,MCAT,ENSG00000100294,ATAD3B,ENSG00000160072,lost_on_activation,0.4298788874543409,-0.5298839337850282,7,unclassified,Outside six programmes,,0,True
28,MCAT,ENSG00000100294,FASN,ENSG00000169710,lost_on_activation,0.4047020640000309,-0.5432889057165212,7,unclassified,Outside six programmes,,0,True
29,GSS,ENSG00000100983,TACC3,ENSG00000013810,gained_on_activation,-0.4858056440640952,0.2462276620867914,7,unclassified,Outside six programmes,,0,True
29,GSS,ENSG00000100983,SPAG5,ENSG00000076382,gained_on_activation,-1.0412180971054508,0.2792622393049712,7,unclassified,Outside six programmes,,0,True
29,GSS,ENSG00000100983,MYH9,ENSG00000100345,gained_on_activation,-0.2772154224607281,0.3288356794415082,6,synapse_trafficking,Synapse/trafficking,KEGG_REGULATION_OF_ACTIN_CYTOSKELETON,1,False
29,GSS,ENSG00000100983,HSDL2,ENSG00000119471,gained_on_activation,-0.5644569056089369,0.3734424325396064,7,unclassified,Outside six programmes,,0,True
29,GSS,ENSG00000100983,UFM1,ENSG00000120686,lost_on_activation,0.2889878358276289,-0.3601242750709856,7,unclassified,Outside six programmes,,0,True
29,GSS,ENSG00000100983,GPSM2,ENSG00000121957,gained_on_activation,-0.8516506119436569,0.5717957550549597,7,unclassified,Outside six programmes,,0,True
29,GSS,ENSG00000100983,SMC2,ENSG00000136824,gained_on_activation,-0.8590892433002172,0.3196507430708931,7,unclassified,Outside six programmes,,0,True
29,GSS,ENSG00000100983,TICRR,ENSG00000140534,gained_on_activation,-1.018503175750914,0.4830285215264589,7,unclassified,Outside six programmes,,0,True
29,GSS,ENSG00000100983,CALM2,ENSG00000143933,gained_on_activation,-0.3190117671794584,0.2457900067699572,7,unclassified,Outside six programmes,,0,True
29,GSS,ENSG00000100983,NCAPG2,ENSG00000146918,gained_on_activation,-0.5701333597351921,0.2547765929182494,7,unclassified,Outside six programmes,,0,True
30,EIF1,ENSG00000173812,EIF3L,ENSG00000100129,lost_on_activation,0.2078248542262374,-0.2046862797748965,7,unclassified,Outside six programmes,,0,True
30,EIF1,ENSG00000173812,C1orf109,ENSG00000116922,lost_on_activation,0.4947005121428247,-0.5113591937486911,7,unclassified,Outside six programmes,,0,True
30,EIF1,ENSG00000173812,FURIN,ENSG00000140564,gained_on_activation,-0.54000515277611,0.2198403835971547,7,unclassified,Outside six programmes,,0,True
30,EIF1,ENSG00000173812,PMAIP1,ENSG00000141682,lost_on_activation,0.7544850757959326,-0.811069003215439,7,unclassified,Outside six programmes,,0,True
30,EIF1,ENSG00000173812,MYO1F,ENSG00000142347,gained_on_activation,-0.2639578803777858,0.3965698603014765,7,unclassified,Outside six programmes,,0,True
30,EIF1,ENSG00000173812,PPP1R18,ENSG00000146112,gained_on_activation,-0.2148697420283082,0.2021804140586331,7,unclassified,Outside six programmes,,0,True
30,EIF1,ENSG00000173812,C9orf72,ENSG00000147894,lost_on_activation,0.5417507554651045,-0.6285496565903282,7,unclassified,Outside six programmes,,0,True
30,EIF1,ENSG00000173812,MDM4,ENSG00000198625,lost_on_activation,0.3079046947413025,-0.2686914661403143,7,unclassified,Outside six programmes,,0,True
30,EIF1,ENSG00000173812,APRT,ENSG00000198931,lost_on_activation,0.2314406028609743,-0.2490426710714142,7,unclassified,Outside six programmes,,0,True
30,EIF1,ENSG00000173812,ARPC4,ENSG00000241553,gained_on_activation,-0.1721702964286984,0.1458277189884077,6,synapse_trafficking,Synapse/trafficking,KEGG_REGULATION_OF_ACTIN_CYTOSKELETON,1,False
31,NUP188,ENSG00000095319,SRM,ENSG00000116649,lost_on_activation,0.3552585075108093,-0.5650595513790323,7,unclassified,Outside six programmes,,0,True
31,NUP188,ENSG00000095319,ATIC,ENSG00000138363,lost_on_activation,0.2903887168302654,-0.4378852253546025,7,unclassified,Outside six programmes,,0,True
31,NUP188,ENSG00000095319,SLA,ENSG00000155926,gained_on_activation,-0.3520163056620715,0.5194923003581189,7,unclassified,Outside six programmes,,0,True
31,NUP188,ENSG00000095319,EIF4A1,ENSG00000161960,lost_on_activation,0.2316117121230599,-0.1748854389478343,7,unclassified,Outside six programmes,,0,True
31,NUP188,ENSG00000095319,ANXA5,ENSG00000164111,gained_on_activation,-0.3393163621049265,0.25154630180589,7,unclassified,Outside six programmes,,0,True
31,NUP188,ENSG00000095319,DDIT3,ENSG00000175197,lost_on_activation,0.604513130173362,-0.6272638580784643,7,unclassified,Outside six programmes,,0,True
31,NUP188,ENSG00000095319,RHOG,ENSG00000177105,gained_on_activation,-0.2308646968825934,0.1991902713807807,7,unclassified,Outside six programmes,,0,True
31,NUP188,ENSG00000095319,PYCR1,ENSG00000183010,lost_on_activation,0.996812285974926,-0.5381835437921411,7,unclassified,Outside six programmes,,0,True
31,NUP188,ENSG00000095319,IFRD2,ENSG00000214706,lost_on_activation,0.4692193349947465,-0.5314002659750855,7,unclassified,Outside six programmes,,0,True
31,NUP188,ENSG00000095319,NME2,ENSG00000243678,lost_on_activation,0.2216295586933271,-0.2080726908009135,7,unclassified,Outside six programmes,,0,True
32,ATP5PO,ENSG00000241837,RCN1,ENSG00000049449,lost_on_activation,0.382489927208078,-0.3240288169181177,7,unclassified,Outside six programmes,,0,True
32,ATP5PO,ENSG00000241837,TUBE1,ENSG00000074935,lost_on_activation,0.7980084699891079,-0.326893597934119,7,unclassified,Outside six programmes,,0,True
32,ATP5PO,ENSG00000241837,TRIB3,ENSG00000101255,lost_on_activation,0.7921456540820233,-0.4738113312914673,7,unclassified,Outside six programmes,,0,True
32,ATP5PO,ENSG00000241837,GTF3A,ENSG00000122034,lost_on_activation,0.2335598713811964,-0.1842060832752731,7,unclassified,Outside six programmes,,0,True
32,ATP5PO,ENSG00000241837,NARS1,ENSG00000134440,lost_on_activation,0.2731766301931788,-0.2243700415116792,7,unclassified,Outside six programmes,,0,True
32,ATP5PO,ENSG00000241837,HEATR3,ENSG00000155393,lost_on_activation,0.3408109710012609,-0.3644193334001083,7,unclassified,Outside six programmes,,0,True
32,ATP5PO,ENSG00000241837,FDXR,ENSG00000161513,gained_on_activation,-0.3906326081728163,0.4004768429249969,7,unclassified,Outside six programmes,,0,True
32,ATP5PO,ENSG00000241837,MID1IP1,ENSG00000165175,lost_on_activation,0.3018177351449622,-0.2467636297403964,7,unclassified,Outside six programmes,,0,True
32,ATP5PO,ENSG00000241837,CUL5,ENSG00000166266,lost_on_activation,0.2313347515974179,-0.3006341055592748,7,unclassified,Outside six programmes,,0,True
32,ATP5PO,ENSG00000241837,MARS1,ENSG00000166986,lost_on_activation,0.5266853828184056,-0.378635142325927,7,unclassified,Outside six programmes,,0,True
33,ATP5F1A,ENSG00000152234,GRN,ENSG00000030582,gained_on_activation,-0.7224931078652637,0.4872848738519511,7,unclassified,Outside six programmes,,0,True
33,ATP5F1A,ENSG00000152234,IL2,ENSG00000109471,lost_on_activation,3.2825613323597107,-3.064565300359235,1,tcr_cytokine_signalling,TCR/cytokine signalling,KEGG_CYTOKINE_CYTOKINE_RECEPTOR_INTERACTION;KEGG_JAK_STAT_SIGNALING_PATHWAY;KEGG_T_CELL_RECEPTOR_SIGNALING_PATHWAY,1,False
33,ATP5F1A,ENSG00000152234,INTS15,ENSG00000146576,lost_on_activation,0.2642491509941202,-0.3483709426113762,7,unclassified,Outside six programmes,,0,True
33,ATP5F1A,ENSG00000152234,U2SURP,ENSG00000163714,lost_on_activation,0.2163072341536156,-0.1723136105452702,7,unclassified,Outside six programmes,,0,True
33,ATP5F1A,ENSG00000152234,MID1IP1,ENSG00000165175,lost_on_activation,0.3404293802931624,-0.2781316657888722,7,unclassified,Outside six programmes,,0,True
33,ATP5F1A,ENSG00000152234,PSMG1,ENSG00000183527,lost_on_activation,0.3573553355177431,-0.3028184035083832,7,unclassified,Outside six programmes,,0,True
33,ATP5F1A,ENSG00000152234,EIF4EBP1,ENSG00000187840,lost_on_activation,0.5798941430301215,-0.2993169455751042,3,stress_survival,Stress/survival,KEGG_MTOR_SIGNALING_PATHWAY,1,False
33,ATP5F1A,ENSG00000152234,IARS1,ENSG00000196305,lost_on_activation,0.539221467725157,-0.2685178829909214,7,unclassified,Outside six programmes,,0,True
33,ATP5F1A,ENSG00000152234,NME2,ENSG00000243678,lost_on_activation,0.260734437599723,-0.127924649345707,7,unclassified,Outside six programmes,,0,True
34,NDUFA8,ENSG00000119421,SPAG5,ENSG00000076382,gained_on_activation,-0.4282505661881544,0.264025428308515,7,unclassified,Outside six programmes,,0,True
34,NDUFA8,ENSG00000119421,DDX6,ENSG00000110367,gained_on_activation,-0.1874039793828483,0.1368976915885658,7,unclassified,Outside six programmes,,0,True
34,NDUFA8,ENSG00000119421,ATF2,ENSG00000115966,gained_on_activation,-0.2231760720181964,0.2179622185551492,7,unclassified,Outside six programmes,,0,True
34,NDUFA8,ENSG00000119421,NUSAP1,ENSG00000137804,gained_on_activation,-0.3843833662208341,0.2141298254805489,7,unclassified,Outside six programmes,,0,True
34,NDUFA8,ENSG00000119421,NCAPG2,ENSG00000146918,gained_on_activation,-0.3782985131785932,0.2171345518864499,7,unclassified,Outside six programmes,,0,True
34,NDUFA8,ENSG00000119421,MKI67,ENSG00000148773,gained_on_activation,-0.4096854040988222,0.2132351175029358,7,unclassified,Outside six programmes,,0,True
34,NDUFA8,ENSG00000119421,RRM1,ENSG00000167325,gained_on_activation,-0.3420763150306788,0.1632800166150835,7,unclassified,Outside six programmes,,0,True
34,NDUFA8,ENSG00000119421,TK1,ENSG00000167900,gained_on_activation,-0.6373841377178107,0.183205849414577,7,unclassified,Outside six programmes,,0,True
34,NDUFA8,ENSG00000119421,CDK1,ENSG00000170312,gained_on_activation,-0.4372657590530355,0.3434862638000289,4,proliferation,Proliferation,KEGG_CELL_CYCLE,1,False
35,KMT2E,ENSG00000005483,BAZ1B,ENSG00000009954,lost_on_activation,0.2585905562236324,-0.2047580359880453,7,unclassified,Outside six programmes,,0,True
35,KMT2E,ENSG00000005483,PNPLA6,ENSG00000032444,gained_on_activation,-0.3293556980267688,0.2576413909718305,7,unclassified,Outside six programmes,,0,True
35,KMT2E,ENSG00000005483,DDX5,ENSG00000108654,lost_on_activation,0.2109137823744143,-0.1879120267084824,7,unclassified,Outside six programmes,,0,True
35,KMT2E,ENSG00000005483,PPP1R8,ENSG00000117751,lost_on_activation,0.3926771347863039,-0.562449753152717,7,unclassified,Outside six programmes,,0,True
35,KMT2E,ENSG00000005483,PLAAT4,ENSG00000133321,gained_on_activation,-0.4253164973263985,0.7002303304860614,7,unclassified,Outside six programmes,,0,True
35,KMT2E,ENSG00000005483,ESYT1,ENSG00000139641,gained_on_activation,-0.224248581214653,0.2186725084525909,7,unclassified,Outside six programmes,,0,True
35,KMT2E,ENSG00000005483,PLK4,ENSG00000142731,lost_on_activation,0.4131001276057137,-0.4488377637791669,7,unclassified,Outside six programmes,,0,True
35,KMT2E,ENSG00000005483,C4orf3,ENSG00000164096,gained_on_activation,-0.2262182512012776,0.290017918843875,7,unclassified,Outside six programmes,,0,True
35,KMT2E,ENSG00000005483,OST4,ENSG00000228474,gained_on_activation,-0.2345839677138422,0.2035828439496316,7,unclassified,Outside six programmes,,0,True
36,TM2D1,ENSG00000162604,ETHE1,ENSG00000105755,lost_on_activation,0.2569663449687208,-0.2166738951924178,7,unclassified,Outside six programmes,,0,True
36,TM2D1,ENSG00000162604,CASP9,ENSG00000132906,lost_on_activation,0.4125131013301563,-0.3709899406738168,3,stress_survival,Stress/survival,KEGG_APOPTOSIS,1,False
36,TM2D1,ENSG00000162604,SKIC8,ENSG00000140395,gained_on_activation,-0.2912280065668297,0.2150451486084777,7,unclassified,Outside six programmes,,0,True
36,TM2D1,ENSG00000162604,UEVLD,ENSG00000151116,lost_on_activation,0.3867836583217331,-0.2255036173038374,7,unclassified,Outside six programmes,,0,True
36,TM2D1,ENSG00000162604,SLA,ENSG00000155926,lost_on_activation,0.3879271856045945,-0.3870024574349174,7,unclassified,Outside six programmes,,0,True
36,TM2D1,ENSG00000162604,ATP5MC1,ENSG00000159199,gained_on_activation,-0.4365929985752449,0.2401472626966657,5,metabolism_mitochondria,Metabolism/mitochondria,KEGG_OXIDATIVE_PHOSPHORYLATION,1,False
36,TM2D1,ENSG00000162604,MLKL,ENSG00000168404,lost_on_activation,0.2872280107226661,-0.2737158879490149,7,unclassified,Outside six programmes,,0,True
36,TM2D1,ENSG00000162604,SAMD9L,ENSG00000177409,lost_on_activation,0.2919872573856817,-0.4789983546327089,7,unclassified,Outside six programmes,,0,True
36,TM2D1,ENSG00000162604,E2F4,ENSG00000205250,gained_on_activation,-0.1984059687151073,0.2202050547439967,4,proliferation,Proliferation,KEGG_CELL_CYCLE,1,False
37,TIMM8B,ENSG00000150779,MSMO1,ENSG00000052802,lost_on_activation,0.8268407978905414,-0.4885572211855425,7,unclassified,Outside six programmes,,0,True
37,TIMM8B,ENSG00000150779,MTHFD2,ENSG00000065911,lost_on_activation,0.5002473096791625,-0.2471397209803791,7,unclassified,Outside six programmes,,0,True
37,TIMM8B,ENSG00000150779,SLC7A5,ENSG00000103257,lost_on_activation,1.1803019183610353,-0.4175275132071271,7,unclassified,Outside six programmes,,0,True
37,TIMM8B,ENSG00000150779,HMGCS1,ENSG00000112972,lost_on_activation,0.7477664120553477,-0.4618442359900475,7,unclassified,Outside six programmes,,0,True
37,TIMM8B,ENSG00000150779,SLC16A1,ENSG00000155380,lost_on_activation,0.5578478266725356,-0.5482534258213312,7,unclassified,Outside six programmes,,0,True
37,TIMM8B,ENSG00000150779,GPT2,ENSG00000166123,lost_on_activation,1.9513338306267167,-1.3148942233279135,7,unclassified,Outside six programmes,,0,True
37,TIMM8B,ENSG00000150779,SLC3A2,ENSG00000168003,lost_on_activation,0.4140105913721021,-0.4253072646351618,7,unclassified,Outside six programmes,,0,True
38,CARMIL2,ENSG00000159753,MTAP,ENSG00000099810,lost_on_activation,0.5170060852568247,-0.6084311457161685,7,unclassified,Outside six programmes,,0,True
38,CARMIL2,ENSG00000159753,LGALS1,ENSG00000100097,gained_on_activation,-0.6263291803074889,0.7274786193518872,7,unclassified,Outside six programmes,,0,True
38,CARMIL2,ENSG00000159753,NOSIP,ENSG00000142546,gained_on_activation,-0.779499323878038,0.2981356545139522,7,unclassified,Outside six programmes,,0,True
38,CARMIL2,ENSG00000159753,GZMA,ENSG00000145649,gained_on_activation,-2.1145668517938097,2.2082237375556577,7,unclassified,Outside six programmes,,0,True
38,CARMIL2,ENSG00000159753,CCR5,ENSG00000160791,gained_on_activation,-2.339187957664697,1.3101382323058544,1,tcr_cytokine_signalling,TCR/cytokine signalling,KEGG_CYTOKINE_CYTOKINE_RECEPTOR_INTERACTION,2,False
38,CARMIL2,ENSG00000159753,CCR5,ENSG00000160791,gained_on_activation,-2.339187957664697,1.3101382323058544,6,synapse_trafficking,Synapse/trafficking,KEGG_CHEMOKINE_SIGNALING_PATHWAY;KEGG_ENDOCYTOSIS,2,False
38,CARMIL2,ENSG00000159753,MID1IP1,ENSG00000165175,lost_on_activation,0.3888038683870745,-0.3617763816828904,7,unclassified,Outside six programmes,,0,True
38,CARMIL2,ENSG00000159753,RNF213,ENSG00000173821,gained_on_activation,-0.434749863097553,0.4227546697868788,7,unclassified,Outside six programmes,,0,True
39,CCNF,ENSG00000162063,TPR,ENSG00000047410,gained_on_activation,-0.1629616477974248,0.1792791471728354,7,unclassified,Outside six programmes,,0,True
39,CCNF,ENSG00000162063,ZFAND1,ENSG00000104231,lost_on_activation,0.2579751875292671,-0.2676441301340859,7,unclassified,Outside six programmes,,0,True
39,CCNF,ENSG00000162063,SMC2,ENSG00000136824,gained_on_activation,-0.3890503553393087,0.1728991026830069,7,unclassified,Outside six programmes,,0,True
39,CCNF,ENSG00000162063,FANCI,ENSG00000140525,gained_on_activation,-0.4372931068553326,0.2096540767018402,7,unclassified,Outside six programmes,,0,True
39,CCNF,ENSG00000162063,ZDHHC12,ENSG00000160446,gained_on_activation,-0.318770131486839,0.3471121416274236,7,unclassified,Outside six programmes,,0,True
39,CCNF,ENSG00000162063,USP1,ENSG00000162607,gained_on_activation,-0.2663046015390416,0.1651274719414091,7,unclassified,Outside six programmes,,0,True
40,NDUFS8,ENSG00000110717,MTG2,ENSG00000101181,lost_on_activation,0.7752163307085873,-0.997322264057471,7,unclassified,Outside six programmes,,0,True
40,NDUFS8,ENSG00000110717,KIF20A,ENSG00000112984,gained_on_activation,-1.0133583860712112,0.4708837051740004,7,unclassified,Outside six programmes,,0,True
40,NDUFS8,ENSG00000110717,GPSM2,ENSG00000121957,gained_on_activation,-0.7857314447762732,0.5313813556409211,7,unclassified,Outside six programmes,,0,True
40,NDUFS8,ENSG00000110717,KIF2C,ENSG00000142945,gained_on_activation,-0.6207477366701548,0.270348594103184,7,unclassified,Outside six programmes,,0,True
40,NDUFS8,ENSG00000110717,CCNB2,ENSG00000157456,gained_on_activation,-0.7239974411640111,0.2376685486508823,4,proliferation,Proliferation,KEGG_CELL_CYCLE,1,False
40,NDUFS8,ENSG00000110717,HMGB2,ENSG00000164104,gained_on_activation,-0.4555814027174673,0.3069140656544205,7,unclassified,Outside six programmes,,0,True
41,BRK1,ENSG00000254999,IDE,ENSG00000119912,lost_on_activation,0.2744832065535363,-0.2974885684284168,7,unclassified,Outside six programmes,,0,True
41,BRK1,ENSG00000254999,CALCOCO2,ENSG00000136436,gained_on_activation,-0.2568844526869828,0.2427844868259396,7,unclassified,Outside six programmes,,0,True
41,BRK1,ENSG00000254999,NIPA2,ENSG00000140157,lost_on_activation,0.2443182740447601,-0.3582260306782482,7,unclassified,Outside six programmes,,0,True
41,BRK1,ENSG00000254999,TNIK,ENSG00000154310,gained_on_activation,-0.2856762315801952,0.3338420235020672,7,unclassified,Outside six programmes,,0,True
41,BRK1,ENSG00000254999,MAL,ENSG00000172005,gained_on_activation,-0.5458843896806471,0.6805917331412699,7,unclassified,Outside six programmes,,0,True
41,BRK1,ENSG00000254999,SF3A3,ENSG00000183431,lost_on_activation,0.266078482936533,-0.2458838434754216,7,unclassified,Outside six programmes,,0,True
42,ZAP70,ENSG00000115085,ITM2A,ENSG00000078596,gained_on_activation,-0.6460757094589947,0.7046421982168831,7,unclassified,Outside six programmes,,0,True
42,ZAP70,ENSG00000115085,TRIB3,ENSG00000101255,lost_on_activation,1.242703938850458,-2.2602164797506927,7,unclassified,Outside six programmes,,0,True
42,ZAP70,ENSG00000115085,GLCCI1,ENSG00000106415,gained_on_activation,-1.2615745765886717,2.1146177226986818,7,unclassified,Outside six programmes,,0,True
42,ZAP70,ENSG00000115085,ST8SIA4,ENSG00000113532,gained_on_activation,-0.7443030946170045,0.5054929664653326,7,unclassified,Outside six programmes,,0,True
42,ZAP70,ENSG00000115085,MFSD6,ENSG00000151690,gained_on_activation,-0.5533641745369138,0.8166707280333945,7,unclassified,Outside six programmes,,0,True
42,ZAP70,ENSG00000115085,CCR5,ENSG00000160791,gained_on_activation,-1.8704821570573025,3.620503491423064,1,tcr_cytokine_signalling,TCR/cytokine signalling,KEGG_CYTOKINE_CYTOKINE_RECEPTOR_INTERACTION,2,False
42,ZAP70,ENSG00000115085,CCR5,ENSG00000160791,gained_on_activation,-1.8704821570573025,3.620503491423064,6,synapse_trafficking,Synapse/trafficking,KEGG_CHEMOKINE_SIGNALING_PATHWAY;KEGG_ENDOCYTOSIS,2,False
43,RB1CC1,ENSG00000023287,POU2F2,ENSG00000028277,lost_on_activation,0.6859803595364549,-0.8653550120735238,7,unclassified,Outside six programmes,,0,True
43,RB1CC1,ENSG00000023287,PICALM,ENSG00000073921,lost_on_activation,0.2704470645004647,-0.3131138610411601,7,unclassified,Outside six programmes,,0,True
43,RB1CC1,ENSG00000023287,SRGN,ENSG00000122862,lost_on_activation,0.4864388036943445,-0.2963438045409833,7,unclassified,Outside six programmes,,0,True
43,RB1CC1,ENSG00000023287,EMP3,ENSG00000142227,lost_on_activation,0.1956604874863145,-0.2778920986097328,7,unclassified,Outside six programmes,,0,True
43,RB1CC1,ENSG00000023287,SSBP3,ENSG00000157216,lost_on_activation,0.356850245979793,-0.3311929829490467,7,unclassified,Outside six programmes,,0,True
43,RB1CC1,ENSG00000023287,MIDN,ENSG00000167470,lost_on_activation,0.3645218158797307,-0.3927857821102051,7,unclassified,Outside six programmes,,0,True
44,EIF3J,ENSG00000104131,ACP1,ENSG00000143727,gained_on_activation,-0.8567293496269566,0.6135770068328708,7,unclassified,Outside six programmes,,0,True
44,EIF3J,ENSG00000104131,PPM1M,ENSG00000164088,lost_on_activation,0.6718488282543362,-1.1249857901428495,7,unclassified,Outside six programmes,,0,True
44,EIF3J,ENSG00000104131,CSF2,ENSG00000164400,lost_on_activation,1.5915017076765678,-2.9331365272211607,1,tcr_cytokine_signalling,TCR/cytokine signalling,KEGG_CYTOKINE_CYTOKINE_RECEPTOR_INTERACTION;KEGG_JAK_STAT_SIGNALING_PATHWAY;KEGG_T_CELL_RECEPTOR_SIGNALING_PATHWAY,1,False
44,EIF3J,ENSG00000104131,CHD3,ENSG00000170004,gained_on_activation,-0.5689517427360332,0.5122521757939479,7,unclassified,Outside six programmes,,0,True
44,EIF3J,ENSG00000104131,H1-5,ENSG00000184357,gained_on_activation,-0.8101672307112533,0.4775883202950065,7,unclassified,Outside six programmes,,0,True
45,CARD11,ENSG00000198286,DOCK2,ENSG00000134516,gained_on_activation,-0.431420790414473,0.5103879224346677,6,synapse_trafficking,Synapse/trafficking,KEGG_CHEMOKINE_SIGNALING_PATHWAY,1,False
45,CARD11,ENSG00000198286,IFI16,ENSG00000163565,gained_on_activation,-0.2654630871081728,0.5630387727096687,7,unclassified,Outside six programmes,,0,True
45,CARD11,ENSG00000198286,CFL1,ENSG00000172757,gained_on_activation,-0.3182673290833493,0.3699203896125042,6,synapse_trafficking,Synapse/trafficking,KEGG_REGULATION_OF_ACTIN_CYTOSKELETON,1,False
45,CARD11,ENSG00000198286,UHRF1,ENSG00000276043,gained_on_activation,-0.6478458020117009,0.6420710379892356,7,unclassified,Outside six programmes,,0,True
46,UBE2N,ENSG00000177889,MYC,ENSG00000136997,gained_on_activation,-0.8931159883987134,0.8070942865282694,1,tcr_cytokine_signalling,TCR/cytokine signalling,KEGG_JAK_STAT_SIGNALING_PATHWAY,2,False
46,UBE2N,ENSG00000177889,MYC,ENSG00000136997,gained_on_activation,-0.8931159883987134,0.8070942865282694,4,proliferation,Proliferation,KEGG_CELL_CYCLE,2,False
46,UBE2N,ENSG00000177889,CD53,ENSG00000143119,lost_on_activation,0.2593510648005108,-0.4210247860621827,7,unclassified,Outside six programmes,,0,True
46,UBE2N,ENSG00000177889,RASGRP1,ENSG00000172575,lost_on_activation,0.3180630816753867,-0.4951017600856838,1,tcr_cytokine_signalling,TCR/cytokine signalling,KEGG_T_CELL_RECEPTOR_SIGNALING_PATHWAY,1,False
46,UBE2N,ENSG00000177889,H1-2,ENSG00000187837,gained_on_activation,-0.7043838725526832,0.5056650734888987,7,unclassified,Outside six programmes,,0,True
47,RASAL3,ENSG00000105122,KIF21B,ENSG00000116852,gained_on_activation,-0.2555195640906176,0.1597231676647919,7,unclassified,Outside six programmes,,0,True
47,RASAL3,ENSG00000105122,MORC3,ENSG00000159256,gained_on_activation,-0.1864201132437164,0.1631865197836262,7,unclassified,Outside six programmes,,0,True
47,RASAL3,ENSG00000105122,BMT2,ENSG00000164603,gained_on_activation,-0.4134473463793554,0.2885545599281946,7,unclassified,Outside six programmes,,0,True
47,RASAL3,ENSG00000105122,TOMM6,ENSG00000214736,lost_on_activation,0.2552359935512927,-0.1442260389894399,7,unclassified,Outside six programmes,,0,True
48,SUGT1,ENSG00000165416,TMSB10,ENSG00000034510,gained_on_activation,-0.3115609277614044,0.2620393447342006,7,unclassified,Outside six programmes,,0,True
48,SUGT1,ENSG00000165416,CDCA2,ENSG00000184661,gained_on_activation,-1.2715338003906569,0.5043885755689748,7,unclassified,Outside six programmes,,0,True
48,SUGT1,ENSG00000165416,ARHGAP11A,ENSG00000198826,gained_on_activation,-0.9450586282826032,0.4573528868612128,7,unclassified,Outside six programmes,,0,True
49,WAPL,ENSG00000062650,DDIT4,ENSG00000168209,lost_on_activation,1.075319980672752,-0.5367005512154137,3,stress_survival,Stress/survival,KEGG_MTOR_SIGNALING_PATHWAY,1,False
49,WAPL,ENSG00000062650,MTX3,ENSG00000177034,lost_on_activation,1.0149694118696535,-1.0976616598361186,7,unclassified,Outside six programmes,,0,True
49,WAPL,ENSG00000062650,TUBB,ENSG00000196230,gained_on_activation,-0.8895864386629336,0.3490642279599933,7,unclassified,Outside six programmes,,0,True
